hogares_en_t,estado_destino,n_viviendas_t,n_vinculada,n_hogar_reemplazado,n_vivienda_sin_par,pct_vivienda_sin_par_crudo,pct_atricion_neta_rotacion,n_hogares_en_vivienda_sin_par,n_hogares_en_vivienda_reemplazada,n_hogares_sin_match_multihogar,n_hogares_matcheados,n_pares,n_identidad_confirmada,n_identidad_no_confirmada,n_excluido_ingreso_no_declarado,n_elegibles_post_ingreso,n_poblacion_y1,n_y1_empeora_d16,tasa_y1_d16,n_y1_empeora_lexicografica,n_y1_igual_lexicografica,n_y1_mejora_lexicografica,tasa_y1_lexicografica,n_poblacion_y2,n_y2_persiste_principal,n_y2_poblacion_principal,tasa_y2_principal,n_y2_sale_principal,tasa_y2_sale_principal,n_y2_persiste_robustez,n_y2_poblacion_robustez,tasa_y2_robustez,n_y2_sale_robustez,tasa_y2_sale_robustez,n_poblacion_y1_excl_ingreso,n_y1_empeora_d16_excl_ingreso,tasa_y1_d16_excl_ingreso,n_y1_empeora_lexicografica_excl_ingreso,n_y1_igual_lexicografica_excl_ingreso,n_y1_mejora_lexicografica_excl_ingreso,tasa_y1_lexicografica_excl_ingreso,n_poblacion_y2_excl_ingreso,n_y2_persiste_principal_excl_ingreso,n_y2_poblacion_principal_excl_ingreso,tasa_y2_principal_excl_ingreso,n_y2_sale_principal_excl_ingreso,tasa_y2_sale_principal_excl_ingreso,n_y2_persiste_robustez_excl_ingreso,n_y2_poblacion_robustez_excl_ingreso,tasa_y2_robustez_excl_ingreso,n_y2_sale_robustez_excl_ingreso,tasa_y2_sale_robustez_excl_ingreso,anio_t,trimestre_t,h,tratamiento_independiente,corte_estructural_d13,destino_aglomerado_faltante_d1,periodo_intervenido,era,en_holdout,n_alta_activo_menor,n_se_jubila,n_cambio_tamanio_hogar
13180,valido,12890.0,5756.0,66.0,7068.0,54.83320403413499,4.833204034134987,7219.0,67.0,28.0,5866.0,5866.0,5373.0,491.0,0.0,5373.0,4274.0,235.0,5.498362189985961,403.0,3358.0,513.0,9.429106223678051,2271.0,2098.0,2271.0,92.38221047996475,173.0,7.617789520035227,1993.0,2166.0,92.0129270544783,173.0,7.987072945521699,4274.0,235.0,5.498362189985961,403.0,3358.0,513.0,9.429106223678051,2271.0,2098.0,2271.0,92.38221047996475,173.0,7.617789520035227,1993.0,2166.0,92.0129270544783,173.0,7.987072945521699,2003,3,1,informal,False,False,False,historica,False,96.0,75.0,570.0
13180,valido,12890.0,5756.0,66.0,7068.0,54.83320403413499,4.833204034134987,7219.0,67.0,28.0,5866.0,5866.0,5373.0,491.0,0.0,5373.0,4274.0,375.0,8.773982218062704,490.0,3208.0,576.0,11.4646700982686,2271.0,2098.0,2271.0,92.38221047996475,173.0,7.617789520035227,1993.0,2166.0,92.0129270544783,173.0,7.987072945521699,4274.0,375.0,8.773982218062704,490.0,3208.0,576.0,11.4646700982686,2271.0,2098.0,2271.0,92.38221047996475,173.0,7.617789520035227,1993.0,2166.0,92.0129270544783,173.0,7.987072945521699,2003,3,1,categoria_propia,False,False,False,historica,False,96.0,75.0,570.0
13180,valido,12890.0,5756.0,66.0,7068.0,54.83320403413499,4.833204034134987,7219.0,67.0,28.0,5866.0,5866.0,5373.0,491.0,0.0,5373.0,3451.0,214.0,6.201101130107215,359.0,2637.0,455.0,10.402781802376122,2271.0,2098.0,2271.0,92.38221047996475,173.0,7.617789520035227,1993.0,2166.0,92.0129270544783,173.0,7.987072945521699,3451.0,214.0,6.201101130107215,359.0,2637.0,455.0,10.402781802376122,2271.0,2098.0,2271.0,92.38221047996475,173.0,7.617789520035227,1993.0,2166.0,92.0129270544783,173.0,7.987072945521699,2003,3,1,excluir,False,False,False,historica,False,96.0,75.0,570.0
13180,valido,12890.0,5756.0,66.0,7068.0,54.83320403413499,4.833204034134987,7219.0,67.0,28.0,5866.0,5866.0,5373.0,491.0,0.0,5373.0,4274.0,285.0,6.668226485727655,449.0,3251.0,574.0,10.505381375760413,2271.0,2098.0,2271.0,92.38221047996475,173.0,7.617789520035227,1993.0,2166.0,92.0129270544783,173.0,7.987072945521699,4274.0,285.0,6.668226485727655,449.0,3251.0,574.0,10.505381375760413,2271.0,2098.0,2271.0,92.38221047996475,173.0,7.617789520035227,1993.0,2166.0,92.0129270544783,173.0,7.987072945521699,2003,3,1,cuenta_propia_precario,False,False,False,historica,False,96.0,75.0,570.0
13180,valido,12890.0,5494.0,297.0,7099.0,55.07370054305663,5.073700543056631,7265.0,301.0,58.0,5556.0,5556.0,5012.0,543.0,0.0,5012.0,3989.0,247.0,6.192028077212334,397.0,3016.0,576.0,9.952369014790674,2192.0,1946.0,2192.0,88.77737226277372,246.0,11.222627737226276,1810.0,2056.0,88.03501945525292,246.0,11.964980544747082,3989.0,247.0,6.192028077212334,397.0,3016.0,576.0,9.952369014790674,2192.0,1946.0,2192.0,88.77737226277372,246.0,11.222627737226276,1810.0,2056.0,88.03501945525292,246.0,11.964980544747082,2003,3,4,informal,False,False,False,historica,False,103.0,135.0,1227.0
13180,valido,12890.0,5494.0,297.0,7099.0,55.07370054305663,5.073700543056631,7265.0,301.0,58.0,5556.0,5556.0,5012.0,543.0,0.0,5012.0,3989.0,405.0,10.152920531461518,511.0,2785.0,693.0,12.810228127350213,2192.0,1946.0,2192.0,88.77737226277372,246.0,11.222627737226276,1810.0,2056.0,88.03501945525292,246.0,11.964980544747082,3989.0,405.0,10.152920531461518,511.0,2785.0,693.0,12.810228127350213,2192.0,1946.0,2192.0,88.77737226277372,246.0,11.222627737226276,1810.0,2056.0,88.03501945525292,246.0,11.964980544747082,2003,3,4,categoria_propia,False,False,False,historica,False,103.0,135.0,1227.0
13180,valido,12890.0,5494.0,297.0,7099.0,55.07370054305663,5.073700543056631,7265.0,301.0,58.0,5556.0,5556.0,5012.0,543.0,0.0,5012.0,3088.0,212.0,6.865284974093265,336.0,2253.0,499.0,10.88082901554404,2192.0,1946.0,2192.0,88.77737226277372,246.0,11.222627737226276,1810.0,2056.0,88.03501945525292,246.0,11.964980544747082,3088.0,212.0,6.865284974093265,336.0,2253.0,499.0,10.88082901554404,2192.0,1946.0,2192.0,88.77737226277372,246.0,11.222627737226276,1810.0,2056.0,88.03501945525292,246.0,11.964980544747082,2003,3,4,excluir,False,False,False,historica,False,103.0,135.0,1227.0
13180,valido,12890.0,5494.0,297.0,7099.0,55.07370054305663,5.073700543056631,7265.0,301.0,58.0,5556.0,5556.0,5012.0,543.0,0.0,5012.0,3989.0,297.0,7.445475056405114,444.0,2908.0,637.0,11.130609175231887,2192.0,1946.0,2192.0,88.77737226277372,246.0,11.222627737226276,1810.0,2056.0,88.03501945525292,246.0,11.964980544747082,3989.0,297.0,7.445475056405114,444.0,2908.0,637.0,11.130609175231887,2192.0,1946.0,2192.0,88.77737226277372,246.0,11.222627737226276,1810.0,2056.0,88.03501945525292,246.0,11.964980544747082,2003,3,4,cuenta_propia_precario,False,False,False,historica,False,103.0,135.0,1227.0
13325,valido,13062.0,5611.0,77.0,7374.0,56.45383555351401,6.453835553514011,7536.0,77.0,20.0,5692.0,5692.0,5206.0,486.0,0.0,5206.0,4214.0,226.0,5.363075462743237,422.0,3330.0,462.0,10.014238253440912,2365.0,2187.0,2365.0,92.47357293868922,178.0,7.526427061310782,2077.0,2255.0,92.10643015521065,178.0,7.893569844789357,4214.0,226.0,5.363075462743237,422.0,3330.0,462.0,10.014238253440912,2365.0,2187.0,2365.0,92.47357293868922,178.0,7.526427061310782,2077.0,2255.0,92.10643015521065,178.0,7.893569844789357,2003,4,1,informal,False,False,False,historica,False,90.0,108.0,619.0
13325,valido,13062.0,5611.0,77.0,7374.0,56.45383555351401,6.453835553514011,7536.0,77.0,20.0,5692.0,5692.0,5206.0,486.0,0.0,5206.0,4214.0,394.0,9.349786426198389,520.0,3146.0,548.0,12.339819648789748,2365.0,2187.0,2365.0,92.47357293868922,178.0,7.526427061310782,2077.0,2255.0,92.10643015521065,178.0,7.893569844789357,4214.0,394.0,9.349786426198389,520.0,3146.0,548.0,12.339819648789748,2365.0,2187.0,2365.0,92.47357293868922,178.0,7.526427061310782,2077.0,2255.0,92.10643015521065,178.0,7.893569844789357,2003,4,1,categoria_propia,False,False,False,historica,False,90.0,108.0,619.0
13325,valido,13062.0,5611.0,77.0,7374.0,56.45383555351401,6.453835553514011,7536.0,77.0,20.0,5692.0,5692.0,5206.0,486.0,0.0,5206.0,3396.0,229.0,6.743227326266196,382.0,2599.0,415.0,11.248527679623086,2365.0,2187.0,2365.0,92.47357293868922,178.0,7.526427061310782,2077.0,2255.0,92.10643015521065,178.0,7.893569844789357,3396.0,229.0,6.743227326266196,382.0,2599.0,415.0,11.248527679623086,2365.0,2187.0,2365.0,92.47357293868922,178.0,7.526427061310782,2077.0,2255.0,92.10643015521065,178.0,7.893569844789357,2003,4,1,excluir,False,False,False,historica,False,90.0,108.0,619.0
13325,valido,13062.0,5611.0,77.0,7374.0,56.45383555351401,6.453835553514011,7536.0,77.0,20.0,5692.0,5692.0,5206.0,486.0,0.0,5206.0,4214.0,279.0,6.6207878500237305,469.0,3214.0,531.0,11.129568106312291,2365.0,2187.0,2365.0,92.47357293868922,178.0,7.526427061310782,2077.0,2255.0,92.10643015521065,178.0,7.893569844789357,4214.0,279.0,6.6207878500237305,469.0,3214.0,531.0,11.129568106312291,2365.0,2187.0,2365.0,92.47357293868922,178.0,7.526427061310782,2077.0,2255.0,92.10643015521065,178.0,7.893569844789357,2003,4,1,cuenta_propia_precario,False,False,False,historica,False,90.0,108.0,619.0
13325,valido,13062.0,5468.0,303.0,7291.0,55.8184045322309,5.8184045322309,7439.0,304.0,53.0,5529.0,5529.0,5000.0,529.0,0.0,5000.0,4017.0,252.0,6.273338312173264,409.0,3043.0,565.0,10.181727657455813,2224.0,1961.0,2224.0,88.17446043165468,263.0,11.825539568345324,1818.0,2081.0,87.36184526669871,263.0,12.638154733301295,4017.0,252.0,6.273338312173264,409.0,3043.0,565.0,10.181727657455813,2224.0,1961.0,2224.0,88.17446043165468,263.0,11.825539568345324,1818.0,2081.0,87.36184526669871,263.0,12.638154733301295,2003,4,4,informal,False,False,False,historica,False,150.0,127.0,1202.0
13325,valido,13062.0,5468.0,303.0,7291.0,55.8184045322309,5.8184045322309,7439.0,304.0,53.0,5529.0,5529.0,5000.0,529.0,0.0,5000.0,4017.0,424.0,10.555140652228031,514.0,2849.0,654.0,12.795618620861338,2224.0,1961.0,2224.0,88.17446043165468,263.0,11.825539568345324,1818.0,2081.0,87.36184526669871,263.0,12.638154733301295,4017.0,424.0,10.555140652228031,514.0,2849.0,654.0,12.795618620861338,2224.0,1961.0,2224.0,88.17446043165468,263.0,11.825539568345324,1818.0,2081.0,87.36184526669871,263.0,12.638154733301295,2003,4,4,categoria_propia,False,False,False,historica,False,150.0,127.0,1202.0
13325,valido,13062.0,5468.0,303.0,7291.0,55.8184045322309,5.8184045322309,7439.0,304.0,53.0,5529.0,5529.0,5000.0,529.0,0.0,5000.0,3111.0,222.0,7.135969141755063,346.0,2270.0,495.0,11.121825779492124,2224.0,1961.0,2224.0,88.17446043165468,263.0,11.825539568345324,1818.0,2081.0,87.36184526669871,263.0,12.638154733301295,3111.0,222.0,7.135969141755063,346.0,2270.0,495.0,11.121825779492124,2224.0,1961.0,2224.0,88.17446043165468,263.0,11.825539568345324,1818.0,2081.0,87.36184526669871,263.0,12.638154733301295,2003,4,4,excluir,False,False,False,historica,False,150.0,127.0,1202.0
13325,valido,13062.0,5468.0,303.0,7291.0,55.8184045322309,5.8184045322309,7439.0,304.0,53.0,5529.0,5529.0,5000.0,529.0,0.0,5000.0,4017.0,296.0,7.368683096838437,451.0,2936.0,630.0,11.227284042818024,2224.0,1961.0,2224.0,88.17446043165468,263.0,11.825539568345324,1818.0,2081.0,87.36184526669871,263.0,12.638154733301295,4017.0,296.0,7.368683096838437,451.0,2936.0,630.0,11.227284042818024,2224.0,1961.0,2224.0,88.17446043165468,263.0,11.825539568345324,1818.0,2081.0,87.36184526669871,263.0,12.638154733301295,2003,4,4,cuenta_propia_precario,False,False,False,historica,False,150.0,127.0,1202.0
12816,valido,12597.0,5717.0,78.0,6802.0,53.99698340874812,3.996983408748114,6912.0,81.0,20.0,5803.0,5803.0,5299.0,504.0,0.0,5299.0,4255.0,225.0,5.287896592244419,409.0,3386.0,460.0,9.612220916568743,2285.0,2109.0,2285.0,92.29759299781182,176.0,7.702407002188184,1987.0,2163.0,91.86315302820157,176.0,8.136846971798429,4255.0,225.0,5.287896592244419,409.0,3386.0,460.0,9.612220916568743,2285.0,2109.0,2285.0,92.29759299781182,176.0,7.702407002188184,1987.0,2163.0,91.86315302820157,176.0,8.136846971798429,2004,1,1,informal,False,False,False,historica,False,106.0,81.0,655.0
12816,valido,12597.0,5717.0,78.0,6802.0,53.99698340874812,3.996983408748114,6912.0,81.0,20.0,5803.0,5803.0,5299.0,504.0,0.0,5299.0,4255.0,418.0,9.82373678025852,536.0,3134.0,585.0,12.596944770857814,2285.0,2109.0,2285.0,92.29759299781182,176.0,7.702407002188184,1987.0,2163.0,91.86315302820157,176.0,8.136846971798429,4255.0,418.0,9.82373678025852,536.0,3134.0,585.0,12.596944770857814,2285.0,2109.0,2285.0,92.29759299781182,176.0,7.702407002188184,1987.0,2163.0,91.86315302820157,176.0,8.136846971798429,2004,1,1,categoria_propia,False,False,False,historica,False,106.0,81.0,655.0
12816,valido,12597.0,5717.0,78.0,6802.0,53.99698340874812,3.996983408748114,6912.0,81.0,20.0,5803.0,5803.0,5299.0,504.0,0.0,5299.0,3434.0,234.0,6.814210832847991,385.0,2632.0,417.0,11.211415259172975,2285.0,2109.0,2285.0,92.29759299781182,176.0,7.702407002188184,1987.0,2163.0,91.86315302820157,176.0,8.136846971798429,3434.0,234.0,6.814210832847991,385.0,2632.0,417.0,11.211415259172975,2285.0,2109.0,2285.0,92.29759299781182,176.0,7.702407002188184,1987.0,2163.0,91.86315302820157,176.0,8.136846971798429,2004,1,1,excluir,False,False,False,historica,False,106.0,81.0,655.0
12816,valido,12597.0,5717.0,78.0,6802.0,53.99698340874812,3.996983408748114,6912.0,81.0,20.0,5803.0,5803.0,5299.0,504.0,0.0,5299.0,4255.0,295.0,6.933019976498238,477.0,3262.0,516.0,11.210340775558167,2285.0,2109.0,2285.0,92.29759299781182,176.0,7.702407002188184,1987.0,2163.0,91.86315302820157,176.0,8.136846971798429,4255.0,295.0,6.933019976498238,477.0,3262.0,516.0,11.210340775558167,2285.0,2109.0,2285.0,92.29759299781182,176.0,7.702407002188184,1987.0,2163.0,91.86315302820157,176.0,8.136846971798429,2004,1,1,cuenta_propia_precario,False,False,False,historica,False,106.0,81.0,655.0
12816,valido,12597.0,5382.0,248.0,6967.0,55.30681908390887,5.30681908390887,7085.0,250.0,36.0,5445.0,5445.0,4834.0,611.0,0.0,4834.0,3854.0,241.0,6.253243383497665,382.0,2913.0,559.0,9.911779968863518,2103.0,1821.0,2103.0,86.59058487874465,282.0,13.40941512125535,1690.0,1972.0,85.6997971602434,282.0,14.300202839756592,3854.0,241.0,6.253243383497665,382.0,2913.0,559.0,9.911779968863518,2103.0,1821.0,2103.0,86.59058487874465,282.0,13.40941512125535,1690.0,1972.0,85.6997971602434,282.0,14.300202839756592,2004,1,4,informal,False,False,False,historica,False,116.0,126.0,1195.0
12816,valido,12597.0,5382.0,248.0,6967.0,55.30681908390887,5.30681908390887,7085.0,250.0,36.0,5445.0,5445.0,4834.0,611.0,0.0,4834.0,3854.0,386.0,10.015568240788792,477.0,2732.0,645.0,12.376751427088738,2103.0,1821.0,2103.0,86.59058487874465,282.0,13.40941512125535,1690.0,1972.0,85.6997971602434,282.0,14.300202839756592,3854.0,386.0,10.015568240788792,477.0,2732.0,645.0,12.376751427088738,2103.0,1821.0,2103.0,86.59058487874465,282.0,13.40941512125535,1690.0,1972.0,85.6997971602434,282.0,14.300202839756592,2004,1,4,categoria_propia,False,False,False,historica,False,116.0,126.0,1195.0
12816,valido,12597.0,5382.0,248.0,6967.0,55.30681908390887,5.30681908390887,7085.0,250.0,36.0,5445.0,5445.0,4834.0,611.0,0.0,4834.0,3048.0,221.0,7.250656167979002,330.0,2210.0,508.0,10.826771653543307,2103.0,1821.0,2103.0,86.59058487874465,282.0,13.40941512125535,1690.0,1972.0,85.6997971602434,282.0,14.300202839756592,3048.0,221.0,7.250656167979002,330.0,2210.0,508.0,10.826771653543307,2103.0,1821.0,2103.0,86.59058487874465,282.0,13.40941512125535,1690.0,1972.0,85.6997971602434,282.0,14.300202839756592,2004,1,4,excluir,False,False,False,historica,False,116.0,126.0,1195.0
12816,valido,12597.0,5382.0,248.0,6967.0,55.30681908390887,5.30681908390887,7085.0,250.0,36.0,5445.0,5445.0,4834.0,611.0,0.0,4834.0,3854.0,278.0,7.213284898806435,415.0,2807.0,632.0,10.768033212247015,2103.0,1821.0,2103.0,86.59058487874465,282.0,13.40941512125535,1690.0,1972.0,85.6997971602434,282.0,14.300202839756592,3854.0,278.0,7.213284898806435,415.0,2807.0,632.0,10.768033212247015,2103.0,1821.0,2103.0,86.59058487874465,282.0,13.40941512125535,1690.0,1972.0,85.6997971602434,282.0,14.300202839756592,2004,1,4,cuenta_propia_precario,False,False,False,historica,False,116.0,126.0,1195.0
13809,valido,13550.0,6192.0,79.0,7279.0,53.71955719557196,3.719557195571959,7419.0,79.0,30.0,6281.0,6281.0,5744.0,537.0,0.0,5744.0,4651.0,244.0,5.246183616426575,427.0,3755.0,469.0,9.180821328746504,2429.0,2264.0,2429.0,93.2070811033347,165.0,6.792918896665294,2141.0,2306.0,92.84475281873374,165.0,7.155247181266262,4651.0,244.0,5.246183616426575,427.0,3755.0,469.0,9.180821328746504,2429.0,2264.0,2429.0,93.2070811033347,165.0,6.792918896665294,2141.0,2306.0,92.84475281873374,165.0,7.155247181266262,2004,2,1,informal,False,False,False,historica,False,97.0,124.0,584.0
13809,valido,13550.0,6192.0,79.0,7279.0,53.71955719557196,3.719557195571959,7419.0,79.0,30.0,6281.0,6281.0,5744.0,537.0,0.0,5744.0,4651.0,422.0,9.073317566114817,544.0,3520.0,587.0,11.696409374328102,2429.0,2264.0,2429.0,93.2070811033347,165.0,6.792918896665294,2141.0,2306.0,92.84475281873374,165.0,7.155247181266262,4651.0,422.0,9.073317566114817,544.0,3520.0,587.0,11.696409374328102,2429.0,2264.0,2429.0,93.2070811033347,165.0,6.792918896665294,2141.0,2306.0,92.84475281873374,165.0,7.155247181266262,2004,2,1,categoria_propia,False,False,False,historica,False,97.0,124.0,584.0
13809,valido,13550.0,6192.0,79.0,7279.0,53.71955719557196,3.719557195571959,7419.0,79.0,30.0,6281.0,6281.0,5744.0,537.0,0.0,5744.0,3679.0,231.0,6.278880130470236,384.0,2872.0,423.0,10.43761891818429,2429.0,2264.0,2429.0,93.2070811033347,165.0,6.792918896665294,2141.0,2306.0,92.84475281873374,165.0,7.155247181266262,3679.0,231.0,6.278880130470236,384.0,2872.0,423.0,10.43761891818429,2429.0,2264.0,2429.0,93.2070811033347,165.0,6.792918896665294,2141.0,2306.0,92.84475281873374,165.0,7.155247181266262,2004,2,1,excluir,False,False,False,historica,False,97.0,124.0,584.0
13809,valido,13550.0,6192.0,79.0,7279.0,53.71955719557196,3.719557195571959,7419.0,79.0,30.0,6281.0,6281.0,5744.0,537.0,0.0,5744.0,4651.0,303.0,6.514728015480542,482.0,3635.0,534.0,10.36336271769512,2429.0,2264.0,2429.0,93.2070811033347,165.0,6.792918896665294,2141.0,2306.0,92.84475281873374,165.0,7.155247181266262,4651.0,303.0,6.514728015480542,482.0,3635.0,534.0,10.36336271769512,2429.0,2264.0,2429.0,93.2070811033347,165.0,6.792918896665294,2141.0,2306.0,92.84475281873374,165.0,7.155247181266262,2004,2,1,cuenta_propia_precario,False,False,False,historica,False,97.0,124.0,584.0
13809,valido,13550.0,5680.0,273.0,7597.0,56.06642066420664,6.066420664206639,7745.0,276.0,52.0,5736.0,5736.0,5128.0,608.0,0.0,5128.0,4102.0,213.0,5.192588980984885,357.0,3164.0,581.0,8.703071672354948,2194.0,1906.0,2194.0,86.87329079307202,288.0,13.126709206927986,1770.0,2058.0,86.00583090379008,288.0,13.994169096209912,4102.0,213.0,5.192588980984885,357.0,3164.0,581.0,8.703071672354948,2194.0,1906.0,2194.0,86.87329079307202,288.0,13.126709206927986,1770.0,2058.0,86.00583090379008,288.0,13.994169096209912,2004,2,4,informal,False,False,False,historica,False,96.0,119.0,1229.0
13809,valido,13550.0,5680.0,273.0,7597.0,56.06642066420664,6.066420664206639,7745.0,276.0,52.0,5736.0,5736.0,5128.0,608.0,0.0,5128.0,4102.0,397.0,9.678205753291078,492.0,2930.0,680.0,11.994149195514384,2194.0,1906.0,2194.0,86.87329079307202,288.0,13.126709206927986,1770.0,2058.0,86.00583090379008,288.0,13.994169096209912,4102.0,397.0,9.678205753291078,492.0,2930.0,680.0,11.994149195514384,2194.0,1906.0,2194.0,86.87329079307202,288.0,13.126709206927986,1770.0,2058.0,86.00583090379008,288.0,13.994169096209912,2004,2,4,categoria_propia,False,False,False,historica,False,96.0,119.0,1229.0
13809,valido,13550.0,5680.0,273.0,7597.0,56.06642066420664,6.066420664206639,7745.0,276.0,52.0,5736.0,5736.0,5128.0,608.0,0.0,5128.0,3157.0,200.0,6.335128286347799,309.0,2325.0,523.0,9.78777320240735,2194.0,1906.0,2194.0,86.87329079307202,288.0,13.126709206927986,1770.0,2058.0,86.00583090379008,288.0,13.994169096209912,3157.0,200.0,6.335128286347799,309.0,2325.0,523.0,9.78777320240735,2194.0,1906.0,2194.0,86.87329079307202,288.0,13.126709206927986,1770.0,2058.0,86.00583090379008,288.0,13.994169096209912,2004,2,4,excluir,False,False,False,historica,False,96.0,119.0,1229.0
13809,valido,13550.0,5680.0,273.0,7597.0,56.06642066420664,6.066420664206639,7745.0,276.0,52.0,5736.0,5736.0,5128.0,608.0,0.0,5128.0,4102.0,274.0,6.679668454412481,418.0,3040.0,644.0,10.190151145782544,2194.0,1906.0,2194.0,86.87329079307202,288.0,13.126709206927986,1770.0,2058.0,86.00583090379008,288.0,13.994169096209912,4102.0,274.0,6.679668454412481,418.0,3040.0,644.0,10.190151145782544,2194.0,1906.0,2194.0,86.87329079307202,288.0,13.126709206927986,1770.0,2058.0,86.00583090379008,288.0,13.994169096209912,2004,2,4,cuenta_propia_precario,False,False,False,historica,False,96.0,119.0,1229.0
13806,valido,13544.0,6019.0,76.0,7449.0,54.99852333136444,4.998523331364439,7589.0,76.0,22.0,6119.0,6119.0,5651.0,468.0,0.0,5651.0,4567.0,253.0,5.539741624698928,439.0,3634.0,494.0,9.612437048390628,2409.0,2220.0,2409.0,92.15442092154422,189.0,7.845579078455791,2105.0,2294.0,91.76111595466436,189.0,8.238884045335658,4567.0,253.0,5.539741624698928,439.0,3634.0,494.0,9.612437048390628,2409.0,2220.0,2409.0,92.15442092154422,189.0,7.845579078455791,2105.0,2294.0,91.76111595466436,189.0,8.238884045335658,2004,3,1,informal,False,False,False,historica,False,120.0,107.0,554.0
13806,valido,13544.0,6019.0,76.0,7449.0,54.99852333136444,4.998523331364439,7589.0,76.0,22.0,6119.0,6119.0,5651.0,468.0,0.0,5651.0,4567.0,453.0,9.918984015765272,571.0,3405.0,591.0,12.502737026494415,2409.0,2220.0,2409.0,92.15442092154422,189.0,7.845579078455791,2105.0,2294.0,91.76111595466436,189.0,8.238884045335658,4567.0,453.0,9.918984015765272,571.0,3405.0,591.0,12.502737026494415,2409.0,2220.0,2409.0,92.15442092154422,189.0,7.845579078455791,2105.0,2294.0,91.76111595466436,189.0,8.238884045335658,2004,3,1,categoria_propia,False,False,False,historica,False,120.0,107.0,554.0
13806,valido,13544.0,6019.0,76.0,7449.0,54.99852333136444,4.998523331364439,7589.0,76.0,22.0,6119.0,6119.0,5651.0,468.0,0.0,5651.0,3659.0,242.0,6.6138289150041,378.0,2837.0,444.0,10.330691445750205,2409.0,2220.0,2409.0,92.15442092154422,189.0,7.845579078455791,2105.0,2294.0,91.76111595466436,189.0,8.238884045335658,3659.0,242.0,6.6138289150041,378.0,2837.0,444.0,10.330691445750205,2409.0,2220.0,2409.0,92.15442092154422,189.0,7.845579078455791,2105.0,2294.0,91.76111595466436,189.0,8.238884045335658,2004,3,1,excluir,False,False,False,historica,False,120.0,107.0,554.0
13806,valido,13544.0,6019.0,76.0,7449.0,54.99852333136444,4.998523331364439,7589.0,76.0,22.0,6119.0,6119.0,5651.0,468.0,0.0,5651.0,4567.0,310.0,6.787825706152836,494.0,3517.0,556.0,10.816728705933873,2409.0,2220.0,2409.0,92.15442092154422,189.0,7.845579078455791,2105.0,2294.0,91.76111595466436,189.0,8.238884045335658,4567.0,310.0,6.787825706152836,494.0,3517.0,556.0,10.816728705933873,2409.0,2220.0,2409.0,92.15442092154422,189.0,7.845579078455791,2105.0,2294.0,91.76111595466436,189.0,8.238884045335658,2004,3,1,cuenta_propia_precario,False,False,False,historica,False,120.0,107.0,554.0
13806,valido,13544.0,5755.0,281.0,7508.0,55.434140578854105,5.434140578854105,7655.0,284.0,41.0,5826.0,5826.0,5204.0,622.0,0.0,5204.0,4106.0,225.0,5.479785679493424,375.0,3096.0,635.0,9.13297613248904,2224.0,1919.0,2224.0,86.28597122302158,305.0,13.714028776978417,1788.0,2093.0,85.42761586239847,305.0,14.57238413760153,4106.0,225.0,5.479785679493424,375.0,3096.0,635.0,9.13297613248904,2224.0,1919.0,2224.0,86.28597122302158,305.0,13.714028776978417,1788.0,2093.0,85.42761586239847,305.0,14.57238413760153,2004,3,4,informal,False,False,False,historica,False,96.0,130.0,1300.0
13806,valido,13544.0,5755.0,281.0,7508.0,55.434140578854105,5.434140578854105,7655.0,284.0,41.0,5826.0,5826.0,5204.0,622.0,0.0,5204.0,4106.0,419.0,10.204578665367755,516.0,2864.0,726.0,12.56697515830492,2224.0,1919.0,2224.0,86.28597122302158,305.0,13.714028776978417,1788.0,2093.0,85.42761586239847,305.0,14.57238413760153,4106.0,419.0,10.204578665367755,516.0,2864.0,726.0,12.56697515830492,2224.0,1919.0,2224.0,86.28597122302158,305.0,13.714028776978417,1788.0,2093.0,85.42761586239847,305.0,14.57238413760153,2004,3,4,categoria_propia,False,False,False,historica,False,96.0,130.0,1300.0
13806,valido,13544.0,5755.0,281.0,7508.0,55.434140578854105,5.434140578854105,7655.0,284.0,41.0,5826.0,5826.0,5204.0,622.0,0.0,5204.0,3180.0,208.0,6.540880503144654,320.0,2288.0,572.0,10.062893081761006,2224.0,1919.0,2224.0,86.28597122302158,305.0,13.714028776978417,1788.0,2093.0,85.42761586239847,305.0,14.57238413760153,3180.0,208.0,6.540880503144654,320.0,2288.0,572.0,10.062893081761006,2224.0,1919.0,2224.0,86.28597122302158,305.0,13.714028776978417,1788.0,2093.0,85.42761586239847,305.0,14.57238413760153,2004,3,4,excluir,False,False,False,historica,False,96.0,130.0,1300.0
13806,valido,13544.0,5755.0,281.0,7508.0,55.434140578854105,5.434140578854105,7655.0,284.0,41.0,5826.0,5826.0,5204.0,622.0,0.0,5204.0,4106.0,291.0,7.087189478811496,435.0,2977.0,694.0,10.594252313687289,2224.0,1919.0,2224.0,86.28597122302158,305.0,13.714028776978417,1788.0,2093.0,85.42761586239847,305.0,14.57238413760153,4106.0,291.0,7.087189478811496,435.0,2977.0,694.0,10.594252313687289,2224.0,1919.0,2224.0,86.28597122302158,305.0,13.714028776978417,1788.0,2093.0,85.42761586239847,305.0,14.57238413760153,2004,3,4,cuenta_propia_precario,False,False,False,historica,False,96.0,130.0,1300.0
13497,valido,13267.0,5975.0,94.0,7198.0,54.25491821813522,4.254918218135224,7333.0,95.0,24.0,6045.0,6045.0,5506.0,539.0,0.0,5506.0,4416.0,210.0,4.755434782608695,393.0,3562.0,461.0,8.89945652173913,2365.0,2171.0,2365.0,91.7970401691332,194.0,8.202959830866808,2045.0,2239.0,91.3354175971416,194.0,8.66458240285842,4416.0,210.0,4.755434782608695,393.0,3562.0,461.0,8.89945652173913,2365.0,2171.0,2365.0,91.7970401691332,194.0,8.202959830866808,2045.0,2239.0,91.3354175971416,194.0,8.66458240285842,2004,4,1,informal,False,False,False,historica,False,109.0,102.0,602.0
13497,valido,13267.0,5975.0,94.0,7198.0,54.25491821813522,4.254918218135224,7333.0,95.0,24.0,6045.0,6045.0,5506.0,539.0,0.0,5506.0,4416.0,445.0,10.076992753623188,568.0,3279.0,569.0,12.86231884057971,2365.0,2171.0,2365.0,91.7970401691332,194.0,8.202959830866808,2045.0,2239.0,91.3354175971416,194.0,8.66458240285842,4416.0,445.0,10.076992753623188,568.0,3279.0,569.0,12.86231884057971,2365.0,2171.0,2365.0,91.7970401691332,194.0,8.202959830866808,2045.0,2239.0,91.3354175971416,194.0,8.66458240285842,2004,4,1,categoria_propia,False,False,False,historica,False,109.0,102.0,602.0
13497,valido,13267.0,5975.0,94.0,7198.0,54.25491821813522,4.254918218135224,7333.0,95.0,24.0,6045.0,6045.0,5506.0,539.0,0.0,5506.0,3518.0,224.0,6.367254121660034,377.0,2713.0,428.0,10.716316088686751,2365.0,2171.0,2365.0,91.7970401691332,194.0,8.202959830866808,2045.0,2239.0,91.3354175971416,194.0,8.66458240285842,3518.0,224.0,6.367254121660034,377.0,2713.0,428.0,10.716316088686751,2365.0,2171.0,2365.0,91.7970401691332,194.0,8.202959830866808,2045.0,2239.0,91.3354175971416,194.0,8.66458240285842,2004,4,1,excluir,False,False,False,historica,False,109.0,102.0,602.0
13497,valido,13267.0,5975.0,94.0,7198.0,54.25491821813522,4.254918218135224,7333.0,95.0,24.0,6045.0,6045.0,5506.0,539.0,0.0,5506.0,4416.0,288.0,6.521739130434782,463.0,3434.0,519.0,10.484601449275363,2365.0,2171.0,2365.0,91.7970401691332,194.0,8.202959830866808,2045.0,2239.0,91.3354175971416,194.0,8.66458240285842,4416.0,288.0,6.521739130434782,463.0,3434.0,519.0,10.484601449275363,2365.0,2171.0,2365.0,91.7970401691332,194.0,8.202959830866808,2045.0,2239.0,91.3354175971416,194.0,8.66458240285842,2004,4,1,cuenta_propia_precario,False,False,False,historica,False,109.0,102.0,602.0
13497,valido,13267.0,5676.0,305.0,7286.0,54.91821813522273,4.91821813522273,7403.0,309.0,44.0,5741.0,5741.0,5162.0,579.0,0.0,5162.0,4045.0,226.0,5.587144622991348,369.0,3083.0,593.0,9.122373300370828,2144.0,1846.0,2144.0,86.10074626865672,298.0,13.899253731343284,1726.0,2024.0,85.27667984189723,298.0,14.723320158102768,4045.0,226.0,5.587144622991348,369.0,3083.0,593.0,9.122373300370828,2144.0,1846.0,2144.0,86.10074626865672,298.0,13.899253731343284,1726.0,2024.0,85.27667984189723,298.0,14.723320158102768,2004,4,4,informal,False,False,False,historica,False,113.0,106.0,1300.0
13497,valido,13267.0,5676.0,305.0,7286.0,54.91821813522273,4.91821813522273,7403.0,309.0,44.0,5741.0,5741.0,5162.0,579.0,0.0,5162.0,4045.0,405.0,10.012360939431396,503.0,2871.0,671.0,12.435105067985166,2144.0,1846.0,2144.0,86.10074626865672,298.0,13.899253731343284,1726.0,2024.0,85.27667984189723,298.0,14.723320158102768,4045.0,405.0,10.012360939431396,503.0,2871.0,671.0,12.435105067985166,2144.0,1846.0,2144.0,86.10074626865672,298.0,13.899253731343284,1726.0,2024.0,85.27667984189723,298.0,14.723320158102768,2004,4,4,categoria_propia,False,False,False,historica,False,113.0,106.0,1300.0
13497,valido,13267.0,5676.0,305.0,7286.0,54.91821813522273,4.91821813522273,7403.0,309.0,44.0,5741.0,5741.0,5162.0,579.0,0.0,5162.0,3208.0,213.0,6.639650872817955,328.0,2348.0,532.0,10.224438902743142,2144.0,1846.0,2144.0,86.10074626865672,298.0,13.899253731343284,1726.0,2024.0,85.27667984189723,298.0,14.723320158102768,3208.0,213.0,6.639650872817955,328.0,2348.0,532.0,10.224438902743142,2144.0,1846.0,2144.0,86.10074626865672,298.0,13.899253731343284,1726.0,2024.0,85.27667984189723,298.0,14.723320158102768,2004,4,4,excluir,False,False,False,historica,False,113.0,106.0,1300.0
13497,valido,13267.0,5676.0,305.0,7286.0,54.91821813522273,4.91821813522273,7403.0,309.0,44.0,5741.0,5741.0,5162.0,579.0,0.0,5162.0,4045.0,284.0,7.021013597033375,421.0,2985.0,639.0,10.407911001236094,2144.0,1846.0,2144.0,86.10074626865672,298.0,13.899253731343284,1726.0,2024.0,85.27667984189723,298.0,14.723320158102768,4045.0,284.0,7.021013597033375,421.0,2985.0,639.0,10.407911001236094,2144.0,1846.0,2144.0,86.10074626865672,298.0,13.899253731343284,1726.0,2024.0,85.27667984189723,298.0,14.723320158102768,2004,4,4,cuenta_propia_precario,False,False,False,historica,False,113.0,106.0,1300.0
13597,valido,13381.0,5981.0,75.0,7325.0,54.74179807189298,4.74179807189298,7428.0,75.0,36.0,6058.0,6058.0,5567.0,491.0,0.0,5567.0,4468.0,211.0,4.722470904207699,358.0,3622.0,488.0,8.012533572068039,2289.0,2083.0,2289.0,91.0004368719965,206.0,8.999563128003494,1965.0,2171.0,90.51128512206355,206.0,9.488714877936436,4468.0,211.0,4.722470904207699,358.0,3622.0,488.0,8.012533572068039,2289.0,2083.0,2289.0,91.0004368719965,206.0,8.999563128003494,1965.0,2171.0,90.51128512206355,206.0,9.488714877936436,2005,1,1,informal,False,False,False,historica,False,78.0,81.0,632.0
13597,valido,13381.0,5981.0,75.0,7325.0,54.74179807189298,4.74179807189298,7428.0,75.0,36.0,6058.0,6058.0,5567.0,491.0,0.0,5567.0,4468.0,377.0,8.437779767233662,482.0,3374.0,612.0,10.787824529991047,2289.0,2083.0,2289.0,91.0004368719965,206.0,8.999563128003494,1965.0,2171.0,90.51128512206355,206.0,9.488714877936436,4468.0,377.0,8.437779767233662,482.0,3374.0,612.0,10.787824529991047,2289.0,2083.0,2289.0,91.0004368719965,206.0,8.999563128003494,1965.0,2171.0,90.51128512206355,206.0,9.488714877936436,2005,1,1,categoria_propia,False,False,False,historica,False,78.0,81.0,632.0
13597,valido,13381.0,5981.0,75.0,7325.0,54.74179807189298,4.74179807189298,7428.0,75.0,36.0,6058.0,6058.0,5567.0,491.0,0.0,5567.0,3567.0,198.0,5.550883095037847,324.0,2794.0,449.0,9.083263246425568,2289.0,2083.0,2289.0,91.0004368719965,206.0,8.999563128003494,1965.0,2171.0,90.51128512206355,206.0,9.488714877936436,3567.0,198.0,5.550883095037847,324.0,2794.0,449.0,9.083263246425568,2289.0,2083.0,2289.0,91.0004368719965,206.0,8.999563128003494,1965.0,2171.0,90.51128512206355,206.0,9.488714877936436,2005,1,1,excluir,False,False,False,historica,False,78.0,81.0,632.0
13597,valido,13381.0,5981.0,75.0,7325.0,54.74179807189298,4.74179807189298,7428.0,75.0,36.0,6058.0,6058.0,5567.0,491.0,0.0,5567.0,4468.0,282.0,6.31154879140555,422.0,3501.0,545.0,9.4449418084154,2289.0,2083.0,2289.0,91.0004368719965,206.0,8.999563128003494,1965.0,2171.0,90.51128512206355,206.0,9.488714877936436,4468.0,282.0,6.31154879140555,422.0,3501.0,545.0,9.4449418084154,2289.0,2083.0,2289.0,91.0004368719965,206.0,8.999563128003494,1965.0,2171.0,90.51128512206355,206.0,9.488714877936436,2005,1,1,cuenta_propia_precario,False,False,False,historica,False,78.0,81.0,632.0
13597,valido,13381.0,5511.0,301.0,7569.0,56.56527912712055,6.565279127120547,7686.0,304.0,44.0,5563.0,5563.0,5002.0,561.0,0.0,5002.0,3948.0,212.0,5.369807497467072,333.0,3034.0,581.0,8.434650455927052,2075.0,1785.0,2075.0,86.02409638554217,290.0,13.975903614457833,1653.0,1943.0,85.07462686567165,290.0,14.92537313432836,3948.0,212.0,5.369807497467072,333.0,3034.0,581.0,8.434650455927052,2075.0,1785.0,2075.0,86.02409638554217,290.0,13.975903614457833,1653.0,1943.0,85.07462686567165,290.0,14.92537313432836,2005,1,4,informal,False,False,False,historica,False,127.0,113.0,1180.0
13597,valido,13381.0,5511.0,301.0,7569.0,56.56527912712055,6.565279127120547,7686.0,304.0,44.0,5563.0,5563.0,5002.0,561.0,0.0,5002.0,3948.0,364.0,9.21985815602837,439.0,2800.0,709.0,11.119554204660588,2075.0,1785.0,2075.0,86.02409638554217,290.0,13.975903614457833,1653.0,1943.0,85.07462686567165,290.0,14.92537313432836,3948.0,364.0,9.21985815602837,439.0,2800.0,709.0,11.119554204660588,2075.0,1785.0,2075.0,86.02409638554217,290.0,13.975903614457833,1653.0,1943.0,85.07462686567165,290.0,14.92537313432836,2005,1,4,categoria_propia,False,False,False,historica,False,127.0,113.0,1180.0
13597,valido,13381.0,5511.0,301.0,7569.0,56.56527912712055,6.565279127120547,7686.0,304.0,44.0,5563.0,5563.0,5002.0,561.0,0.0,5002.0,3106.0,196.0,6.310367031551835,289.0,2279.0,538.0,9.30457179652286,2075.0,1785.0,2075.0,86.02409638554217,290.0,13.975903614457833,1653.0,1943.0,85.07462686567165,290.0,14.92537313432836,3106.0,196.0,6.310367031551835,289.0,2279.0,538.0,9.30457179652286,2075.0,1785.0,2075.0,86.02409638554217,290.0,13.975903614457833,1653.0,1943.0,85.07462686567165,290.0,14.92537313432836,2005,1,4,excluir,False,False,False,historica,False,127.0,113.0,1180.0
13597,valido,13381.0,5511.0,301.0,7569.0,56.56527912712055,6.565279127120547,7686.0,304.0,44.0,5563.0,5563.0,5002.0,561.0,0.0,5002.0,3948.0,267.0,6.762917933130699,384.0,2931.0,633.0,9.72644376899696,2075.0,1785.0,2075.0,86.02409638554217,290.0,13.975903614457833,1653.0,1943.0,85.07462686567165,290.0,14.92537313432836,3948.0,267.0,6.762917933130699,384.0,2931.0,633.0,9.72644376899696,2075.0,1785.0,2075.0,86.02409638554217,290.0,13.975903614457833,1653.0,1943.0,85.07462686567165,290.0,14.92537313432836,2005,1,4,cuenta_propia_precario,False,False,False,historica,False,127.0,113.0,1180.0
13511,valido,13286.0,6061.0,80.0,7145.0,53.77841336745446,3.778413367454462,7257.0,81.0,22.0,6151.0,6151.0,5621.0,530.0,0.0,5621.0,4527.0,229.0,5.05853766291142,377.0,3682.0,468.0,8.327810912303955,2307.0,2124.0,2307.0,92.06762028608584,183.0,7.932379713914174,2004.0,2187.0,91.6323731138546,183.0,8.367626886145406,4527.0,229.0,5.05853766291142,377.0,3682.0,468.0,8.327810912303955,2307.0,2124.0,2307.0,92.06762028608584,183.0,7.932379713914174,2004.0,2187.0,91.6323731138546,183.0,8.367626886145406,2005,2,1,informal,False,False,False,historica,False,88.0,107.0,593.0
13511,valido,13286.0,6061.0,80.0,7145.0,53.77841336745446,3.778413367454462,7257.0,81.0,22.0,6151.0,6151.0,5621.0,530.0,0.0,5621.0,4527.0,389.0,8.59288712171416,483.0,3450.0,594.0,10.669317428760769,2307.0,2124.0,2307.0,92.06762028608584,183.0,7.932379713914174,2004.0,2187.0,91.6323731138546,183.0,8.367626886145406,4527.0,389.0,8.59288712171416,483.0,3450.0,594.0,10.669317428760769,2307.0,2124.0,2307.0,92.06762028608584,183.0,7.932379713914174,2004.0,2187.0,91.6323731138546,183.0,8.367626886145406,2005,2,1,categoria_propia,False,False,False,historica,False,88.0,107.0,593.0
13511,valido,13286.0,6061.0,80.0,7145.0,53.77841336745446,3.778413367454462,7257.0,81.0,22.0,6151.0,6151.0,5621.0,530.0,0.0,5621.0,3585.0,218.0,6.080892608089261,339.0,2823.0,423.0,9.456066945606697,2307.0,2124.0,2307.0,92.06762028608584,183.0,7.932379713914174,2004.0,2187.0,91.6323731138546,183.0,8.367626886145406,3585.0,218.0,6.080892608089261,339.0,2823.0,423.0,9.456066945606697,2307.0,2124.0,2307.0,92.06762028608584,183.0,7.932379713914174,2004.0,2187.0,91.6323731138546,183.0,8.367626886145406,2005,2,1,excluir,False,False,False,historica,False,88.0,107.0,593.0
13511,valido,13286.0,6061.0,80.0,7145.0,53.77841336745446,3.778413367454462,7257.0,81.0,22.0,6151.0,6151.0,5621.0,530.0,0.0,5621.0,4527.0,298.0,6.582725867020102,439.0,3529.0,559.0,9.697371327590016,2307.0,2124.0,2307.0,92.06762028608584,183.0,7.932379713914174,2004.0,2187.0,91.6323731138546,183.0,8.367626886145406,4527.0,298.0,6.582725867020102,439.0,3529.0,559.0,9.697371327590016,2307.0,2124.0,2307.0,92.06762028608584,183.0,7.932379713914174,2004.0,2187.0,91.6323731138546,183.0,8.367626886145406,2005,2,1,cuenta_propia_precario,False,False,False,historica,False,88.0,107.0,593.0
13511,valido,13286.0,5638.0,314.0,7334.0,55.20096342014151,5.200963420141505,7453.0,320.0,37.0,5701.0,5701.0,5109.0,592.0,0.0,5109.0,4071.0,221.0,5.428641611397691,354.0,3132.0,585.0,8.695652173913043,2106.0,1820.0,2106.0,86.41975308641975,286.0,13.580246913580249,1682.0,1968.0,85.46747967479675,286.0,14.532520325203253,4071.0,221.0,5.428641611397691,354.0,3132.0,585.0,8.695652173913043,2106.0,1820.0,2106.0,86.41975308641975,286.0,13.580246913580249,1682.0,1968.0,85.46747967479675,286.0,14.532520325203253,2005,2,4,informal,False,False,False,historica,False,128.0,141.0,1245.0
13511,valido,13286.0,5638.0,314.0,7334.0,55.20096342014151,5.200963420141505,7453.0,320.0,37.0,5701.0,5701.0,5109.0,592.0,0.0,5109.0,4071.0,366.0,8.990420044215181,463.0,2910.0,698.0,11.37312699582412,2106.0,1820.0,2106.0,86.41975308641975,286.0,13.580246913580249,1682.0,1968.0,85.46747967479675,286.0,14.532520325203253,4071.0,366.0,8.990420044215181,463.0,2910.0,698.0,11.37312699582412,2106.0,1820.0,2106.0,86.41975308641975,286.0,13.580246913580249,1682.0,1968.0,85.46747967479675,286.0,14.532520325203253,2005,2,4,categoria_propia,False,False,False,historica,False,128.0,141.0,1245.0
13511,valido,13286.0,5638.0,314.0,7334.0,55.20096342014151,5.200963420141505,7453.0,320.0,37.0,5701.0,5701.0,5109.0,592.0,0.0,5109.0,3186.0,209.0,6.559949780288763,323.0,2338.0,525.0,10.138104205900817,2106.0,1820.0,2106.0,86.41975308641975,286.0,13.580246913580249,1682.0,1968.0,85.46747967479675,286.0,14.532520325203253,3186.0,209.0,6.559949780288763,323.0,2338.0,525.0,10.138104205900817,2106.0,1820.0,2106.0,86.41975308641975,286.0,13.580246913580249,1682.0,1968.0,85.46747967479675,286.0,14.532520325203253,2005,2,4,excluir,False,False,False,historica,False,128.0,141.0,1245.0
13511,valido,13286.0,5638.0,314.0,7334.0,55.20096342014151,5.200963420141505,7453.0,320.0,37.0,5701.0,5701.0,5109.0,592.0,0.0,5109.0,4071.0,291.0,7.148120854826824,421.0,2998.0,652.0,10.341439449766645,2106.0,1820.0,2106.0,86.41975308641975,286.0,13.580246913580249,1682.0,1968.0,85.46747967479675,286.0,14.532520325203253,4071.0,291.0,7.148120854826824,421.0,2998.0,652.0,10.341439449766645,2106.0,1820.0,2106.0,86.41975308641975,286.0,13.580246913580249,1682.0,1968.0,85.46747967479675,286.0,14.532520325203253,2005,2,4,cuenta_propia_precario,False,False,False,historica,False,128.0,141.0,1245.0
13807,valido,13558.0,6180.0,69.0,7309.0,53.90913114028618,3.9091311402861777,7437.0,70.0,27.0,6273.0,6273.0,5724.0,549.0,0.0,5724.0,4647.0,249.0,5.358295674628793,411.0,3749.0,487.0,8.844415752098127,2298.0,2084.0,2298.0,90.6875543951262,214.0,9.312445604873805,1985.0,2199.0,90.26830377444293,214.0,9.731696225557071,4647.0,249.0,5.358295674628793,411.0,3749.0,487.0,8.844415752098127,2298.0,2084.0,2298.0,90.6875543951262,214.0,9.312445604873805,1985.0,2199.0,90.26830377444293,214.0,9.731696225557071,2005,3,1,informal,False,False,False,historica,False,103.0,94.0,623.0
13807,valido,13558.0,6180.0,69.0,7309.0,53.90913114028618,3.9091311402861777,7437.0,70.0,27.0,6273.0,6273.0,5724.0,549.0,0.0,5724.0,4647.0,415.0,8.930492791047987,531.0,3542.0,574.0,11.426726920593932,2298.0,2084.0,2298.0,90.6875543951262,214.0,9.312445604873805,1985.0,2199.0,90.26830377444293,214.0,9.731696225557071,4647.0,415.0,8.930492791047987,531.0,3542.0,574.0,11.426726920593932,2298.0,2084.0,2298.0,90.6875543951262,214.0,9.312445604873805,1985.0,2199.0,90.26830377444293,214.0,9.731696225557071,2005,3,1,categoria_propia,False,False,False,historica,False,103.0,94.0,623.0
13807,valido,13558.0,6180.0,69.0,7309.0,53.90913114028618,3.9091311402861777,7437.0,70.0,27.0,6273.0,6273.0,5724.0,549.0,0.0,5724.0,3756.0,249.0,6.629392971246007,377.0,2952.0,427.0,10.03727369542066,2298.0,2084.0,2298.0,90.6875543951262,214.0,9.312445604873805,1985.0,2199.0,90.26830377444293,214.0,9.731696225557071,3756.0,249.0,6.629392971246007,377.0,2952.0,427.0,10.03727369542066,2298.0,2084.0,2298.0,90.6875543951262,214.0,9.312445604873805,1985.0,2199.0,90.26830377444293,214.0,9.731696225557071,2005,3,1,excluir,False,False,False,historica,False,103.0,94.0,623.0
13807,valido,13558.0,6180.0,69.0,7309.0,53.90913114028618,3.9091311402861777,7437.0,70.0,27.0,6273.0,6273.0,5724.0,549.0,0.0,5724.0,4647.0,325.0,6.993759414676135,482.0,3624.0,541.0,10.372283193458143,2298.0,2084.0,2298.0,90.6875543951262,214.0,9.312445604873805,1985.0,2199.0,90.26830377444293,214.0,9.731696225557071,4647.0,325.0,6.993759414676135,482.0,3624.0,541.0,10.372283193458143,2298.0,2084.0,2298.0,90.6875543951262,214.0,9.312445604873805,1985.0,2199.0,90.26830377444293,214.0,9.731696225557071,2005,3,1,cuenta_propia_precario,False,False,False,historica,False,103.0,94.0,623.0
13807,valido,13558.0,5700.0,331.0,7527.0,55.51703791119634,5.51703791119634,7675.0,339.0,36.0,5757.0,5757.0,5184.0,573.0,0.0,5184.0,4145.0,268.0,6.46562123039807,411.0,3148.0,586.0,9.91556091676719,2071.0,1758.0,2071.0,84.88652824722357,313.0,15.113471752776436,1641.0,1954.0,83.98157625383828,313.0,16.01842374616172,4145.0,268.0,6.46562123039807,411.0,3148.0,586.0,9.91556091676719,2071.0,1758.0,2071.0,84.88652824722357,313.0,15.113471752776436,1641.0,1954.0,83.98157625383828,313.0,16.01842374616172,2005,3,4,informal,False,False,False,historica,False,122.0,144.0,1232.0
13807,valido,13558.0,5700.0,331.0,7527.0,55.51703791119634,5.51703791119634,7675.0,339.0,36.0,5757.0,5757.0,5184.0,573.0,0.0,5184.0,4145.0,425.0,10.253317249698432,515.0,2954.0,676.0,12.424607961399277,2071.0,1758.0,2071.0,84.88652824722357,313.0,15.113471752776436,1641.0,1954.0,83.98157625383828,313.0,16.01842374616172,4145.0,425.0,10.253317249698432,515.0,2954.0,676.0,12.424607961399277,2071.0,1758.0,2071.0,84.88652824722357,313.0,15.113471752776436,1641.0,1954.0,83.98157625383828,313.0,16.01842374616172,2005,3,4,categoria_propia,False,False,False,historica,False,122.0,144.0,1232.0
13807,valido,13558.0,5700.0,331.0,7527.0,55.51703791119634,5.51703791119634,7675.0,339.0,36.0,5757.0,5757.0,5184.0,573.0,0.0,5184.0,3262.0,246.0,7.541385652973636,361.0,2380.0,521.0,11.066830165542612,2071.0,1758.0,2071.0,84.88652824722357,313.0,15.113471752776436,1641.0,1954.0,83.98157625383828,313.0,16.01842374616172,3262.0,246.0,7.541385652973636,361.0,2380.0,521.0,11.066830165542612,2071.0,1758.0,2071.0,84.88652824722357,313.0,15.113471752776436,1641.0,1954.0,83.98157625383828,313.0,16.01842374616172,2005,3,4,excluir,False,False,False,historica,False,122.0,144.0,1232.0
13807,valido,13558.0,5700.0,331.0,7527.0,55.51703791119634,5.51703791119634,7675.0,339.0,36.0,5757.0,5757.0,5184.0,573.0,0.0,5184.0,4145.0,321.0,7.744270205066345,460.0,3057.0,628.0,11.097708082026536,2071.0,1758.0,2071.0,84.88652824722357,313.0,15.113471752776436,1641.0,1954.0,83.98157625383828,313.0,16.01842374616172,4145.0,321.0,7.744270205066345,460.0,3057.0,628.0,11.097708082026536,2071.0,1758.0,2071.0,84.88652824722357,313.0,15.113471752776436,1641.0,1954.0,83.98157625383828,313.0,16.01842374616172,2005,3,4,cuenta_propia_precario,False,False,False,historica,False,122.0,144.0,1232.0
13704,valido,13470.0,5934.0,97.0,7439.0,55.226429101707495,5.226429101707495,7563.0,97.0,33.0,6011.0,6011.0,5510.0,501.0,0.0,5510.0,4402.0,232.0,5.270331667423898,386.0,3599.0,417.0,8.768741481144934,2228.0,2029.0,2228.0,91.06822262118492,199.0,8.931777378815081,1888.0,2087.0,90.46478198370868,199.0,9.535218016291328,4402.0,232.0,5.270331667423898,386.0,3599.0,417.0,8.768741481144934,2228.0,2029.0,2228.0,91.06822262118492,199.0,8.931777378815081,1888.0,2087.0,90.46478198370868,199.0,9.535218016291328,2005,4,1,informal,False,False,False,historica,False,99.0,102.0,638.0
13704,valido,13470.0,5934.0,97.0,7439.0,55.226429101707495,5.226429101707495,7563.0,97.0,33.0,6011.0,6011.0,5510.0,501.0,0.0,5510.0,4402.0,408.0,9.26851431167651,517.0,3358.0,527.0,11.74466151749205,2228.0,2029.0,2228.0,91.06822262118492,199.0,8.931777378815081,1888.0,2087.0,90.46478198370868,199.0,9.535218016291328,4402.0,408.0,9.26851431167651,517.0,3358.0,527.0,11.74466151749205,2228.0,2029.0,2228.0,91.06822262118492,199.0,8.931777378815081,1888.0,2087.0,90.46478198370868,199.0,9.535218016291328,2005,4,1,categoria_propia,False,False,False,historica,False,99.0,102.0,638.0
13704,valido,13470.0,5934.0,97.0,7439.0,55.226429101707495,5.226429101707495,7563.0,97.0,33.0,6011.0,6011.0,5510.0,501.0,0.0,5510.0,3509.0,218.0,6.212596181248219,349.0,2786.0,374.0,9.945853519521233,2228.0,2029.0,2228.0,91.06822262118492,199.0,8.931777378815081,1888.0,2087.0,90.46478198370868,199.0,9.535218016291328,3509.0,218.0,6.212596181248219,349.0,2786.0,374.0,9.945853519521233,2228.0,2029.0,2228.0,91.06822262118492,199.0,8.931777378815081,1888.0,2087.0,90.46478198370868,199.0,9.535218016291328,2005,4,1,excluir,False,False,False,historica,False,99.0,102.0,638.0
13704,valido,13470.0,5934.0,97.0,7439.0,55.226429101707495,5.226429101707495,7563.0,97.0,33.0,6011.0,6011.0,5510.0,501.0,0.0,5510.0,4402.0,309.0,7.019536574284416,462.0,3482.0,458.0,10.495229441163108,2228.0,2029.0,2228.0,91.06822262118492,199.0,8.931777378815081,1888.0,2087.0,90.46478198370868,199.0,9.535218016291328,4402.0,309.0,7.019536574284416,462.0,3482.0,458.0,10.495229441163108,2228.0,2029.0,2228.0,91.06822262118492,199.0,8.931777378815081,1888.0,2087.0,90.46478198370868,199.0,9.535218016291328,2005,4,1,cuenta_propia_precario,False,False,False,historica,False,99.0,102.0,638.0
13704,valido,13470.0,5568.0,306.0,7596.0,56.39198218262806,6.391982182628063,7724.0,309.0,43.0,5628.0,5628.0,5050.0,578.0,0.0,5050.0,4069.0,266.0,6.537232735315802,361.0,3123.0,585.0,8.871958712214303,2049.0,1707.0,2049.0,83.30893118594436,342.0,16.691068814055637,1572.0,1914.0,82.13166144200628,342.0,17.86833855799373,4069.0,266.0,6.537232735315802,361.0,3123.0,585.0,8.871958712214303,2049.0,1707.0,2049.0,83.30893118594436,342.0,16.691068814055637,1572.0,1914.0,82.13166144200628,342.0,17.86833855799373,2005,4,4,informal,False,False,False,historica,False,122.0,143.0,1238.0
13704,valido,13470.0,5568.0,306.0,7596.0,56.39198218262806,6.391982182628063,7724.0,309.0,43.0,5628.0,5628.0,5050.0,578.0,0.0,5050.0,4069.0,411.0,10.100761857950356,471.0,2934.0,664.0,11.57532563283362,2049.0,1707.0,2049.0,83.30893118594436,342.0,16.691068814055637,1572.0,1914.0,82.13166144200628,342.0,17.86833855799373,4069.0,411.0,10.100761857950356,471.0,2934.0,664.0,11.57532563283362,2049.0,1707.0,2049.0,83.30893118594436,342.0,16.691068814055637,1572.0,1914.0,82.13166144200628,342.0,17.86833855799373,2005,4,4,categoria_propia,False,False,False,historica,False,122.0,143.0,1238.0
13704,valido,13470.0,5568.0,306.0,7596.0,56.39198218262806,6.391982182628063,7724.0,309.0,43.0,5628.0,5628.0,5050.0,578.0,0.0,5050.0,3153.0,227.0,7.199492546780844,296.0,2339.0,518.0,9.387884554392642,2049.0,1707.0,2049.0,83.30893118594436,342.0,16.691068814055637,1572.0,1914.0,82.13166144200628,342.0,17.86833855799373,3153.0,227.0,7.199492546780844,296.0,2339.0,518.0,9.387884554392642,2049.0,1707.0,2049.0,83.30893118594436,342.0,16.691068814055637,1572.0,1914.0,82.13166144200628,342.0,17.86833855799373,2005,4,4,excluir,False,False,False,historica,False,122.0,143.0,1238.0
13704,valido,13470.0,5568.0,306.0,7596.0,56.39198218262806,6.391982182628063,7724.0,309.0,43.0,5628.0,5628.0,5050.0,578.0,0.0,5050.0,4069.0,304.0,7.471123126075203,395.0,3020.0,654.0,9.70754485131482,2049.0,1707.0,2049.0,83.30893118594436,342.0,16.691068814055637,1572.0,1914.0,82.13166144200628,342.0,17.86833855799373,4069.0,304.0,7.471123126075203,395.0,3020.0,654.0,9.70754485131482,2049.0,1707.0,2049.0,83.30893118594436,342.0,16.691068814055637,1572.0,1914.0,82.13166144200628,342.0,17.86833855799373,2005,4,4,cuenta_propia_precario,False,False,False,historica,False,122.0,143.0,1238.0
13315,valido,13114.0,6012.0,81.0,7021.0,53.53820344669818,3.5382034466981835,7121.0,82.0,20.0,6092.0,6092.0,5629.0,463.0,0.0,5629.0,4556.0,218.0,4.784899034240562,364.0,3715.0,477.0,7.989464442493415,2208.0,2022.0,2208.0,91.57608695652172,186.0,8.423913043478262,1929.0,2115.0,91.20567375886525,186.0,8.794326241134751,4556.0,218.0,4.784899034240562,364.0,3715.0,477.0,7.989464442493415,2208.0,2022.0,2208.0,91.57608695652172,186.0,8.423913043478262,1929.0,2115.0,91.20567375886525,186.0,8.794326241134751,2006,1,1,informal,False,False,False,historica,False,82.0,67.0,628.0
13315,valido,13114.0,6012.0,81.0,7021.0,53.53820344669818,3.5382034466981835,7121.0,82.0,20.0,6092.0,6092.0,5629.0,463.0,0.0,5629.0,4556.0,358.0,7.857769973661107,462.0,3544.0,550.0,10.140474100087795,2208.0,2022.0,2208.0,91.57608695652172,186.0,8.423913043478262,1929.0,2115.0,91.20567375886525,186.0,8.794326241134751,4556.0,358.0,7.857769973661107,462.0,3544.0,550.0,10.140474100087795,2208.0,2022.0,2208.0,91.57608695652172,186.0,8.423913043478262,1929.0,2115.0,91.20567375886525,186.0,8.794326241134751,2006,1,1,categoria_propia,False,False,False,historica,False,82.0,67.0,628.0
13315,valido,13114.0,6012.0,81.0,7021.0,53.53820344669818,3.5382034466981835,7121.0,82.0,20.0,6092.0,6092.0,5629.0,463.0,0.0,5629.0,3663.0,227.0,6.197106197106197,345.0,2906.0,412.0,9.41850941850942,2208.0,2022.0,2208.0,91.57608695652172,186.0,8.423913043478262,1929.0,2115.0,91.20567375886525,186.0,8.794326241134751,3663.0,227.0,6.197106197106197,345.0,2906.0,412.0,9.41850941850942,2208.0,2022.0,2208.0,91.57608695652172,186.0,8.423913043478262,1929.0,2115.0,91.20567375886525,186.0,8.794326241134751,2006,1,1,excluir,False,False,False,historica,False,82.0,67.0,628.0
13315,valido,13114.0,6012.0,81.0,7021.0,53.53820344669818,3.5382034466981835,7121.0,82.0,20.0,6092.0,6092.0,5629.0,463.0,0.0,5629.0,4556.0,279.0,6.12379280070237,422.0,3585.0,549.0,9.262510974539069,2208.0,2022.0,2208.0,91.57608695652172,186.0,8.423913043478262,1929.0,2115.0,91.20567375886525,186.0,8.794326241134751,4556.0,279.0,6.12379280070237,422.0,3585.0,549.0,9.262510974539069,2208.0,2022.0,2208.0,91.57608695652172,186.0,8.423913043478262,1929.0,2115.0,91.20567375886525,186.0,8.794326241134751,2006,1,1,cuenta_propia_precario,False,False,False,historica,False,82.0,67.0,628.0
13315,valido,13114.0,5356.0,296.0,7462.0,56.901021808754,6.9010218087540025,7568.0,302.0,35.0,5410.0,5410.0,4871.0,539.0,0.0,4871.0,3786.0,253.0,6.682514527205494,360.0,2903.0,523.0,9.508716323296357,1868.0,1572.0,1868.0,84.1541755888651,296.0,15.845824411134904,1426.0,1722.0,82.81068524970964,296.0,17.18931475029036,3786.0,253.0,6.682514527205494,360.0,2903.0,523.0,9.508716323296357,1868.0,1572.0,1868.0,84.1541755888651,296.0,15.845824411134904,1426.0,1722.0,82.81068524970964,296.0,17.18931475029036,2006,1,4,informal,False,False,False,historica,False,125.0,153.0,1148.0
13315,valido,13114.0,5356.0,296.0,7462.0,56.901021808754,6.9010218087540025,7568.0,302.0,35.0,5410.0,5410.0,4871.0,539.0,0.0,4871.0,3786.0,370.0,9.77284733227681,444.0,2746.0,596.0,11.727416798732172,1868.0,1572.0,1868.0,84.1541755888651,296.0,15.845824411134904,1426.0,1722.0,82.81068524970964,296.0,17.18931475029036,3786.0,370.0,9.77284733227681,444.0,2746.0,596.0,11.727416798732172,1868.0,1572.0,1868.0,84.1541755888651,296.0,15.845824411134904,1426.0,1722.0,82.81068524970964,296.0,17.18931475029036,2006,1,4,categoria_propia,False,False,False,historica,False,125.0,153.0,1148.0
13315,valido,13114.0,5356.0,296.0,7462.0,56.901021808754,6.9010218087540025,7568.0,302.0,35.0,5410.0,5410.0,4871.0,539.0,0.0,4871.0,3018.0,234.0,7.753479125248509,317.0,2220.0,481.0,10.50364479787939,1868.0,1572.0,1868.0,84.1541755888651,296.0,15.845824411134904,1426.0,1722.0,82.81068524970964,296.0,17.18931475029036,3018.0,234.0,7.753479125248509,317.0,2220.0,481.0,10.50364479787939,1868.0,1572.0,1868.0,84.1541755888651,296.0,15.845824411134904,1426.0,1722.0,82.81068524970964,296.0,17.18931475029036,2006,1,4,excluir,False,False,False,historica,False,125.0,153.0,1148.0
13315,valido,13114.0,5356.0,296.0,7462.0,56.901021808754,6.9010218087540025,7568.0,302.0,35.0,5410.0,5410.0,4871.0,539.0,0.0,4871.0,3786.0,297.0,7.844690966719493,402.0,2807.0,577.0,10.618066561014263,1868.0,1572.0,1868.0,84.1541755888651,296.0,15.845824411134904,1426.0,1722.0,82.81068524970964,296.0,17.18931475029036,3786.0,297.0,7.844690966719493,402.0,2807.0,577.0,10.618066561014263,1868.0,1572.0,1868.0,84.1541755888651,296.0,15.845824411134904,1426.0,1722.0,82.81068524970964,296.0,17.18931475029036,2006,1,4,cuenta_propia_precario,False,False,False,historica,False,125.0,153.0,1148.0
13962,valido,13731.0,6264.0,79.0,7388.0,53.80525817493263,3.805258174932632,7512.0,80.0,19.0,6351.0,6351.0,5830.0,521.0,0.0,5830.0,4687.0,256.0,5.461915937700021,403.0,3809.0,475.0,8.598250480051206,2284.0,2079.0,2284.0,91.0245183887916,205.0,8.975481611208407,1950.0,2155.0,90.48723897911832,205.0,9.51276102088167,4687.0,256.0,5.461915937700021,403.0,3809.0,475.0,8.598250480051206,2284.0,2079.0,2284.0,91.0245183887916,205.0,8.975481611208407,1950.0,2155.0,90.48723897911832,205.0,9.51276102088167,2006,2,1,informal,False,False,False,historica,False,78.0,141.0,612.0
13962,valido,13731.0,6264.0,79.0,7388.0,53.80525817493263,3.805258174932632,7512.0,80.0,19.0,6351.0,6351.0,5830.0,521.0,0.0,5830.0,4687.0,429.0,9.152976317473865,525.0,3602.0,560.0,11.201194794111371,2284.0,2079.0,2284.0,91.0245183887916,205.0,8.975481611208407,1950.0,2155.0,90.48723897911832,205.0,9.51276102088167,4687.0,429.0,9.152976317473865,525.0,3602.0,560.0,11.201194794111371,2284.0,2079.0,2284.0,91.0245183887916,205.0,8.975481611208407,1950.0,2155.0,90.48723897911832,205.0,9.51276102088167,2006,2,1,categoria_propia,False,False,False,historica,False,78.0,141.0,612.0
13962,valido,13731.0,6264.0,79.0,7388.0,53.80525817493263,3.805258174932632,7512.0,80.0,19.0,6351.0,6351.0,5830.0,521.0,0.0,5830.0,3752.0,253.0,6.743070362473348,359.0,2965.0,428.0,9.5682302771855,2284.0,2079.0,2284.0,91.0245183887916,205.0,8.975481611208407,1950.0,2155.0,90.48723897911832,205.0,9.51276102088167,3752.0,253.0,6.743070362473348,359.0,2965.0,428.0,9.5682302771855,2284.0,2079.0,2284.0,91.0245183887916,205.0,8.975481611208407,1950.0,2155.0,90.48723897911832,205.0,9.51276102088167,2006,2,1,excluir,False,False,False,historica,False,78.0,141.0,612.0
13962,valido,13731.0,6264.0,79.0,7388.0,53.80525817493263,3.805258174932632,7512.0,80.0,19.0,6351.0,6351.0,5830.0,521.0,0.0,5830.0,4687.0,318.0,6.784723703861745,461.0,3693.0,533.0,9.835715809686366,2284.0,2079.0,2284.0,91.0245183887916,205.0,8.975481611208407,1950.0,2155.0,90.48723897911832,205.0,9.51276102088167,4687.0,318.0,6.784723703861745,461.0,3693.0,533.0,9.835715809686366,2284.0,2079.0,2284.0,91.0245183887916,205.0,8.975481611208407,1950.0,2155.0,90.48723897911832,205.0,9.51276102088167,2006,2,1,cuenta_propia_precario,False,False,False,historica,False,78.0,141.0,612.0
13962,valido,13731.0,5709.0,326.0,7696.0,56.0483577306824,6.0483577306823975,7823.0,335.0,43.0,5761.0,5761.0,5162.0,599.0,0.0,5162.0,4025.0,266.0,6.608695652173913,367.0,3128.0,530.0,9.118012422360248,1959.0,1679.0,1959.0,85.7069933639612,280.0,14.293006636038797,1517.0,1797.0,84.41847523650529,280.0,15.581524763494713,4025.0,266.0,6.608695652173913,367.0,3128.0,530.0,9.118012422360248,1959.0,1679.0,1959.0,85.7069933639612,280.0,14.293006636038797,1517.0,1797.0,84.41847523650529,280.0,15.581524763494713,2006,2,4,informal,False,False,False,historica,False,99.0,203.0,1221.0
13962,valido,13731.0,5709.0,326.0,7696.0,56.0483577306824,6.0483577306823975,7823.0,335.0,43.0,5761.0,5761.0,5162.0,599.0,0.0,5162.0,4025.0,383.0,9.51552795031056,460.0,2961.0,604.0,11.428571428571429,1959.0,1679.0,1959.0,85.7069933639612,280.0,14.293006636038797,1517.0,1797.0,84.41847523650529,280.0,15.581524763494713,4025.0,383.0,9.51552795031056,460.0,2961.0,604.0,11.428571428571429,1959.0,1679.0,1959.0,85.7069933639612,280.0,14.293006636038797,1517.0,1797.0,84.41847523650529,280.0,15.581524763494713,2006,2,4,categoria_propia,False,False,False,historica,False,99.0,203.0,1221.0
13962,valido,13731.0,5709.0,326.0,7696.0,56.0483577306824,6.0483577306823975,7823.0,335.0,43.0,5761.0,5761.0,5162.0,599.0,0.0,5162.0,3205.0,238.0,7.425897035881436,322.0,2402.0,481.0,10.046801872074884,1959.0,1679.0,1959.0,85.7069933639612,280.0,14.293006636038797,1517.0,1797.0,84.41847523650529,280.0,15.581524763494713,3205.0,238.0,7.425897035881436,322.0,2402.0,481.0,10.046801872074884,1959.0,1679.0,1959.0,85.7069933639612,280.0,14.293006636038797,1517.0,1797.0,84.41847523650529,280.0,15.581524763494713,2006,2,4,excluir,False,False,False,historica,False,99.0,203.0,1221.0
13962,valido,13731.0,5709.0,326.0,7696.0,56.0483577306824,6.0483577306823975,7823.0,335.0,43.0,5761.0,5761.0,5162.0,599.0,0.0,5162.0,4025.0,330.0,8.198757763975156,431.0,2992.0,602.0,10.70807453416149,1959.0,1679.0,1959.0,85.7069933639612,280.0,14.293006636038797,1517.0,1797.0,84.41847523650529,280.0,15.581524763494713,4025.0,330.0,8.198757763975156,431.0,2992.0,602.0,10.70807453416149,1959.0,1679.0,1959.0,85.7069933639612,280.0,14.293006636038797,1517.0,1797.0,84.41847523650529,280.0,15.581524763494713,2006,2,4,cuenta_propia_precario,False,False,False,historica,False,99.0,203.0,1221.0
18866,valido,18597.0,8378.0,87.0,10132.0,54.48190568371243,4.4819056837124265,10287.0,87.0,20.0,8472.0,8472.0,7795.0,677.0,0.0,7795.0,6333.0,357.0,5.637138796778778,506.0,5163.0,664.0,7.989894204958156,2922.0,2611.0,2922.0,89.35660506502396,311.0,10.643394934976044,2450.0,2761.0,88.73596522998913,311.0,11.264034770010866,6333.0,357.0,5.637138796778778,506.0,5163.0,664.0,7.989894204958156,2922.0,2611.0,2922.0,89.35660506502396,311.0,10.643394934976044,2450.0,2761.0,88.73596522998913,311.0,11.264034770010866,2006,3,1,informal,False,False,False,historica,False,123.0,134.0,839.0
18866,valido,18597.0,8378.0,87.0,10132.0,54.48190568371243,4.4819056837124265,10287.0,87.0,20.0,8472.0,8472.0,7795.0,677.0,0.0,7795.0,6333.0,570.0,9.000473709142586,670.0,4915.0,748.0,10.57950418443076,2922.0,2611.0,2922.0,89.35660506502396,311.0,10.643394934976044,2450.0,2761.0,88.73596522998913,311.0,11.264034770010866,6333.0,570.0,9.000473709142586,670.0,4915.0,748.0,10.57950418443076,2922.0,2611.0,2922.0,89.35660506502396,311.0,10.643394934976044,2450.0,2761.0,88.73596522998913,311.0,11.264034770010866,2006,3,1,categoria_propia,False,False,False,historica,False,123.0,134.0,839.0
18866,valido,18597.0,8378.0,87.0,10132.0,54.48190568371243,4.4819056837124265,10287.0,87.0,20.0,8472.0,8472.0,7795.0,677.0,0.0,7795.0,5109.0,348.0,6.811509101585438,471.0,4036.0,602.0,9.2190252495596,2922.0,2611.0,2922.0,89.35660506502396,311.0,10.643394934976044,2450.0,2761.0,88.73596522998913,311.0,11.264034770010866,5109.0,348.0,6.811509101585438,471.0,4036.0,602.0,9.2190252495596,2922.0,2611.0,2922.0,89.35660506502396,311.0,10.643394934976044,2450.0,2761.0,88.73596522998913,311.0,11.264034770010866,2006,3,1,excluir,False,False,False,historica,False,123.0,134.0,839.0
18866,valido,18597.0,8378.0,87.0,10132.0,54.48190568371243,4.4819056837124265,10287.0,87.0,20.0,8472.0,8472.0,7795.0,677.0,0.0,7795.0,6333.0,439.0,6.93194378651508,589.0,4987.0,757.0,9.30048949944734,2922.0,2611.0,2922.0,89.35660506502396,311.0,10.643394934976044,2450.0,2761.0,88.73596522998913,311.0,11.264034770010866,6333.0,439.0,6.93194378651508,589.0,4987.0,757.0,9.30048949944734,2922.0,2611.0,2922.0,89.35660506502396,311.0,10.643394934976044,2450.0,2761.0,88.73596522998913,311.0,11.264034770010866,2006,3,1,cuenta_propia_precario,False,False,False,historica,False,123.0,134.0,839.0
18866,sin_destino_publicado,,,,,,,,,,,,,,,,,,,,,,,,,,,,,,,,,,,,,,,,,,,,,,,,,,,,2006,3,4,informal,,,,,,,,
18866,sin_destino_publicado,,,,,,,,,,,,,,,,,,,,,,,,,,,,,,,,,,,,,,,,,,,,,,,,,,,,2006,3,4,categoria_propia,,,,,,,,
18866,sin_destino_publicado,,,,,,,,,,,,,,,,,,,,,,,,,,,,,,,,,,,,,,,,,,,,,,,,,,,,2006,3,4,excluir,,,,,,,,
18866,sin_destino_publicado,,,,,,,,,,,,,,,,,,,,,,,,,,,,,,,,,,,,,,,,,,,,,,,,,,,,2006,3,4,cuenta_propia_precario,,,,,,,,
18655,valido,18368.0,8095.0,148.0,10125.0,55.12304006968641,5.123040069686411,10281.0,149.0,42.0,8183.0,8183.0,7472.0,711.0,0.0,7472.0,5968.0,340.0,5.697050938337801,515.0,4904.0,549.0,8.629356568364612,2776.0,2520.0,2776.0,90.77809798270891,256.0,9.221902017291066,2333.0,2589.0,90.11201235998456,256.0,9.88798764001545,5968.0,340.0,5.697050938337801,515.0,4904.0,549.0,8.629356568364612,2776.0,2520.0,2776.0,90.77809798270891,256.0,9.221902017291066,2333.0,2589.0,90.11201235998456,256.0,9.88798764001545,2006,4,1,informal,False,False,False,historica,False,144.0,179.0,833.0
18655,valido,18368.0,8095.0,148.0,10125.0,55.12304006968641,5.123040069686411,10281.0,149.0,42.0,8183.0,8183.0,7472.0,711.0,0.0,7472.0,5968.0,553.0,9.266085790884718,679.0,4620.0,669.0,11.377345844504022,2776.0,2520.0,2776.0,90.77809798270891,256.0,9.221902017291066,2333.0,2589.0,90.11201235998456,256.0,9.88798764001545,5968.0,553.0,9.266085790884718,679.0,4620.0,669.0,11.377345844504022,2776.0,2520.0,2776.0,90.77809798270891,256.0,9.221902017291066,2333.0,2589.0,90.11201235998456,256.0,9.88798764001545,2006,4,1,categoria_propia,False,False,False,historica,False,144.0,179.0,833.0
18655,valido,18368.0,8095.0,148.0,10125.0,55.12304006968641,5.123040069686411,10281.0,149.0,42.0,8183.0,8183.0,7472.0,711.0,0.0,7472.0,4817.0,334.0,6.933776209258875,481.0,3836.0,500.0,9.98546813369317,2776.0,2520.0,2776.0,90.77809798270891,256.0,9.221902017291066,2333.0,2589.0,90.11201235998456,256.0,9.88798764001545,4817.0,334.0,6.933776209258875,481.0,3836.0,500.0,9.98546813369317,2776.0,2520.0,2776.0,90.77809798270891,256.0,9.221902017291066,2333.0,2589.0,90.11201235998456,256.0,9.88798764001545,2006,4,1,excluir,False,False,False,historica,False,144.0,179.0,833.0
18655,valido,18368.0,8095.0,148.0,10125.0,55.12304006968641,5.123040069686411,10281.0,149.0,42.0,8183.0,8183.0,7472.0,711.0,0.0,7472.0,5968.0,442.0,7.406166219839142,616.0,4735.0,617.0,10.32171581769437,2776.0,2520.0,2776.0,90.77809798270891,256.0,9.221902017291066,2333.0,2589.0,90.11201235998456,256.0,9.88798764001545,5968.0,442.0,7.406166219839142,616.0,4735.0,617.0,10.32171581769437,2776.0,2520.0,2776.0,90.77809798270891,256.0,9.221902017291066,2333.0,2589.0,90.11201235998456,256.0,9.88798764001545,2006,4,1,cuenta_propia_precario,False,False,False,historica,False,144.0,179.0,833.0
18655,valido,18368.0,7453.0,378.0,10537.0,57.36607142857143,7.366071428571431,10702.0,380.0,56.0,7517.0,7517.0,6715.0,802.0,0.0,6715.0,5279.0,310.0,5.872324303845425,434.0,4136.0,709.0,8.221254025383596,2419.0,2045.0,2419.0,84.53906572964034,374.0,15.460934270359653,1857.0,2231.0,83.23621694307485,374.0,16.763783056925146,5279.0,310.0,5.872324303845425,434.0,4136.0,709.0,8.221254025383596,2419.0,2045.0,2419.0,84.53906572964034,374.0,15.460934270359653,1857.0,2231.0,83.23621694307485,374.0,16.763783056925146,2006,4,4,informal,False,False,False,historica,False,117.0,238.0,1583.0
18655,valido,18368.0,7453.0,378.0,10537.0,57.36607142857143,7.366071428571431,10702.0,380.0,56.0,7517.0,7517.0,6715.0,802.0,0.0,6715.0,5279.0,434.0,8.221254025383596,527.0,3952.0,800.0,9.982951316537225,2419.0,2045.0,2419.0,84.53906572964034,374.0,15.460934270359653,1857.0,2231.0,83.23621694307485,374.0,16.763783056925146,5279.0,434.0,8.221254025383596,527.0,3952.0,800.0,9.982951316537225,2419.0,2045.0,2419.0,84.53906572964034,374.0,15.460934270359653,1857.0,2231.0,83.23621694307485,374.0,16.763783056925146,2006,4,4,categoria_propia,False,False,False,historica,False,117.0,238.0,1583.0
18655,valido,18368.0,7453.0,378.0,10537.0,57.36607142857143,7.366071428571431,10702.0,380.0,56.0,7517.0,7517.0,6715.0,802.0,0.0,6715.0,4186.0,276.0,6.593406593406593,386.0,3160.0,640.0,9.221213569039657,2419.0,2045.0,2419.0,84.53906572964034,374.0,15.460934270359653,1857.0,2231.0,83.23621694307485,374.0,16.763783056925146,4186.0,276.0,6.593406593406593,386.0,3160.0,640.0,9.221213569039657,2419.0,2045.0,2419.0,84.53906572964034,374.0,15.460934270359653,1857.0,2231.0,83.23621694307485,374.0,16.763783056925146,2006,4,4,excluir,False,False,False,historica,False,117.0,238.0,1583.0
18655,valido,18368.0,7453.0,378.0,10537.0,57.36607142857143,7.366071428571431,10702.0,380.0,56.0,7517.0,7517.0,6715.0,802.0,0.0,6715.0,5279.0,405.0,7.671907558249669,527.0,3964.0,788.0,9.982951316537225,2419.0,2045.0,2419.0,84.53906572964034,374.0,15.460934270359653,1857.0,2231.0,83.23621694307485,374.0,16.763783056925146,5279.0,405.0,7.671907558249669,527.0,3964.0,788.0,9.982951316537225,2419.0,2045.0,2419.0,84.53906572964034,374.0,15.460934270359653,1857.0,2231.0,83.23621694307485,374.0,16.763783056925146,2006,4,4,cuenta_propia_precario,False,False,False,historica,False,117.0,238.0,1583.0
18360,valido,18117.0,8120.0,128.0,9869.0,54.47369873599382,4.473698735993821,9987.0,128.0,27.0,8218.0,8218.0,7532.0,686.0,0.0,7532.0,5993.0,331.0,5.523110295344568,479.0,4920.0,594.0,7.992658101117971,2661.0,2391.0,2661.0,89.85343855693348,270.0,10.146561443066515,2228.0,2498.0,89.19135308246597,270.0,10.808646917534029,5993.0,331.0,5.523110295344568,479.0,4920.0,594.0,7.992658101117971,2661.0,2391.0,2661.0,89.85343855693348,270.0,10.146561443066515,2228.0,2498.0,89.19135308246597,270.0,10.808646917534029,2007,1,1,informal,False,False,True,historica,False,131.0,166.0,823.0
18360,valido,18117.0,8120.0,128.0,9869.0,54.47369873599382,4.473698735993821,9987.0,128.0,27.0,8218.0,8218.0,7532.0,686.0,0.0,7532.0,5993.0,475.0,7.925913565826798,582.0,4668.0,743.0,9.711329884865677,2661.0,2391.0,2661.0,89.85343855693348,270.0,10.146561443066515,2228.0,2498.0,89.19135308246597,270.0,10.808646917534029,5993.0,475.0,7.925913565826798,582.0,4668.0,743.0,9.711329884865677,2661.0,2391.0,2661.0,89.85343855693348,270.0,10.146561443066515,2228.0,2498.0,89.19135308246597,270.0,10.808646917534029,2007,1,1,categoria_propia,False,False,True,historica,False,131.0,166.0,823.0
18360,valido,18117.0,8120.0,128.0,9869.0,54.47369873599382,4.473698735993821,9987.0,128.0,27.0,8218.0,8218.0,7532.0,686.0,0.0,7532.0,4898.0,308.0,6.288280930992242,424.0,3908.0,566.0,8.65659452837893,2661.0,2391.0,2661.0,89.85343855693348,270.0,10.146561443066515,2228.0,2498.0,89.19135308246597,270.0,10.808646917534029,4898.0,308.0,6.288280930992242,424.0,3908.0,566.0,8.65659452837893,2661.0,2391.0,2661.0,89.85343855693348,270.0,10.146561443066515,2228.0,2498.0,89.19135308246597,270.0,10.808646917534029,2007,1,1,excluir,False,False,True,historica,False,131.0,166.0,823.0
18360,valido,18117.0,8120.0,128.0,9869.0,54.47369873599382,4.473698735993821,9987.0,128.0,27.0,8218.0,8218.0,7532.0,686.0,0.0,7532.0,5993.0,443.0,7.391957283497414,589.0,4701.0,703.0,9.82813282162523,2661.0,2391.0,2661.0,89.85343855693348,270.0,10.146561443066515,2228.0,2498.0,89.19135308246597,270.0,10.808646917534029,5993.0,443.0,7.391957283497414,589.0,4701.0,703.0,9.82813282162523,2661.0,2391.0,2661.0,89.85343855693348,270.0,10.146561443066515,2228.0,2498.0,89.19135308246597,270.0,10.808646917534029,2007,1,1,cuenta_propia_precario,False,False,True,historica,False,131.0,166.0,823.0
18360,valido,18117.0,7458.0,411.0,10248.0,56.56565656565657,6.565656565656568,10387.0,413.0,42.0,7518.0,7518.0,6743.0,775.0,0.0,6743.0,5273.0,360.0,6.827233074151337,514.0,4053.0,706.0,9.747771666982745,2443.0,2022.0,2443.0,82.76708964388048,421.0,17.232910356119525,1834.0,2255.0,81.33037694013304,421.0,18.66962305986696,5273.0,360.0,6.827233074151337,514.0,4053.0,706.0,9.747771666982745,2443.0,2022.0,2443.0,82.76708964388048,421.0,17.232910356119525,1834.0,2255.0,81.33037694013304,421.0,18.66962305986696,2007,1,4,informal,False,False,True,historica,False,154.0,280.0,1686.0
18360,valido,18117.0,7458.0,411.0,10248.0,56.56565656565657,6.565656565656568,10387.0,413.0,42.0,7518.0,7518.0,6743.0,775.0,0.0,6743.0,5273.0,490.0,9.292622795372653,605.0,3851.0,817.0,11.473544471837664,2443.0,2022.0,2443.0,82.76708964388048,421.0,17.232910356119525,1834.0,2255.0,81.33037694013304,421.0,18.66962305986696,5273.0,490.0,9.292622795372653,605.0,3851.0,817.0,11.473544471837664,2443.0,2022.0,2443.0,82.76708964388048,421.0,17.232910356119525,1834.0,2255.0,81.33037694013304,421.0,18.66962305986696,2007,1,4,categoria_propia,False,False,True,historica,False,154.0,280.0,1686.0
18360,valido,18117.0,7458.0,411.0,10248.0,56.56565656565657,6.565656565656568,10387.0,413.0,42.0,7518.0,7518.0,6743.0,775.0,0.0,6743.0,4172.0,289.0,6.927133269415148,419.0,3130.0,623.0,10.0431447746884,2443.0,2022.0,2443.0,82.76708964388048,421.0,17.232910356119525,1834.0,2255.0,81.33037694013304,421.0,18.66962305986696,4172.0,289.0,6.927133269415148,419.0,3130.0,623.0,10.0431447746884,2443.0,2022.0,2443.0,82.76708964388048,421.0,17.232910356119525,1834.0,2255.0,81.33037694013304,421.0,18.66962305986696,2007,1,4,excluir,False,False,True,historica,False,154.0,280.0,1686.0
18360,valido,18117.0,7458.0,411.0,10248.0,56.56565656565657,6.565656565656568,10387.0,413.0,42.0,7518.0,7518.0,6743.0,775.0,0.0,6743.0,5273.0,433.0,8.211644225298691,581.0,3904.0,788.0,11.018395600227574,2443.0,2022.0,2443.0,82.76708964388048,421.0,17.232910356119525,1834.0,2255.0,81.33037694013304,421.0,18.66962305986696,5273.0,433.0,8.211644225298691,581.0,3904.0,788.0,11.018395600227574,2443.0,2022.0,2443.0,82.76708964388048,421.0,17.232910356119525,1834.0,2255.0,81.33037694013304,421.0,18.66962305986696,2007,1,4,cuenta_propia_precario,False,False,True,historica,False,154.0,280.0,1686.0
18526,sin_destino_publicado,,,,,,,,,,,,,,,,,,,,,,,,,,,,,,,,,,,,,,,,,,,,,,,,,,,,2007,2,1,informal,,,,,,,,
18526,sin_destino_publicado,,,,,,,,,,,,,,,,,,,,,,,,,,,,,,,,,,,,,,,,,,,,,,,,,,,,2007,2,1,categoria_propia,,,,,,,,
18526,sin_destino_publicado,,,,,,,,,,,,,,,,,,,,,,,,,,,,,,,,,,,,,,,,,,,,,,,,,,,,2007,2,1,excluir,,,,,,,,
18526,sin_destino_publicado,,,,,,,,,,,,,,,,,,,,,,,,,,,,,,,,,,,,,,,,,,,,,,,,,,,,2007,2,1,cuenta_propia_precario,,,,,,,,
18526,valido,18283.0,7408.0,460.0,10415.0,56.96548706448613,6.965487064486133,10545.0,464.0,55.0,7462.0,7462.0,6588.0,874.0,0.0,6588.0,5162.0,353.0,6.838434715226656,476.0,3973.0,713.0,9.22123208058892,2359.0,1955.0,2359.0,82.87409919457397,404.0,17.125900805426028,1772.0,2176.0,81.43382352941177,404.0,18.56617647058824,5162.0,353.0,6.838434715226656,476.0,3973.0,713.0,9.22123208058892,2359.0,1955.0,2359.0,82.87409919457397,404.0,17.125900805426028,1772.0,2176.0,81.43382352941177,404.0,18.56617647058824,2007,2,4,informal,False,False,True,historica,False,143.0,257.0,1670.0
18526,valido,18283.0,7408.0,460.0,10415.0,56.96548706448613,6.965487064486133,10545.0,464.0,55.0,7462.0,7462.0,6588.0,874.0,0.0,6588.0,5162.0,490.0,9.492444788841537,579.0,3789.0,794.0,11.216582719876016,2359.0,1955.0,2359.0,82.87409919457397,404.0,17.125900805426028,1772.0,2176.0,81.43382352941177,404.0,18.56617647058824,5162.0,490.0,9.492444788841537,579.0,3789.0,794.0,11.216582719876016,2359.0,1955.0,2359.0,82.87409919457397,404.0,17.125900805426028,1772.0,2176.0,81.43382352941177,404.0,18.56617647058824,2007,2,4,categoria_propia,False,False,True,historica,False,143.0,257.0,1670.0
18526,valido,18283.0,7408.0,460.0,10415.0,56.96548706448613,6.965487064486133,10545.0,464.0,55.0,7462.0,7462.0,6588.0,874.0,0.0,6588.0,4097.0,300.0,7.322431047107639,399.0,3068.0,630.0,9.73883329265316,2359.0,1955.0,2359.0,82.87409919457397,404.0,17.125900805426028,1772.0,2176.0,81.43382352941177,404.0,18.56617647058824,4097.0,300.0,7.322431047107639,399.0,3068.0,630.0,9.73883329265316,2359.0,1955.0,2359.0,82.87409919457397,404.0,17.125900805426028,1772.0,2176.0,81.43382352941177,404.0,18.56617647058824,2007,2,4,excluir,False,False,True,historica,False,143.0,257.0,1670.0
18526,valido,18283.0,7408.0,460.0,10415.0,56.96548706448613,6.965487064486133,10545.0,464.0,55.0,7462.0,7462.0,6588.0,874.0,0.0,6588.0,5162.0,432.0,8.368849283223557,552.0,3819.0,791.0,10.693529639674544,2359.0,1955.0,2359.0,82.87409919457397,404.0,17.125900805426028,1772.0,2176.0,81.43382352941177,404.0,18.56617647058824,5162.0,432.0,8.368849283223557,552.0,3819.0,791.0,10.693529639674544,2359.0,1955.0,2359.0,82.87409919457397,404.0,17.125900805426028,1772.0,2176.0,81.43382352941177,404.0,18.56617647058824,2007,2,4,cuenta_propia_precario,False,False,True,historica,False,143.0,257.0,1670.0
17891,valido,17626.0,7747.0,150.0,9729.0,55.1968682627936,5.1968682627936005,9881.0,155.0,30.0,7825.0,7825.0,7117.0,708.0,0.0,7117.0,5688.0,362.0,6.3642756680731365,523.0,4620.0,545.0,9.19479606188467,2422.0,2159.0,2422.0,89.14120561519405,263.0,10.858794384805943,1995.0,2258.0,88.35252435783879,263.0,11.647475642161204,5688.0,362.0,6.3642756680731365,523.0,4620.0,545.0,9.19479606188467,2422.0,2159.0,2422.0,89.14120561519405,263.0,10.858794384805943,1995.0,2258.0,88.35252435783879,263.0,11.647475642161204,2007,4,1,informal,False,False,True,historica,False,112.0,172.0,853.0
17891,valido,17626.0,7747.0,150.0,9729.0,55.1968682627936,5.1968682627936005,9881.0,155.0,30.0,7825.0,7825.0,7117.0,708.0,0.0,7117.0,5688.0,519.0,9.124472573839665,629.0,4395.0,664.0,11.058368495077357,2422.0,2159.0,2422.0,89.14120561519405,263.0,10.858794384805943,1995.0,2258.0,88.35252435783879,263.0,11.647475642161204,5688.0,519.0,9.124472573839665,629.0,4395.0,664.0,11.058368495077357,2422.0,2159.0,2422.0,89.14120561519405,263.0,10.858794384805943,1995.0,2258.0,88.35252435783879,263.0,11.647475642161204,2007,4,1,categoria_propia,False,False,True,historica,False,112.0,172.0,853.0
17891,valido,17626.0,7747.0,150.0,9729.0,55.1968682627936,5.1968682627936005,9881.0,155.0,30.0,7825.0,7825.0,7117.0,708.0,0.0,7117.0,4657.0,353.0,7.579987116169208,473.0,3679.0,505.0,10.156753274640328,2422.0,2159.0,2422.0,89.14120561519405,263.0,10.858794384805943,1995.0,2258.0,88.35252435783879,263.0,11.647475642161204,4657.0,353.0,7.579987116169208,473.0,3679.0,505.0,10.156753274640328,2422.0,2159.0,2422.0,89.14120561519405,263.0,10.858794384805943,1995.0,2258.0,88.35252435783879,263.0,11.647475642161204,2007,4,1,excluir,False,False,True,historica,False,112.0,172.0,853.0
17891,valido,17626.0,7747.0,150.0,9729.0,55.1968682627936,5.1968682627936005,9881.0,155.0,30.0,7825.0,7825.0,7117.0,708.0,0.0,7117.0,5688.0,447.0,7.858649789029536,604.0,4454.0,630.0,10.618846694796062,2422.0,2159.0,2422.0,89.14120561519405,263.0,10.858794384805943,1995.0,2258.0,88.35252435783879,263.0,11.647475642161204,5688.0,447.0,7.858649789029536,604.0,4454.0,630.0,10.618846694796062,2422.0,2159.0,2422.0,89.14120561519405,263.0,10.858794384805943,1995.0,2258.0,88.35252435783879,263.0,11.647475642161204,2007,4,1,cuenta_propia_precario,False,False,True,historica,False,112.0,172.0,853.0
17891,valido,17626.0,7311.0,420.0,9895.0,56.13865879950074,6.138658799500739,10035.0,426.0,54.0,7376.0,7376.0,6552.0,824.0,0.0,6552.0,5146.0,373.0,7.248348231636222,487.0,3923.0,736.0,9.46366109599689,2273.0,1860.0,2273.0,81.8301803783546,413.0,18.1698196216454,1679.0,2092.0,80.25812619502868,413.0,19.74187380497132,5146.0,373.0,7.248348231636222,487.0,3923.0,736.0,9.46366109599689,2273.0,1860.0,2273.0,81.8301803783546,413.0,18.1698196216454,1679.0,2092.0,80.25812619502868,413.0,19.74187380497132,2007,4,4,informal,False,False,True,historica,False,116.0,241.0,1581.0
17891,valido,17626.0,7311.0,420.0,9895.0,56.13865879950074,6.138658799500739,10035.0,426.0,54.0,7376.0,7376.0,6552.0,824.0,0.0,6552.0,5146.0,462.0,8.977846871356393,551.0,3794.0,801.0,10.707345511076564,2273.0,1860.0,2273.0,81.8301803783546,413.0,18.1698196216454,1679.0,2092.0,80.25812619502868,413.0,19.74187380497132,5146.0,462.0,8.977846871356393,551.0,3794.0,801.0,10.707345511076564,2273.0,1860.0,2273.0,81.8301803783546,413.0,18.1698196216454,1679.0,2092.0,80.25812619502868,413.0,19.74187380497132,2007,4,4,categoria_propia,False,False,True,historica,False,116.0,241.0,1581.0
17891,valido,17626.0,7311.0,420.0,9895.0,56.13865879950074,6.138658799500739,10035.0,426.0,54.0,7376.0,7376.0,6552.0,824.0,0.0,6552.0,4136.0,330.0,7.978723404255319,429.0,3057.0,650.0,10.372340425531917,2273.0,1860.0,2273.0,81.8301803783546,413.0,18.1698196216454,1679.0,2092.0,80.25812619502868,413.0,19.74187380497132,4136.0,330.0,7.978723404255319,429.0,3057.0,650.0,10.372340425531917,2273.0,1860.0,2273.0,81.8301803783546,413.0,18.1698196216454,1679.0,2092.0,80.25812619502868,413.0,19.74187380497132,2007,4,4,excluir,False,False,True,historica,False,116.0,241.0,1581.0
17891,valido,17626.0,7311.0,420.0,9895.0,56.13865879950074,6.138658799500739,10035.0,426.0,54.0,7376.0,7376.0,6552.0,824.0,0.0,6552.0,5146.0,458.0,8.900116595413914,564.0,3764.0,818.0,10.959968907889625,2273.0,1860.0,2273.0,81.8301803783546,413.0,18.1698196216454,1679.0,2092.0,80.25812619502868,413.0,19.74187380497132,5146.0,458.0,8.900116595413914,564.0,3764.0,818.0,10.959968907889625,2273.0,1860.0,2273.0,81.8301803783546,413.0,18.1698196216454,1679.0,2092.0,80.25812619502868,413.0,19.74187380497132,2007,4,4,cuenta_propia_precario,False,False,True,historica,False,116.0,241.0,1581.0
18123,valido,17883.0,8015.0,124.0,9744.0,54.4875020969636,4.487502096963596,9864.0,126.0,31.0,8102.0,8102.0,7379.0,723.0,0.0,7379.0,5932.0,361.0,6.085637221847606,492.0,4795.0,645.0,8.293998651382333,2533.0,2252.0,2533.0,88.90643505724438,281.0,11.093564942755624,2112.0,2393.0,88.25741746761388,281.0,11.742582532386129,5932.0,361.0,6.085637221847606,492.0,4795.0,645.0,8.293998651382333,2533.0,2252.0,2533.0,88.90643505724438,281.0,11.093564942755624,2112.0,2393.0,88.25741746761388,281.0,11.742582532386129,2008,1,1,informal,False,False,True,historica,False,107.0,146.0,839.0
18123,valido,17883.0,8015.0,124.0,9744.0,54.4875020969636,4.487502096963596,9864.0,126.0,31.0,8102.0,8102.0,7379.0,723.0,0.0,7379.0,5932.0,520.0,8.766014834794335,603.0,4601.0,728.0,10.1652056641942,2533.0,2252.0,2533.0,88.90643505724438,281.0,11.093564942755624,2112.0,2393.0,88.25741746761388,281.0,11.742582532386129,5932.0,520.0,8.766014834794335,603.0,4601.0,728.0,10.1652056641942,2533.0,2252.0,2533.0,88.90643505724438,281.0,11.093564942755624,2112.0,2393.0,88.25741746761388,281.0,11.742582532386129,2008,1,1,categoria_propia,False,False,True,historica,False,107.0,146.0,839.0
18123,valido,17883.0,8015.0,124.0,9744.0,54.4875020969636,4.487502096963596,9864.0,126.0,31.0,8102.0,8102.0,7379.0,723.0,0.0,7379.0,4808.0,333.0,6.925956738768718,440.0,3800.0,568.0,9.151414309484194,2533.0,2252.0,2533.0,88.90643505724438,281.0,11.093564942755624,2112.0,2393.0,88.25741746761388,281.0,11.742582532386129,4808.0,333.0,6.925956738768718,440.0,3800.0,568.0,9.151414309484194,2533.0,2252.0,2533.0,88.90643505724438,281.0,11.093564942755624,2112.0,2393.0,88.25741746761388,281.0,11.742582532386129,2008,1,1,excluir,False,False,True,historica,False,107.0,146.0,839.0
18123,valido,17883.0,8015.0,124.0,9744.0,54.4875020969636,4.487502096963596,9864.0,126.0,31.0,8102.0,8102.0,7379.0,723.0,0.0,7379.0,5932.0,453.0,7.636547538772758,578.0,4624.0,730.0,9.743762643290626,2533.0,2252.0,2533.0,88.90643505724438,281.0,11.093564942755624,2112.0,2393.0,88.25741746761388,281.0,11.742582532386129,5932.0,453.0,7.636547538772758,578.0,4624.0,730.0,9.743762643290626,2533.0,2252.0,2533.0,88.90643505724438,281.0,11.093564942755624,2112.0,2393.0,88.25741746761388,281.0,11.742582532386129,2008,1,1,cuenta_propia_precario,False,False,True,historica,False,107.0,146.0,839.0
18123,valido,17883.0,7253.0,428.0,10202.0,57.04859363641447,7.0485936364144735,10326.0,437.0,49.0,7311.0,7311.0,6503.0,808.0,0.0,6503.0,5078.0,421.0,8.290665616384404,563.0,3884.0,631.0,11.087042142575818,2207.0,1832.0,2207.0,83.00860897145446,375.0,16.991391028545536,1650.0,2025.0,81.48148148148148,375.0,18.51851851851852,5078.0,421.0,8.290665616384404,563.0,3884.0,631.0,11.087042142575818,2207.0,1832.0,2207.0,83.00860897145446,375.0,16.991391028545536,1650.0,2025.0,81.48148148148148,375.0,18.51851851851852,2008,1,4,informal,False,False,True,historica,False,110.0,218.0,1606.0
18123,valido,17883.0,7253.0,428.0,10202.0,57.04859363641447,7.0485936364144735,10326.0,437.0,49.0,7311.0,7311.0,6503.0,808.0,0.0,6503.0,5078.0,511.0,10.063016935801496,615.0,3713.0,750.0,12.111067349350138,2207.0,1832.0,2207.0,83.00860897145446,375.0,16.991391028545536,1650.0,2025.0,81.48148148148148,375.0,18.51851851851852,5078.0,511.0,10.063016935801496,615.0,3713.0,750.0,12.111067349350138,2207.0,1832.0,2207.0,83.00860897145446,375.0,16.991391028545536,1650.0,2025.0,81.48148148148148,375.0,18.51851851851852,2008,1,4,categoria_propia,False,False,True,historica,False,110.0,218.0,1606.0
18123,valido,17883.0,7253.0,428.0,10202.0,57.04859363641447,7.0485936364144735,10326.0,437.0,49.0,7311.0,7311.0,6503.0,808.0,0.0,6503.0,4053.0,349.0,8.610905502097213,456.0,3028.0,569.0,11.250925240562546,2207.0,1832.0,2207.0,83.00860897145446,375.0,16.991391028545536,1650.0,2025.0,81.48148148148148,375.0,18.51851851851852,4053.0,349.0,8.610905502097213,456.0,3028.0,569.0,11.250925240562546,2207.0,1832.0,2207.0,83.00860897145446,375.0,16.991391028545536,1650.0,2025.0,81.48148148148148,375.0,18.51851851851852,2008,1,4,excluir,False,False,True,historica,False,110.0,218.0,1606.0
18123,valido,17883.0,7253.0,428.0,10202.0,57.04859363641447,7.0485936364144735,10326.0,437.0,49.0,7311.0,7311.0,6503.0,808.0,0.0,6503.0,5078.0,504.0,9.925167388735725,639.0,3743.0,696.0,12.583694367861362,2207.0,1832.0,2207.0,83.00860897145446,375.0,16.991391028545536,1650.0,2025.0,81.48148148148148,375.0,18.51851851851852,5078.0,504.0,9.925167388735725,639.0,3743.0,696.0,12.583694367861362,2207.0,1832.0,2207.0,83.00860897145446,375.0,16.991391028545536,1650.0,2025.0,81.48148148148148,375.0,18.51851851851852,2008,1,4,cuenta_propia_precario,False,False,True,historica,False,110.0,218.0,1606.0
18224,valido,17997.0,8051.0,115.0,9831.0,54.62577096182697,4.625770961826973,9957.0,117.0,27.0,8123.0,8123.0,7400.0,723.0,0.0,7400.0,5831.0,375.0,6.431143886125879,526.0,4747.0,558.0,9.0207511576059,2507.0,2255.0,2507.0,89.94814519345832,252.0,10.051854806541684,2100.0,2352.0,89.28571428571429,252.0,10.714285714285714,5831.0,375.0,6.431143886125879,526.0,4747.0,558.0,9.0207511576059,2507.0,2255.0,2507.0,89.94814519345832,252.0,10.051854806541684,2100.0,2352.0,89.28571428571429,252.0,10.714285714285714,2008,2,1,informal,False,False,True,historica,False,92.0,168.0,795.0
18224,valido,17997.0,8051.0,115.0,9831.0,54.62577096182697,4.625770961826973,9957.0,117.0,27.0,8123.0,8123.0,7400.0,723.0,0.0,7400.0,5831.0,487.0,8.351912193448808,585.0,4580.0,666.0,10.032584462356372,2507.0,2255.0,2507.0,89.94814519345832,252.0,10.051854806541684,2100.0,2352.0,89.28571428571429,252.0,10.714285714285714,5831.0,487.0,8.351912193448808,585.0,4580.0,666.0,10.032584462356372,2507.0,2255.0,2507.0,89.94814519345832,252.0,10.051854806541684,2100.0,2352.0,89.28571428571429,252.0,10.714285714285714,2008,2,1,categoria_propia,False,False,True,historica,False,92.0,168.0,795.0
18224,valido,17997.0,8051.0,115.0,9831.0,54.62577096182697,4.625770961826973,9957.0,117.0,27.0,8123.0,8123.0,7400.0,723.0,0.0,7400.0,4697.0,320.0,6.8128592718756655,438.0,3769.0,490.0,9.325101128379815,2507.0,2255.0,2507.0,89.94814519345832,252.0,10.051854806541684,2100.0,2352.0,89.28571428571429,252.0,10.714285714285714,4697.0,320.0,6.8128592718756655,438.0,3769.0,490.0,9.325101128379815,2507.0,2255.0,2507.0,89.94814519345832,252.0,10.051854806541684,2100.0,2352.0,89.28571428571429,252.0,10.714285714285714,2008,2,1,excluir,False,False,True,historica,False,92.0,168.0,795.0
18224,valido,17997.0,8051.0,115.0,9831.0,54.62577096182697,4.625770961826973,9957.0,117.0,27.0,8123.0,8123.0,7400.0,723.0,0.0,7400.0,5831.0,484.0,8.300463042359802,623.0,4545.0,663.0,10.684273709483794,2507.0,2255.0,2507.0,89.94814519345832,252.0,10.051854806541684,2100.0,2352.0,89.28571428571429,252.0,10.714285714285714,5831.0,484.0,8.300463042359802,623.0,4545.0,663.0,10.684273709483794,2507.0,2255.0,2507.0,89.94814519345832,252.0,10.051854806541684,2100.0,2352.0,89.28571428571429,252.0,10.714285714285714,2008,2,1,cuenta_propia_precario,False,False,True,historica,False,92.0,168.0,795.0
18224,valido,17997.0,7359.0,427.0,10211.0,56.73723398344168,6.7372339834416834,10323.0,432.0,41.0,7428.0,7428.0,6612.0,816.0,0.0,6612.0,5119.0,398.0,7.774956046102754,529.0,3968.0,622.0,10.334049619066224,2230.0,1883.0,2230.0,84.43946188340807,347.0,15.560538116591928,1694.0,2041.0,82.9985301322881,347.0,17.001469867711904,5119.0,398.0,7.774956046102754,529.0,3968.0,622.0,10.334049619066224,2230.0,1883.0,2230.0,84.43946188340807,347.0,15.560538116591928,1694.0,2041.0,82.9985301322881,347.0,17.001469867711904,2008,2,4,informal,False,False,True,historica,False,104.0,259.0,1532.0
18224,valido,17997.0,7359.0,427.0,10211.0,56.73723398344168,6.7372339834416834,10323.0,432.0,41.0,7428.0,7428.0,6612.0,816.0,0.0,6612.0,5119.0,483.0,9.43543660871264,569.0,3826.0,724.0,11.115452236764993,2230.0,1883.0,2230.0,84.43946188340807,347.0,15.560538116591928,1694.0,2041.0,82.9985301322881,347.0,17.001469867711904,5119.0,483.0,9.43543660871264,569.0,3826.0,724.0,11.115452236764993,2230.0,1883.0,2230.0,84.43946188340807,347.0,15.560538116591928,1694.0,2041.0,82.9985301322881,347.0,17.001469867711904,2008,2,4,categoria_propia,False,False,True,historica,False,104.0,259.0,1532.0
18224,valido,17997.0,7359.0,427.0,10211.0,56.73723398344168,6.7372339834416834,10323.0,432.0,41.0,7428.0,7428.0,6612.0,816.0,0.0,6612.0,4084.0,324.0,7.933398628795299,428.0,3102.0,554.0,10.47992164544564,2230.0,1883.0,2230.0,84.43946188340807,347.0,15.560538116591928,1694.0,2041.0,82.9985301322881,347.0,17.001469867711904,4084.0,324.0,7.933398628795299,428.0,3102.0,554.0,10.47992164544564,2230.0,1883.0,2230.0,84.43946188340807,347.0,15.560538116591928,1694.0,2041.0,82.9985301322881,347.0,17.001469867711904,2008,2,4,excluir,False,False,True,historica,False,104.0,259.0,1532.0
18224,valido,17997.0,7359.0,427.0,10211.0,56.73723398344168,6.7372339834416834,10323.0,432.0,41.0,7428.0,7428.0,6612.0,816.0,0.0,6612.0,5119.0,501.0,9.787067786677085,631.0,3788.0,700.0,12.326626294198086,2230.0,1883.0,2230.0,84.43946188340807,347.0,15.560538116591928,1694.0,2041.0,82.9985301322881,347.0,17.001469867711904,5119.0,501.0,9.787067786677085,631.0,3788.0,700.0,12.326626294198086,2230.0,1883.0,2230.0,84.43946188340807,347.0,15.560538116591928,1694.0,2041.0,82.9985301322881,347.0,17.001469867711904,2008,2,4,cuenta_propia_precario,False,False,True,historica,False,104.0,259.0,1532.0
18326,valido,18095.0,8139.0,112.0,9844.0,54.40176844432163,4.4017684443216325,9957.0,114.0,27.0,8228.0,8228.0,7452.0,776.0,0.0,7452.0,5975.0,358.0,5.99163179916318,484.0,4946.0,545.0,8.100418410041842,2554.0,2276.0,2554.0,89.11511354737667,278.0,10.884886452623336,2125.0,2403.0,88.43112775697045,278.0,11.568872243029546,5975.0,358.0,5.99163179916318,484.0,4946.0,545.0,8.100418410041842,2554.0,2276.0,2554.0,89.11511354737667,278.0,10.884886452623336,2125.0,2403.0,88.43112775697045,278.0,11.568872243029546,2008,3,1,informal,False,False,True,historica,False,109.0,179.0,772.0
18326,valido,18095.0,8139.0,112.0,9844.0,54.40176844432163,4.4017684443216325,9957.0,114.0,27.0,8228.0,8228.0,7452.0,776.0,0.0,7452.0,5975.0,509.0,8.518828451882845,603.0,4734.0,638.0,10.092050209205022,2554.0,2276.0,2554.0,89.11511354737667,278.0,10.884886452623336,2125.0,2403.0,88.43112775697045,278.0,11.568872243029546,5975.0,509.0,8.518828451882845,603.0,4734.0,638.0,10.092050209205022,2554.0,2276.0,2554.0,89.11511354737667,278.0,10.884886452623336,2125.0,2403.0,88.43112775697045,278.0,11.568872243029546,2008,3,1,categoria_propia,False,False,True,historica,False,109.0,179.0,772.0
18326,valido,18095.0,8139.0,112.0,9844.0,54.40176844432163,4.4017684443216325,9957.0,114.0,27.0,8228.0,8228.0,7452.0,776.0,0.0,7452.0,4814.0,350.0,7.2704611549646865,451.0,3877.0,486.0,9.368508516825925,2554.0,2276.0,2554.0,89.11511354737667,278.0,10.884886452623336,2125.0,2403.0,88.43112775697045,278.0,11.568872243029546,4814.0,350.0,7.2704611549646865,451.0,3877.0,486.0,9.368508516825925,2554.0,2276.0,2554.0,89.11511354737667,278.0,10.884886452623336,2125.0,2403.0,88.43112775697045,278.0,11.568872243029546,2008,3,1,excluir,False,False,True,historica,False,109.0,179.0,772.0
18326,valido,18095.0,8139.0,112.0,9844.0,54.40176844432163,4.4017684443216325,9957.0,114.0,27.0,8228.0,8228.0,7452.0,776.0,0.0,7452.0,5975.0,479.0,8.01673640167364,602.0,4711.0,662.0,10.07531380753138,2554.0,2276.0,2554.0,89.11511354737667,278.0,10.884886452623336,2125.0,2403.0,88.43112775697045,278.0,11.568872243029546,5975.0,479.0,8.01673640167364,602.0,4711.0,662.0,10.07531380753138,2554.0,2276.0,2554.0,89.11511354737667,278.0,10.884886452623336,2125.0,2403.0,88.43112775697045,278.0,11.568872243029546,2008,3,1,cuenta_propia_precario,False,False,True,historica,False,109.0,179.0,772.0
18326,valido,18095.0,7502.0,457.0,10136.0,56.01547388781432,6.015473887814316,10259.0,462.0,31.0,7574.0,7574.0,6764.0,810.0,0.0,6764.0,5243.0,409.0,7.800877360289911,551.0,4095.0,597.0,10.50925042914362,2288.0,1969.0,2288.0,86.0576923076923,319.0,13.942307692307692,1790.0,2109.0,84.87434803224276,319.0,15.12565196775723,5243.0,409.0,7.800877360289911,551.0,4095.0,597.0,10.50925042914362,2288.0,1969.0,2288.0,86.0576923076923,319.0,13.942307692307692,1790.0,2109.0,84.87434803224276,319.0,15.12565196775723,2008,3,4,informal,False,False,True,historica,False,93.0,284.0,1588.0
18326,valido,18095.0,7502.0,457.0,10136.0,56.01547388781432,6.015473887814316,10259.0,462.0,31.0,7574.0,7574.0,6764.0,810.0,0.0,6764.0,5243.0,522.0,9.956131985504484,620.0,3946.0,677.0,11.825290864009157,2288.0,1969.0,2288.0,86.0576923076923,319.0,13.942307692307692,1790.0,2109.0,84.87434803224276,319.0,15.12565196775723,5243.0,522.0,9.956131985504484,620.0,3946.0,677.0,11.825290864009157,2288.0,1969.0,2288.0,86.0576923076923,319.0,13.942307692307692,1790.0,2109.0,84.87434803224276,319.0,15.12565196775723,2008,3,4,categoria_propia,False,False,True,historica,False,93.0,284.0,1588.0
18326,valido,18095.0,7502.0,457.0,10136.0,56.01547388781432,6.015473887814316,10259.0,462.0,31.0,7574.0,7574.0,6764.0,810.0,0.0,6764.0,4135.0,347.0,8.391777509068923,451.0,3162.0,522.0,10.90689238210399,2288.0,1969.0,2288.0,86.0576923076923,319.0,13.942307692307692,1790.0,2109.0,84.87434803224276,319.0,15.12565196775723,4135.0,347.0,8.391777509068923,451.0,3162.0,522.0,10.90689238210399,2288.0,1969.0,2288.0,86.0576923076923,319.0,13.942307692307692,1790.0,2109.0,84.87434803224276,319.0,15.12565196775723,2008,3,4,excluir,False,False,True,historica,False,93.0,284.0,1588.0
18326,valido,18095.0,7502.0,457.0,10136.0,56.01547388781432,6.015473887814316,10259.0,462.0,31.0,7574.0,7574.0,6764.0,810.0,0.0,6764.0,5243.0,522.0,9.956131985504484,654.0,3907.0,682.0,12.473774556551591,2288.0,1969.0,2288.0,86.0576923076923,319.0,13.942307692307692,1790.0,2109.0,84.87434803224276,319.0,15.12565196775723,5243.0,522.0,9.956131985504484,654.0,3907.0,682.0,12.473774556551591,2288.0,1969.0,2288.0,86.0576923076923,319.0,13.942307692307692,1790.0,2109.0,84.87434803224276,319.0,15.12565196775723,2008,3,4,cuenta_propia_precario,False,False,True,historica,False,93.0,284.0,1588.0
18217,valido,18005.0,7854.0,157.0,9994.0,55.506803665648434,5.506803665648434,10112.0,158.0,19.0,7928.0,7928.0,7175.0,753.0,0.0,7175.0,5698.0,342.0,6.002106002106002,502.0,4694.0,502.0,8.81010881010881,2326.0,2096.0,2326.0,90.11177987962166,230.0,9.888220120378332,1927.0,2157.0,89.33704218822439,230.0,10.662957811775614,5698.0,342.0,6.002106002106002,502.0,4694.0,502.0,8.81010881010881,2326.0,2096.0,2326.0,90.11177987962166,230.0,9.888220120378332,1927.0,2157.0,89.33704218822439,230.0,10.662957811775614,2008,4,1,informal,False,False,True,historica,False,85.0,183.0,826.0
18217,valido,18005.0,7854.0,157.0,9994.0,55.506803665648434,5.506803665648434,10112.0,158.0,19.0,7928.0,7928.0,7175.0,753.0,0.0,7175.0,5698.0,469.0,8.230958230958231,580.0,4504.0,614.0,10.17901017901018,2326.0,2096.0,2326.0,90.11177987962166,230.0,9.888220120378332,1927.0,2157.0,89.33704218822439,230.0,10.662957811775614,5698.0,469.0,8.230958230958231,580.0,4504.0,614.0,10.17901017901018,2326.0,2096.0,2326.0,90.11177987962166,230.0,9.888220120378332,1927.0,2157.0,89.33704218822439,230.0,10.662957811775614,2008,4,1,categoria_propia,False,False,True,historica,False,85.0,183.0,826.0
18217,valido,18005.0,7854.0,157.0,9994.0,55.506803665648434,5.506803665648434,10112.0,158.0,19.0,7928.0,7928.0,7175.0,753.0,0.0,7175.0,4670.0,313.0,6.702355460385439,437.0,3766.0,467.0,9.3576017130621,2326.0,2096.0,2326.0,90.11177987962166,230.0,9.888220120378332,1927.0,2157.0,89.33704218822439,230.0,10.662957811775614,4670.0,313.0,6.702355460385439,437.0,3766.0,467.0,9.3576017130621,2326.0,2096.0,2326.0,90.11177987962166,230.0,9.888220120378332,1927.0,2157.0,89.33704218822439,230.0,10.662957811775614,2008,4,1,excluir,False,False,True,historica,False,85.0,183.0,826.0
18217,valido,18005.0,7854.0,157.0,9994.0,55.506803665648434,5.506803665648434,10112.0,158.0,19.0,7928.0,7928.0,7175.0,753.0,0.0,7175.0,5698.0,455.0,7.985257985257985,605.0,4508.0,585.0,10.617760617760618,2326.0,2096.0,2326.0,90.11177987962166,230.0,9.888220120378332,1927.0,2157.0,89.33704218822439,230.0,10.662957811775614,5698.0,455.0,7.985257985257985,605.0,4508.0,585.0,10.617760617760618,2326.0,2096.0,2326.0,90.11177987962166,230.0,9.888220120378332,1927.0,2157.0,89.33704218822439,230.0,10.662957811775614,2008,4,1,cuenta_propia_precario,False,False,True,historica,False,85.0,183.0,826.0
18217,valido,18005.0,7456.0,401.0,10148.0,56.36212163287976,6.362121632879756,10269.0,405.0,30.0,7513.0,7513.0,6709.0,804.0,0.0,6709.0,5217.0,358.0,6.862181330266437,481.0,4143.0,593.0,9.21985815602837,2237.0,1909.0,2237.0,85.33750558784085,328.0,14.66249441215914,1717.0,2045.0,83.96088019559902,328.0,16.03911980440098,5217.0,358.0,6.862181330266437,481.0,4143.0,593.0,9.21985815602837,2237.0,1909.0,2237.0,85.33750558784085,328.0,14.66249441215914,1717.0,2045.0,83.96088019559902,328.0,16.03911980440098,2008,4,4,informal,False,False,True,historica,False,88.0,286.0,1537.0
18217,valido,18005.0,7456.0,401.0,10148.0,56.36212163287976,6.362121632879756,10269.0,405.0,30.0,7513.0,7513.0,6709.0,804.0,0.0,6709.0,5217.0,474.0,9.08568142610696,567.0,3930.0,720.0,10.868315123634272,2237.0,1909.0,2237.0,85.33750558784085,328.0,14.66249441215914,1717.0,2045.0,83.96088019559902,328.0,16.03911980440098,5217.0,474.0,9.08568142610696,567.0,3930.0,720.0,10.868315123634272,2237.0,1909.0,2237.0,85.33750558784085,328.0,14.66249441215914,1717.0,2045.0,83.96088019559902,328.0,16.03911980440098,2008,4,4,categoria_propia,False,False,True,historica,False,88.0,286.0,1537.0
18217,valido,18005.0,7456.0,401.0,10148.0,56.36212163287976,6.362121632879756,10269.0,405.0,30.0,7513.0,7513.0,6709.0,804.0,0.0,6709.0,4119.0,307.0,7.453265355668852,408.0,3160.0,551.0,9.90531682447196,2237.0,1909.0,2237.0,85.33750558784085,328.0,14.66249441215914,1717.0,2045.0,83.96088019559902,328.0,16.03911980440098,4119.0,307.0,7.453265355668852,408.0,3160.0,551.0,9.90531682447196,2237.0,1909.0,2237.0,85.33750558784085,328.0,14.66249441215914,1717.0,2045.0,83.96088019559902,328.0,16.03911980440098,2008,4,4,excluir,False,False,True,historica,False,88.0,286.0,1537.0
18217,valido,18005.0,7456.0,401.0,10148.0,56.36212163287976,6.362121632879756,10269.0,405.0,30.0,7513.0,7513.0,6709.0,804.0,0.0,6709.0,5217.0,470.0,9.00900900900901,583.0,3957.0,677.0,11.175004792026067,2237.0,1909.0,2237.0,85.33750558784085,328.0,14.66249441215914,1717.0,2045.0,83.96088019559902,328.0,16.03911980440098,5217.0,470.0,9.00900900900901,583.0,3957.0,677.0,11.175004792026067,2237.0,1909.0,2237.0,85.33750558784085,328.0,14.66249441215914,1717.0,2045.0,83.96088019559902,328.0,16.03911980440098,2008,4,4,cuenta_propia_precario,False,False,True,historica,False,88.0,286.0,1537.0
17820,valido,17615.0,7809.0,133.0,9673.0,54.913426057337496,4.913426057337496,9786.0,133.0,19.0,7882.0,7882.0,7177.0,704.0,0.0,7177.0,5708.0,335.0,5.8689558514365805,498.0,4649.0,561.0,8.72459705676244,2411.0,2159.0,2411.0,89.54790543343012,252.0,10.452094566569889,2017.0,2269.0,88.8937858087263,252.0,11.106214191273688,5708.0,335.0,5.8689558514365805,498.0,4649.0,561.0,8.72459705676244,2411.0,2159.0,2411.0,89.54790543343012,252.0,10.452094566569889,2017.0,2269.0,88.8937858087263,252.0,11.106214191273688,2009,1,1,informal,False,False,True,historica,False,101.0,179.0,790.0
17820,valido,17615.0,7809.0,133.0,9673.0,54.913426057337496,4.913426057337496,9786.0,133.0,19.0,7882.0,7882.0,7177.0,704.0,0.0,7177.0,5708.0,499.0,8.742116327960757,608.0,4447.0,653.0,10.651716888577436,2411.0,2159.0,2411.0,89.54790543343012,252.0,10.452094566569889,2017.0,2269.0,88.8937858087263,252.0,11.106214191273688,5708.0,499.0,8.742116327960757,608.0,4447.0,653.0,10.651716888577436,2411.0,2159.0,2411.0,89.54790543343012,252.0,10.452094566569889,2017.0,2269.0,88.8937858087263,252.0,11.106214191273688,2009,1,1,categoria_propia,False,False,True,historica,False,101.0,179.0,790.0
17820,valido,17615.0,7809.0,133.0,9673.0,54.913426057337496,4.913426057337496,9786.0,133.0,19.0,7882.0,7882.0,7177.0,704.0,0.0,7177.0,4634.0,313.0,6.754423823910229,440.0,3674.0,520.0,9.495036685369012,2411.0,2159.0,2411.0,89.54790543343012,252.0,10.452094566569889,2017.0,2269.0,88.8937858087263,252.0,11.106214191273688,4634.0,313.0,6.754423823910229,440.0,3674.0,520.0,9.495036685369012,2411.0,2159.0,2411.0,89.54790543343012,252.0,10.452094566569889,2017.0,2269.0,88.8937858087263,252.0,11.106214191273688,2009,1,1,excluir,False,False,True,historica,False,101.0,179.0,790.0
17820,valido,17615.0,7809.0,133.0,9673.0,54.913426057337496,4.913426057337496,9786.0,133.0,19.0,7882.0,7882.0,7177.0,704.0,0.0,7177.0,5708.0,441.0,7.725998598458304,600.0,4467.0,641.0,10.51156271899089,2411.0,2159.0,2411.0,89.54790543343012,252.0,10.452094566569889,2017.0,2269.0,88.8937858087263,252.0,11.106214191273688,5708.0,441.0,7.725998598458304,600.0,4467.0,641.0,10.51156271899089,2411.0,2159.0,2411.0,89.54790543343012,252.0,10.452094566569889,2017.0,2269.0,88.8937858087263,252.0,11.106214191273688,2009,1,1,cuenta_propia_precario,False,False,True,historica,False,101.0,179.0,790.0
17820,valido,17615.0,7173.0,404.0,10038.0,56.98552370139086,6.985523701390861,10151.0,405.0,41.0,7223.0,7223.0,6445.0,778.0,0.0,6445.0,5062.0,353.0,6.973528249703675,476.0,3958.0,628.0,9.403397866455949,2169.0,1825.0,2169.0,84.14015675426464,344.0,15.859843245735362,1644.0,1988.0,82.69617706237425,344.0,17.303822937625753,5062.0,353.0,6.973528249703675,476.0,3958.0,628.0,9.403397866455949,2169.0,1825.0,2169.0,84.14015675426464,344.0,15.859843245735362,1644.0,1988.0,82.69617706237425,344.0,17.303822937625753,2009,1,4,informal,False,False,True,historica,False,95.0,264.0,1435.0
17820,valido,17615.0,7173.0,404.0,10038.0,56.98552370139086,6.985523701390861,10151.0,405.0,41.0,7223.0,7223.0,6445.0,778.0,0.0,6445.0,5062.0,489.0,9.660213354405371,572.0,3768.0,722.0,11.299881469774792,2169.0,1825.0,2169.0,84.14015675426464,344.0,15.859843245735362,1644.0,1988.0,82.69617706237425,344.0,17.303822937625753,5062.0,489.0,9.660213354405371,572.0,3768.0,722.0,11.299881469774792,2169.0,1825.0,2169.0,84.14015675426464,344.0,15.859843245735362,1644.0,1988.0,82.69617706237425,344.0,17.303822937625753,2009,1,4,categoria_propia,False,False,True,historica,False,95.0,264.0,1435.0
17820,valido,17615.0,7173.0,404.0,10038.0,56.98552370139086,6.985523701390861,10151.0,405.0,41.0,7223.0,7223.0,6445.0,778.0,0.0,6445.0,4031.0,319.0,7.913669064748201,415.0,3047.0,569.0,10.295212106177129,2169.0,1825.0,2169.0,84.14015675426464,344.0,15.859843245735362,1644.0,1988.0,82.69617706237425,344.0,17.303822937625753,4031.0,319.0,7.913669064748201,415.0,3047.0,569.0,10.295212106177129,2169.0,1825.0,2169.0,84.14015675426464,344.0,15.859843245735362,1644.0,1988.0,82.69617706237425,344.0,17.303822937625753,2009,1,4,excluir,False,False,True,historica,False,95.0,264.0,1435.0
17820,valido,17615.0,7173.0,404.0,10038.0,56.98552370139086,6.985523701390861,10151.0,405.0,41.0,7223.0,7223.0,6445.0,778.0,0.0,6445.0,5062.0,451.0,8.909521928091664,568.0,3781.0,713.0,11.220861319636509,2169.0,1825.0,2169.0,84.14015675426464,344.0,15.859843245735362,1644.0,1988.0,82.69617706237425,344.0,17.303822937625753,5062.0,451.0,8.909521928091664,568.0,3781.0,713.0,11.220861319636509,2169.0,1825.0,2169.0,84.14015675426464,344.0,15.859843245735362,1644.0,1988.0,82.69617706237425,344.0,17.303822937625753,2009,1,4,cuenta_propia_precario,False,False,True,historica,False,95.0,264.0,1435.0
17904,valido,17683.0,7879.0,129.0,9675.0,54.71356670248261,4.713566702482609,9789.0,129.0,18.0,7968.0,7968.0,7237.0,730.0,0.0,7237.0,5682.0,342.0,6.019007391763464,477.0,4662.0,543.0,8.39493136219641,2383.0,2147.0,2383.0,90.09651699538396,236.0,9.90348300461603,1980.0,2216.0,89.35018050541517,236.0,10.649819494584838,5682.0,342.0,6.019007391763464,477.0,4662.0,543.0,8.39493136219641,2383.0,2147.0,2383.0,90.09651699538396,236.0,9.90348300461603,1980.0,2216.0,89.35018050541517,236.0,10.649819494584838,2009,2,1,informal,False,False,True,historica,False,70.0,194.0,751.0
17904,valido,17683.0,7879.0,129.0,9675.0,54.71356670248261,4.713566702482609,9789.0,129.0,18.0,7968.0,7968.0,7237.0,730.0,0.0,7237.0,5682.0,502.0,8.834917282646956,588.0,4444.0,650.0,10.348468848996832,2383.0,2147.0,2383.0,90.09651699538396,236.0,9.90348300461603,1980.0,2216.0,89.35018050541517,236.0,10.649819494584838,5682.0,502.0,8.834917282646956,588.0,4444.0,650.0,10.348468848996832,2383.0,2147.0,2383.0,90.09651699538396,236.0,9.90348300461603,1980.0,2216.0,89.35018050541517,236.0,10.649819494584838,2009,2,1,categoria_propia,False,False,True,historica,False,70.0,194.0,751.0
17904,valido,17683.0,7879.0,129.0,9675.0,54.71356670248261,4.713566702482609,9789.0,129.0,18.0,7968.0,7968.0,7237.0,730.0,0.0,7237.0,4597.0,327.0,7.1133347835544924,431.0,3678.0,488.0,9.375679791168151,2383.0,2147.0,2383.0,90.09651699538396,236.0,9.90348300461603,1980.0,2216.0,89.35018050541517,236.0,10.649819494584838,4597.0,327.0,7.1133347835544924,431.0,3678.0,488.0,9.375679791168151,2383.0,2147.0,2383.0,90.09651699538396,236.0,9.90348300461603,1980.0,2216.0,89.35018050541517,236.0,10.649819494584838,2009,2,1,excluir,False,False,True,historica,False,70.0,194.0,751.0
17904,valido,17683.0,7879.0,129.0,9675.0,54.71356670248261,4.713566702482609,9789.0,129.0,18.0,7968.0,7968.0,7237.0,730.0,0.0,7237.0,5682.0,434.0,7.638155579021471,565.0,4480.0,637.0,9.943681802182333,2383.0,2147.0,2383.0,90.09651699538396,236.0,9.90348300461603,1980.0,2216.0,89.35018050541517,236.0,10.649819494584838,5682.0,434.0,7.638155579021471,565.0,4480.0,637.0,9.943681802182333,2383.0,2147.0,2383.0,90.09651699538396,236.0,9.90348300461603,1980.0,2216.0,89.35018050541517,236.0,10.649819494584838,2009,2,1,cuenta_propia_precario,False,False,True,historica,False,70.0,194.0,751.0
17904,valido,17683.0,7300.0,380.0,10003.0,56.5684555788045,6.568455578804503,10126.0,383.0,37.0,7358.0,7358.0,6501.0,857.0,0.0,6501.0,5081.0,341.0,6.711277307616611,470.0,3997.0,614.0,9.250147608738438,2182.0,1860.0,2182.0,85.24289642529789,322.0,14.757103574702109,1678.0,2000.0,83.9,322.0,16.1,5081.0,341.0,6.711277307616611,470.0,3997.0,614.0,9.250147608738438,2182.0,1860.0,2182.0,85.24289642529789,322.0,14.757103574702109,1678.0,2000.0,83.9,322.0,16.1,2009,2,4,informal,False,False,True,historica,False,86.0,262.0,1553.0
17904,valido,17683.0,7300.0,380.0,10003.0,56.5684555788045,6.568455578804503,10126.0,383.0,37.0,7358.0,7358.0,6501.0,857.0,0.0,6501.0,5081.0,443.0,8.7187561503641,533.0,3838.0,710.0,10.490061011611887,2182.0,1860.0,2182.0,85.24289642529789,322.0,14.757103574702109,1678.0,2000.0,83.9,322.0,16.1,5081.0,443.0,8.7187561503641,533.0,3838.0,710.0,10.490061011611887,2182.0,1860.0,2182.0,85.24289642529789,322.0,14.757103574702109,1678.0,2000.0,83.9,322.0,16.1,2009,2,4,categoria_propia,False,False,True,historica,False,86.0,262.0,1553.0
17904,valido,17683.0,7300.0,380.0,10003.0,56.5684555788045,6.568455578804503,10126.0,383.0,37.0,7358.0,7358.0,6501.0,857.0,0.0,6501.0,4065.0,294.0,7.232472324723247,400.0,3136.0,529.0,9.84009840098401,2182.0,1860.0,2182.0,85.24289642529789,322.0,14.757103574702109,1678.0,2000.0,83.9,322.0,16.1,4065.0,294.0,7.232472324723247,400.0,3136.0,529.0,9.84009840098401,2182.0,1860.0,2182.0,85.24289642529789,322.0,14.757103574702109,1678.0,2000.0,83.9,322.0,16.1,2009,2,4,excluir,False,False,True,historica,False,86.0,262.0,1553.0
17904,valido,17683.0,7300.0,380.0,10003.0,56.5684555788045,6.568455578804503,10126.0,383.0,37.0,7358.0,7358.0,6501.0,857.0,0.0,6501.0,5081.0,410.0,8.069277701239914,537.0,3852.0,692.0,10.568785672111789,2182.0,1860.0,2182.0,85.24289642529789,322.0,14.757103574702109,1678.0,2000.0,83.9,322.0,16.1,5081.0,410.0,8.069277701239914,537.0,3852.0,692.0,10.568785672111789,2182.0,1860.0,2182.0,85.24289642529789,322.0,14.757103574702109,1678.0,2000.0,83.9,322.0,16.1,2009,2,4,cuenta_propia_precario,False,False,True,historica,False,86.0,262.0,1553.0
18149,valido,17937.0,8032.0,114.0,9791.0,54.58549367229749,4.585493672297488,9918.0,114.0,24.0,8093.0,8093.0,7365.0,728.0,0.0,7365.0,5871.0,309.0,5.2631578947368425,432.0,4864.0,575.0,7.358201328564129,2479.0,2216.0,2479.0,89.39088342073417,263.0,10.609116579265834,2053.0,2316.0,88.64421416234887,263.0,11.355785837651124,5871.0,309.0,5.2631578947368425,432.0,4864.0,575.0,7.358201328564129,2479.0,2216.0,2479.0,89.39088342073417,263.0,10.609116579265834,2053.0,2316.0,88.64421416234887,263.0,11.355785837651124,2009,3,1,informal,False,False,True,historica,False,87.0,188.0,751.0
18149,valido,17937.0,8032.0,114.0,9791.0,54.58549367229749,4.585493672297488,9918.0,114.0,24.0,8093.0,8093.0,7365.0,728.0,0.0,7365.0,5871.0,435.0,7.4092999489013796,521.0,4702.0,648.0,8.874127065235905,2479.0,2216.0,2479.0,89.39088342073417,263.0,10.609116579265834,2053.0,2316.0,88.64421416234887,263.0,11.355785837651124,5871.0,435.0,7.4092999489013796,521.0,4702.0,648.0,8.874127065235905,2479.0,2216.0,2479.0,89.39088342073417,263.0,10.609116579265834,2053.0,2316.0,88.64421416234887,263.0,11.355785837651124,2009,3,1,categoria_propia,False,False,True,historica,False,87.0,188.0,751.0
18149,valido,17937.0,8032.0,114.0,9791.0,54.58549367229749,4.585493672297488,9918.0,114.0,24.0,8093.0,8093.0,7365.0,728.0,0.0,7365.0,4758.0,293.0,6.158049600672552,383.0,3878.0,497.0,8.049600672551492,2479.0,2216.0,2479.0,89.39088342073417,263.0,10.609116579265834,2053.0,2316.0,88.64421416234887,263.0,11.355785837651124,4758.0,293.0,6.158049600672552,383.0,3878.0,497.0,8.049600672551492,2479.0,2216.0,2479.0,89.39088342073417,263.0,10.609116579265834,2053.0,2316.0,88.64421416234887,263.0,11.355785837651124,2009,3,1,excluir,False,False,True,historica,False,87.0,188.0,751.0
18149,valido,17937.0,8032.0,114.0,9791.0,54.58549367229749,4.585493672297488,9918.0,114.0,24.0,8093.0,8093.0,7365.0,728.0,0.0,7365.0,5871.0,421.0,7.170839720660876,537.0,4674.0,660.0,9.14665304036791,2479.0,2216.0,2479.0,89.39088342073417,263.0,10.609116579265834,2053.0,2316.0,88.64421416234887,263.0,11.355785837651124,5871.0,421.0,7.170839720660876,537.0,4674.0,660.0,9.14665304036791,2479.0,2216.0,2479.0,89.39088342073417,263.0,10.609116579265834,2053.0,2316.0,88.64421416234887,263.0,11.355785837651124,2009,3,1,cuenta_propia_precario,False,False,True,historica,False,87.0,188.0,751.0
18149,valido,17937.0,7433.0,408.0,10096.0,56.2858895021464,6.285889502146404,10214.0,412.0,37.0,7486.0,7486.0,6619.0,867.0,0.0,6619.0,5187.0,327.0,6.304222093695778,442.0,4144.0,601.0,8.521303258145364,2193.0,1877.0,2193.0,85.59051527587779,316.0,14.409484724122208,1687.0,2003.0,84.22366450324513,316.0,15.776335496754868,5187.0,327.0,6.304222093695778,442.0,4144.0,601.0,8.521303258145364,2193.0,1877.0,2193.0,85.59051527587779,316.0,14.409484724122208,1687.0,2003.0,84.22366450324513,316.0,15.776335496754868,2009,3,4,informal,False,False,True,historica,False,80.0,246.0,1523.0
18149,valido,17937.0,7433.0,408.0,10096.0,56.2858895021464,6.285889502146404,10214.0,412.0,37.0,7486.0,7486.0,6619.0,867.0,0.0,6619.0,5187.0,499.0,9.620204357046465,571.0,3937.0,679.0,11.008289955658377,2193.0,1877.0,2193.0,85.59051527587779,316.0,14.409484724122208,1687.0,2003.0,84.22366450324513,316.0,15.776335496754868,5187.0,499.0,9.620204357046465,571.0,3937.0,679.0,11.008289955658377,2193.0,1877.0,2193.0,85.59051527587779,316.0,14.409484724122208,1687.0,2003.0,84.22366450324513,316.0,15.776335496754868,2009,3,4,categoria_propia,False,False,True,historica,False,80.0,246.0,1523.0
18149,valido,17937.0,7433.0,408.0,10096.0,56.2858895021464,6.285889502146404,10214.0,412.0,37.0,7486.0,7486.0,6619.0,867.0,0.0,6619.0,4144.0,305.0,7.36003861003861,394.0,3231.0,519.0,9.507722007722007,2193.0,1877.0,2193.0,85.59051527587779,316.0,14.409484724122208,1687.0,2003.0,84.22366450324513,316.0,15.776335496754868,4144.0,305.0,7.36003861003861,394.0,3231.0,519.0,9.507722007722007,2193.0,1877.0,2193.0,85.59051527587779,316.0,14.409484724122208,1687.0,2003.0,84.22366450324513,316.0,15.776335496754868,2009,3,4,excluir,False,False,True,historica,False,80.0,246.0,1523.0
18149,valido,17937.0,7433.0,408.0,10096.0,56.2858895021464,6.285889502146404,10214.0,412.0,37.0,7486.0,7486.0,6619.0,867.0,0.0,6619.0,5187.0,424.0,8.174281858492385,528.0,3965.0,694.0,10.179294389820706,2193.0,1877.0,2193.0,85.59051527587779,316.0,14.409484724122208,1687.0,2003.0,84.22366450324513,316.0,15.776335496754868,5187.0,424.0,8.174281858492385,528.0,3965.0,694.0,10.179294389820706,2193.0,1877.0,2193.0,85.59051527587779,316.0,14.409484724122208,1687.0,2003.0,84.22366450324513,316.0,15.776335496754868,2009,3,4,cuenta_propia_precario,False,False,True,historica,False,80.0,246.0,1523.0
17807,valido,17631.0,7693.0,145.0,9793.0,55.54421189949521,5.54421189949521,9877.0,145.0,21.0,7764.0,7764.0,7078.0,686.0,0.0,7078.0,5567.0,298.0,5.352972875875696,440.0,4629.0,498.0,7.903718340219148,2285.0,2075.0,2285.0,90.80962800875274,210.0,9.190371991247265,1917.0,2127.0,90.12693935119889,210.0,9.873060648801127,5567.0,298.0,5.352972875875696,440.0,4629.0,498.0,7.903718340219148,2285.0,2075.0,2285.0,90.80962800875274,210.0,9.190371991247265,1917.0,2127.0,90.12693935119889,210.0,9.873060648801127,2009,4,1,informal,False,False,True,historica,False,80.0,193.0,764.0
17807,valido,17631.0,7693.0,145.0,9793.0,55.54421189949521,5.54421189949521,9877.0,145.0,21.0,7764.0,7764.0,7078.0,686.0,0.0,7078.0,5567.0,452.0,8.119274294952397,540.0,4421.0,606.0,9.700017962996228,2285.0,2075.0,2285.0,90.80962800875274,210.0,9.190371991247265,1917.0,2127.0,90.12693935119889,210.0,9.873060648801127,5567.0,452.0,8.119274294952397,540.0,4421.0,606.0,9.700017962996228,2285.0,2075.0,2285.0,90.80962800875274,210.0,9.190371991247265,1917.0,2127.0,90.12693935119889,210.0,9.873060648801127,2009,4,1,categoria_propia,False,False,True,historica,False,80.0,193.0,764.0
17807,valido,17631.0,7693.0,145.0,9793.0,55.54421189949521,5.54421189949521,9877.0,145.0,21.0,7764.0,7764.0,7078.0,686.0,0.0,7078.0,4470.0,278.0,6.2192393736017895,378.0,3633.0,459.0,8.456375838926174,2285.0,2075.0,2285.0,90.80962800875274,210.0,9.190371991247265,1917.0,2127.0,90.12693935119889,210.0,9.873060648801127,4470.0,278.0,6.2192393736017895,378.0,3633.0,459.0,8.456375838926174,2285.0,2075.0,2285.0,90.80962800875274,210.0,9.190371991247265,1917.0,2127.0,90.12693935119889,210.0,9.873060648801127,2009,4,1,excluir,False,False,True,historica,False,80.0,193.0,764.0
17807,valido,17631.0,7693.0,145.0,9793.0,55.54421189949521,5.54421189949521,9877.0,145.0,21.0,7764.0,7764.0,7078.0,686.0,0.0,7078.0,5567.0,397.0,7.131309502425005,536.0,4433.0,598.0,9.628165978085145,2285.0,2075.0,2285.0,90.80962800875274,210.0,9.190371991247265,1917.0,2127.0,90.12693935119889,210.0,9.873060648801127,5567.0,397.0,7.131309502425005,536.0,4433.0,598.0,9.628165978085145,2285.0,2075.0,2285.0,90.80962800875274,210.0,9.190371991247265,1917.0,2127.0,90.12693935119889,210.0,9.873060648801127,2009,4,1,cuenta_propia_precario,False,False,True,historica,False,80.0,193.0,764.0
17807,valido,17631.0,7257.0,399.0,9975.0,56.576484600986895,6.576484600986895,10071.0,401.0,35.0,7300.0,7300.0,6483.0,817.0,0.0,6483.0,5057.0,304.0,6.011469250543801,400.0,4027.0,630.0,7.909827961241843,2080.0,1746.0,2080.0,83.9423076923077,334.0,16.057692307692307,1574.0,1908.0,82.49475890985325,334.0,17.50524109014675,5057.0,304.0,6.011469250543801,400.0,4027.0,630.0,7.909827961241843,2080.0,1746.0,2080.0,83.9423076923077,334.0,16.057692307692307,1574.0,1908.0,82.49475890985325,334.0,17.50524109014675,2009,4,4,informal,False,False,True,historica,False,67.0,284.0,1576.0
17807,valido,17631.0,7257.0,399.0,9975.0,56.576484600986895,6.576484600986895,10071.0,401.0,35.0,7300.0,7300.0,6483.0,817.0,0.0,6483.0,5057.0,448.0,8.859007316590864,518.0,3838.0,701.0,10.243227209808186,2080.0,1746.0,2080.0,83.9423076923077,334.0,16.057692307692307,1574.0,1908.0,82.49475890985325,334.0,17.50524109014675,5057.0,448.0,8.859007316590864,518.0,3838.0,701.0,10.243227209808186,2080.0,1746.0,2080.0,83.9423076923077,334.0,16.057692307692307,1574.0,1908.0,82.49475890985325,334.0,17.50524109014675,2009,4,4,categoria_propia,False,False,True,historica,False,67.0,284.0,1576.0
17807,valido,17631.0,7257.0,399.0,9975.0,56.576484600986895,6.576484600986895,10071.0,401.0,35.0,7300.0,7300.0,6483.0,817.0,0.0,6483.0,4062.0,276.0,6.794682422451994,346.0,3160.0,556.0,8.517971442639094,2080.0,1746.0,2080.0,83.9423076923077,334.0,16.057692307692307,1574.0,1908.0,82.49475890985325,334.0,17.50524109014675,4062.0,276.0,6.794682422451994,346.0,3160.0,556.0,8.517971442639094,2080.0,1746.0,2080.0,83.9423076923077,334.0,16.057692307692307,1574.0,1908.0,82.49475890985325,334.0,17.50524109014675,2009,4,4,excluir,False,False,True,historica,False,67.0,284.0,1576.0
17807,valido,17631.0,7257.0,399.0,9975.0,56.576484600986895,6.576484600986895,10071.0,401.0,35.0,7300.0,7300.0,6483.0,817.0,0.0,6483.0,5057.0,403.0,7.969151670951157,496.0,3864.0,697.0,9.808186671939886,2080.0,1746.0,2080.0,83.9423076923077,334.0,16.057692307692307,1574.0,1908.0,82.49475890985325,334.0,17.50524109014675,5057.0,403.0,7.969151670951157,496.0,3864.0,697.0,9.808186671939886,2080.0,1746.0,2080.0,83.9423076923077,334.0,16.057692307692307,1574.0,1908.0,82.49475890985325,334.0,17.50524109014675,2009,4,4,cuenta_propia_precario,False,False,True,historica,False,67.0,284.0,1576.0
17478,valido,17302.0,7719.0,137.0,9446.0,54.59484452664432,4.594844526644316,9551.0,139.0,9.0,7779.0,7779.0,7117.0,662.0,0.0,7117.0,5613.0,327.0,5.825761624799572,455.0,4606.0,552.0,8.106182077320506,2429.0,2153.0,2429.0,88.6372993001235,276.0,11.362700699876491,2007.0,2283.0,87.91064388961892,276.0,12.089356110381075,5613.0,327.0,5.825761624799572,455.0,4606.0,552.0,8.106182077320506,2429.0,2153.0,2429.0,88.6372993001235,276.0,11.362700699876491,2007.0,2283.0,87.91064388961892,276.0,12.089356110381075,2010,1,1,informal,False,False,True,historica,False,54.0,168.0,813.0
17478,valido,17302.0,7719.0,137.0,9446.0,54.59484452664432,4.594844526644316,9551.0,139.0,9.0,7779.0,7779.0,7117.0,662.0,0.0,7117.0,5613.0,474.0,8.444681988241582,566.0,4402.0,645.0,10.083734188491004,2429.0,2153.0,2429.0,88.6372993001235,276.0,11.362700699876491,2007.0,2283.0,87.91064388961892,276.0,12.089356110381075,5613.0,474.0,8.444681988241582,566.0,4402.0,645.0,10.083734188491004,2429.0,2153.0,2429.0,88.6372993001235,276.0,11.362700699876491,2007.0,2283.0,87.91064388961892,276.0,12.089356110381075,2010,1,1,categoria_propia,False,False,True,historica,False,54.0,168.0,813.0
17478,valido,17302.0,7719.0,137.0,9446.0,54.59484452664432,4.594844526644316,9551.0,139.0,9.0,7779.0,7779.0,7117.0,662.0,0.0,7117.0,4520.0,322.0,7.123893805309734,420.0,3615.0,485.0,9.29203539823009,2429.0,2153.0,2429.0,88.6372993001235,276.0,11.362700699876491,2007.0,2283.0,87.91064388961892,276.0,12.089356110381075,4520.0,322.0,7.123893805309734,420.0,3615.0,485.0,9.29203539823009,2429.0,2153.0,2429.0,88.6372993001235,276.0,11.362700699876491,2007.0,2283.0,87.91064388961892,276.0,12.089356110381075,2010,1,1,excluir,False,False,True,historica,False,54.0,168.0,813.0
17478,valido,17302.0,7719.0,137.0,9446.0,54.59484452664432,4.594844526644316,9551.0,139.0,9.0,7779.0,7779.0,7117.0,662.0,0.0,7117.0,5613.0,434.0,7.73205059682879,557.0,4420.0,636.0,9.923392125423124,2429.0,2153.0,2429.0,88.6372993001235,276.0,11.362700699876491,2007.0,2283.0,87.91064388961892,276.0,12.089356110381075,5613.0,434.0,7.73205059682879,557.0,4420.0,636.0,9.923392125423124,2429.0,2153.0,2429.0,88.6372993001235,276.0,11.362700699876491,2007.0,2283.0,87.91064388961892,276.0,12.089356110381075,2010,1,1,cuenta_propia_precario,False,False,True,historica,False,54.0,168.0,813.0
17478,valido,17302.0,7070.0,397.0,9835.0,56.84313952144261,6.843139521442609,9929.0,399.0,37.0,7113.0,7113.0,6364.0,749.0,0.0,6364.0,4874.0,331.0,6.791136643414034,425.0,3875.0,574.0,8.719737382027082,2144.0,1814.0,2144.0,84.60820895522389,330.0,15.39179104477612,1624.0,1954.0,83.11156601842374,330.0,16.888433981576252,4874.0,331.0,6.791136643414034,425.0,3875.0,574.0,8.719737382027082,2144.0,1814.0,2144.0,84.60820895522389,330.0,15.39179104477612,1624.0,1954.0,83.11156601842374,330.0,16.888433981576252,2010,1,4,informal,False,False,True,historica,False,76.0,276.0,1550.0
17478,valido,17302.0,7070.0,397.0,9835.0,56.84313952144261,6.843139521442609,9929.0,399.0,37.0,7113.0,7113.0,6364.0,749.0,0.0,6364.0,4874.0,458.0,9.396799343455069,527.0,3700.0,647.0,10.812474353713585,2144.0,1814.0,2144.0,84.60820895522389,330.0,15.39179104477612,1624.0,1954.0,83.11156601842374,330.0,16.888433981576252,4874.0,458.0,9.396799343455069,527.0,3700.0,647.0,10.812474353713585,2144.0,1814.0,2144.0,84.60820895522389,330.0,15.39179104477612,1624.0,1954.0,83.11156601842374,330.0,16.888433981576252,2010,1,4,categoria_propia,False,False,True,historica,False,76.0,276.0,1550.0
17478,valido,17302.0,7070.0,397.0,9835.0,56.84313952144261,6.843139521442609,9929.0,399.0,37.0,7113.0,7113.0,6364.0,749.0,0.0,6364.0,3860.0,303.0,7.849740932642487,380.0,2981.0,499.0,9.844559585492227,2144.0,1814.0,2144.0,84.60820895522389,330.0,15.39179104477612,1624.0,1954.0,83.11156601842374,330.0,16.888433981576252,3860.0,303.0,7.849740932642487,380.0,2981.0,499.0,9.844559585492227,2144.0,1814.0,2144.0,84.60820895522389,330.0,15.39179104477612,1624.0,1954.0,83.11156601842374,330.0,16.888433981576252,2010,1,4,excluir,False,False,True,historica,False,76.0,276.0,1550.0
17478,valido,17302.0,7070.0,397.0,9835.0,56.84313952144261,6.843139521442609,9929.0,399.0,37.0,7113.0,7113.0,6364.0,749.0,0.0,6364.0,4874.0,407.0,8.350430857611817,498.0,3710.0,666.0,10.217480508822325,2144.0,1814.0,2144.0,84.60820895522389,330.0,15.39179104477612,1624.0,1954.0,83.11156601842374,330.0,16.888433981576252,4874.0,407.0,8.350430857611817,498.0,3710.0,666.0,10.217480508822325,2144.0,1814.0,2144.0,84.60820895522389,330.0,15.39179104477612,1624.0,1954.0,83.11156601842374,330.0,16.888433981576252,2010,1,4,cuenta_propia_precario,False,False,True,historica,False,76.0,276.0,1550.0
17813,valido,17622.0,7896.0,130.0,9596.0,54.45465894904097,4.454658949040969,9681.0,130.0,26.0,7976.0,7976.0,7234.0,742.0,0.0,7234.0,5711.0,337.0,5.900893013482753,471.0,4691.0,549.0,8.24724216424444,2418.0,2142.0,2418.0,88.58560794044665,276.0,11.41439205955335,1984.0,2260.0,87.78761061946902,276.0,12.212389380530974,5711.0,337.0,5.900893013482753,471.0,4691.0,549.0,8.24724216424444,2418.0,2142.0,2418.0,88.58560794044665,276.0,11.41439205955335,1984.0,2260.0,87.78761061946902,276.0,12.212389380530974,2010,2,1,informal,False,False,True,historica,False,64.0,165.0,742.0
17813,valido,17622.0,7896.0,130.0,9596.0,54.45465894904097,4.454658949040969,9681.0,130.0,26.0,7976.0,7976.0,7234.0,742.0,0.0,7234.0,5711.0,474.0,8.29977236911224,560.0,4519.0,632.0,9.805638241989143,2418.0,2142.0,2418.0,88.58560794044665,276.0,11.41439205955335,1984.0,2260.0,87.78761061946902,276.0,12.212389380530974,5711.0,474.0,8.29977236911224,560.0,4519.0,632.0,9.805638241989143,2418.0,2142.0,2418.0,88.58560794044665,276.0,11.41439205955335,1984.0,2260.0,87.78761061946902,276.0,12.212389380530974,2010,2,1,categoria_propia,False,False,True,historica,False,64.0,165.0,742.0
17813,valido,17622.0,7896.0,130.0,9596.0,54.45465894904097,4.454658949040969,9681.0,130.0,26.0,7976.0,7976.0,7234.0,742.0,0.0,7234.0,4594.0,305.0,6.639094471049194,403.0,3714.0,477.0,8.772311710927296,2418.0,2142.0,2418.0,88.58560794044665,276.0,11.41439205955335,1984.0,2260.0,87.78761061946902,276.0,12.212389380530974,4594.0,305.0,6.639094471049194,403.0,3714.0,477.0,8.772311710927296,2418.0,2142.0,2418.0,88.58560794044665,276.0,11.41439205955335,1984.0,2260.0,87.78761061946902,276.0,12.212389380530974,2010,2,1,excluir,False,False,True,historica,False,64.0,165.0,742.0
17813,valido,17622.0,7896.0,130.0,9596.0,54.45465894904097,4.454658949040969,9681.0,130.0,26.0,7976.0,7976.0,7234.0,742.0,0.0,7234.0,5711.0,449.0,7.862020661880582,574.0,4503.0,634.0,10.050779198038873,2418.0,2142.0,2418.0,88.58560794044665,276.0,11.41439205955335,1984.0,2260.0,87.78761061946902,276.0,12.212389380530974,5711.0,449.0,7.862020661880582,574.0,4503.0,634.0,10.050779198038873,2418.0,2142.0,2418.0,88.58560794044665,276.0,11.41439205955335,1984.0,2260.0,87.78761061946902,276.0,12.212389380530974,2010,2,1,cuenta_propia_precario,False,False,True,historica,False,64.0,165.0,742.0
17813,valido,17622.0,7307.0,437.0,9878.0,56.05493133583021,6.054931335830212,9984.0,437.0,39.0,7353.0,7353.0,6519.0,834.0,0.0,6519.0,4996.0,358.0,7.165732586068855,460.0,3912.0,624.0,9.207365892714172,2208.0,1864.0,2208.0,84.42028985507247,344.0,15.579710144927535,1696.0,2040.0,83.13725490196079,344.0,16.862745098039216,4996.0,358.0,7.165732586068855,460.0,3912.0,624.0,9.207365892714172,2208.0,1864.0,2208.0,84.42028985507247,344.0,15.579710144927535,1696.0,2040.0,83.13725490196079,344.0,16.862745098039216,2010,2,4,informal,False,False,True,historica,False,98.0,258.0,1583.0
17813,valido,17622.0,7307.0,437.0,9878.0,56.05493133583021,6.054931335830212,9984.0,437.0,39.0,7353.0,7353.0,6519.0,834.0,0.0,6519.0,4996.0,476.0,9.527622097678142,556.0,3763.0,677.0,11.128903122498,2208.0,1864.0,2208.0,84.42028985507247,344.0,15.579710144927535,1696.0,2040.0,83.13725490196079,344.0,16.862745098039216,4996.0,476.0,9.527622097678142,556.0,3763.0,677.0,11.128903122498,2208.0,1864.0,2208.0,84.42028985507247,344.0,15.579710144927535,1696.0,2040.0,83.13725490196079,344.0,16.862745098039216,2010,2,4,categoria_propia,False,False,True,historica,False,98.0,258.0,1583.0
17813,valido,17622.0,7307.0,437.0,9878.0,56.05493133583021,6.054931335830212,9984.0,437.0,39.0,7353.0,7353.0,6519.0,834.0,0.0,6519.0,3936.0,315.0,8.003048780487806,408.0,2991.0,537.0,10.365853658536585,2208.0,1864.0,2208.0,84.42028985507247,344.0,15.579710144927535,1696.0,2040.0,83.13725490196079,344.0,16.862745098039216,3936.0,315.0,8.003048780487806,408.0,2991.0,537.0,10.365853658536585,2208.0,1864.0,2208.0,84.42028985507247,344.0,15.579710144927535,1696.0,2040.0,83.13725490196079,344.0,16.862745098039216,2010,2,4,excluir,False,False,True,historica,False,98.0,258.0,1583.0
17813,valido,17622.0,7307.0,437.0,9878.0,56.05493133583021,6.054931335830212,9984.0,437.0,39.0,7353.0,7353.0,6519.0,834.0,0.0,6519.0,4996.0,440.0,8.807045636509207,540.0,3742.0,714.0,10.808646917534029,2208.0,1864.0,2208.0,84.42028985507247,344.0,15.579710144927535,1696.0,2040.0,83.13725490196079,344.0,16.862745098039216,4996.0,440.0,8.807045636509207,540.0,3742.0,714.0,10.808646917534029,2208.0,1864.0,2208.0,84.42028985507247,344.0,15.579710144927535,1696.0,2040.0,83.13725490196079,344.0,16.862745098039216,2010,2,4,cuenta_propia_precario,False,False,True,historica,False,98.0,258.0,1583.0
18045,valido,17832.0,7974.0,99.0,9759.0,54.72745625841184,4.727456258411841,9877.0,100.0,23.0,8045.0,8045.0,7308.0,737.0,0.0,7308.0,5759.0,289.0,5.018232332002084,409.0,4802.0,548.0,7.1019274179545056,2309.0,2048.0,2309.0,88.69640537029017,261.0,11.303594629709831,1913.0,2174.0,87.99448022079117,261.0,12.005519779208832,5759.0,289.0,5.018232332002084,409.0,4802.0,548.0,7.1019274179545056,2309.0,2048.0,2309.0,88.69640537029017,261.0,11.303594629709831,1913.0,2174.0,87.99448022079117,261.0,12.005519779208832,2010,3,1,informal,False,False,True,historica,False,62.0,169.0,771.0
18045,valido,17832.0,7974.0,99.0,9759.0,54.72745625841184,4.727456258411841,9877.0,100.0,23.0,8045.0,8045.0,7308.0,737.0,0.0,7308.0,5759.0,427.0,7.414481680847369,506.0,4610.0,643.0,8.786247612432714,2309.0,2048.0,2309.0,88.69640537029017,261.0,11.303594629709831,1913.0,2174.0,87.99448022079117,261.0,12.005519779208832,5759.0,427.0,7.414481680847369,506.0,4610.0,643.0,8.786247612432714,2309.0,2048.0,2309.0,88.69640537029017,261.0,11.303594629709831,1913.0,2174.0,87.99448022079117,261.0,12.005519779208832,2010,3,1,categoria_propia,False,False,True,historica,False,62.0,169.0,771.0
18045,valido,17832.0,7974.0,99.0,9759.0,54.72745625841184,4.727456258411841,9877.0,100.0,23.0,8045.0,8045.0,7308.0,737.0,0.0,7308.0,4670.0,269.0,5.76017130620985,360.0,3833.0,477.0,7.708779443254818,2309.0,2048.0,2309.0,88.69640537029017,261.0,11.303594629709831,1913.0,2174.0,87.99448022079117,261.0,12.005519779208832,4670.0,269.0,5.76017130620985,360.0,3833.0,477.0,7.708779443254818,2309.0,2048.0,2309.0,88.69640537029017,261.0,11.303594629709831,1913.0,2174.0,87.99448022079117,261.0,12.005519779208832,2010,3,1,excluir,False,False,True,historica,False,62.0,169.0,771.0
18045,valido,17832.0,7974.0,99.0,9759.0,54.72745625841184,4.727456258411841,9877.0,100.0,23.0,8045.0,8045.0,7308.0,737.0,0.0,7308.0,5759.0,410.0,7.119291543670776,524.0,4615.0,620.0,9.098801875325575,2309.0,2048.0,2309.0,88.69640537029017,261.0,11.303594629709831,1913.0,2174.0,87.99448022079117,261.0,12.005519779208832,5759.0,410.0,7.119291543670776,524.0,4615.0,620.0,9.098801875325575,2309.0,2048.0,2309.0,88.69640537029017,261.0,11.303594629709831,1913.0,2174.0,87.99448022079117,261.0,12.005519779208832,2010,3,1,cuenta_propia_precario,False,False,True,historica,False,62.0,169.0,771.0
18045,valido,17832.0,7388.0,410.0,10034.0,56.26962763571108,6.269627635711082,10137.0,413.0,50.0,7445.0,7445.0,6667.0,778.0,0.0,6667.0,5163.0,347.0,6.720898702304861,446.0,4083.0,634.0,8.63838853379818,2129.0,1754.0,2129.0,82.3860967590418,375.0,17.613903240958198,1611.0,1986.0,81.1178247734139,375.0,18.882175226586103,5163.0,347.0,6.720898702304861,446.0,4083.0,634.0,8.63838853379818,2129.0,1754.0,2129.0,82.3860967590418,375.0,17.613903240958198,1611.0,1986.0,81.1178247734139,375.0,18.882175226586103,2010,3,4,informal,False,False,True,historica,False,93.0,242.0,1503.0
18045,valido,17832.0,7388.0,410.0,10034.0,56.26962763571108,6.269627635711082,10137.0,413.0,50.0,7445.0,7445.0,6667.0,778.0,0.0,6667.0,5163.0,449.0,8.696494286267674,514.0,3966.0,683.0,9.955452256440054,2129.0,1754.0,2129.0,82.3860967590418,375.0,17.613903240958198,1611.0,1986.0,81.1178247734139,375.0,18.882175226586103,5163.0,449.0,8.696494286267674,514.0,3966.0,683.0,9.955452256440054,2129.0,1754.0,2129.0,82.3860967590418,375.0,17.613903240958198,1611.0,1986.0,81.1178247734139,375.0,18.882175226586103,2010,3,4,categoria_propia,False,False,True,historica,False,93.0,242.0,1503.0
18045,valido,17832.0,7388.0,410.0,10034.0,56.26962763571108,6.269627635711082,10137.0,413.0,50.0,7445.0,7445.0,6667.0,778.0,0.0,6667.0,4085.0,286.0,7.001223990208079,360.0,3167.0,558.0,8.812729498164014,2129.0,1754.0,2129.0,82.3860967590418,375.0,17.613903240958198,1611.0,1986.0,81.1178247734139,375.0,18.882175226586103,4085.0,286.0,7.001223990208079,360.0,3167.0,558.0,8.812729498164014,2129.0,1754.0,2129.0,82.3860967590418,375.0,17.613903240958198,1611.0,1986.0,81.1178247734139,375.0,18.882175226586103,2010,3,4,excluir,False,False,True,historica,False,93.0,242.0,1503.0
18045,valido,17832.0,7388.0,410.0,10034.0,56.26962763571108,6.269627635711082,10137.0,413.0,50.0,7445.0,7445.0,6667.0,778.0,0.0,6667.0,5163.0,447.0,8.657757117954677,544.0,3899.0,720.0,10.536509781135,2129.0,1754.0,2129.0,82.3860967590418,375.0,17.613903240958198,1611.0,1986.0,81.1178247734139,375.0,18.882175226586103,5163.0,447.0,8.657757117954677,544.0,3899.0,720.0,10.536509781135,2129.0,1754.0,2129.0,82.3860967590418,375.0,17.613903240958198,1611.0,1986.0,81.1178247734139,375.0,18.882175226586103,2010,3,4,cuenta_propia_precario,False,False,True,historica,False,93.0,242.0,1503.0
17812,valido,17635.0,7739.0,145.0,9751.0,55.29345052452509,5.293450524525092,9852.0,145.0,14.0,7801.0,7801.0,7148.0,653.0,0.0,7148.0,5573.0,341.0,6.118787008792392,459.0,4652.0,462.0,8.236138525031402,2219.0,1988.0,2219.0,89.58990536277602,231.0,10.410094637223974,1836.0,2067.0,88.82438316400581,231.0,11.175616835994196,5573.0,341.0,6.118787008792392,459.0,4652.0,462.0,8.236138525031402,2219.0,1988.0,2219.0,89.58990536277602,231.0,10.410094637223974,1836.0,2067.0,88.82438316400581,231.0,11.175616835994196,2010,4,1,informal,False,False,True,historica,False,68.0,189.0,746.0
17812,valido,17635.0,7739.0,145.0,9751.0,55.29345052452509,5.293450524525092,9852.0,145.0,14.0,7801.0,7801.0,7148.0,653.0,0.0,7148.0,5573.0,474.0,8.505293378790597,546.0,4448.0,579.0,9.79723667683474,2219.0,1988.0,2219.0,89.58990536277602,231.0,10.410094637223974,1836.0,2067.0,88.82438316400581,231.0,11.175616835994196,5573.0,474.0,8.505293378790597,546.0,4448.0,579.0,9.79723667683474,2219.0,1988.0,2219.0,89.58990536277602,231.0,10.410094637223974,1836.0,2067.0,88.82438316400581,231.0,11.175616835994196,2010,4,1,categoria_propia,False,False,True,historica,False,68.0,189.0,746.0
17812,valido,17635.0,7739.0,145.0,9751.0,55.29345052452509,5.293450524525092,9852.0,145.0,14.0,7801.0,7801.0,7148.0,653.0,0.0,7148.0,4483.0,317.0,7.071157706892706,400.0,3675.0,408.0,8.922596475574393,2219.0,1988.0,2219.0,89.58990536277602,231.0,10.410094637223974,1836.0,2067.0,88.82438316400581,231.0,11.175616835994196,4483.0,317.0,7.071157706892706,400.0,3675.0,408.0,8.922596475574393,2219.0,1988.0,2219.0,89.58990536277602,231.0,10.410094637223974,1836.0,2067.0,88.82438316400581,231.0,11.175616835994196,2010,4,1,excluir,False,False,True,historica,False,68.0,189.0,746.0
17812,valido,17635.0,7739.0,145.0,9751.0,55.29345052452509,5.293450524525092,9852.0,145.0,14.0,7801.0,7801.0,7148.0,653.0,0.0,7148.0,5573.0,446.0,8.002870985106766,561.0,4465.0,547.0,10.066391530593934,2219.0,1988.0,2219.0,89.58990536277602,231.0,10.410094637223974,1836.0,2067.0,88.82438316400581,231.0,11.175616835994196,5573.0,446.0,8.002870985106766,561.0,4465.0,547.0,10.066391530593934,2219.0,1988.0,2219.0,89.58990536277602,231.0,10.410094637223974,1836.0,2067.0,88.82438316400581,231.0,11.175616835994196,2010,4,1,cuenta_propia_precario,False,False,True,historica,False,68.0,189.0,746.0
17812,valido,17635.0,7273.0,419.0,9943.0,56.38219449957471,6.382194499574709,10031.0,419.0,41.0,7321.0,7321.0,6566.0,755.0,0.0,6566.0,4988.0,365.0,7.317562149157979,464.0,3901.0,623.0,9.30232558139535,2037.0,1685.0,2037.0,82.71968581246932,352.0,17.28031418753068,1498.0,1850.0,80.97297297297297,352.0,19.027027027027028,4988.0,365.0,7.317562149157979,464.0,3901.0,623.0,9.30232558139535,2037.0,1685.0,2037.0,82.71968581246932,352.0,17.28031418753068,1498.0,1850.0,80.97297297297297,352.0,19.027027027027028,2010,4,4,informal,False,False,True,historica,False,65.0,271.0,1404.0
17812,valido,17635.0,7273.0,419.0,9943.0,56.38219449957471,6.382194499574709,10031.0,419.0,41.0,7321.0,7321.0,6566.0,755.0,0.0,6566.0,4988.0,465.0,9.322373696872496,530.0,3770.0,688.0,10.625501202886928,2037.0,1685.0,2037.0,82.71968581246932,352.0,17.28031418753068,1498.0,1850.0,80.97297297297297,352.0,19.027027027027028,4988.0,465.0,9.322373696872496,530.0,3770.0,688.0,10.625501202886928,2037.0,1685.0,2037.0,82.71968581246932,352.0,17.28031418753068,1498.0,1850.0,80.97297297297297,352.0,19.027027027027028,2010,4,4,categoria_propia,False,False,True,historica,False,65.0,271.0,1404.0
17812,valido,17635.0,7273.0,419.0,9943.0,56.38219449957471,6.382194499574709,10031.0,419.0,41.0,7321.0,7321.0,6566.0,755.0,0.0,6566.0,3965.0,309.0,7.793190416141236,381.0,3037.0,547.0,9.60907944514502,2037.0,1685.0,2037.0,82.71968581246932,352.0,17.28031418753068,1498.0,1850.0,80.97297297297297,352.0,19.027027027027028,3965.0,309.0,7.793190416141236,381.0,3037.0,547.0,9.60907944514502,2037.0,1685.0,2037.0,82.71968581246932,352.0,17.28031418753068,1498.0,1850.0,80.97297297297297,352.0,19.027027027027028,2010,4,4,excluir,False,False,True,historica,False,65.0,271.0,1404.0
17812,valido,17635.0,7273.0,419.0,9943.0,56.38219449957471,6.382194499574709,10031.0,419.0,41.0,7321.0,7321.0,6566.0,755.0,0.0,6566.0,4988.0,445.0,8.921411387329591,542.0,3754.0,692.0,10.86607858861267,2037.0,1685.0,2037.0,82.71968581246932,352.0,17.28031418753068,1498.0,1850.0,80.97297297297297,352.0,19.027027027027028,4988.0,445.0,8.921411387329591,542.0,3754.0,692.0,10.86607858861267,2037.0,1685.0,2037.0,82.71968581246932,352.0,17.28031418753068,1498.0,1850.0,80.97297297297297,352.0,19.027027027027028,2010,4,4,cuenta_propia_precario,False,False,True,historica,False,65.0,271.0,1404.0
17607,valido,17444.0,7789.0,139.0,9516.0,54.55170832377895,4.551708323778946,9600.0,139.0,16.0,7852.0,7852.0,7142.0,710.0,0.0,7142.0,5584.0,347.0,6.214183381088826,476.0,4610.0,498.0,8.524355300859598,2287.0,2043.0,2287.0,89.33100131176214,244.0,10.668998688237869,1912.0,2156.0,88.68274582560296,244.0,11.317254174397032,5584.0,347.0,6.214183381088826,476.0,4610.0,498.0,8.524355300859598,2287.0,2043.0,2287.0,89.33100131176214,244.0,10.668998688237869,1912.0,2156.0,88.68274582560296,244.0,11.317254174397032,2011,1,1,informal,False,False,True,historica,False,60.0,172.0,780.0
17607,valido,17444.0,7789.0,139.0,9516.0,54.55170832377895,4.551708323778946,9600.0,139.0,16.0,7852.0,7852.0,7142.0,710.0,0.0,7142.0,5584.0,465.0,8.327363896848137,567.0,4432.0,585.0,10.154011461318053,2287.0,2043.0,2287.0,89.33100131176214,244.0,10.668998688237869,1912.0,2156.0,88.68274582560296,244.0,11.317254174397032,5584.0,465.0,8.327363896848137,567.0,4432.0,585.0,10.154011461318053,2287.0,2043.0,2287.0,89.33100131176214,244.0,10.668998688237869,1912.0,2156.0,88.68274582560296,244.0,11.317254174397032,2011,1,1,categoria_propia,False,False,True,historica,False,60.0,172.0,780.0
17607,valido,17444.0,7789.0,139.0,9516.0,54.55170832377895,4.551708323778946,9600.0,139.0,16.0,7852.0,7852.0,7142.0,710.0,0.0,7142.0,4511.0,313.0,6.938594546663711,419.0,3660.0,432.0,9.2884061183773,2287.0,2043.0,2287.0,89.33100131176214,244.0,10.668998688237869,1912.0,2156.0,88.68274582560296,244.0,11.317254174397032,4511.0,313.0,6.938594546663711,419.0,3660.0,432.0,9.2884061183773,2287.0,2043.0,2287.0,89.33100131176214,244.0,10.668998688237869,1912.0,2156.0,88.68274582560296,244.0,11.317254174397032,2011,1,1,excluir,False,False,True,historica,False,60.0,172.0,780.0
17607,valido,17444.0,7789.0,139.0,9516.0,54.55170832377895,4.551708323778946,9600.0,139.0,16.0,7852.0,7852.0,7142.0,710.0,0.0,7142.0,5584.0,440.0,7.879656160458452,567.0,4449.0,568.0,10.154011461318053,2287.0,2043.0,2287.0,89.33100131176214,244.0,10.668998688237869,1912.0,2156.0,88.68274582560296,244.0,11.317254174397032,5584.0,440.0,7.879656160458452,567.0,4449.0,568.0,10.154011461318053,2287.0,2043.0,2287.0,89.33100131176214,244.0,10.668998688237869,1912.0,2156.0,88.68274582560296,244.0,11.317254174397032,2011,1,1,cuenta_propia_precario,False,False,True,historica,False,60.0,172.0,780.0
17607,valido,17444.0,7187.0,392.0,9865.0,56.55239623939463,6.552396239394632,9957.0,392.0,24.0,7234.0,7234.0,6464.0,770.0,0.0,6464.0,4919.0,346.0,7.033949989835333,454.0,3880.0,585.0,9.229518194755032,1979.0,1664.0,1979.0,84.08287013643255,315.0,15.91712986356746,1510.0,1825.0,82.73972602739725,315.0,17.26027397260274,4919.0,346.0,7.033949989835333,454.0,3880.0,585.0,9.229518194755032,1979.0,1664.0,1979.0,84.08287013643255,315.0,15.91712986356746,1510.0,1825.0,82.73972602739725,315.0,17.26027397260274,2011,1,4,informal,False,False,True,historica,False,69.0,277.0,1361.0
17607,valido,17444.0,7187.0,392.0,9865.0,56.55239623939463,6.552396239394632,9957.0,392.0,24.0,7234.0,7234.0,6464.0,770.0,0.0,6464.0,4919.0,438.0,8.904248831063224,514.0,3755.0,650.0,10.44927830859931,1979.0,1664.0,1979.0,84.08287013643255,315.0,15.91712986356746,1510.0,1825.0,82.73972602739725,315.0,17.26027397260274,4919.0,438.0,8.904248831063224,514.0,3755.0,650.0,10.44927830859931,1979.0,1664.0,1979.0,84.08287013643255,315.0,15.91712986356746,1510.0,1825.0,82.73972602739725,315.0,17.26027397260274,2011,1,4,categoria_propia,False,False,True,historica,False,69.0,277.0,1361.0
17607,valido,17444.0,7187.0,392.0,9865.0,56.55239623939463,6.552396239394632,9957.0,392.0,24.0,7234.0,7234.0,6464.0,770.0,0.0,6464.0,3900.0,291.0,7.461538461538462,369.0,3033.0,498.0,9.461538461538462,1979.0,1664.0,1979.0,84.08287013643255,315.0,15.91712986356746,1510.0,1825.0,82.73972602739725,315.0,17.26027397260274,3900.0,291.0,7.461538461538462,369.0,3033.0,498.0,9.461538461538462,1979.0,1664.0,1979.0,84.08287013643255,315.0,15.91712986356746,1510.0,1825.0,82.73972602739725,315.0,17.26027397260274,2011,1,4,excluir,False,False,True,historica,False,69.0,277.0,1361.0
17607,valido,17444.0,7187.0,392.0,9865.0,56.55239623939463,6.552396239394632,9957.0,392.0,24.0,7234.0,7234.0,6464.0,770.0,0.0,6464.0,4919.0,416.0,8.457003455986989,519.0,3751.0,649.0,10.550924984753,1979.0,1664.0,1979.0,84.08287013643255,315.0,15.91712986356746,1510.0,1825.0,82.73972602739725,315.0,17.26027397260274,4919.0,416.0,8.457003455986989,519.0,3751.0,649.0,10.550924984753,1979.0,1664.0,1979.0,84.08287013643255,315.0,15.91712986356746,1510.0,1825.0,82.73972602739725,315.0,17.26027397260274,2011,1,4,cuenta_propia_precario,False,False,True,historica,False,69.0,277.0,1361.0
18001,valido,17809.0,7891.0,128.0,9790.0,54.97220506485485,4.972205064854848,9886.0,128.0,15.0,7972.0,7972.0,7225.0,747.0,0.0,7225.0,5708.0,368.0,6.447091800981079,492.0,4663.0,553.0,8.619481429572529,2314.0,2037.0,2314.0,88.02938634399308,277.0,11.970613656006917,1901.0,2178.0,87.28191000918274,277.0,12.718089990817264,5708.0,368.0,6.447091800981079,492.0,4663.0,553.0,8.619481429572529,2314.0,2037.0,2314.0,88.02938634399308,277.0,11.970613656006917,1901.0,2178.0,87.28191000918274,277.0,12.718089990817264,2011,2,1,informal,False,False,True,historica,False,70.0,170.0,770.0
18001,valido,17809.0,7891.0,128.0,9790.0,54.97220506485485,4.972205064854848,9886.0,128.0,15.0,7972.0,7972.0,7225.0,747.0,0.0,7225.0,5708.0,478.0,8.374211632796076,574.0,4519.0,615.0,10.056061667834618,2314.0,2037.0,2314.0,88.02938634399308,277.0,11.970613656006917,1901.0,2178.0,87.28191000918274,277.0,12.718089990817264,5708.0,478.0,8.374211632796076,574.0,4519.0,615.0,10.056061667834618,2314.0,2037.0,2314.0,88.02938634399308,277.0,11.970613656006917,1901.0,2178.0,87.28191000918274,277.0,12.718089990817264,2011,2,1,categoria_propia,False,False,True,historica,False,70.0,170.0,770.0
18001,valido,17809.0,7891.0,128.0,9790.0,54.97220506485485,4.972205064854848,9886.0,128.0,15.0,7972.0,7972.0,7225.0,747.0,0.0,7225.0,4617.0,344.0,7.45072557938055,447.0,3700.0,470.0,9.6816114359974,2314.0,2037.0,2314.0,88.02938634399308,277.0,11.970613656006917,1901.0,2178.0,87.28191000918274,277.0,12.718089990817264,4617.0,344.0,7.45072557938055,447.0,3700.0,470.0,9.6816114359974,2314.0,2037.0,2314.0,88.02938634399308,277.0,11.970613656006917,1901.0,2178.0,87.28191000918274,277.0,12.718089990817264,2011,2,1,excluir,False,False,True,historica,False,70.0,170.0,770.0
18001,valido,17809.0,7891.0,128.0,9790.0,54.97220506485485,4.972205064854848,9886.0,128.0,15.0,7972.0,7972.0,7225.0,747.0,0.0,7225.0,5708.0,466.0,8.163980378416257,586.0,4512.0,610.0,10.266292922214436,2314.0,2037.0,2314.0,88.02938634399308,277.0,11.970613656006917,1901.0,2178.0,87.28191000918274,277.0,12.718089990817264,5708.0,466.0,8.163980378416257,586.0,4512.0,610.0,10.266292922214436,2314.0,2037.0,2314.0,88.02938634399308,277.0,11.970613656006917,1901.0,2178.0,87.28191000918274,277.0,12.718089990817264,2011,2,1,cuenta_propia_precario,False,False,True,historica,False,70.0,170.0,770.0
18001,valido,17809.0,7432.0,378.0,9999.0,56.145768993205685,6.145768993205685,10096.0,379.0,36.0,7490.0,7490.0,6660.0,830.0,0.0,6660.0,5167.0,397.0,7.683375266111864,503.0,4062.0,602.0,9.734855815753823,2121.0,1808.0,2121.0,85.24280999528524,313.0,14.757190004714758,1625.0,1938.0,83.84932920536636,313.0,16.150670794633644,5167.0,397.0,7.683375266111864,503.0,4062.0,602.0,9.734855815753823,2121.0,1808.0,2121.0,85.24280999528524,313.0,14.757190004714758,1625.0,1938.0,83.84932920536636,313.0,16.150670794633644,2011,2,4,informal,False,False,True,historica,False,73.0,258.0,1520.0
18001,valido,17809.0,7432.0,378.0,9999.0,56.145768993205685,6.145768993205685,10096.0,379.0,36.0,7490.0,7490.0,6660.0,830.0,0.0,6660.0,5167.0,519.0,10.044513257209212,593.0,3891.0,683.0,11.47667892394039,2121.0,1808.0,2121.0,85.24280999528524,313.0,14.757190004714758,1625.0,1938.0,83.84932920536636,313.0,16.150670794633644,5167.0,519.0,10.044513257209212,593.0,3891.0,683.0,11.47667892394039,2121.0,1808.0,2121.0,85.24280999528524,313.0,14.757190004714758,1625.0,1938.0,83.84932920536636,313.0,16.150670794633644,2011,2,4,categoria_propia,False,False,True,historica,False,73.0,258.0,1520.0
18001,valido,17809.0,7432.0,378.0,9999.0,56.145768993205685,6.145768993205685,10096.0,379.0,36.0,7490.0,7490.0,6660.0,830.0,0.0,6660.0,4103.0,353.0,8.603460882281258,439.0,3140.0,524.0,10.69948817938094,2121.0,1808.0,2121.0,85.24280999528524,313.0,14.757190004714758,1625.0,1938.0,83.84932920536636,313.0,16.150670794633644,4103.0,353.0,8.603460882281258,439.0,3140.0,524.0,10.69948817938094,2121.0,1808.0,2121.0,85.24280999528524,313.0,14.757190004714758,1625.0,1938.0,83.84932920536636,313.0,16.150670794633644,2011,2,4,excluir,False,False,True,historica,False,73.0,258.0,1520.0
18001,valido,17809.0,7432.0,378.0,9999.0,56.145768993205685,6.145768993205685,10096.0,379.0,36.0,7490.0,7490.0,6660.0,830.0,0.0,6660.0,5167.0,492.0,9.521966324753242,593.0,3911.0,663.0,11.47667892394039,2121.0,1808.0,2121.0,85.24280999528524,313.0,14.757190004714758,1625.0,1938.0,83.84932920536636,313.0,16.150670794633644,5167.0,492.0,9.521966324753242,593.0,3911.0,663.0,11.47667892394039,2121.0,1808.0,2121.0,85.24280999528524,313.0,14.757190004714758,1625.0,1938.0,83.84932920536636,313.0,16.150670794633644,2011,2,4,cuenta_propia_precario,False,False,True,historica,False,73.0,258.0,1520.0
17761,valido,17564.0,7880.0,114.0,9570.0,54.486449555909815,4.486449555909815,9678.0,114.0,21.0,7948.0,7948.0,7187.0,761.0,0.0,7187.0,5703.0,350.0,6.137120813606874,466.0,4753.0,484.0,8.171137997545152,2311.0,2075.0,2311.0,89.78797057550844,236.0,10.21202942449156,1932.0,2168.0,89.11439114391143,236.0,10.88560885608856,5703.0,350.0,6.137120813606874,466.0,4753.0,484.0,8.171137997545152,2311.0,2075.0,2311.0,89.78797057550844,236.0,10.21202942449156,1932.0,2168.0,89.11439114391143,236.0,10.88560885608856,2011,3,1,informal,False,False,True,historica,False,45.0,208.0,672.0
17761,valido,17564.0,7880.0,114.0,9570.0,54.486449555909815,4.486449555909815,9678.0,114.0,21.0,7948.0,7948.0,7187.0,761.0,0.0,7187.0,5703.0,470.0,8.24127652112923,555.0,4602.0,546.0,9.7317201472909,2311.0,2075.0,2311.0,89.78797057550844,236.0,10.21202942449156,1932.0,2168.0,89.11439114391143,236.0,10.88560885608856,5703.0,470.0,8.24127652112923,555.0,4602.0,546.0,9.7317201472909,2311.0,2075.0,2311.0,89.78797057550844,236.0,10.21202942449156,1932.0,2168.0,89.11439114391143,236.0,10.88560885608856,2011,3,1,categoria_propia,False,False,True,historica,False,45.0,208.0,672.0
17761,valido,17564.0,7880.0,114.0,9570.0,54.486449555909815,4.486449555909815,9678.0,114.0,21.0,7948.0,7948.0,7187.0,761.0,0.0,7187.0,4592.0,320.0,6.968641114982578,406.0,3764.0,422.0,8.841463414634147,2311.0,2075.0,2311.0,89.78797057550844,236.0,10.21202942449156,1932.0,2168.0,89.11439114391143,236.0,10.88560885608856,4592.0,320.0,6.968641114982578,406.0,3764.0,422.0,8.841463414634147,2311.0,2075.0,2311.0,89.78797057550844,236.0,10.21202942449156,1932.0,2168.0,89.11439114391143,236.0,10.88560885608856,2011,3,1,excluir,False,False,True,historica,False,45.0,208.0,672.0
17761,valido,17564.0,7880.0,114.0,9570.0,54.486449555909815,4.486449555909815,9678.0,114.0,21.0,7948.0,7948.0,7187.0,761.0,0.0,7187.0,5703.0,424.0,7.434683499912327,536.0,4587.0,580.0,9.398562160266527,2311.0,2075.0,2311.0,89.78797057550844,236.0,10.21202942449156,1932.0,2168.0,89.11439114391143,236.0,10.88560885608856,5703.0,424.0,7.434683499912327,536.0,4587.0,580.0,9.398562160266527,2311.0,2075.0,2311.0,89.78797057550844,236.0,10.21202942449156,1932.0,2168.0,89.11439114391143,236.0,10.88560885608856,2011,3,1,cuenta_propia_precario,False,False,True,historica,False,45.0,208.0,672.0
17761,valido,17564.0,7207.0,405.0,9952.0,56.66135276702346,6.661352767023459,10056.0,408.0,21.0,7276.0,7276.0,6459.0,817.0,0.0,6459.0,5048.0,392.0,7.765451664025356,506.0,3964.0,578.0,10.02377179080824,2109.0,1811.0,2109.0,85.87008060692271,298.0,14.129919393077287,1620.0,1918.0,84.46298227320125,298.0,15.537017726798748,5048.0,392.0,7.765451664025356,506.0,3964.0,578.0,10.02377179080824,2109.0,1811.0,2109.0,85.87008060692271,298.0,14.129919393077287,1620.0,1918.0,84.46298227320125,298.0,15.537017726798748,2011,3,4,informal,False,False,True,historica,False,130.0,288.0,1381.0
17761,valido,17564.0,7207.0,405.0,9952.0,56.66135276702346,6.661352767023459,10056.0,408.0,21.0,7276.0,7276.0,6459.0,817.0,0.0,6459.0,5048.0,499.0,9.885103011093502,569.0,3861.0,618.0,11.271790808240889,2109.0,1811.0,2109.0,85.87008060692271,298.0,14.129919393077287,1620.0,1918.0,84.46298227320125,298.0,15.537017726798748,5048.0,499.0,9.885103011093502,569.0,3861.0,618.0,11.271790808240889,2109.0,1811.0,2109.0,85.87008060692271,298.0,14.129919393077287,1620.0,1918.0,84.46298227320125,298.0,15.537017726798748,2011,3,4,categoria_propia,False,False,True,historica,False,130.0,288.0,1381.0
17761,valido,17564.0,7207.0,405.0,9952.0,56.66135276702346,6.661352767023459,10056.0,408.0,21.0,7276.0,7276.0,6459.0,817.0,0.0,6459.0,3988.0,343.0,8.600802407221664,422.0,3085.0,481.0,10.58174523570712,2109.0,1811.0,2109.0,85.87008060692271,298.0,14.129919393077287,1620.0,1918.0,84.46298227320125,298.0,15.537017726798748,3988.0,343.0,8.600802407221664,422.0,3085.0,481.0,10.58174523570712,2109.0,1811.0,2109.0,85.87008060692271,298.0,14.129919393077287,1620.0,1918.0,84.46298227320125,298.0,15.537017726798748,2011,3,4,excluir,False,False,True,historica,False,130.0,288.0,1381.0
17761,valido,17564.0,7207.0,405.0,9952.0,56.66135276702346,6.661352767023459,10056.0,408.0,21.0,7276.0,7276.0,6459.0,817.0,0.0,6459.0,5048.0,502.0,9.944532488114104,609.0,3794.0,645.0,12.06418383518225,2109.0,1811.0,2109.0,85.87008060692271,298.0,14.129919393077287,1620.0,1918.0,84.46298227320125,298.0,15.537017726798748,5048.0,502.0,9.944532488114104,609.0,3794.0,645.0,12.06418383518225,2109.0,1811.0,2109.0,85.87008060692271,298.0,14.129919393077287,1620.0,1918.0,84.46298227320125,298.0,15.537017726798748,2011,3,4,cuenta_propia_precario,False,False,True,historica,False,130.0,288.0,1381.0
17686,valido,17506.0,7733.0,112.0,9661.0,55.18679309950874,5.186793099508741,9754.0,112.0,16.0,7804.0,7804.0,7115.0,689.0,0.0,7115.0,5547.0,362.0,6.526050117180458,495.0,4594.0,458.0,8.923742563547863,2218.0,1988.0,2218.0,89.6302975653742,230.0,10.36970243462579,1847.0,2077.0,88.92633606162735,230.0,11.073663938372652,5547.0,362.0,6.526050117180458,495.0,4594.0,458.0,8.923742563547863,2218.0,1988.0,2218.0,89.6302975653742,230.0,10.36970243462579,1847.0,2077.0,88.92633606162735,230.0,11.073663938372652,2011,4,1,informal,False,False,True,historica,False,53.0,190.0,664.0
17686,valido,17506.0,7733.0,112.0,9661.0,55.18679309950874,5.186793099508741,9754.0,112.0,16.0,7804.0,7804.0,7115.0,689.0,0.0,7115.0,5547.0,500.0,9.013881377321075,598.0,4387.0,562.0,10.780602127276005,2218.0,1988.0,2218.0,89.6302975653742,230.0,10.36970243462579,1847.0,2077.0,88.92633606162735,230.0,11.073663938372652,5547.0,500.0,9.013881377321075,598.0,4387.0,562.0,10.780602127276005,2218.0,1988.0,2218.0,89.6302975653742,230.0,10.36970243462579,1847.0,2077.0,88.92633606162735,230.0,11.073663938372652,2011,4,1,categoria_propia,False,False,True,historica,False,53.0,190.0,664.0
17686,valido,17506.0,7733.0,112.0,9661.0,55.18679309950874,5.186793099508741,9754.0,112.0,16.0,7804.0,7804.0,7115.0,689.0,0.0,7115.0,4488.0,328.0,7.308377896613191,430.0,3655.0,403.0,9.581105169340464,2218.0,1988.0,2218.0,89.6302975653742,230.0,10.36970243462579,1847.0,2077.0,88.92633606162735,230.0,11.073663938372652,4488.0,328.0,7.308377896613191,430.0,3655.0,403.0,9.581105169340464,2218.0,1988.0,2218.0,89.6302975653742,230.0,10.36970243462579,1847.0,2077.0,88.92633606162735,230.0,11.073663938372652,2011,4,1,excluir,False,False,True,historica,False,53.0,190.0,664.0
17686,valido,17506.0,7733.0,112.0,9661.0,55.18679309950874,5.186793099508741,9754.0,112.0,16.0,7804.0,7804.0,7115.0,689.0,0.0,7115.0,5547.0,451.0,8.13052100234361,579.0,4432.0,536.0,10.438074634937804,2218.0,1988.0,2218.0,89.6302975653742,230.0,10.36970243462579,1847.0,2077.0,88.92633606162735,230.0,11.073663938372652,5547.0,451.0,8.13052100234361,579.0,4432.0,536.0,10.438074634937804,2218.0,1988.0,2218.0,89.6302975653742,230.0,10.36970243462579,1847.0,2077.0,88.92633606162735,230.0,11.073663938372652,2011,4,1,cuenta_propia_precario,False,False,True,historica,False,53.0,190.0,664.0
17686,valido,17506.0,7117.0,346.0,10043.0,57.36890209071176,7.368902090711757,10134.0,347.0,30.0,7175.0,7175.0,6377.0,798.0,0.0,6377.0,4953.0,343.0,6.925095901473855,434.0,3958.0,561.0,8.762366242681203,2161.0,1835.0,2161.0,84.91439148542341,326.0,15.085608514576585,1654.0,1980.0,83.53535353535354,326.0,16.464646464646464,4953.0,343.0,6.925095901473855,434.0,3958.0,561.0,8.762366242681203,2161.0,1835.0,2161.0,84.91439148542341,326.0,15.085608514576585,1654.0,1980.0,83.53535353535354,326.0,16.464646464646464,2011,4,4,informal,False,False,True,historica,False,74.0,244.0,1348.0
17686,valido,17506.0,7117.0,346.0,10043.0,57.36890209071176,7.368902090711757,10134.0,347.0,30.0,7175.0,7175.0,6377.0,798.0,0.0,6377.0,4953.0,467.0,9.428629113668483,525.0,3753.0,675.0,10.599636583888552,2161.0,1835.0,2161.0,84.91439148542341,326.0,15.085608514576585,1654.0,1980.0,83.53535353535354,326.0,16.464646464646464,4953.0,467.0,9.428629113668483,525.0,3753.0,675.0,10.599636583888552,2161.0,1835.0,2161.0,84.91439148542341,326.0,15.085608514576585,1654.0,1980.0,83.53535353535354,326.0,16.464646464646464,2011,4,4,categoria_propia,False,False,True,historica,False,74.0,244.0,1348.0
17686,valido,17506.0,7117.0,346.0,10043.0,57.36890209071176,7.368902090711757,10134.0,347.0,30.0,7175.0,7175.0,6377.0,798.0,0.0,6377.0,3879.0,303.0,7.811291569992266,368.0,3016.0,495.0,9.48698118071668,2161.0,1835.0,2161.0,84.91439148542341,326.0,15.085608514576585,1654.0,1980.0,83.53535353535354,326.0,16.464646464646464,3879.0,303.0,7.811291569992266,368.0,3016.0,495.0,9.48698118071668,2161.0,1835.0,2161.0,84.91439148542341,326.0,15.085608514576585,1654.0,1980.0,83.53535353535354,326.0,16.464646464646464,2011,4,4,excluir,False,False,True,historica,False,74.0,244.0,1348.0
17686,valido,17506.0,7117.0,346.0,10043.0,57.36890209071176,7.368902090711757,10134.0,347.0,30.0,7175.0,7175.0,6377.0,798.0,0.0,6377.0,4953.0,437.0,8.822935594589138,524.0,3785.0,644.0,10.57944679991924,2161.0,1835.0,2161.0,84.91439148542341,326.0,15.085608514576585,1654.0,1980.0,83.53535353535354,326.0,16.464646464646464,4953.0,437.0,8.822935594589138,524.0,3785.0,644.0,10.57944679991924,2161.0,1835.0,2161.0,84.91439148542341,326.0,15.085608514576585,1654.0,1980.0,83.53535353535354,326.0,16.464646464646464,2011,4,4,cuenta_propia_precario,False,False,True,historica,False,74.0,244.0,1348.0
17302,valido,17145.0,7722.0,118.0,9305.0,54.27238261883931,4.272382618839309,9392.0,118.0,18.0,7774.0,7774.0,7039.0,735.0,0.0,7039.0,5457.0,359.0,6.578706248854682,447.0,4513.0,497.0,8.191313908741067,2193.0,1964.0,2193.0,89.55768353853169,229.0,10.442316461468309,1828.0,2057.0,88.86728245017015,229.0,11.132717549829849,5457.0,359.0,6.578706248854682,447.0,4513.0,497.0,8.191313908741067,2193.0,1964.0,2193.0,89.55768353853169,229.0,10.442316461468309,1828.0,2057.0,88.86728245017015,229.0,11.132717549829849,2012,1,1,informal,False,False,True,historica,False,51.0,160.0,693.0
17302,valido,17145.0,7722.0,118.0,9305.0,54.27238261883931,4.272382618839309,9392.0,118.0,18.0,7774.0,7774.0,7039.0,735.0,0.0,7039.0,5457.0,461.0,8.447865127359355,513.0,4373.0,571.0,9.400769653655855,2193.0,1964.0,2193.0,89.55768353853169,229.0,10.442316461468309,1828.0,2057.0,88.86728245017015,229.0,11.132717549829849,5457.0,461.0,8.447865127359355,513.0,4373.0,571.0,9.400769653655855,2193.0,1964.0,2193.0,89.55768353853169,229.0,10.442316461468309,1828.0,2057.0,88.86728245017015,229.0,11.132717549829849,2012,1,1,categoria_propia,False,False,True,historica,False,51.0,160.0,693.0
17302,valido,17145.0,7722.0,118.0,9305.0,54.27238261883931,4.272382618839309,9392.0,118.0,18.0,7774.0,7774.0,7039.0,735.0,0.0,7039.0,4400.0,312.0,7.090909090909091,371.0,3606.0,423.0,8.431818181818182,2193.0,1964.0,2193.0,89.55768353853169,229.0,10.442316461468309,1828.0,2057.0,88.86728245017015,229.0,11.132717549829849,4400.0,312.0,7.090909090909091,371.0,3606.0,423.0,8.431818181818182,2193.0,1964.0,2193.0,89.55768353853169,229.0,10.442316461468309,1828.0,2057.0,88.86728245017015,229.0,11.132717549829849,2012,1,1,excluir,False,False,True,historica,False,51.0,160.0,693.0
17302,valido,17145.0,7722.0,118.0,9305.0,54.27238261883931,4.272382618839309,9392.0,118.0,18.0,7774.0,7774.0,7039.0,735.0,0.0,7039.0,5457.0,454.0,8.319589518050211,538.0,4349.0,570.0,9.858896829759942,2193.0,1964.0,2193.0,89.55768353853169,229.0,10.442316461468309,1828.0,2057.0,88.86728245017015,229.0,11.132717549829849,5457.0,454.0,8.319589518050211,538.0,4349.0,570.0,9.858896829759942,2193.0,1964.0,2193.0,89.55768353853169,229.0,10.442316461468309,1828.0,2057.0,88.86728245017015,229.0,11.132717549829849,2012,1,1,cuenta_propia_precario,False,False,True,historica,False,51.0,160.0,693.0
17302,valido,17145.0,7026.0,326.0,9793.0,57.11869349664625,7.118693496646252,9880.0,327.0,21.0,7074.0,7074.0,6273.0,801.0,0.0,6273.0,4750.0,342.0,7.2,449.0,3747.0,554.0,9.452631578947368,1981.0,1679.0,1981.0,84.75517415446744,302.0,15.24482584553256,1505.0,1807.0,83.28721638074155,302.0,16.71278361925844,4750.0,342.0,7.2,449.0,3747.0,554.0,9.452631578947368,1981.0,1679.0,1981.0,84.75517415446744,302.0,15.24482584553256,1505.0,1807.0,83.28721638074155,302.0,16.71278361925844,2012,1,4,informal,False,False,True,historica,False,78.0,245.0,1312.0
17302,valido,17145.0,7026.0,326.0,9793.0,57.11869349664625,7.118693496646252,9880.0,327.0,21.0,7074.0,7074.0,6273.0,801.0,0.0,6273.0,4750.0,438.0,9.221052631578948,507.0,3594.0,649.0,10.673684210526316,1981.0,1679.0,1981.0,84.75517415446744,302.0,15.24482584553256,1505.0,1807.0,83.28721638074155,302.0,16.71278361925844,4750.0,438.0,9.221052631578948,507.0,3594.0,649.0,10.673684210526316,1981.0,1679.0,1981.0,84.75517415446744,302.0,15.24482584553256,1505.0,1807.0,83.28721638074155,302.0,16.71278361925844,2012,1,4,categoria_propia,False,False,True,historica,False,78.0,245.0,1312.0
17302,valido,17145.0,7026.0,326.0,9793.0,57.11869349664625,7.118693496646252,9880.0,327.0,21.0,7074.0,7074.0,6273.0,801.0,0.0,6273.0,3751.0,303.0,8.077845907757931,379.0,2891.0,481.0,10.10397227406025,1981.0,1679.0,1981.0,84.75517415446744,302.0,15.24482584553256,1505.0,1807.0,83.28721638074155,302.0,16.71278361925844,3751.0,303.0,8.077845907757931,379.0,2891.0,481.0,10.10397227406025,1981.0,1679.0,1981.0,84.75517415446744,302.0,15.24482584553256,1505.0,1807.0,83.28721638074155,302.0,16.71278361925844,2012,1,4,excluir,False,False,True,historica,False,78.0,245.0,1312.0
17302,valido,17145.0,7026.0,326.0,9793.0,57.11869349664625,7.118693496646252,9880.0,327.0,21.0,7074.0,7074.0,6273.0,801.0,0.0,6273.0,4750.0,441.0,9.284210526315787,540.0,3574.0,636.0,11.36842105263158,1981.0,1679.0,1981.0,84.75517415446744,302.0,15.24482584553256,1505.0,1807.0,83.28721638074155,302.0,16.71278361925844,4750.0,441.0,9.284210526315787,540.0,3574.0,636.0,11.36842105263158,1981.0,1679.0,1981.0,84.75517415446744,302.0,15.24482584553256,1505.0,1807.0,83.28721638074155,302.0,16.71278361925844,2012,1,4,cuenta_propia_precario,False,False,True,historica,False,78.0,245.0,1312.0
17636,valido,17454.0,7831.0,77.0,9546.0,54.69233413544173,4.692334135441733,9622.0,78.0,15.0,7921.0,7921.0,7155.0,766.0,0.0,7155.0,5607.0,335.0,5.974674514000356,450.0,4679.0,478.0,8.025682182985554,2264.0,2045.0,2264.0,90.32685512367492,219.0,9.673144876325088,1916.0,2135.0,89.7423887587822,219.0,10.257611241217798,5607.0,335.0,5.974674514000356,450.0,4679.0,478.0,8.025682182985554,2264.0,2045.0,2264.0,90.32685512367492,219.0,9.673144876325088,1916.0,2135.0,89.7423887587822,219.0,10.257611241217798,2012,2,1,informal,False,False,True,historica,False,94.0,183.0,694.0
17636,valido,17454.0,7831.0,77.0,9546.0,54.69233413544173,4.692334135441733,9622.0,78.0,15.0,7921.0,7921.0,7155.0,766.0,0.0,7155.0,5607.0,457.0,8.150526128054217,534.0,4495.0,578.0,9.523809523809524,2264.0,2045.0,2264.0,90.32685512367492,219.0,9.673144876325088,1916.0,2135.0,89.7423887587822,219.0,10.257611241217798,5607.0,457.0,8.150526128054217,534.0,4495.0,578.0,9.523809523809524,2264.0,2045.0,2264.0,90.32685512367492,219.0,9.673144876325088,1916.0,2135.0,89.7423887587822,219.0,10.257611241217798,2012,2,1,categoria_propia,False,False,True,historica,False,94.0,183.0,694.0
17636,valido,17454.0,7831.0,77.0,9546.0,54.69233413544173,4.692334135441733,9622.0,78.0,15.0,7921.0,7921.0,7155.0,766.0,0.0,7155.0,4552.0,318.0,6.985940246045694,404.0,3705.0,443.0,8.875219683655535,2264.0,2045.0,2264.0,90.32685512367492,219.0,9.673144876325088,1916.0,2135.0,89.7423887587822,219.0,10.257611241217798,4552.0,318.0,6.985940246045694,404.0,3705.0,443.0,8.875219683655535,2264.0,2045.0,2264.0,90.32685512367492,219.0,9.673144876325088,1916.0,2135.0,89.7423887587822,219.0,10.257611241217798,2012,2,1,excluir,False,False,True,historica,False,94.0,183.0,694.0
17636,valido,17454.0,7831.0,77.0,9546.0,54.69233413544173,4.692334135441733,9622.0,78.0,15.0,7921.0,7921.0,7155.0,766.0,0.0,7155.0,5607.0,426.0,7.597645799892991,535.0,4491.0,581.0,9.541644373105049,2264.0,2045.0,2264.0,90.32685512367492,219.0,9.673144876325088,1916.0,2135.0,89.7423887587822,219.0,10.257611241217798,5607.0,426.0,7.597645799892991,535.0,4491.0,581.0,9.541644373105049,2264.0,2045.0,2264.0,90.32685512367492,219.0,9.673144876325088,1916.0,2135.0,89.7423887587822,219.0,10.257611241217798,2012,2,1,cuenta_propia_precario,False,False,True,historica,False,94.0,183.0,694.0
17636,valido,17454.0,7234.0,369.0,9851.0,56.43978457660136,6.439784576601355,9957.0,371.0,32.0,7276.0,7276.0,6454.0,822.0,0.0,6454.0,4936.0,355.0,7.192058346839546,444.0,3936.0,556.0,8.995137763371151,2041.0,1753.0,2041.0,85.8892699657031,288.0,14.110730034296914,1586.0,1874.0,84.63180362860192,288.0,15.36819637139808,4936.0,355.0,7.192058346839546,444.0,3936.0,556.0,8.995137763371151,2041.0,1753.0,2041.0,85.8892699657031,288.0,14.110730034296914,1586.0,1874.0,84.63180362860192,288.0,15.36819637139808,2012,2,4,informal,False,False,True,historica,False,67.0,267.0,1390.0
17636,valido,17454.0,7234.0,369.0,9851.0,56.43978457660136,6.439784576601355,9957.0,371.0,32.0,7276.0,7276.0,6454.0,822.0,0.0,6454.0,4936.0,426.0,8.630470016207456,498.0,3787.0,651.0,10.089141004862237,2041.0,1753.0,2041.0,85.8892699657031,288.0,14.110730034296914,1586.0,1874.0,84.63180362860192,288.0,15.36819637139808,4936.0,426.0,8.630470016207456,498.0,3787.0,651.0,10.089141004862237,2041.0,1753.0,2041.0,85.8892699657031,288.0,14.110730034296914,1586.0,1874.0,84.63180362860192,288.0,15.36819637139808,2012,2,4,categoria_propia,False,False,True,historica,False,67.0,267.0,1390.0
17636,valido,17454.0,7234.0,369.0,9851.0,56.43978457660136,6.439784576601355,9957.0,371.0,32.0,7276.0,7276.0,6454.0,822.0,0.0,6454.0,3909.0,304.0,7.776925044768483,378.0,3032.0,499.0,9.669992325402916,2041.0,1753.0,2041.0,85.8892699657031,288.0,14.110730034296914,1586.0,1874.0,84.63180362860192,288.0,15.36819637139808,3909.0,304.0,7.776925044768483,378.0,3032.0,499.0,9.669992325402916,2041.0,1753.0,2041.0,85.8892699657031,288.0,14.110730034296914,1586.0,1874.0,84.63180362860192,288.0,15.36819637139808,2012,2,4,excluir,False,False,True,historica,False,67.0,267.0,1390.0
17636,valido,17454.0,7234.0,369.0,9851.0,56.43978457660136,6.439784576601355,9957.0,371.0,32.0,7276.0,7276.0,6454.0,822.0,0.0,6454.0,4936.0,446.0,9.035656401944896,534.0,3776.0,626.0,10.818476499189629,2041.0,1753.0,2041.0,85.8892699657031,288.0,14.110730034296914,1586.0,1874.0,84.63180362860192,288.0,15.36819637139808,4936.0,446.0,9.035656401944896,534.0,3776.0,626.0,10.818476499189629,2041.0,1753.0,2041.0,85.8892699657031,288.0,14.110730034296914,1586.0,1874.0,84.63180362860192,288.0,15.36819637139808,2012,2,4,cuenta_propia_precario,False,False,True,historica,False,67.0,267.0,1390.0
17403,valido,17198.0,7561.0,94.0,9543.0,55.4890103500407,5.489010350040701,9669.0,94.0,17.0,7623.0,7623.0,6895.0,728.0,0.0,6895.0,5365.0,279.0,5.200372786579683,385.0,4501.0,479.0,7.17614165890028,2202.0,1976.0,2202.0,89.73660308810173,226.0,10.263396911898274,1865.0,2091.0,89.19177427068388,226.0,10.808225729316115,5365.0,279.0,5.200372786579683,385.0,4501.0,479.0,7.17614165890028,2202.0,1976.0,2202.0,89.73660308810173,226.0,10.263396911898274,1865.0,2091.0,89.19177427068388,226.0,10.808225729316115,2012,3,1,informal,False,False,True,historica,False,52.0,152.0,641.0
17403,valido,17198.0,7561.0,94.0,9543.0,55.4890103500407,5.489010350040701,9669.0,94.0,17.0,7623.0,7623.0,6895.0,728.0,0.0,6895.0,5365.0,395.0,7.362534948741845,470.0,4329.0,566.0,8.760484622553587,2202.0,1976.0,2202.0,89.73660308810173,226.0,10.263396911898274,1865.0,2091.0,89.19177427068388,226.0,10.808225729316115,5365.0,395.0,7.362534948741845,470.0,4329.0,566.0,8.760484622553587,2202.0,1976.0,2202.0,89.73660308810173,226.0,10.263396911898274,1865.0,2091.0,89.19177427068388,226.0,10.808225729316115,2012,3,1,categoria_propia,False,False,True,historica,False,52.0,152.0,641.0
17403,valido,17198.0,7561.0,94.0,9543.0,55.4890103500407,5.489010350040701,9669.0,94.0,17.0,7623.0,7623.0,6895.0,728.0,0.0,6895.0,4339.0,263.0,6.0613044480295,348.0,3569.0,422.0,8.020281170776677,2202.0,1976.0,2202.0,89.73660308810173,226.0,10.263396911898274,1865.0,2091.0,89.19177427068388,226.0,10.808225729316115,4339.0,263.0,6.0613044480295,348.0,3569.0,422.0,8.020281170776677,2202.0,1976.0,2202.0,89.73660308810173,226.0,10.263396911898274,1865.0,2091.0,89.19177427068388,226.0,10.808225729316115,2012,3,1,excluir,False,False,True,historica,False,52.0,152.0,641.0
17403,valido,17198.0,7561.0,94.0,9543.0,55.4890103500407,5.489010350040701,9669.0,94.0,17.0,7623.0,7623.0,6895.0,728.0,0.0,6895.0,5365.0,369.0,6.877912395153775,472.0,4314.0,579.0,8.7977632805219,2202.0,1976.0,2202.0,89.73660308810173,226.0,10.263396911898274,1865.0,2091.0,89.19177427068388,226.0,10.808225729316115,5365.0,369.0,6.877912395153775,472.0,4314.0,579.0,8.7977632805219,2202.0,1976.0,2202.0,89.73660308810173,226.0,10.263396911898274,1865.0,2091.0,89.19177427068388,226.0,10.808225729316115,2012,3,1,cuenta_propia_precario,False,False,True,historica,False,52.0,152.0,641.0
17403,valido,17198.0,7028.0,362.0,9808.0,57.029887196185605,7.029887196185605,9920.0,366.0,35.0,7082.0,7082.0,6330.0,752.0,0.0,6330.0,4816.0,351.0,7.288205980066445,435.0,3829.0,552.0,9.032392026578073,1991.0,1699.0,1991.0,85.33400301356103,292.0,14.665996986438977,1528.0,1820.0,83.95604395604396,292.0,16.043956043956044,4816.0,351.0,7.288205980066445,435.0,3829.0,552.0,9.032392026578073,1991.0,1699.0,1991.0,85.33400301356103,292.0,14.665996986438977,1528.0,1820.0,83.95604395604396,292.0,16.043956043956044,2012,3,4,informal,False,False,True,historica,False,49.0,244.0,1316.0
17403,valido,17198.0,7028.0,362.0,9808.0,57.029887196185605,7.029887196185605,9920.0,366.0,35.0,7082.0,7082.0,6330.0,752.0,0.0,6330.0,4816.0,408.0,8.471760797342192,470.0,3710.0,636.0,9.759136212624584,1991.0,1699.0,1991.0,85.33400301356103,292.0,14.665996986438977,1528.0,1820.0,83.95604395604396,292.0,16.043956043956044,4816.0,408.0,8.471760797342192,470.0,3710.0,636.0,9.759136212624584,1991.0,1699.0,1991.0,85.33400301356103,292.0,14.665996986438977,1528.0,1820.0,83.95604395604396,292.0,16.043956043956044,2012,3,4,categoria_propia,False,False,True,historica,False,49.0,244.0,1316.0
17403,valido,17198.0,7028.0,362.0,9808.0,57.029887196185605,7.029887196185605,9920.0,366.0,35.0,7082.0,7082.0,6330.0,752.0,0.0,6330.0,3800.0,299.0,7.868421052631579,368.0,2971.0,461.0,9.68421052631579,1991.0,1699.0,1991.0,85.33400301356103,292.0,14.665996986438977,1528.0,1820.0,83.95604395604396,292.0,16.043956043956044,3800.0,299.0,7.868421052631579,368.0,2971.0,461.0,9.68421052631579,1991.0,1699.0,1991.0,85.33400301356103,292.0,14.665996986438977,1528.0,1820.0,83.95604395604396,292.0,16.043956043956044,2012,3,4,excluir,False,False,True,historica,False,49.0,244.0,1316.0
17403,valido,17198.0,7028.0,362.0,9808.0,57.029887196185605,7.029887196185605,9920.0,366.0,35.0,7082.0,7082.0,6330.0,752.0,0.0,6330.0,4816.0,444.0,9.219269102990031,525.0,3651.0,640.0,10.901162790697674,1991.0,1699.0,1991.0,85.33400301356103,292.0,14.665996986438977,1528.0,1820.0,83.95604395604396,292.0,16.043956043956044,4816.0,444.0,9.219269102990031,525.0,3651.0,640.0,10.901162790697674,1991.0,1699.0,1991.0,85.33400301356103,292.0,14.665996986438977,1528.0,1820.0,83.95604395604396,292.0,16.043956043956044,2012,3,4,cuenta_propia_precario,False,False,True,historica,False,49.0,244.0,1316.0
16953,valido,16786.0,7443.0,90.0,9253.0,55.12331704992256,5.123317049922555,9333.0,90.0,26.0,7504.0,7504.0,6771.0,733.0,0.0,6771.0,5266.0,304.0,5.772882643372578,435.0,4392.0,439.0,8.260539308773263,2176.0,1934.0,2176.0,88.87867647058823,242.0,11.121323529411764,1786.0,2028.0,88.06706114398422,242.0,11.93293885601578,5266.0,304.0,5.772882643372578,435.0,4392.0,439.0,8.260539308773263,2176.0,1934.0,2176.0,88.87867647058823,242.0,11.121323529411764,1786.0,2028.0,88.06706114398422,242.0,11.93293885601578,2012,4,1,informal,False,False,True,historica,False,61.0,184.0,720.0
16953,valido,16786.0,7443.0,90.0,9253.0,55.12331704992256,5.123317049922555,9333.0,90.0,26.0,7504.0,7504.0,6771.0,733.0,0.0,6771.0,5266.0,432.0,8.203570072161034,527.0,4242.0,497.0,10.007595898214964,2176.0,1934.0,2176.0,88.87867647058823,242.0,11.121323529411764,1786.0,2028.0,88.06706114398422,242.0,11.93293885601578,5266.0,432.0,8.203570072161034,527.0,4242.0,497.0,10.007595898214964,2176.0,1934.0,2176.0,88.87867647058823,242.0,11.121323529411764,1786.0,2028.0,88.06706114398422,242.0,11.93293885601578,2012,4,1,categoria_propia,False,False,True,historica,False,61.0,184.0,720.0
16953,valido,16786.0,7443.0,90.0,9253.0,55.12331704992256,5.123317049922555,9333.0,90.0,26.0,7504.0,7504.0,6771.0,733.0,0.0,6771.0,4244.0,299.0,7.045240339302545,403.0,3460.0,381.0,9.495758718190386,2176.0,1934.0,2176.0,88.87867647058823,242.0,11.121323529411764,1786.0,2028.0,88.06706114398422,242.0,11.93293885601578,4244.0,299.0,7.045240339302545,403.0,3460.0,381.0,9.495758718190386,2176.0,1934.0,2176.0,88.87867647058823,242.0,11.121323529411764,1786.0,2028.0,88.06706114398422,242.0,11.93293885601578,2012,4,1,excluir,False,False,True,historica,False,61.0,184.0,720.0
16953,valido,16786.0,7443.0,90.0,9253.0,55.12331704992256,5.123317049922555,9333.0,90.0,26.0,7504.0,7504.0,6771.0,733.0,0.0,6771.0,5266.0,402.0,7.6338777060387395,530.0,4218.0,518.0,10.064565134827191,2176.0,1934.0,2176.0,88.87867647058823,242.0,11.121323529411764,1786.0,2028.0,88.06706114398422,242.0,11.93293885601578,5266.0,402.0,7.6338777060387395,530.0,4218.0,518.0,10.064565134827191,2176.0,1934.0,2176.0,88.87867647058823,242.0,11.121323529411764,1786.0,2028.0,88.06706114398422,242.0,11.93293885601578,2012,4,1,cuenta_propia_precario,False,False,True,historica,False,61.0,184.0,720.0
16953,valido,16786.0,6844.0,351.0,9591.0,57.136899797450255,7.136899797450255,9683.0,352.0,25.0,6893.0,6893.0,6104.0,789.0,0.0,6104.0,4604.0,324.0,7.037358818418766,403.0,3674.0,527.0,8.753258036490008,1931.0,1622.0,1931.0,83.99792853443812,309.0,16.002071465561887,1436.0,1745.0,82.29226361031519,309.0,17.707736389684815,4604.0,324.0,7.037358818418766,403.0,3674.0,527.0,8.753258036490008,1931.0,1622.0,1931.0,83.99792853443812,309.0,16.002071465561887,1436.0,1745.0,82.29226361031519,309.0,17.707736389684815,2012,4,4,informal,False,False,True,historica,False,66.0,278.0,1299.0
16953,valido,16786.0,6844.0,351.0,9591.0,57.136899797450255,7.136899797450255,9683.0,352.0,25.0,6893.0,6893.0,6104.0,789.0,0.0,6104.0,4604.0,387.0,8.405734144222416,452.0,3570.0,582.0,9.817549956559514,1931.0,1622.0,1931.0,83.99792853443812,309.0,16.002071465561887,1436.0,1745.0,82.29226361031519,309.0,17.707736389684815,4604.0,387.0,8.405734144222416,452.0,3570.0,582.0,9.817549956559514,1931.0,1622.0,1931.0,83.99792853443812,309.0,16.002071465561887,1436.0,1745.0,82.29226361031519,309.0,17.707736389684815,2012,4,4,categoria_propia,False,False,True,historica,False,66.0,278.0,1299.0
16953,valido,16786.0,6844.0,351.0,9591.0,57.136899797450255,7.136899797450255,9683.0,352.0,25.0,6893.0,6893.0,6104.0,789.0,0.0,6104.0,3659.0,265.0,7.242415960644985,330.0,2877.0,452.0,9.018857611369226,1931.0,1622.0,1931.0,83.99792853443812,309.0,16.002071465561887,1436.0,1745.0,82.29226361031519,309.0,17.707736389684815,3659.0,265.0,7.242415960644985,330.0,2877.0,452.0,9.018857611369226,1931.0,1622.0,1931.0,83.99792853443812,309.0,16.002071465561887,1436.0,1745.0,82.29226361031519,309.0,17.707736389684815,2012,4,4,excluir,False,False,True,historica,False,66.0,278.0,1299.0
16953,valido,16786.0,6844.0,351.0,9591.0,57.136899797450255,7.136899797450255,9683.0,352.0,25.0,6893.0,6893.0,6104.0,789.0,0.0,6104.0,4604.0,410.0,8.905299739357082,484.0,3522.0,598.0,10.5125977410947,1931.0,1622.0,1931.0,83.99792853443812,309.0,16.002071465561887,1436.0,1745.0,82.29226361031519,309.0,17.707736389684815,4604.0,410.0,8.905299739357082,484.0,3522.0,598.0,10.5125977410947,1931.0,1622.0,1931.0,83.99792853443812,309.0,16.002071465561887,1436.0,1745.0,82.29226361031519,309.0,17.707736389684815,2012,4,4,cuenta_propia_precario,False,False,True,historica,False,66.0,278.0,1299.0
17013,valido,16857.0,7610.0,93.0,9154.0,54.3038500326274,4.303850032627395,9241.0,93.0,10.0,7669.0,7669.0,6901.0,768.0,0.0,6901.0,5378.0,352.0,6.545184083302343,442.0,4425.0,511.0,8.218668650055783,2177.0,1951.0,2177.0,89.61874138723013,226.0,10.381258612769868,1812.0,2038.0,88.91069676153091,226.0,11.089303238469087,5378.0,352.0,6.545184083302343,442.0,4425.0,511.0,8.218668650055783,2177.0,1951.0,2177.0,89.61874138723013,226.0,10.381258612769868,1812.0,2038.0,88.91069676153091,226.0,11.089303238469087,2013,1,1,informal,False,False,True,historica,False,63.0,169.0,671.0
17013,valido,16857.0,7610.0,93.0,9154.0,54.3038500326274,4.303850032627395,9241.0,93.0,10.0,7669.0,7669.0,6901.0,768.0,0.0,6901.0,5378.0,451.0,8.386017106731126,510.0,4278.0,590.0,9.483079211602826,2177.0,1951.0,2177.0,89.61874138723013,226.0,10.381258612769868,1812.0,2038.0,88.91069676153091,226.0,11.089303238469087,5378.0,451.0,8.386017106731126,510.0,4278.0,590.0,9.483079211602826,2177.0,1951.0,2177.0,89.61874138723013,226.0,10.381258612769868,1812.0,2038.0,88.91069676153091,226.0,11.089303238469087,2013,1,1,categoria_propia,False,False,True,historica,False,63.0,169.0,671.0
17013,valido,16857.0,7610.0,93.0,9154.0,54.3038500326274,4.303850032627395,9241.0,93.0,10.0,7669.0,7669.0,6901.0,768.0,0.0,6901.0,4336.0,313.0,7.218634686346864,382.0,3503.0,451.0,8.809963099630997,2177.0,1951.0,2177.0,89.61874138723013,226.0,10.381258612769868,1812.0,2038.0,88.91069676153091,226.0,11.089303238469087,4336.0,313.0,7.218634686346864,382.0,3503.0,451.0,8.809963099630997,2177.0,1951.0,2177.0,89.61874138723013,226.0,10.381258612769868,1812.0,2038.0,88.91069676153091,226.0,11.089303238469087,2013,1,1,excluir,False,False,True,historica,False,63.0,169.0,671.0
17013,valido,16857.0,7610.0,93.0,9154.0,54.3038500326274,4.303850032627395,9241.0,93.0,10.0,7669.0,7669.0,6901.0,768.0,0.0,6901.0,5378.0,433.0,8.05132019338044,521.0,4256.0,601.0,9.687616214206024,2177.0,1951.0,2177.0,89.61874138723013,226.0,10.381258612769868,1812.0,2038.0,88.91069676153091,226.0,11.089303238469087,5378.0,433.0,8.05132019338044,521.0,4256.0,601.0,9.687616214206024,2177.0,1951.0,2177.0,89.61874138723013,226.0,10.381258612769868,1812.0,2038.0,88.91069676153091,226.0,11.089303238469087,2013,1,1,cuenta_propia_precario,False,False,True,historica,False,63.0,169.0,671.0
17013,valido,16857.0,3539.0,166.0,13152.0,78.02100017796761,28.021000177967608,13272.0,166.0,15.0,3560.0,3560.0,3156.0,404.0,0.0,3156.0,2388.0,150.0,6.28140703517588,188.0,1935.0,265.0,7.872696817420436,958.0,791.0,958.0,82.5678496868476,167.0,17.432150313152402,714.0,881.0,81.04426787741203,167.0,18.955732122587968,2388.0,150.0,6.28140703517588,188.0,1935.0,265.0,7.872696817420436,958.0,791.0,958.0,82.5678496868476,167.0,17.432150313152402,714.0,881.0,81.04426787741203,167.0,18.955732122587968,2013,1,4,informal,True,False,True,historica,False,34.0,112.0,661.0
17013,valido,16857.0,3539.0,166.0,13152.0,78.02100017796761,28.021000177967608,13272.0,166.0,15.0,3560.0,3560.0,3156.0,404.0,0.0,3156.0,2388.0,206.0,8.626465661641541,232.0,1863.0,293.0,9.715242881072026,958.0,791.0,958.0,82.5678496868476,167.0,17.432150313152402,714.0,881.0,81.04426787741203,167.0,18.955732122587968,2388.0,206.0,8.626465661641541,232.0,1863.0,293.0,9.715242881072026,958.0,791.0,958.0,82.5678496868476,167.0,17.432150313152402,714.0,881.0,81.04426787741203,167.0,18.955732122587968,2013,1,4,categoria_propia,True,False,True,historica,False,34.0,112.0,661.0
17013,valido,16857.0,3539.0,166.0,13152.0,78.02100017796761,28.021000177967608,13272.0,166.0,15.0,3560.0,3560.0,3156.0,404.0,0.0,3156.0,1893.0,135.0,7.131537242472266,163.0,1500.0,230.0,8.61067089276281,958.0,791.0,958.0,82.5678496868476,167.0,17.432150313152402,714.0,881.0,81.04426787741203,167.0,18.955732122587968,1893.0,135.0,7.131537242472266,163.0,1500.0,230.0,8.61067089276281,958.0,791.0,958.0,82.5678496868476,167.0,17.432150313152402,714.0,881.0,81.04426787741203,167.0,18.955732122587968,2013,1,4,excluir,True,False,True,historica,False,34.0,112.0,661.0
17013,valido,16857.0,3539.0,166.0,13152.0,78.02100017796761,28.021000177967608,13272.0,166.0,15.0,3560.0,3560.0,3156.0,404.0,0.0,3156.0,2388.0,196.0,8.207705192629815,233.0,1862.0,293.0,9.7571189279732,958.0,791.0,958.0,82.5678496868476,167.0,17.432150313152402,714.0,881.0,81.04426787741203,167.0,18.955732122587968,2388.0,196.0,8.207705192629815,233.0,1862.0,293.0,9.7571189279732,958.0,791.0,958.0,82.5678496868476,167.0,17.432150313152402,714.0,881.0,81.04426787741203,167.0,18.955732122587968,2013,1,4,cuenta_propia_precario,True,False,True,historica,False,34.0,112.0,661.0
17379,valido,17201.0,7675.0,85.0,9441.0,54.88634381721993,4.886343817219931,9527.0,85.0,17.0,7750.0,7750.0,7057.0,693.0,0.0,7057.0,5422.0,289.0,5.330136481003319,386.0,4579.0,457.0,7.119144227222427,2245.0,2024.0,2245.0,90.15590200445436,221.0,9.844097995545656,1883.0,2104.0,89.49619771863118,221.0,10.503802281368822,5422.0,289.0,5.330136481003319,386.0,4579.0,457.0,7.119144227222427,2245.0,2024.0,2245.0,90.15590200445436,221.0,9.844097995545656,1883.0,2104.0,89.49619771863118,221.0,10.503802281368822,2013,2,1,informal,False,False,True,historica,False,43.0,170.0,697.0
17379,valido,17201.0,7675.0,85.0,9441.0,54.88634381721993,4.886343817219931,9527.0,85.0,17.0,7750.0,7750.0,7057.0,693.0,0.0,7057.0,5422.0,411.0,7.5802286978974545,483.0,4411.0,528.0,8.908151973441534,2245.0,2024.0,2245.0,90.15590200445436,221.0,9.844097995545656,1883.0,2104.0,89.49619771863118,221.0,10.503802281368822,5422.0,411.0,7.5802286978974545,483.0,4411.0,528.0,8.908151973441534,2245.0,2024.0,2245.0,90.15590200445436,221.0,9.844097995545656,1883.0,2104.0,89.49619771863118,221.0,10.503802281368822,2013,2,1,categoria_propia,False,False,True,historica,False,43.0,170.0,697.0
17379,valido,17201.0,7675.0,85.0,9441.0,54.88634381721993,4.886343817219931,9527.0,85.0,17.0,7750.0,7750.0,7057.0,693.0,0.0,7057.0,4337.0,263.0,6.064099608023979,341.0,3604.0,392.0,7.8625778187687345,2245.0,2024.0,2245.0,90.15590200445436,221.0,9.844097995545656,1883.0,2104.0,89.49619771863118,221.0,10.503802281368822,4337.0,263.0,6.064099608023979,341.0,3604.0,392.0,7.8625778187687345,2245.0,2024.0,2245.0,90.15590200445436,221.0,9.844097995545656,1883.0,2104.0,89.49619771863118,221.0,10.503802281368822,2013,2,1,excluir,False,False,True,historica,False,43.0,170.0,697.0
17379,valido,17201.0,7675.0,85.0,9441.0,54.88634381721993,4.886343817219931,9527.0,85.0,17.0,7750.0,7750.0,7057.0,693.0,0.0,7057.0,5422.0,386.0,7.119144227222427,475.0,4404.0,543.0,8.760604942825525,2245.0,2024.0,2245.0,90.15590200445436,221.0,9.844097995545656,1883.0,2104.0,89.49619771863118,221.0,10.503802281368822,5422.0,386.0,7.119144227222427,475.0,4404.0,543.0,8.760604942825525,2245.0,2024.0,2245.0,90.15590200445436,221.0,9.844097995545656,1883.0,2104.0,89.49619771863118,221.0,10.503802281368822,2013,2,1,cuenta_propia_precario,False,False,True,historica,False,43.0,170.0,697.0
17379,valido,17201.0,0.0,0.0,17201.0,100.0,50.0,17379.0,0.0,0.0,0.0,0.0,0.0,0.0,0.0,0.0,0.0,0.0,,0.0,0.0,0.0,,0.0,0.0,0.0,,0.0,,0.0,0.0,,0.0,,0.0,0.0,,0.0,0.0,0.0,,0.0,0.0,0.0,,0.0,,0.0,0.0,,0.0,,2013,2,4,informal,True,False,True,historica,False,0.0,0.0,0.0
17379,valido,17201.0,0.0,0.0,17201.0,100.0,50.0,17379.0,0.0,0.0,0.0,0.0,0.0,0.0,0.0,0.0,0.0,0.0,,0.0,0.0,0.0,,0.0,0.0,0.0,,0.0,,0.0,0.0,,0.0,,0.0,0.0,,0.0,0.0,0.0,,0.0,0.0,0.0,,0.0,,0.0,0.0,,0.0,,2013,2,4,categoria_propia,True,False,True,historica,False,0.0,0.0,0.0
17379,valido,17201.0,0.0,0.0,17201.0,100.0,50.0,17379.0,0.0,0.0,0.0,0.0,0.0,0.0,0.0,0.0,0.0,0.0,,0.0,0.0,0.0,,0.0,0.0,0.0,,0.0,,0.0,0.0,,0.0,,0.0,0.0,,0.0,0.0,0.0,,0.0,0.0,0.0,,0.0,,0.0,0.0,,0.0,,2013,2,4,excluir,True,False,True,historica,False,0.0,0.0,0.0
17379,valido,17201.0,0.0,0.0,17201.0,100.0,50.0,17379.0,0.0,0.0,0.0,0.0,0.0,0.0,0.0,0.0,0.0,0.0,,0.0,0.0,0.0,,0.0,0.0,0.0,,0.0,,0.0,0.0,,0.0,,0.0,0.0,,0.0,0.0,0.0,,0.0,0.0,0.0,,0.0,,0.0,0.0,,0.0,,2013,2,4,cuenta_propia_precario,True,False,True,historica,False,0.0,0.0,0.0
17378,valido,17206.0,7717.0,108.0,9381.0,54.52167848424968,4.521678484249684,9487.0,108.0,15.0,7768.0,7768.0,7068.0,700.0,0.0,7068.0,5428.0,270.0,4.974207811348563,342.0,4621.0,465.0,6.30066322770818,2219.0,1974.0,2219.0,88.9589905362776,245.0,11.041009463722398,1813.0,2058.0,88.0952380952381,245.0,11.904761904761903,5428.0,270.0,4.974207811348563,342.0,4621.0,465.0,6.30066322770818,2219.0,1974.0,2219.0,88.9589905362776,245.0,11.041009463722398,1813.0,2058.0,88.0952380952381,245.0,11.904761904761903,2013,3,1,informal,False,False,True,historica,False,59.0,197.0,688.0
17378,valido,17206.0,7717.0,108.0,9381.0,54.52167848424968,4.521678484249684,9487.0,108.0,15.0,7768.0,7768.0,7068.0,700.0,0.0,7068.0,5428.0,395.0,7.277081798084009,437.0,4431.0,560.0,8.05084745762712,2219.0,1974.0,2219.0,88.9589905362776,245.0,11.041009463722398,1813.0,2058.0,88.0952380952381,245.0,11.904761904761903,5428.0,395.0,7.277081798084009,437.0,4431.0,560.0,8.05084745762712,2219.0,1974.0,2219.0,88.9589905362776,245.0,11.041009463722398,1813.0,2058.0,88.0952380952381,245.0,11.904761904761903,2013,3,1,categoria_propia,False,False,True,historica,False,59.0,197.0,688.0
17378,valido,17206.0,7717.0,108.0,9381.0,54.52167848424968,4.521678484249684,9487.0,108.0,15.0,7768.0,7768.0,7068.0,700.0,0.0,7068.0,4350.0,252.0,5.793103448275862,302.0,3622.0,426.0,6.942528735632184,2219.0,1974.0,2219.0,88.9589905362776,245.0,11.041009463722398,1813.0,2058.0,88.0952380952381,245.0,11.904761904761903,4350.0,252.0,5.793103448275862,302.0,3622.0,426.0,6.942528735632184,2219.0,1974.0,2219.0,88.9589905362776,245.0,11.041009463722398,1813.0,2058.0,88.0952380952381,245.0,11.904761904761903,2013,3,1,excluir,False,False,True,historica,False,59.0,197.0,688.0
17378,valido,17206.0,7717.0,108.0,9381.0,54.52167848424968,4.521678484249684,9487.0,108.0,15.0,7768.0,7768.0,7068.0,700.0,0.0,7068.0,5428.0,362.0,6.669123065585851,429.0,4463.0,536.0,7.90346352247605,2219.0,1974.0,2219.0,88.9589905362776,245.0,11.041009463722398,1813.0,2058.0,88.0952380952381,245.0,11.904761904761903,5428.0,362.0,6.669123065585851,429.0,4463.0,536.0,7.90346352247605,2219.0,1974.0,2219.0,88.9589905362776,245.0,11.041009463722398,1813.0,2058.0,88.0952380952381,245.0,11.904761904761903,2013,3,1,cuenta_propia_precario,False,False,True,historica,False,59.0,197.0,688.0
17378,valido,17206.0,3724.0,186.0,13296.0,77.2753690573056,27.2753690573056,13434.0,187.0,14.0,3743.0,3743.0,3296.0,447.0,0.0,3296.0,2511.0,189.0,7.526881720430108,251.0,1987.0,273.0,9.996017522899244,1047.0,900.0,1047.0,85.95988538681948,147.0,14.040114613180515,793.0,940.0,84.36170212765957,147.0,15.638297872340424,2511.0,189.0,7.526881720430108,251.0,1987.0,273.0,9.996017522899244,1047.0,900.0,1047.0,85.95988538681948,147.0,14.040114613180515,793.0,940.0,84.36170212765957,147.0,15.638297872340424,2013,3,4,informal,True,False,True,historica,False,41.0,167.0,789.0
17378,valido,17206.0,3724.0,186.0,13296.0,77.2753690573056,27.2753690573056,13434.0,187.0,14.0,3743.0,3743.0,3296.0,447.0,0.0,3296.0,2511.0,247.0,9.836718438868976,288.0,1917.0,306.0,11.469534050179211,1047.0,900.0,1047.0,85.95988538681948,147.0,14.040114613180515,793.0,940.0,84.36170212765957,147.0,15.638297872340424,2511.0,247.0,9.836718438868976,288.0,1917.0,306.0,11.469534050179211,1047.0,900.0,1047.0,85.95988538681948,147.0,14.040114613180515,793.0,940.0,84.36170212765957,147.0,15.638297872340424,2013,3,4,categoria_propia,True,False,True,historica,False,41.0,167.0,789.0
17378,valido,17206.0,3724.0,186.0,13296.0,77.2753690573056,27.2753690573056,13434.0,187.0,14.0,3743.0,3743.0,3296.0,447.0,0.0,3296.0,1985.0,172.0,8.664987405541561,217.0,1538.0,230.0,10.93198992443325,1047.0,900.0,1047.0,85.95988538681948,147.0,14.040114613180515,793.0,940.0,84.36170212765957,147.0,15.638297872340424,1985.0,172.0,8.664987405541561,217.0,1538.0,230.0,10.93198992443325,1047.0,900.0,1047.0,85.95988538681948,147.0,14.040114613180515,793.0,940.0,84.36170212765957,147.0,15.638297872340424,2013,3,4,excluir,True,False,True,historica,False,41.0,167.0,789.0
17378,valido,17206.0,3724.0,186.0,13296.0,77.2753690573056,27.2753690573056,13434.0,187.0,14.0,3743.0,3743.0,3296.0,447.0,0.0,3296.0,2511.0,236.0,9.398645957785742,294.0,1915.0,302.0,11.708482676224612,1047.0,900.0,1047.0,85.95988538681948,147.0,14.040114613180515,793.0,940.0,84.36170212765957,147.0,15.638297872340424,2511.0,236.0,9.398645957785742,294.0,1915.0,302.0,11.708482676224612,1047.0,900.0,1047.0,85.95988538681948,147.0,14.040114613180515,793.0,940.0,84.36170212765957,147.0,15.638297872340424,2013,3,4,cuenta_propia_precario,True,False,True,historica,False,41.0,167.0,789.0
17486,valido,17343.0,7655.0,108.0,9580.0,55.238424724672775,5.238424724672775,9649.0,108.0,20.0,7709.0,7709.0,6994.0,715.0,0.0,6994.0,5360.0,324.0,6.044776119402985,428.0,4491.0,441.0,7.985074626865671,2119.0,1891.0,2119.0,89.24020764511562,228.0,10.75979235488438,1758.0,1986.0,88.51963746223565,228.0,11.48036253776435,5360.0,324.0,6.044776119402985,428.0,4491.0,441.0,7.985074626865671,2119.0,1891.0,2119.0,89.24020764511562,228.0,10.75979235488438,1758.0,1986.0,88.51963746223565,228.0,11.48036253776435,2013,4,1,informal,False,False,True,historica,False,50.0,204.0,676.0
17486,valido,17343.0,7655.0,108.0,9580.0,55.238424724672775,5.238424724672775,9649.0,108.0,20.0,7709.0,7709.0,6994.0,715.0,0.0,6994.0,5360.0,432.0,8.059701492537313,502.0,4342.0,516.0,9.365671641791044,2119.0,1891.0,2119.0,89.24020764511562,228.0,10.75979235488438,1758.0,1986.0,88.51963746223565,228.0,11.48036253776435,5360.0,432.0,8.059701492537313,502.0,4342.0,516.0,9.365671641791044,2119.0,1891.0,2119.0,89.24020764511562,228.0,10.75979235488438,1758.0,1986.0,88.51963746223565,228.0,11.48036253776435,2013,4,1,categoria_propia,False,False,True,historica,False,50.0,204.0,676.0
17486,valido,17343.0,7655.0,108.0,9580.0,55.238424724672775,5.238424724672775,9649.0,108.0,20.0,7709.0,7709.0,6994.0,715.0,0.0,6994.0,4321.0,297.0,6.873408933117334,373.0,3561.0,387.0,8.632261050682713,2119.0,1891.0,2119.0,89.24020764511562,228.0,10.75979235488438,1758.0,1986.0,88.51963746223565,228.0,11.48036253776435,4321.0,297.0,6.873408933117334,373.0,3561.0,387.0,8.632261050682713,2119.0,1891.0,2119.0,89.24020764511562,228.0,10.75979235488438,1758.0,1986.0,88.51963746223565,228.0,11.48036253776435,2013,4,1,excluir,False,False,True,historica,False,50.0,204.0,676.0
17486,valido,17343.0,7655.0,108.0,9580.0,55.238424724672775,5.238424724672775,9649.0,108.0,20.0,7709.0,7709.0,6994.0,715.0,0.0,6994.0,5360.0,413.0,7.705223880597015,513.0,4346.0,501.0,9.57089552238806,2119.0,1891.0,2119.0,89.24020764511562,228.0,10.75979235488438,1758.0,1986.0,88.51963746223565,228.0,11.48036253776435,5360.0,413.0,7.705223880597015,513.0,4346.0,501.0,9.57089552238806,2119.0,1891.0,2119.0,89.24020764511562,228.0,10.75979235488438,1758.0,1986.0,88.51963746223565,228.0,11.48036253776435,2013,4,1,cuenta_propia_precario,False,False,True,historica,False,50.0,204.0,676.0
17486,valido,17343.0,7577.0,352.0,9414.0,54.28126621691749,4.281266216917487,9486.0,352.0,26.0,7622.0,7622.0,6664.0,958.0,0.0,6664.0,5035.0,367.0,7.288977159880834,458.0,4054.0,523.0,9.096325719960278,2076.0,1767.0,2076.0,85.11560693641619,309.0,14.884393063583817,1587.0,1896.0,83.70253164556962,309.0,16.29746835443038,5035.0,367.0,7.288977159880834,458.0,4054.0,523.0,9.096325719960278,2076.0,1767.0,2076.0,85.11560693641619,309.0,14.884393063583817,1587.0,1896.0,83.70253164556962,309.0,16.29746835443038,2013,4,4,informal,False,False,True,historica,False,70.0,288.0,1552.0
17486,valido,17343.0,7577.0,352.0,9414.0,54.28126621691749,4.281266216917487,9486.0,352.0,26.0,7622.0,7622.0,6664.0,958.0,0.0,6664.0,5035.0,481.0,9.55312810327706,547.0,3873.0,615.0,10.863952333664349,2076.0,1767.0,2076.0,85.11560693641619,309.0,14.884393063583817,1587.0,1896.0,83.70253164556962,309.0,16.29746835443038,5035.0,481.0,9.55312810327706,547.0,3873.0,615.0,10.863952333664349,2076.0,1767.0,2076.0,85.11560693641619,309.0,14.884393063583817,1587.0,1896.0,83.70253164556962,309.0,16.29746835443038,2013,4,4,categoria_propia,False,False,True,historica,False,70.0,288.0,1552.0
17486,valido,17343.0,7577.0,352.0,9414.0,54.28126621691749,4.281266216917487,9486.0,352.0,26.0,7622.0,7622.0,6664.0,958.0,0.0,6664.0,3991.0,337.0,8.443998997744925,411.0,3136.0,444.0,10.298170884490103,2076.0,1767.0,2076.0,85.11560693641619,309.0,14.884393063583817,1587.0,1896.0,83.70253164556962,309.0,16.29746835443038,3991.0,337.0,8.443998997744925,411.0,3136.0,444.0,10.298170884490103,2076.0,1767.0,2076.0,85.11560693641619,309.0,14.884393063583817,1587.0,1896.0,83.70253164556962,309.0,16.29746835443038,2013,4,4,excluir,False,False,True,historica,False,70.0,288.0,1552.0
17486,valido,17343.0,7577.0,352.0,9414.0,54.28126621691749,4.281266216917487,9486.0,352.0,26.0,7622.0,7622.0,6664.0,958.0,0.0,6664.0,5035.0,469.0,9.314796425024824,554.0,3898.0,583.0,11.002979145978152,2076.0,1767.0,2076.0,85.11560693641619,309.0,14.884393063583817,1587.0,1896.0,83.70253164556962,309.0,16.29746835443038,5035.0,469.0,9.314796425024824,554.0,3898.0,583.0,11.002979145978152,2076.0,1767.0,2076.0,85.11560693641619,309.0,14.884393063583817,1587.0,1896.0,83.70253164556962,309.0,16.29746835443038,2013,4,4,cuenta_propia_precario,False,False,True,historica,False,70.0,288.0,1552.0
17797,valido,17641.0,8050.0,84.0,9507.0,53.89150274927725,3.891502749277251,9590.0,85.0,17.0,8105.0,8105.0,7254.0,851.0,0.0,7254.0,5641.0,305.0,5.406842758376175,425.0,4761.0,455.0,7.534125155114341,2324.0,2079.0,2324.0,89.4578313253012,245.0,10.542168674698797,1925.0,2170.0,88.70967741935483,245.0,11.290322580645162,5641.0,305.0,5.406842758376175,425.0,4761.0,455.0,7.534125155114341,2324.0,2079.0,2324.0,89.4578313253012,245.0,10.542168674698797,1925.0,2170.0,88.70967741935483,245.0,11.290322580645162,2014,1,1,informal,False,False,True,historica,False,51.0,213.0,769.0
17797,valido,17641.0,8050.0,84.0,9507.0,53.89150274927725,3.891502749277251,9590.0,85.0,17.0,8105.0,8105.0,7254.0,851.0,0.0,7254.0,5641.0,436.0,7.729126041482007,519.0,4553.0,569.0,9.200496365892572,2324.0,2079.0,2324.0,89.4578313253012,245.0,10.542168674698797,1925.0,2170.0,88.70967741935483,245.0,11.290322580645162,5641.0,436.0,7.729126041482007,519.0,4553.0,569.0,9.200496365892572,2324.0,2079.0,2324.0,89.4578313253012,245.0,10.542168674698797,1925.0,2170.0,88.70967741935483,245.0,11.290322580645162,2014,1,1,categoria_propia,False,False,True,historica,False,51.0,213.0,769.0
17797,valido,17641.0,8050.0,84.0,9507.0,53.89150274927725,3.891502749277251,9590.0,85.0,17.0,8105.0,8105.0,7254.0,851.0,0.0,7254.0,4549.0,288.0,6.331061771817982,381.0,3750.0,418.0,8.375467135634205,2324.0,2079.0,2324.0,89.4578313253012,245.0,10.542168674698797,1925.0,2170.0,88.70967741935483,245.0,11.290322580645162,4549.0,288.0,6.331061771817982,381.0,3750.0,418.0,8.375467135634205,2324.0,2079.0,2324.0,89.4578313253012,245.0,10.542168674698797,1925.0,2170.0,88.70967741935483,245.0,11.290322580645162,2014,1,1,excluir,False,False,True,historica,False,51.0,213.0,769.0
17797,valido,17641.0,8050.0,84.0,9507.0,53.89150274927725,3.891502749277251,9590.0,85.0,17.0,8105.0,8105.0,7254.0,851.0,0.0,7254.0,5641.0,393.0,6.966849849317497,505.0,4607.0,529.0,8.952313419606453,2324.0,2079.0,2324.0,89.4578313253012,245.0,10.542168674698797,1925.0,2170.0,88.70967741935483,245.0,11.290322580645162,5641.0,393.0,6.966849849317497,505.0,4607.0,529.0,8.952313419606453,2324.0,2079.0,2324.0,89.4578313253012,245.0,10.542168674698797,1925.0,2170.0,88.70967741935483,245.0,11.290322580645162,2014,1,1,cuenta_propia_precario,False,False,True,historica,False,51.0,213.0,769.0
17797,valido,17641.0,7538.0,335.0,9768.0,55.371010713678366,5.371010713678366,9841.0,339.0,34.0,7583.0,7583.0,6668.0,915.0,0.0,6668.0,5024.0,368.0,7.32484076433121,490.0,3972.0,562.0,9.753184713375797,2123.0,1815.0,2123.0,85.49222797927462,308.0,14.507772020725389,1613.0,1921.0,83.96668401874024,308.0,16.03331598125976,5024.0,368.0,7.32484076433121,490.0,3972.0,562.0,9.753184713375797,2123.0,1815.0,2123.0,85.49222797927462,308.0,14.507772020725389,1613.0,1921.0,83.96668401874024,308.0,16.03331598125976,2014,1,4,informal,False,False,True,historica,False,55.0,305.0,1508.0
17797,valido,17641.0,7538.0,335.0,9768.0,55.371010713678366,5.371010713678366,9841.0,339.0,34.0,7583.0,7583.0,6668.0,915.0,0.0,6668.0,5024.0,483.0,9.613853503184714,566.0,3814.0,644.0,11.26592356687898,2123.0,1815.0,2123.0,85.49222797927462,308.0,14.507772020725389,1613.0,1921.0,83.96668401874024,308.0,16.03331598125976,5024.0,483.0,9.613853503184714,566.0,3814.0,644.0,11.26592356687898,2123.0,1815.0,2123.0,85.49222797927462,308.0,14.507772020725389,1613.0,1921.0,83.96668401874024,308.0,16.03331598125976,2014,1,4,categoria_propia,False,False,True,historica,False,55.0,305.0,1508.0
17797,valido,17641.0,7538.0,335.0,9768.0,55.371010713678366,5.371010713678366,9841.0,339.0,34.0,7583.0,7583.0,6668.0,915.0,0.0,6668.0,3947.0,321.0,8.132759057512034,413.0,3045.0,489.0,10.46364327337218,2123.0,1815.0,2123.0,85.49222797927462,308.0,14.507772020725389,1613.0,1921.0,83.96668401874024,308.0,16.03331598125976,3947.0,321.0,8.132759057512034,413.0,3045.0,489.0,10.46364327337218,2123.0,1815.0,2123.0,85.49222797927462,308.0,14.507772020725389,1613.0,1921.0,83.96668401874024,308.0,16.03331598125976,2014,1,4,excluir,False,False,True,historica,False,55.0,305.0,1508.0
17797,valido,17641.0,7538.0,335.0,9768.0,55.371010713678366,5.371010713678366,9841.0,339.0,34.0,7583.0,7583.0,6668.0,915.0,0.0,6668.0,5024.0,447.0,8.897292993630574,564.0,3850.0,610.0,11.226114649681527,2123.0,1815.0,2123.0,85.49222797927462,308.0,14.507772020725389,1613.0,1921.0,83.96668401874024,308.0,16.03331598125976,5024.0,447.0,8.897292993630574,564.0,3850.0,610.0,11.226114649681527,2123.0,1815.0,2123.0,85.49222797927462,308.0,14.507772020725389,1613.0,1921.0,83.96668401874024,308.0,16.03331598125976,2014,1,4,cuenta_propia_precario,False,False,True,historica,False,55.0,305.0,1508.0
18780,valido,18619.0,8305.0,77.0,10237.0,54.98147054084537,4.981470540845372,10322.0,77.0,19.0,8362.0,8362.0,7461.0,901.0,0.0,7461.0,5761.0,333.0,5.780246484985246,467.0,4804.0,490.0,8.106231557021351,2324.0,2101.0,2324.0,90.40447504302928,223.0,9.59552495697074,1945.0,2168.0,89.7140221402214,223.0,10.285977859778598,5761.0,333.0,5.780246484985246,467.0,4804.0,490.0,8.106231557021351,2324.0,2101.0,2324.0,90.40447504302928,223.0,9.59552495697074,1945.0,2168.0,89.7140221402214,223.0,10.285977859778598,2014,2,1,informal,False,False,True,historica,False,50.0,215.0,722.0
18780,valido,18619.0,8305.0,77.0,10237.0,54.98147054084537,4.981470540845372,10322.0,77.0,19.0,8362.0,8362.0,7461.0,901.0,0.0,7461.0,5761.0,474.0,8.227738239888907,575.0,4629.0,557.0,9.98090609269224,2324.0,2101.0,2324.0,90.40447504302928,223.0,9.59552495697074,1945.0,2168.0,89.7140221402214,223.0,10.285977859778598,5761.0,474.0,8.227738239888907,575.0,4629.0,557.0,9.98090609269224,2324.0,2101.0,2324.0,90.40447504302928,223.0,9.59552495697074,1945.0,2168.0,89.7140221402214,223.0,10.285977859778598,2014,2,1,categoria_propia,False,False,True,historica,False,50.0,215.0,722.0
18780,valido,18619.0,8305.0,77.0,10237.0,54.98147054084537,4.981470540845372,10322.0,77.0,19.0,8362.0,8362.0,7461.0,901.0,0.0,7461.0,4666.0,313.0,6.708101157308187,425.0,3815.0,426.0,9.108444063437634,2324.0,2101.0,2324.0,90.40447504302928,223.0,9.59552495697074,1945.0,2168.0,89.7140221402214,223.0,10.285977859778598,4666.0,313.0,6.708101157308187,425.0,3815.0,426.0,9.108444063437634,2324.0,2101.0,2324.0,90.40447504302928,223.0,9.59552495697074,1945.0,2168.0,89.7140221402214,223.0,10.285977859778598,2014,2,1,excluir,False,False,True,historica,False,50.0,215.0,722.0
18780,valido,18619.0,8305.0,77.0,10237.0,54.98147054084537,4.981470540845372,10322.0,77.0,19.0,8362.0,8362.0,7461.0,901.0,0.0,7461.0,5761.0,429.0,7.446623850026037,559.0,4643.0,559.0,9.703176531852108,2324.0,2101.0,2324.0,90.40447504302928,223.0,9.59552495697074,1945.0,2168.0,89.7140221402214,223.0,10.285977859778598,5761.0,429.0,7.446623850026037,559.0,4643.0,559.0,9.703176531852108,2324.0,2101.0,2324.0,90.40447504302928,223.0,9.59552495697074,1945.0,2168.0,89.7140221402214,223.0,10.285977859778598,2014,2,1,cuenta_propia_precario,False,False,True,historica,False,50.0,215.0,722.0
18780,valido,18619.0,7864.0,353.0,10402.0,55.86766206563188,5.867662065631883,10477.0,355.0,32.0,7916.0,7916.0,6928.0,988.0,0.0,6928.0,5253.0,369.0,7.024557395773844,457.0,4212.0,584.0,8.69979059584999,2093.0,1799.0,2093.0,85.95317725752508,294.0,14.046822742474916,1601.0,1895.0,84.48548812664907,294.0,15.514511873350925,5253.0,369.0,7.024557395773844,457.0,4212.0,584.0,8.69979059584999,2093.0,1799.0,2093.0,85.95317725752508,294.0,14.046822742474916,1601.0,1895.0,84.48548812664907,294.0,15.514511873350925,2014,2,4,informal,False,False,True,historica,False,61.0,324.0,1544.0
18780,valido,18619.0,7864.0,353.0,10402.0,55.86766206563188,5.867662065631883,10477.0,355.0,32.0,7916.0,7916.0,6928.0,988.0,0.0,6928.0,5253.0,455.0,8.661717114030077,506.0,4092.0,655.0,9.632590900437846,2093.0,1799.0,2093.0,85.95317725752508,294.0,14.046822742474916,1601.0,1895.0,84.48548812664907,294.0,15.514511873350925,5253.0,455.0,8.661717114030077,506.0,4092.0,655.0,9.632590900437846,2093.0,1799.0,2093.0,85.95317725752508,294.0,14.046822742474916,1601.0,1895.0,84.48548812664907,294.0,15.514511873350925,2014,2,4,categoria_propia,False,False,True,historica,False,61.0,324.0,1544.0
18780,valido,18619.0,7864.0,353.0,10402.0,55.86766206563188,5.867662065631883,10477.0,355.0,32.0,7916.0,7916.0,6928.0,988.0,0.0,6928.0,4202.0,306.0,7.282246549262256,367.0,3339.0,496.0,8.733936220847216,2093.0,1799.0,2093.0,85.95317725752508,294.0,14.046822742474916,1601.0,1895.0,84.48548812664907,294.0,15.514511873350925,4202.0,306.0,7.282246549262256,367.0,3339.0,496.0,8.733936220847216,2093.0,1799.0,2093.0,85.95317725752508,294.0,14.046822742474916,1601.0,1895.0,84.48548812664907,294.0,15.514511873350925,2014,2,4,excluir,False,False,True,historica,False,61.0,324.0,1544.0
18780,valido,18619.0,7864.0,353.0,10402.0,55.86766206563188,5.867662065631883,10477.0,355.0,32.0,7916.0,7916.0,6928.0,988.0,0.0,6928.0,5253.0,446.0,8.490386445840473,529.0,4072.0,652.0,10.07043594136684,2093.0,1799.0,2093.0,85.95317725752508,294.0,14.046822742474916,1601.0,1895.0,84.48548812664907,294.0,15.514511873350925,5253.0,446.0,8.490386445840473,529.0,4072.0,652.0,10.07043594136684,2093.0,1799.0,2093.0,85.95317725752508,294.0,14.046822742474916,1601.0,1895.0,84.48548812664907,294.0,15.514511873350925,2014,2,4,cuenta_propia_precario,False,False,True,historica,False,61.0,324.0,1544.0
19041,valido,18863.0,8456.0,99.0,10308.0,54.64666277898532,4.646662778985316,10395.0,99.0,13.0,8534.0,8534.0,7592.0,942.0,0.0,7592.0,5905.0,322.0,5.453005927180356,443.0,4932.0,530.0,7.502116850127011,2425.0,2172.0,2425.0,89.56701030927834,253.0,10.43298969072165,2002.0,2255.0,88.78048780487805,253.0,11.21951219512195,5905.0,322.0,5.453005927180356,443.0,4932.0,530.0,7.502116850127011,2425.0,2172.0,2425.0,89.56701030927834,253.0,10.43298969072165,2002.0,2255.0,88.78048780487805,253.0,11.21951219512195,2014,3,1,informal,False,False,True,historica,False,53.0,198.0,740.0
19041,valido,18863.0,8456.0,99.0,10308.0,54.64666277898532,4.646662778985316,10395.0,99.0,13.0,8534.0,8534.0,7592.0,942.0,0.0,7592.0,5905.0,449.0,7.603725656223539,536.0,4744.0,625.0,9.0770533446232,2425.0,2172.0,2425.0,89.56701030927834,253.0,10.43298969072165,2002.0,2255.0,88.78048780487805,253.0,11.21951219512195,5905.0,449.0,7.603725656223539,536.0,4744.0,625.0,9.0770533446232,2425.0,2172.0,2425.0,89.56701030927834,253.0,10.43298969072165,2002.0,2255.0,88.78048780487805,253.0,11.21951219512195,2014,3,1,categoria_propia,False,False,True,historica,False,53.0,198.0,740.0
19041,valido,18863.0,8456.0,99.0,10308.0,54.64666277898532,4.646662778985316,10395.0,99.0,13.0,8534.0,8534.0,7592.0,942.0,0.0,7592.0,4781.0,297.0,6.212089521020707,390.0,3922.0,469.0,8.15728927002719,2425.0,2172.0,2425.0,89.56701030927834,253.0,10.43298969072165,2002.0,2255.0,88.78048780487805,253.0,11.21951219512195,4781.0,297.0,6.212089521020707,390.0,3922.0,469.0,8.15728927002719,2425.0,2172.0,2425.0,89.56701030927834,253.0,10.43298969072165,2002.0,2255.0,88.78048780487805,253.0,11.21951219512195,2014,3,1,excluir,False,False,True,historica,False,53.0,198.0,740.0
19041,valido,18863.0,8456.0,99.0,10308.0,54.64666277898532,4.646662778985316,10395.0,99.0,13.0,8534.0,8534.0,7592.0,942.0,0.0,7592.0,5905.0,417.0,7.061812023708722,534.0,4765.0,606.0,9.043183742591024,2425.0,2172.0,2425.0,89.56701030927834,253.0,10.43298969072165,2002.0,2255.0,88.78048780487805,253.0,11.21951219512195,5905.0,417.0,7.061812023708722,534.0,4765.0,606.0,9.043183742591024,2425.0,2172.0,2425.0,89.56701030927834,253.0,10.43298969072165,2002.0,2255.0,88.78048780487805,253.0,11.21951219512195,2014,3,1,cuenta_propia_precario,False,False,True,historica,False,53.0,198.0,740.0
19041,sin_destino_publicado,,,,,,,,,,,,,,,,,,,,,,,,,,,,,,,,,,,,,,,,,,,,,,,,,,,,2014,3,4,informal,,,,,,,,
19041,sin_destino_publicado,,,,,,,,,,,,,,,,,,,,,,,,,,,,,,,,,,,,,,,,,,,,,,,,,,,,2014,3,4,categoria_propia,,,,,,,,
19041,sin_destino_publicado,,,,,,,,,,,,,,,,,,,,,,,,,,,,,,,,,,,,,,,,,,,,,,,,,,,,2014,3,4,excluir,,,,,,,,
19041,sin_destino_publicado,,,,,,,,,,,,,,,,,,,,,,,,,,,,,,,,,,,,,,,,,,,,,,,,,,,,2014,3,4,cuenta_propia_precario,,,,,,,,
18909,valido,18736.0,8182.0,127.0,10427.0,55.65222032450897,5.652220324508967,10532.0,127.0,14.0,8236.0,8236.0,7317.0,919.0,0.0,7317.0,5651.0,313.0,5.538842682711024,451.0,4737.0,463.0,7.980888338347195,2310.0,2067.0,2310.0,89.48051948051948,243.0,10.51948051948052,1893.0,2136.0,88.62359550561797,243.0,11.376404494382022,5651.0,313.0,5.538842682711024,451.0,4737.0,463.0,7.980888338347195,2310.0,2067.0,2310.0,89.48051948051948,243.0,10.51948051948052,1893.0,2136.0,88.62359550561797,243.0,11.376404494382022,2014,4,1,informal,False,False,True,historica,False,57.0,231.0,766.0
18909,valido,18736.0,8182.0,127.0,10427.0,55.65222032450897,5.652220324508967,10532.0,127.0,14.0,8236.0,8236.0,7317.0,919.0,0.0,7317.0,5651.0,430.0,7.609272695098213,534.0,4552.0,565.0,9.449654928331269,2310.0,2067.0,2310.0,89.48051948051948,243.0,10.51948051948052,1893.0,2136.0,88.62359550561797,243.0,11.376404494382022,5651.0,430.0,7.609272695098213,534.0,4552.0,565.0,9.449654928331269,2310.0,2067.0,2310.0,89.48051948051948,243.0,10.51948051948052,1893.0,2136.0,88.62359550561797,243.0,11.376404494382022,2014,4,1,categoria_propia,False,False,True,historica,False,57.0,231.0,766.0
18909,valido,18736.0,8182.0,127.0,10427.0,55.65222032450897,5.652220324508967,10532.0,127.0,14.0,8236.0,8236.0,7317.0,919.0,0.0,7317.0,4547.0,279.0,6.135913789311634,390.0,3734.0,423.0,8.577083791510887,2310.0,2067.0,2310.0,89.48051948051948,243.0,10.51948051948052,1893.0,2136.0,88.62359550561797,243.0,11.376404494382022,4547.0,279.0,6.135913789311634,390.0,3734.0,423.0,8.577083791510887,2310.0,2067.0,2310.0,89.48051948051948,243.0,10.51948051948052,1893.0,2136.0,88.62359550561797,243.0,11.376404494382022,2014,4,1,excluir,False,False,True,historica,False,57.0,231.0,766.0
18909,valido,18736.0,8182.0,127.0,10427.0,55.65222032450897,5.652220324508967,10532.0,127.0,14.0,8236.0,8236.0,7317.0,919.0,0.0,7317.0,5651.0,411.0,7.273049017872943,546.0,4563.0,542.0,9.662006724473544,2310.0,2067.0,2310.0,89.48051948051948,243.0,10.51948051948052,1893.0,2136.0,88.62359550561797,243.0,11.376404494382022,5651.0,411.0,7.273049017872943,546.0,4563.0,542.0,9.662006724473544,2310.0,2067.0,2310.0,89.48051948051948,243.0,10.51948051948052,1893.0,2136.0,88.62359550561797,243.0,11.376404494382022,2014,4,1,cuenta_propia_precario,False,False,True,historica,False,57.0,231.0,766.0
18909,sin_destino_publicado,,,,,,,,,,,,,,,,,,,,,,,,,,,,,,,,,,,,,,,,,,,,,,,,,,,,2014,4,4,informal,,,,,,,,
18909,sin_destino_publicado,,,,,,,,,,,,,,,,,,,,,,,,,,,,,,,,,,,,,,,,,,,,,,,,,,,,2014,4,4,categoria_propia,,,,,,,,
18909,sin_destino_publicado,,,,,,,,,,,,,,,,,,,,,,,,,,,,,,,,,,,,,,,,,,,,,,,,,,,,2014,4,4,excluir,,,,,,,,
18909,sin_destino_publicado,,,,,,,,,,,,,,,,,,,,,,,,,,,,,,,,,,,,,,,,,,,,,,,,,,,,2014,4,4,cuenta_propia_precario,,,,,,,,
18743,valido,18599.0,8255.0,131.0,10213.0,54.91155438464433,4.911554384644333,10290.0,131.0,24.0,8298.0,8298.0,7363.0,935.0,0.0,7363.0,5684.0,311.0,5.471498944405348,395.0,4766.0,523.0,6.94933145672062,2283.0,2035.0,2283.0,89.1371003066141,248.0,10.862899693385897,1872.0,2120.0,88.30188679245283,248.0,11.69811320754717,5684.0,311.0,5.471498944405348,395.0,4766.0,523.0,6.94933145672062,2283.0,2035.0,2283.0,89.1371003066141,248.0,10.862899693385897,1872.0,2120.0,88.30188679245283,248.0,11.69811320754717,2015,1,1,informal,False,False,True,historica,False,55.0,203.0,792.0
18743,valido,18599.0,8255.0,131.0,10213.0,54.91155438464433,4.911554384644333,10290.0,131.0,24.0,8298.0,8298.0,7363.0,935.0,0.0,7363.0,5684.0,433.0,7.617874736101337,491.0,4598.0,595.0,8.638282899366644,2283.0,2035.0,2283.0,89.1371003066141,248.0,10.862899693385897,1872.0,2120.0,88.30188679245283,248.0,11.69811320754717,5684.0,433.0,7.617874736101337,491.0,4598.0,595.0,8.638282899366644,2283.0,2035.0,2283.0,89.1371003066141,248.0,10.862899693385897,1872.0,2120.0,88.30188679245283,248.0,11.69811320754717,2015,1,1,categoria_propia,False,False,True,historica,False,55.0,203.0,792.0
18743,valido,18599.0,8255.0,131.0,10213.0,54.91155438464433,4.911554384644333,10290.0,131.0,24.0,8298.0,8298.0,7363.0,935.0,0.0,7363.0,4599.0,273.0,5.936073059360731,340.0,3799.0,460.0,7.392911502500543,2283.0,2035.0,2283.0,89.1371003066141,248.0,10.862899693385897,1872.0,2120.0,88.30188679245283,248.0,11.69811320754717,4599.0,273.0,5.936073059360731,340.0,3799.0,460.0,7.392911502500543,2283.0,2035.0,2283.0,89.1371003066141,248.0,10.862899693385897,1872.0,2120.0,88.30188679245283,248.0,11.69811320754717,2015,1,1,excluir,False,False,True,historica,False,55.0,203.0,792.0
18743,valido,18599.0,8255.0,131.0,10213.0,54.91155438464433,4.911554384644333,10290.0,131.0,24.0,8298.0,8298.0,7363.0,935.0,0.0,7363.0,5684.0,401.0,7.054890921885995,484.0,4609.0,591.0,8.515130190007037,2283.0,2035.0,2283.0,89.1371003066141,248.0,10.862899693385897,1872.0,2120.0,88.30188679245283,248.0,11.69811320754717,5684.0,401.0,7.054890921885995,484.0,4609.0,591.0,8.515130190007037,2283.0,2035.0,2283.0,89.1371003066141,248.0,10.862899693385897,1872.0,2120.0,88.30188679245283,248.0,11.69811320754717,2015,1,1,cuenta_propia_precario,False,False,True,historica,False,55.0,203.0,792.0
18743,sin_destino_publicado,,,,,,,,,,,,,,,,,,,,,,,,,,,,,,,,,,,,,,,,,,,,,,,,,,,,2015,1,4,informal,,,,,,,,
18743,sin_destino_publicado,,,,,,,,,,,,,,,,,,,,,,,,,,,,,,,,,,,,,,,,,,,,,,,,,,,,2015,1,4,categoria_propia,,,,,,,,
18743,sin_destino_publicado,,,,,,,,,,,,,,,,,,,,,,,,,,,,,,,,,,,,,,,,,,,,,,,,,,,,2015,1,4,excluir,,,,,,,,
18743,sin_destino_publicado,,,,,,,,,,,,,,,,,,,,,,,,,,,,,,,,,,,,,,,,,,,,,,,,,,,,2015,1,4,cuenta_propia_precario,,,,,,,,
18875,sin_destino_publicado,,,,,,,,,,,,,,,,,,,,,,,,,,,,,,,,,,,,,,,,,,,,,,,,,,,,2015,2,1,informal,,,,,,,,
18875,sin_destino_publicado,,,,,,,,,,,,,,,,,,,,,,,,,,,,,,,,,,,,,,,,,,,,,,,,,,,,2015,2,1,categoria_propia,,,,,,,,
18875,sin_destino_publicado,,,,,,,,,,,,,,,,,,,,,,,,,,,,,,,,,,,,,,,,,,,,,,,,,,,,2015,2,1,excluir,,,,,,,,
18875,sin_destino_publicado,,,,,,,,,,,,,,,,,,,,,,,,,,,,,,,,,,,,,,,,,,,,,,,,,,,,2015,2,1,cuenta_propia_precario,,,,,,,,
18875,sin_destino_publicado,,,,,,,,,,,,,,,,,,,,,,,,,,,,,,,,,,,,,,,,,,,,,,,,,,,,2015,2,4,informal,,,,,,,,
18875,sin_destino_publicado,,,,,,,,,,,,,,,,,,,,,,,,,,,,,,,,,,,,,,,,,,,,,,,,,,,,2015,2,4,categoria_propia,,,,,,,,
18875,sin_destino_publicado,,,,,,,,,,,,,,,,,,,,,,,,,,,,,,,,,,,,,,,,,,,,,,,,,,,,2015,2,4,excluir,,,,,,,,
18875,sin_destino_publicado,,,,,,,,,,,,,,,,,,,,,,,,,,,,,,,,,,,,,,,,,,,,,,,,,,,,2015,2,4,cuenta_propia_precario,,,,,,,,
18796,valido,18662.0,8274.0,104.0,10284.0,55.10663380130747,5.106633801307467,10359.0,104.0,13.0,8320.0,8320.0,7295.0,1025.0,2396.0,4899.0,5535.0,337.0,6.088527551942186,457.0,4592.0,486.0,8.256549232158989,2307.0,2054.0,2307.0,89.03337667967057,253.0,10.966623320329433,1881.0,2134.0,88.14432989690722,253.0,11.855670103092784,3594.0,186.0,5.175292153589315,252.0,3055.0,287.0,7.011686143572621,1496.0,1359.0,1496.0,90.8422459893048,137.0,9.157754010695188,1234.0,1371.0,90.0072939460248,137.0,9.9927060539752,2016,2,1,informal,False,False,False,regular,False,36.0,231.0,761.0
18796,valido,18662.0,8274.0,104.0,10284.0,55.10663380130747,5.106633801307467,10359.0,104.0,13.0,8320.0,8320.0,7295.0,1025.0,2396.0,4899.0,5535.0,441.0,7.967479674796748,519.0,4422.0,594.0,9.37669376693767,2307.0,2054.0,2307.0,89.03337667967057,253.0,10.966623320329433,1881.0,2134.0,88.14432989690722,253.0,11.855670103092784,3594.0,259.0,7.206455203116305,306.0,2915.0,373.0,8.514190317195325,1496.0,1359.0,1496.0,90.8422459893048,137.0,9.157754010695188,1234.0,1371.0,90.0072939460248,137.0,9.9927060539752,2016,2,1,categoria_propia,False,False,False,regular,False,36.0,231.0,761.0
18796,valido,18662.0,8274.0,104.0,10284.0,55.10663380130747,5.106633801307467,10359.0,104.0,13.0,8320.0,8320.0,7295.0,1025.0,2396.0,4899.0,4426.0,282.0,6.371441482150926,370.0,3627.0,429.0,8.359692724807953,2307.0,2054.0,2307.0,89.03337667967057,253.0,10.966623320329433,1881.0,2134.0,88.14432989690722,253.0,11.855670103092784,2919.0,161.0,5.51558752997602,215.0,2446.0,258.0,7.36553614251456,1496.0,1359.0,1496.0,90.8422459893048,137.0,9.157754010695188,1234.0,1371.0,90.0072939460248,137.0,9.9927060539752,2016,2,1,excluir,False,False,False,regular,False,36.0,231.0,761.0
18796,valido,18662.0,8274.0,104.0,10284.0,55.10663380130747,5.106633801307467,10359.0,104.0,13.0,8320.0,8320.0,7295.0,1025.0,2396.0,4899.0,5535.0,413.0,7.461607949412827,531.0,4454.0,550.0,9.59349593495935,2307.0,2054.0,2307.0,89.03337667967057,253.0,10.966623320329433,1881.0,2134.0,88.14432989690722,253.0,11.855670103092784,3594.0,222.0,6.176961602671119,287.0,2979.0,328.0,7.985531441291041,1496.0,1359.0,1496.0,90.8422459893048,137.0,9.157754010695188,1234.0,1371.0,90.0072939460248,137.0,9.9927060539752,2016,2,1,cuenta_propia_precario,False,False,False,regular,False,36.0,231.0,761.0
18796,valido,18662.0,7741.0,364.0,10557.0,56.569499517736574,6.569499517736574,10629.0,366.0,24.0,7777.0,7777.0,6801.0,976.0,2234.0,4567.0,5080.0,360.0,7.086614173228346,482.0,4062.0,536.0,9.488188976377952,2138.0,1844.0,2138.0,86.24883068288119,294.0,13.751169317118803,1646.0,1940.0,84.84536082474227,294.0,15.154639175257731,3282.0,204.0,6.215722120658136,286.0,2665.0,331.0,8.714198659354052,1399.0,1214.0,1399.0,86.77626876340243,185.0,13.223731236597567,1065.0,1250.0,85.2,185.0,14.8,2016,2,4,informal,False,False,False,regular,False,42.0,337.0,1569.0
18796,valido,18662.0,7741.0,364.0,10557.0,56.569499517736574,6.569499517736574,10629.0,366.0,24.0,7777.0,7777.0,6801.0,976.0,2234.0,4567.0,5080.0,451.0,8.877952755905511,543.0,3887.0,650.0,10.688976377952756,2138.0,1844.0,2138.0,86.24883068288119,294.0,13.751169317118803,1646.0,1940.0,84.84536082474227,294.0,15.154639175257731,3282.0,264.0,8.043875685557587,331.0,2547.0,404.0,10.08531383302864,1399.0,1214.0,1399.0,86.77626876340243,185.0,13.223731236597567,1065.0,1250.0,85.2,185.0,14.8,2016,2,4,categoria_propia,False,False,False,regular,False,42.0,337.0,1569.0
18796,valido,18662.0,7741.0,364.0,10557.0,56.569499517736574,6.569499517736574,10629.0,366.0,24.0,7777.0,7777.0,6801.0,976.0,2234.0,4567.0,4008.0,304.0,7.584830339321357,403.0,3130.0,475.0,10.054890219560878,2138.0,1844.0,2138.0,86.24883068288119,294.0,13.751169317118803,1646.0,1940.0,84.84536082474227,294.0,15.154639175257731,2639.0,175.0,6.63129973474801,246.0,2102.0,291.0,9.321712769988633,1399.0,1214.0,1399.0,86.77626876340243,185.0,13.223731236597567,1065.0,1250.0,85.2,185.0,14.8,2016,2,4,excluir,False,False,False,regular,False,42.0,337.0,1569.0
18796,valido,18662.0,7741.0,364.0,10557.0,56.569499517736574,6.569499517736574,10629.0,366.0,24.0,7777.0,7777.0,6801.0,976.0,2234.0,4567.0,5080.0,439.0,8.641732283464567,558.0,3891.0,631.0,10.984251968503935,2138.0,1844.0,2138.0,86.24883068288119,294.0,13.751169317118803,1646.0,1940.0,84.84536082474227,294.0,15.154639175257731,3282.0,243.0,7.404021937842779,322.0,2574.0,386.0,9.811090798293725,1399.0,1214.0,1399.0,86.77626876340243,185.0,13.223731236597567,1065.0,1250.0,85.2,185.0,14.8,2016,2,4,cuenta_propia_precario,False,False,False,regular,False,42.0,337.0,1569.0
18800,valido,18656.0,8146.0,105.0,10405.0,55.77294168096055,5.77294168096055,10477.0,105.0,19.0,8199.0,8199.0,7214.0,985.0,2469.0,4745.0,5562.0,301.0,5.411722402013664,419.0,4652.0,491.0,7.533261416756562,2337.0,2091.0,2337.0,89.47368421052632,246.0,10.526315789473683,1935.0,2181.0,88.72077028885832,246.0,11.279229711141678,3535.0,162.0,4.582743988684583,236.0,3021.0,278.0,6.676096181046676,1495.0,1357.0,1495.0,90.76923076923076,138.0,9.23076923076923,1251.0,1389.0,90.06479481641469,138.0,9.935205183585314,2016,3,1,informal,False,False,False,regular,False,45.0,199.0,699.0
18800,valido,18656.0,8146.0,105.0,10405.0,55.77294168096055,5.77294168096055,10477.0,105.0,19.0,8199.0,8199.0,7214.0,985.0,2469.0,4745.0,5562.0,442.0,7.9467817331895,521.0,4505.0,536.0,9.367134124415678,2337.0,2091.0,2337.0,89.47368421052632,246.0,10.526315789473683,1935.0,2181.0,88.72077028885832,246.0,11.279229711141678,3535.0,261.0,7.383309759547383,311.0,2898.0,326.0,8.797736916548798,1495.0,1357.0,1495.0,90.76923076923076,138.0,9.23076923076923,1251.0,1389.0,90.06479481641469,138.0,9.935205183585314,2016,3,1,categoria_propia,False,False,False,regular,False,45.0,199.0,699.0
18800,valido,18656.0,8146.0,105.0,10405.0,55.77294168096055,5.77294168096055,10477.0,105.0,19.0,8199.0,8199.0,7214.0,985.0,2469.0,4745.0,4396.0,283.0,6.437670609645132,368.0,3632.0,396.0,8.371246587807097,2337.0,2091.0,2337.0,89.47368421052632,246.0,10.526315789473683,1935.0,2181.0,88.72077028885832,246.0,11.279229711141678,2838.0,158.0,5.567300916138126,214.0,2393.0,231.0,7.540521494009866,1495.0,1357.0,1495.0,90.76923076923076,138.0,9.23076923076923,1251.0,1389.0,90.06479481641469,138.0,9.935205183585314,2016,3,1,excluir,False,False,False,regular,False,45.0,199.0,699.0
18800,valido,18656.0,8146.0,105.0,10405.0,55.77294168096055,5.77294168096055,10477.0,105.0,19.0,8199.0,8199.0,7214.0,985.0,2469.0,4745.0,5562.0,393.0,7.065803667745415,504.0,4488.0,570.0,9.06148867313916,2337.0,2091.0,2337.0,89.47368421052632,246.0,10.526315789473683,1935.0,2181.0,88.72077028885832,246.0,11.279229711141678,3535.0,216.0,6.11032531824611,286.0,2928.0,321.0,8.09052333804809,1495.0,1357.0,1495.0,90.76923076923076,138.0,9.23076923076923,1251.0,1389.0,90.06479481641469,138.0,9.935205183585314,2016,3,1,cuenta_propia_precario,False,False,False,regular,False,45.0,199.0,699.0
18800,valido,18656.0,7787.0,399.0,10470.0,56.121355060034304,6.121355060034304,10534.0,401.0,29.0,7836.0,7836.0,6790.0,1046.0,2227.0,4563.0,5087.0,346.0,6.80165126793788,468.0,4095.0,524.0,9.199921368193436,2108.0,1820.0,2108.0,86.33776091081594,288.0,13.66223908918406,1645.0,1933.0,85.1008794619762,288.0,14.899120538023798,3328.0,198.0,5.949519230769231,288.0,2722.0,318.0,8.653846153846153,1395.0,1220.0,1395.0,87.45519713261649,175.0,12.544802867383511,1116.0,1291.0,86.44461657629745,175.0,13.555383423702557,2016,3,4,informal,False,False,False,regular,False,41.0,313.0,1523.0
18800,valido,18656.0,7787.0,399.0,10470.0,56.121355060034304,6.121355060034304,10534.0,401.0,29.0,7836.0,7836.0,6790.0,1046.0,2227.0,4563.0,5087.0,478.0,9.396500884607825,553.0,3928.0,606.0,10.870847257715749,2108.0,1820.0,2108.0,86.33776091081594,288.0,13.66223908918406,1645.0,1933.0,85.1008794619762,288.0,14.899120538023798,3328.0,304.0,9.134615384615383,355.0,2588.0,385.0,10.667067307692308,1395.0,1220.0,1395.0,87.45519713261649,175.0,12.544802867383511,1116.0,1291.0,86.44461657629745,175.0,13.555383423702557,2016,3,4,categoria_propia,False,False,False,regular,False,41.0,313.0,1523.0
18800,valido,18656.0,7787.0,399.0,10470.0,56.121355060034304,6.121355060034304,10534.0,401.0,29.0,7836.0,7836.0,6790.0,1046.0,2227.0,4563.0,3992.0,300.0,7.515030060120241,388.0,3161.0,443.0,9.719438877755511,2108.0,1820.0,2108.0,86.33776091081594,288.0,13.66223908918406,1645.0,1933.0,85.1008794619762,288.0,14.899120538023798,2648.0,172.0,6.495468277945619,235.0,2138.0,275.0,8.874622356495468,1395.0,1220.0,1395.0,87.45519713261649,175.0,12.544802867383511,1116.0,1291.0,86.44461657629745,175.0,13.555383423702557,2016,3,4,excluir,False,False,False,regular,False,41.0,313.0,1523.0
18800,valido,18656.0,7787.0,399.0,10470.0,56.121355060034304,6.121355060034304,10534.0,401.0,29.0,7836.0,7836.0,6790.0,1046.0,2227.0,4563.0,5087.0,424.0,8.33497149597012,543.0,3939.0,605.0,10.674267741301357,2108.0,1820.0,2108.0,86.33776091081594,288.0,13.66223908918406,1645.0,1933.0,85.1008794619762,288.0,14.899120538023798,3328.0,256.0,7.6923076923076925,344.0,2619.0,365.0,10.336538461538462,1395.0,1220.0,1395.0,87.45519713261649,175.0,12.544802867383511,1116.0,1291.0,86.44461657629745,175.0,13.555383423702557,2016,3,4,cuenta_propia_precario,False,False,False,regular,False,41.0,313.0,1523.0
18372,valido,18216.0,7940.0,136.0,10140.0,55.665349143610015,5.665349143610015,10221.0,136.0,26.0,7989.0,7989.0,7011.0,978.0,2360.0,4651.0,5391.0,304.0,5.639028009645706,442.0,4512.0,437.0,8.19884993507698,2216.0,2013.0,2216.0,90.83935018050542,203.0,9.160649819494584,1865.0,2068.0,90.18375241779498,203.0,9.81624758220503,3430.0,161.0,4.6938775510204085,249.0,2934.0,247.0,7.259475218658892,1437.0,1326.0,1437.0,92.27557411273486,111.0,7.724425887265136,1217.0,1328.0,91.64156626506023,111.0,8.358433734939759,2016,4,1,informal,False,False,False,regular,False,25.0,215.0,758.0
18372,valido,18216.0,7940.0,136.0,10140.0,55.665349143610015,5.665349143610015,10221.0,136.0,26.0,7989.0,7989.0,7011.0,978.0,2360.0,4651.0,5391.0,421.0,7.809311815989612,510.0,4351.0,530.0,9.460211463550362,2216.0,2013.0,2216.0,90.83935018050542,203.0,9.160649819494584,1865.0,2068.0,90.18375241779498,203.0,9.81624758220503,3430.0,241.0,7.026239067055394,301.0,2824.0,305.0,8.775510204081632,1437.0,1326.0,1437.0,92.27557411273486,111.0,7.724425887265136,1217.0,1328.0,91.64156626506023,111.0,8.358433734939759,2016,4,1,categoria_propia,False,False,False,regular,False,25.0,215.0,758.0
18372,valido,18216.0,7940.0,136.0,10140.0,55.665349143610015,5.665349143610015,10221.0,136.0,26.0,7989.0,7989.0,7011.0,978.0,2360.0,4651.0,4254.0,277.0,6.511518570756935,378.0,3506.0,370.0,8.885754583921015,2216.0,2013.0,2216.0,90.83935018050542,203.0,9.160649819494584,1865.0,2068.0,90.18375241779498,203.0,9.81624758220503,2755.0,141.0,5.117967332123412,207.0,2334.0,214.0,7.513611615245009,1437.0,1326.0,1437.0,92.27557411273486,111.0,7.724425887265136,1217.0,1328.0,91.64156626506023,111.0,8.358433734939759,2016,4,1,excluir,False,False,False,regular,False,25.0,215.0,758.0
18372,valido,18216.0,7940.0,136.0,10140.0,55.665349143610015,5.665349143610015,10221.0,136.0,26.0,7989.0,7989.0,7011.0,978.0,2360.0,4651.0,5391.0,382.0,7.085883880541643,511.0,4345.0,535.0,9.478760897792617,2216.0,2013.0,2216.0,90.83935018050542,203.0,9.160649819494584,1865.0,2068.0,90.18375241779498,203.0,9.81624758220503,3430.0,193.0,5.626822157434402,278.0,2858.0,294.0,8.104956268221574,1437.0,1326.0,1437.0,92.27557411273486,111.0,7.724425887265136,1217.0,1328.0,91.64156626506023,111.0,8.358433734939759,2016,4,1,cuenta_propia_precario,False,False,False,regular,False,25.0,215.0,758.0
18372,valido,18216.0,7472.0,369.0,10375.0,56.95542380324989,6.955423803249893,10456.0,371.0,26.0,7519.0,7519.0,6515.0,1004.0,2113.0,4402.0,4890.0,339.0,6.932515337423313,420.0,3951.0,519.0,8.588957055214724,2038.0,1740.0,2038.0,85.37782139352306,298.0,14.622178606476938,1566.0,1864.0,84.01287553648069,298.0,15.987124463519311,3203.0,193.0,6.025600999063378,238.0,2644.0,321.0,7.430533874492663,1352.0,1165.0,1352.0,86.16863905325444,187.0,13.831360946745562,1040.0,1227.0,84.75957620211899,187.0,15.24042379788101,2016,4,4,informal,False,False,False,regular,False,39.0,285.0,1359.0
18372,valido,18216.0,7472.0,369.0,10375.0,56.95542380324989,6.955423803249893,10456.0,371.0,26.0,7519.0,7519.0,6515.0,1004.0,2113.0,4402.0,4890.0,412.0,8.425357873210634,464.0,3831.0,595.0,9.48875255623722,2038.0,1740.0,2038.0,85.37782139352306,298.0,14.622178606476938,1566.0,1864.0,84.01287553648069,298.0,15.987124463519311,3203.0,245.0,7.64907898844833,277.0,2559.0,367.0,8.648142366531378,1352.0,1165.0,1352.0,86.16863905325444,187.0,13.831360946745562,1040.0,1227.0,84.75957620211899,187.0,15.24042379788101,2016,4,4,categoria_propia,False,False,False,regular,False,39.0,285.0,1359.0
18372,valido,18216.0,7472.0,369.0,10375.0,56.95542380324989,6.955423803249893,10456.0,371.0,26.0,7519.0,7519.0,6515.0,1004.0,2113.0,4402.0,3824.0,280.0,7.322175732217573,337.0,3041.0,446.0,8.81276150627615,2038.0,1740.0,2038.0,85.37782139352306,298.0,14.622178606476938,1566.0,1864.0,84.01287553648069,298.0,15.987124463519311,2535.0,157.0,6.193293885601578,190.0,2069.0,276.0,7.495069033530572,1352.0,1165.0,1352.0,86.16863905325444,187.0,13.831360946745562,1040.0,1227.0,84.75957620211899,187.0,15.24042379788101,2016,4,4,excluir,False,False,False,regular,False,39.0,285.0,1359.0
18372,valido,18216.0,7472.0,369.0,10375.0,56.95542380324989,6.955423803249893,10456.0,371.0,26.0,7519.0,7519.0,6515.0,1004.0,2113.0,4402.0,4890.0,405.0,8.282208588957054,485.0,3810.0,595.0,9.918200408997954,2038.0,1740.0,2038.0,85.37782139352306,298.0,14.622178606476938,1566.0,1864.0,84.01287553648069,298.0,15.987124463519311,3203.0,223.0,6.962222916016235,269.0,2566.0,368.0,8.398376522010615,1352.0,1165.0,1352.0,86.16863905325444,187.0,13.831360946745562,1040.0,1227.0,84.75957620211899,187.0,15.24042379788101,2016,4,4,cuenta_propia_precario,False,False,False,regular,False,39.0,285.0,1359.0
18477,valido,18331.0,8215.0,106.0,10010.0,54.60694997545142,4.606949975451421,10083.0,106.0,15.0,8273.0,8273.0,7455.0,818.0,2413.0,5042.0,5675.0,291.0,5.127753303964758,395.0,4803.0,477.0,6.960352422907489,2437.0,2228.0,2437.0,91.4238818219122,209.0,8.576118178087812,2067.0,2276.0,90.81722319859402,209.0,9.182776801405977,3702.0,170.0,4.592112371690978,233.0,3184.0,285.0,6.293895191788223,1578.0,1463.0,1578.0,92.71229404309253,115.0,7.287705956907478,1355.0,1470.0,92.17687074829932,115.0,7.82312925170068,2017,1,1,informal,False,False,False,regular,False,40.0,205.0,777.0
18477,valido,18331.0,8215.0,106.0,10010.0,54.60694997545142,4.606949975451421,10083.0,106.0,15.0,8273.0,8273.0,7455.0,818.0,2413.0,5042.0,5675.0,452.0,7.964757709251101,523.0,4579.0,573.0,9.215859030837004,2437.0,2228.0,2437.0,91.4238818219122,209.0,8.576118178087812,2067.0,2276.0,90.81722319859402,209.0,9.182776801405977,3702.0,285.0,7.698541329011345,328.0,3017.0,357.0,8.860075634792004,1578.0,1463.0,1578.0,92.71229404309253,115.0,7.287705956907478,1355.0,1470.0,92.17687074829932,115.0,7.82312925170068,2017,1,1,categoria_propia,False,False,False,regular,False,40.0,205.0,777.0
18477,valido,18331.0,8215.0,106.0,10010.0,54.60694997545142,4.606949975451421,10083.0,106.0,15.0,8273.0,8273.0,7455.0,818.0,2413.0,5042.0,4446.0,277.0,6.2303193882141255,353.0,3671.0,422.0,7.939721097615834,2437.0,2228.0,2437.0,91.4238818219122,209.0,8.576118178087812,2067.0,2276.0,90.81722319859402,209.0,9.182776801405977,2960.0,173.0,5.844594594594595,216.0,2486.0,258.0,7.297297297297297,1578.0,1463.0,1578.0,92.71229404309253,115.0,7.287705956907478,1355.0,1470.0,92.17687074829932,115.0,7.82312925170068,2017,1,1,excluir,False,False,False,regular,False,40.0,205.0,777.0
18477,valido,18331.0,8215.0,106.0,10010.0,54.60694997545142,4.606949975451421,10083.0,106.0,15.0,8273.0,8273.0,7455.0,818.0,2413.0,5042.0,5675.0,376.0,6.625550660792952,478.0,4626.0,571.0,8.422907488986784,2437.0,2228.0,2437.0,91.4238818219122,209.0,8.576118178087812,2067.0,2276.0,90.81722319859402,209.0,9.182776801405977,3702.0,220.0,5.942733657482442,282.0,3074.0,346.0,7.6175040518638575,1578.0,1463.0,1578.0,92.71229404309253,115.0,7.287705956907478,1355.0,1470.0,92.17687074829932,115.0,7.82312925170068,2017,1,1,cuenta_propia_precario,False,False,False,regular,False,40.0,205.0,777.0
18477,valido,18331.0,7532.0,345.0,10454.0,57.02907642790901,7.029076427909004,10517.0,345.0,21.0,7594.0,7594.0,6617.0,977.0,2097.0,4520.0,4911.0,334.0,6.801058847485237,450.0,3927.0,534.0,9.16310323762981,2182.0,1882.0,2182.0,86.25114573785518,300.0,13.74885426214482,1685.0,1985.0,84.88664987405542,300.0,15.113350125944583,3240.0,203.0,6.265432098765432,274.0,2630.0,336.0,8.45679012345679,1437.0,1258.0,1437.0,87.54349338900487,179.0,12.45650661099513,1119.0,1298.0,86.2095531587057,179.0,13.7904468412943,2017,1,4,informal,False,False,False,regular,False,59.0,298.0,1437.0
18477,valido,18331.0,7532.0,345.0,10454.0,57.02907642790901,7.029076427909004,10517.0,345.0,21.0,7594.0,7594.0,6617.0,977.0,2097.0,4520.0,4911.0,461.0,9.387090205660762,530.0,3759.0,622.0,10.792099368764,2182.0,1882.0,2182.0,86.25114573785518,300.0,13.74885426214482,1685.0,1985.0,84.88664987405542,300.0,15.113350125944583,3240.0,268.0,8.271604938271604,313.0,2515.0,412.0,9.660493827160494,1437.0,1258.0,1437.0,87.54349338900487,179.0,12.45650661099513,1119.0,1298.0,86.2095531587057,179.0,13.7904468412943,2017,1,4,categoria_propia,False,False,False,regular,False,59.0,298.0,1437.0
18477,valido,18331.0,7532.0,345.0,10454.0,57.02907642790901,7.029076427909004,10517.0,345.0,21.0,7594.0,7594.0,6617.0,977.0,2097.0,4520.0,3783.0,302.0,7.983082209886334,384.0,2939.0,460.0,10.15067406819984,2182.0,1882.0,2182.0,86.25114573785518,300.0,13.74885426214482,1685.0,1985.0,84.88664987405542,300.0,15.113350125944583,2562.0,184.0,7.181889149102264,238.0,2027.0,297.0,9.289617486338798,1437.0,1258.0,1437.0,87.54349338900487,179.0,12.45650661099513,1119.0,1298.0,86.2095531587057,179.0,13.7904468412943,2017,1,4,excluir,False,False,False,regular,False,59.0,298.0,1437.0
18477,valido,18331.0,7532.0,345.0,10454.0,57.02907642790901,7.029076427909004,10517.0,345.0,21.0,7594.0,7594.0,6617.0,977.0,2097.0,4520.0,4911.0,423.0,8.613317043372023,530.0,3767.0,614.0,10.792099368764,2182.0,1882.0,2182.0,86.25114573785518,300.0,13.74885426214482,1685.0,1985.0,84.88664987405542,300.0,15.113350125944583,3240.0,253.0,7.808641975308642,319.0,2539.0,382.0,9.84567901234568,1437.0,1258.0,1437.0,87.54349338900487,179.0,12.45650661099513,1119.0,1298.0,86.2095531587057,179.0,13.7904468412943,2017,1,4,cuenta_propia_precario,False,False,False,regular,False,59.0,298.0,1437.0
18871,valido,18709.0,8274.0,107.0,10328.0,55.20337805334331,5.203378053343307,10413.0,107.0,18.0,8333.0,8333.0,7507.0,826.0,2148.0,5359.0,5674.0,324.0,5.710257314064152,443.0,4747.0,484.0,7.807543179414875,2343.0,2130.0,2343.0,90.9090909090909,213.0,9.090909090909092,1973.0,2186.0,90.25617566331198,213.0,9.743824336688014,3961.0,192.0,4.8472607927291085,273.0,3373.0,315.0,6.892198939661702,1649.0,1512.0,1649.0,91.69193450576108,137.0,8.308065494238933,1396.0,1533.0,91.06327462491846,137.0,8.93672537508154,2017,2,1,informal,False,False,False,regular,False,35.0,214.0,663.0
18871,valido,18709.0,8274.0,107.0,10328.0,55.20337805334331,5.203378053343307,10413.0,107.0,18.0,8333.0,8333.0,7507.0,826.0,2148.0,5359.0,5674.0,474.0,8.353894959464222,544.0,4540.0,590.0,9.58759252731759,2343.0,2130.0,2343.0,90.9090909090909,213.0,9.090909090909092,1973.0,2186.0,90.25617566331198,213.0,9.743824336688014,3961.0,308.0,7.775814188336279,357.0,3211.0,393.0,9.012875536480689,1649.0,1512.0,1649.0,91.69193450576108,137.0,8.308065494238933,1396.0,1533.0,91.06327462491846,137.0,8.93672537508154,2017,2,1,categoria_propia,False,False,False,regular,False,35.0,214.0,663.0
18871,valido,18709.0,8274.0,107.0,10328.0,55.20337805334331,5.203378053343307,10413.0,107.0,18.0,8333.0,8333.0,7507.0,826.0,2148.0,5359.0,4503.0,291.0,6.4623584277148565,381.0,3690.0,432.0,8.461025982678214,2343.0,2130.0,2343.0,90.9090909090909,213.0,9.090909090909092,1973.0,2186.0,90.25617566331198,213.0,9.743824336688014,3187.0,166.0,5.208660181989331,234.0,2669.0,284.0,7.342328208346407,1649.0,1512.0,1649.0,91.69193450576108,137.0,8.308065494238933,1396.0,1533.0,91.06327462491846,137.0,8.93672537508154,2017,2,1,excluir,False,False,False,regular,False,35.0,214.0,663.0
18871,valido,18709.0,8274.0,107.0,10328.0,55.20337805334331,5.203378053343307,10413.0,107.0,18.0,8333.0,8333.0,7507.0,826.0,2148.0,5359.0,5674.0,423.0,7.455058160028199,538.0,4546.0,590.0,9.481847021501586,2343.0,2130.0,2343.0,90.9090909090909,213.0,9.090909090909092,1973.0,2186.0,90.25617566331198,213.0,9.743824336688014,3961.0,255.0,6.437768240343348,333.0,3255.0,373.0,8.406967937389549,1649.0,1512.0,1649.0,91.69193450576108,137.0,8.308065494238933,1396.0,1533.0,91.06327462491846,137.0,8.93672537508154,2017,2,1,cuenta_propia_precario,False,False,False,regular,False,35.0,214.0,663.0
18871,valido,18709.0,7655.0,359.0,10695.0,57.165000801753166,7.165000801753166,10770.0,360.0,33.0,7708.0,7708.0,6736.0,972.0,1965.0,4771.0,4941.0,360.0,7.285974499089253,480.0,3902.0,559.0,9.714632665452337,2197.0,1897.0,2197.0,86.34501593081475,300.0,13.654984069185252,1716.0,2016.0,85.11904761904762,300.0,14.88095238095238,3412.0,225.0,6.594372801875733,316.0,2735.0,361.0,9.261430246189915,1513.0,1315.0,1513.0,86.91341705221414,198.0,13.086582947785857,1192.0,1390.0,85.75539568345324,198.0,14.244604316546765,2017,2,4,informal,False,False,False,regular,False,55.0,324.0,1477.0
18871,valido,18709.0,7655.0,359.0,10695.0,57.165000801753166,7.165000801753166,10770.0,360.0,33.0,7708.0,7708.0,6736.0,972.0,1965.0,4771.0,4941.0,483.0,9.775349119611414,558.0,3746.0,637.0,11.293260473588342,2197.0,1897.0,2197.0,86.34501593081475,300.0,13.654984069185252,1716.0,2016.0,85.11904761904762,300.0,14.88095238095238,3412.0,315.0,9.232121922626026,371.0,2609.0,432.0,10.873388042203986,1513.0,1315.0,1513.0,86.91341705221414,198.0,13.086582947785857,1192.0,1390.0,85.75539568345324,198.0,14.244604316546765,2017,2,4,categoria_propia,False,False,False,regular,False,55.0,324.0,1477.0
18871,valido,18709.0,7655.0,359.0,10695.0,57.165000801753166,7.165000801753166,10770.0,360.0,33.0,7708.0,7708.0,6736.0,972.0,1965.0,4771.0,3756.0,300.0,7.987220447284345,380.0,2914.0,462.0,10.117145899893504,2197.0,1897.0,2197.0,86.34501593081475,300.0,13.654984069185252,1716.0,2016.0,85.11904761904762,300.0,14.88095238095238,2645.0,190.0,7.183364839319471,249.0,2094.0,302.0,9.41398865784499,1513.0,1315.0,1513.0,86.91341705221414,198.0,13.086582947785857,1192.0,1390.0,85.75539568345324,198.0,14.244604316546765,2017,2,4,excluir,False,False,False,regular,False,55.0,324.0,1477.0
18871,valido,18709.0,7655.0,359.0,10695.0,57.165000801753166,7.165000801753166,10770.0,360.0,33.0,7708.0,7708.0,6736.0,972.0,1965.0,4771.0,4941.0,459.0,9.289617486338798,571.0,3729.0,641.0,11.556365108277676,2197.0,1897.0,2197.0,86.34501593081475,300.0,13.654984069185252,1716.0,2016.0,85.11904761904762,300.0,14.88095238095238,3412.0,293.0,8.587338804220398,378.0,2626.0,408.0,11.078546307151232,1513.0,1315.0,1513.0,86.91341705221414,198.0,13.086582947785857,1192.0,1390.0,85.75539568345324,198.0,14.244604316546765,2017,2,4,cuenta_propia_precario,False,False,False,regular,False,55.0,324.0,1477.0
18806,valido,18642.0,8266.0,84.0,10292.0,55.20866859778994,5.208668597789938,10373.0,84.0,13.0,8336.0,8336.0,7478.0,858.0,2149.0,5329.0,5718.0,306.0,5.351521511017839,413.0,4789.0,516.0,7.2228051766351875,2427.0,2164.0,2427.0,89.16357643180882,263.0,10.836423568191185,1998.0,2261.0,88.36797877045555,263.0,11.63202122954445,3965.0,218.0,5.498108448928121,293.0,3346.0,326.0,7.389659520807061,1688.0,1515.0,1688.0,89.75118483412322,173.0,10.248815165876778,1398.0,1571.0,88.98790579248886,173.0,11.01209420751114,2017,3,1,informal,False,False,False,regular,False,46.0,228.0,701.0
18806,valido,18642.0,8266.0,84.0,10292.0,55.20866859778994,5.208668597789938,10373.0,84.0,13.0,8336.0,8336.0,7478.0,858.0,2149.0,5329.0,5718.0,401.0,7.012941587967821,472.0,4634.0,612.0,8.25463448758307,2427.0,2164.0,2427.0,89.16357643180882,263.0,10.836423568191185,1998.0,2261.0,88.36797877045555,263.0,11.63202122954445,3965.0,295.0,7.440100882723834,344.0,3216.0,405.0,8.675914249684741,1688.0,1515.0,1688.0,89.75118483412322,173.0,10.248815165876778,1398.0,1571.0,88.98790579248886,173.0,11.01209420751114,2017,3,1,categoria_propia,False,False,False,regular,False,46.0,228.0,701.0
18806,valido,18642.0,8266.0,84.0,10292.0,55.20866859778994,5.208668597789938,10373.0,84.0,13.0,8336.0,8336.0,7478.0,858.0,2149.0,5329.0,4530.0,262.0,5.783664459161148,342.0,3719.0,469.0,7.549668874172186,2427.0,2164.0,2427.0,89.16357643180882,263.0,10.836423568191185,1998.0,2261.0,88.36797877045555,263.0,11.63202122954445,3197.0,183.0,5.724116359086644,239.0,2649.0,309.0,7.47575852361589,1688.0,1515.0,1688.0,89.75118483412322,173.0,10.248815165876778,1398.0,1571.0,88.98790579248886,173.0,11.01209420751114,2017,3,1,excluir,False,False,False,regular,False,46.0,228.0,701.0
18806,valido,18642.0,8266.0,84.0,10292.0,55.20866859778994,5.208668597789938,10373.0,84.0,13.0,8336.0,8336.0,7478.0,858.0,2149.0,5329.0,5718.0,386.0,6.750612102133613,491.0,4638.0,589.0,8.586918502973068,2427.0,2164.0,2427.0,89.16357643180882,263.0,10.836423568191185,1998.0,2261.0,88.36797877045555,263.0,11.63202122954445,3965.0,259.0,6.532156368221942,333.0,3257.0,375.0,8.398486759142497,1688.0,1515.0,1688.0,89.75118483412322,173.0,10.248815165876778,1398.0,1571.0,88.98790579248886,173.0,11.01209420751114,2017,3,1,cuenta_propia_precario,False,False,False,regular,False,46.0,228.0,701.0
18806,valido,18642.0,7525.0,353.0,10764.0,57.74058577405858,7.74058577405858,10846.0,356.0,30.0,7574.0,7574.0,6654.0,920.0,1878.0,4776.0,4833.0,326.0,6.745292778812332,431.0,3844.0,558.0,8.917856403889923,2170.0,1869.0,2170.0,86.12903225806451,301.0,13.870967741935484,1678.0,1979.0,84.79029813036887,301.0,15.209701869631129,3361.0,204.0,6.069622136268968,282.0,2706.0,373.0,8.39036001190122,1538.0,1333.0,1538.0,86.67100130039012,205.0,13.328998699609883,1188.0,1393.0,85.28356066044508,205.0,14.716439339554915,2017,3,4,informal,False,False,False,regular,False,33.0,340.0,1440.0
18806,valido,18642.0,7525.0,353.0,10764.0,57.74058577405858,7.74058577405858,10846.0,356.0,30.0,7574.0,7574.0,6654.0,920.0,1878.0,4776.0,4833.0,428.0,8.855783157459134,502.0,3694.0,637.0,10.386923236085249,2170.0,1869.0,2170.0,86.12903225806451,301.0,13.870967741935484,1678.0,1979.0,84.79029813036887,301.0,15.209701869631129,3361.0,293.0,8.717643558464742,352.0,2575.0,434.0,10.473073490032728,1538.0,1333.0,1538.0,86.67100130039012,205.0,13.328998699609883,1188.0,1393.0,85.28356066044508,205.0,14.716439339554915,2017,3,4,categoria_propia,False,False,False,regular,False,33.0,340.0,1440.0
18806,valido,18642.0,7525.0,353.0,10764.0,57.74058577405858,7.74058577405858,10846.0,356.0,30.0,7574.0,7574.0,6654.0,920.0,1878.0,4776.0,3708.0,277.0,7.470334412081985,362.0,2868.0,478.0,9.762675296655878,2170.0,1869.0,2170.0,86.12903225806451,301.0,13.870967741935484,1678.0,1979.0,84.79029813036887,301.0,15.209701869631129,2630.0,175.0,6.653992395437262,241.0,2054.0,335.0,9.163498098859316,1538.0,1333.0,1538.0,86.67100130039012,205.0,13.328998699609883,1188.0,1393.0,85.28356066044508,205.0,14.716439339554915,2017,3,4,excluir,False,False,False,regular,False,33.0,340.0,1440.0
18806,valido,18642.0,7525.0,353.0,10764.0,57.74058577405858,7.74058577405858,10846.0,356.0,30.0,7574.0,7574.0,6654.0,920.0,1878.0,4776.0,4833.0,429.0,8.87647423960273,530.0,3701.0,602.0,10.966273536105938,2170.0,1869.0,2170.0,86.12903225806451,301.0,13.870967741935484,1678.0,1979.0,84.79029813036887,301.0,15.209701869631129,3361.0,268.0,7.973817316274918,345.0,2611.0,405.0,10.264802142219578,1538.0,1333.0,1538.0,86.67100130039012,205.0,13.328998699609883,1188.0,1393.0,85.28356066044508,205.0,14.716439339554915,2017,3,4,cuenta_propia_precario,False,False,False,regular,False,33.0,340.0,1440.0
18793,valido,18613.0,8071.0,122.0,10420.0,55.98237790791382,5.982377907913822,10510.0,122.0,18.0,8143.0,8143.0,7269.0,874.0,2030.0,5239.0,5566.0,321.0,5.767157743442328,463.0,4668.0,435.0,8.318361480416817,2353.0,2116.0,2353.0,89.92775180620484,237.0,10.072248193795154,1949.0,2186.0,89.15827996340347,237.0,10.841720036596524,3929.0,207.0,5.26851616187325,307.0,3348.0,274.0,7.813693051667091,1682.0,1526.0,1682.0,90.72532699167658,156.0,9.274673008323424,1414.0,1570.0,90.06369426751593,156.0,9.936305732484076,2017,4,1,informal,False,False,False,regular,False,36.0,218.0,738.0
18793,valido,18613.0,8071.0,122.0,10420.0,55.98237790791382,5.982377907913822,10510.0,122.0,18.0,8143.0,8143.0,7269.0,874.0,2030.0,5239.0,5566.0,466.0,8.372260150916278,564.0,4445.0,557.0,10.13295005389867,2353.0,2116.0,2353.0,89.92775180620484,237.0,10.072248193795154,1949.0,2186.0,89.15827996340347,237.0,10.841720036596524,3929.0,302.0,7.686434207177399,378.0,3187.0,364.0,9.620768643420718,1682.0,1526.0,1682.0,90.72532699167658,156.0,9.274673008323424,1414.0,1570.0,90.06369426751593,156.0,9.936305732484076,2017,4,1,categoria_propia,False,False,False,regular,False,36.0,218.0,738.0
18793,valido,18613.0,8071.0,122.0,10420.0,55.98237790791382,5.982377907913822,10510.0,122.0,18.0,8143.0,8143.0,7269.0,874.0,2030.0,5239.0,4389.0,284.0,6.470722260195944,395.0,3588.0,406.0,8.999772157666895,2353.0,2116.0,2353.0,89.92775180620484,237.0,10.072248193795154,1949.0,2186.0,89.15827996340347,237.0,10.841720036596524,3111.0,179.0,5.753776920604308,260.0,2596.0,255.0,8.357441337190615,1682.0,1526.0,1682.0,90.72532699167658,156.0,9.274673008323424,1414.0,1570.0,90.06369426751593,156.0,9.936305732484076,2017,4,1,excluir,False,False,False,regular,False,36.0,218.0,738.0
18793,valido,18613.0,8071.0,122.0,10420.0,55.98237790791382,5.982377907913822,10510.0,122.0,18.0,8143.0,8143.0,7269.0,874.0,2030.0,5239.0,5566.0,408.0,7.330219187926698,546.0,4485.0,535.0,9.809558030901904,2353.0,2116.0,2353.0,89.92775180620484,237.0,10.072248193795154,1949.0,2186.0,89.15827996340347,237.0,10.841720036596524,3929.0,252.0,6.413845762280478,350.0,3232.0,347.0,8.908119114278442,1682.0,1526.0,1682.0,90.72532699167658,156.0,9.274673008323424,1414.0,1570.0,90.06369426751593,156.0,9.936305732484076,2017,4,1,cuenta_propia_precario,False,False,False,regular,False,36.0,218.0,738.0
18793,valido,18613.0,7593.0,369.0,10651.0,57.22344597861709,7.223445978617093,10736.0,370.0,27.0,7660.0,7660.0,6717.0,943.0,1865.0,4852.0,4950.0,375.0,7.575757575757576,494.0,4004.0,452.0,9.97979797979798,2185.0,1932.0,2185.0,88.42105263157895,253.0,11.578947368421051,1715.0,1968.0,87.14430894308943,253.0,12.855691056910567,3477.0,245.0,7.046304285303423,322.0,2864.0,291.0,9.2608570606845,1556.0,1377.0,1556.0,88.4961439588689,179.0,11.503856041131105,1224.0,1403.0,87.2416250890948,179.0,12.758374910905204,2017,4,4,informal,False,False,False,regular,False,38.0,316.0,1441.0
18793,valido,18613.0,7593.0,369.0,10651.0,57.22344597861709,7.223445978617093,10736.0,370.0,27.0,7660.0,7660.0,6717.0,943.0,1865.0,4852.0,4950.0,509.0,10.282828282828282,585.0,3778.0,587.0,11.818181818181818,2185.0,1932.0,2185.0,88.42105263157895,253.0,11.578947368421051,1715.0,1968.0,87.14430894308943,253.0,12.855691056910567,3477.0,335.0,9.634742594190394,387.0,2677.0,413.0,11.130284728213978,1556.0,1377.0,1556.0,88.4961439588689,179.0,11.503856041131105,1224.0,1403.0,87.2416250890948,179.0,12.758374910905204,2017,4,4,categoria_propia,False,False,False,regular,False,38.0,316.0,1441.0
18793,valido,18613.0,7593.0,369.0,10651.0,57.22344597861709,7.223445978617093,10736.0,370.0,27.0,7660.0,7660.0,6717.0,943.0,1865.0,4852.0,3788.0,307.0,8.104540654699049,398.0,2967.0,423.0,10.506863780359028,2185.0,1932.0,2185.0,88.42105263157895,253.0,11.578947368421051,1715.0,1968.0,87.14430894308943,253.0,12.855691056910567,2697.0,196.0,7.267334074898035,256.0,2156.0,285.0,9.492028179458655,1556.0,1377.0,1556.0,88.4961439588689,179.0,11.503856041131105,1224.0,1403.0,87.2416250890948,179.0,12.758374910905204,2017,4,4,excluir,False,False,False,regular,False,38.0,316.0,1441.0
18793,valido,18613.0,7593.0,369.0,10651.0,57.22344597861709,7.223445978617093,10736.0,370.0,27.0,7660.0,7660.0,6717.0,943.0,1865.0,4852.0,4950.0,458.0,9.252525252525253,572.0,3849.0,529.0,11.555555555555555,2185.0,1932.0,2185.0,88.42105263157895,253.0,11.578947368421051,1715.0,1968.0,87.14430894308943,253.0,12.855691056910567,3477.0,296.0,8.513085993672707,370.0,2752.0,355.0,10.641357492090885,1556.0,1377.0,1556.0,88.4961439588689,179.0,11.503856041131105,1224.0,1403.0,87.2416250890948,179.0,12.758374910905204,2017,4,4,cuenta_propia_precario,False,False,False,regular,False,38.0,316.0,1441.0
18624,valido,18444.0,8099.0,134.0,10211.0,55.362177401865104,5.362177401865104,10312.0,134.0,19.0,8159.0,8159.0,7287.0,872.0,2063.0,5224.0,5518.0,336.0,6.089162740123233,463.0,4594.0,461.0,8.390721275824575,2391.0,2173.0,2391.0,90.88247595148474,218.0,9.117524048515266,2020.0,2238.0,90.2591599642538,218.0,9.740840035746205,3827.0,213.0,5.565717272014633,299.0,3237.0,291.0,7.812908283250588,1684.0,1554.0,1684.0,92.28028503562945,130.0,7.719714964370547,1440.0,1570.0,91.71974522292992,130.0,8.280254777070065,2018,1,1,informal,False,False,False,regular,False,43.0,230.0,806.0
18624,valido,18444.0,8099.0,134.0,10211.0,55.362177401865104,5.362177401865104,10312.0,134.0,19.0,8159.0,8159.0,7287.0,872.0,2063.0,5224.0,5518.0,472.0,8.553823849220732,558.0,4396.0,564.0,10.112359550561798,2391.0,2173.0,2391.0,90.88247595148474,218.0,9.117524048515266,2020.0,2238.0,90.2591599642538,218.0,9.740840035746205,3827.0,307.0,8.021949307551607,362.0,3090.0,375.0,9.459106349621113,1684.0,1554.0,1684.0,92.28028503562945,130.0,7.719714964370547,1440.0,1570.0,91.71974522292992,130.0,8.280254777070065,2018,1,1,categoria_propia,False,False,False,regular,False,43.0,230.0,806.0
18624,valido,18444.0,8099.0,134.0,10211.0,55.362177401865104,5.362177401865104,10312.0,134.0,19.0,8159.0,8159.0,7287.0,872.0,2063.0,5224.0,4316.0,303.0,7.020389249304912,393.0,3516.0,407.0,9.105653382761815,2391.0,2173.0,2391.0,90.88247595148474,218.0,9.117524048515266,2020.0,2238.0,90.2591599642538,218.0,9.740840035746205,3043.0,197.0,6.473874465987512,256.0,2532.0,255.0,8.41275057509037,1684.0,1554.0,1684.0,92.28028503562945,130.0,7.719714964370547,1440.0,1570.0,91.71974522292992,130.0,8.280254777070065,2018,1,1,excluir,False,False,False,regular,False,43.0,230.0,806.0
18624,valido,18444.0,8099.0,134.0,10211.0,55.362177401865104,5.362177401865104,10312.0,134.0,19.0,8159.0,8159.0,7287.0,872.0,2063.0,5224.0,5518.0,441.0,7.992026096411743,565.0,4409.0,544.0,10.2392171076477,2391.0,2173.0,2391.0,90.88247595148474,218.0,9.117524048515266,2020.0,2238.0,90.2591599642538,218.0,9.740840035746205,3827.0,277.0,7.238045466422785,359.0,3118.0,350.0,9.38071596550823,1684.0,1554.0,1684.0,92.28028503562945,130.0,7.719714964370547,1440.0,1570.0,91.71974522292992,130.0,8.280254777070065,2018,1,1,cuenta_propia_precario,False,False,False,regular,False,43.0,230.0,806.0
18624,valido,18444.0,7485.0,386.0,10573.0,57.32487529819996,7.324875298199956,10661.0,387.0,29.0,7547.0,7547.0,6655.0,892.0,1934.0,4721.0,4917.0,387.0,7.87065283709579,521.0,3888.0,508.0,10.595891803945497,2157.0,1890.0,2157.0,87.62169680111266,267.0,12.378303198887345,1691.0,1958.0,86.36363636363636,267.0,13.636363636363637,3420.0,227.0,6.637426900584796,319.0,2778.0,323.0,9.32748538011696,1523.0,1355.0,1523.0,88.96913985554826,168.0,11.03086014445174,1219.0,1387.0,87.88752703677001,168.0,12.112472963229992,2018,1,4,informal,False,False,False,regular,False,50.0,319.0,1325.0
18624,valido,18444.0,7485.0,386.0,10573.0,57.32487529819996,7.324875298199956,10661.0,387.0,29.0,7547.0,7547.0,6655.0,892.0,1934.0,4721.0,4917.0,485.0,9.863738051657515,572.0,3739.0,606.0,11.6331096196868,2157.0,1890.0,2157.0,87.62169680111266,267.0,12.378303198887345,1691.0,1958.0,86.36363636363636,267.0,13.636363636363637,3420.0,300.0,8.771929824561404,363.0,2646.0,411.0,10.614035087719298,1523.0,1355.0,1523.0,88.96913985554826,168.0,11.03086014445174,1219.0,1387.0,87.88752703677001,168.0,12.112472963229992,2018,1,4,categoria_propia,False,False,False,regular,False,50.0,319.0,1325.0
18624,valido,18444.0,7485.0,386.0,10573.0,57.32487529819996,7.324875298199956,10661.0,387.0,29.0,7547.0,7547.0,6655.0,892.0,1934.0,4721.0,3791.0,309.0,8.150883671854391,413.0,2948.0,430.0,10.894223160116065,2157.0,1890.0,2157.0,87.62169680111266,267.0,12.378303198887345,1691.0,1958.0,86.36363636363636,267.0,13.636363636363637,2675.0,183.0,6.841121495327103,258.0,2137.0,280.0,9.644859813084112,1523.0,1355.0,1523.0,88.96913985554826,168.0,11.03086014445174,1219.0,1387.0,87.88752703677001,168.0,12.112472963229992,2018,1,4,excluir,False,False,False,regular,False,50.0,319.0,1325.0
18624,valido,18444.0,7485.0,386.0,10573.0,57.32487529819996,7.324875298199956,10661.0,387.0,29.0,7547.0,7547.0,6655.0,892.0,1934.0,4721.0,4917.0,479.0,9.741712426276184,608.0,3733.0,576.0,12.365263371974782,2157.0,1890.0,2157.0,87.62169680111266,267.0,12.378303198887345,1691.0,1958.0,86.36363636363636,267.0,13.636363636363637,3420.0,280.0,8.187134502923977,370.0,2686.0,364.0,10.818713450292398,1523.0,1355.0,1523.0,88.96913985554826,168.0,11.03086014445174,1219.0,1387.0,87.88752703677001,168.0,12.112472963229992,2018,1,4,cuenta_propia_precario,False,False,False,regular,False,50.0,319.0,1325.0
18586,valido,18426.0,7999.0,102.0,10325.0,56.03495061326387,6.034950613263867,10412.0,102.0,13.0,8059.0,8059.0,7168.0,891.0,1835.0,5333.0,5369.0,322.0,5.9973924380704045,442.0,4454.0,473.0,8.232445520581114,2346.0,2140.0,2346.0,91.21909633418583,206.0,8.780903665814153,1974.0,2180.0,90.55045871559632,206.0,9.44954128440367,3887.0,201.0,5.171083097504503,287.0,3277.0,323.0,7.383586313352199,1724.0,1595.0,1724.0,92.51740139211137,129.0,7.482598607888631,1459.0,1588.0,91.8765743073048,129.0,8.123425692695214,2018,2,1,informal,False,False,False,regular,False,36.0,214.0,701.0
18586,valido,18426.0,7999.0,102.0,10325.0,56.03495061326387,6.034950613263867,10412.0,102.0,13.0,8059.0,8059.0,7168.0,891.0,1835.0,5333.0,5369.0,445.0,8.288321847643882,528.0,4223.0,618.0,9.834233563047125,2346.0,2140.0,2346.0,91.21909633418583,206.0,8.780903665814153,1974.0,2180.0,90.55045871559632,206.0,9.44954128440367,3887.0,294.0,7.563673784409571,358.0,3103.0,426.0,9.210187805505532,1724.0,1595.0,1724.0,92.51740139211137,129.0,7.482598607888631,1459.0,1588.0,91.8765743073048,129.0,8.123425692695214,2018,2,1,categoria_propia,False,False,False,regular,False,36.0,214.0,701.0
18586,valido,18426.0,7999.0,102.0,10325.0,56.03495061326387,6.034950613263867,10412.0,102.0,13.0,8059.0,8059.0,7168.0,891.0,1835.0,5333.0,4213.0,289.0,6.859719914550202,388.0,3415.0,410.0,9.20958936624733,2346.0,2140.0,2346.0,91.21909633418583,206.0,8.780903665814153,1974.0,2180.0,90.55045871559632,206.0,9.44954128440367,3083.0,172.0,5.578981511514758,247.0,2558.0,278.0,8.011676938047357,1724.0,1595.0,1724.0,92.51740139211137,129.0,7.482598607888631,1459.0,1588.0,91.8765743073048,129.0,8.123425692695214,2018,2,1,excluir,False,False,False,regular,False,36.0,214.0,701.0
18586,valido,18426.0,7999.0,102.0,10325.0,56.03495061326387,6.034950613263867,10412.0,102.0,13.0,8059.0,8059.0,7168.0,891.0,1835.0,5333.0,5369.0,394.0,7.33842428757683,510.0,4315.0,544.0,9.498975600670516,2346.0,2140.0,2346.0,91.21909633418583,206.0,8.780903665814153,1974.0,2180.0,90.55045871559632,206.0,9.44954128440367,3887.0,249.0,6.405968613326473,334.0,3176.0,377.0,8.592745047594546,1724.0,1595.0,1724.0,92.51740139211137,129.0,7.482598607888631,1459.0,1588.0,91.8765743073048,129.0,8.123425692695214,2018,2,1,cuenta_propia_precario,False,False,False,regular,False,36.0,214.0,701.0
18586,valido,18426.0,7529.0,369.0,10528.0,57.13665472701617,7.136654727016172,10614.0,369.0,31.0,7572.0,7572.0,6624.0,948.0,1707.0,4917.0,4955.0,378.0,7.628657921291625,525.0,3914.0,516.0,10.595358224016143,2171.0,1917.0,2171.0,88.30032243205896,254.0,11.69967756794104,1737.0,1991.0,87.24259166248116,254.0,12.757408337518834,3621.0,264.0,7.290803645401823,377.0,2883.0,361.0,10.411488539077602,1597.0,1423.0,1597.0,89.10457107075767,174.0,10.89542892924233,1288.0,1462.0,88.0984952120383,174.0,11.901504787961697,2018,2,4,informal,False,False,False,regular,False,36.0,280.0,1410.0
18586,valido,18426.0,7529.0,369.0,10528.0,57.13665472701617,7.136654727016172,10614.0,369.0,31.0,7572.0,7572.0,6624.0,948.0,1707.0,4917.0,4955.0,470.0,9.4853683148335,568.0,3775.0,612.0,11.463168516649848,2171.0,1917.0,2171.0,88.30032243205896,254.0,11.69967756794104,1737.0,1991.0,87.24259166248116,254.0,12.757408337518834,3621.0,323.0,8.92018779342723,404.0,2786.0,431.0,11.15713891190279,1597.0,1423.0,1597.0,89.10457107075767,174.0,10.89542892924233,1288.0,1462.0,88.0984952120383,174.0,11.901504787961697,2018,2,4,categoria_propia,False,False,False,regular,False,36.0,280.0,1410.0
18586,valido,18426.0,7529.0,369.0,10528.0,57.13665472701617,7.136654727016172,10614.0,369.0,31.0,7572.0,7572.0,6624.0,948.0,1707.0,4917.0,3853.0,317.0,8.227355307552557,430.0,2977.0,446.0,11.160134959771607,2171.0,1917.0,2171.0,88.30032243205896,254.0,11.69967756794104,1737.0,1991.0,87.24259166248116,254.0,12.757408337518834,2856.0,214.0,7.492997198879552,306.0,2241.0,309.0,10.714285714285714,1597.0,1423.0,1597.0,89.10457107075767,174.0,10.89542892924233,1288.0,1462.0,88.0984952120383,174.0,11.901504787961697,2018,2,4,excluir,False,False,False,regular,False,36.0,280.0,1410.0
18586,valido,18426.0,7529.0,369.0,10528.0,57.13665472701617,7.136654727016172,10614.0,369.0,31.0,7572.0,7572.0,6624.0,948.0,1707.0,4917.0,4955.0,452.0,9.122098890010092,592.0,3772.0,591.0,11.94752774974773,2171.0,1917.0,2171.0,88.30032243205896,254.0,11.69967756794104,1737.0,1991.0,87.24259166248116,254.0,12.757408337518834,3621.0,311.0,8.588787627727147,419.0,2794.0,408.0,11.571389119027891,1597.0,1423.0,1597.0,89.10457107075767,174.0,10.89542892924233,1288.0,1462.0,88.0984952120383,174.0,11.901504787961697,2018,2,4,cuenta_propia_precario,False,False,False,regular,False,36.0,280.0,1410.0
18364,valido,18225.0,8140.0,105.0,9980.0,54.7599451303155,4.759945130315501,10053.0,105.0,15.0,8191.0,8191.0,7260.0,931.0,1902.0,5358.0,5481.0,330.0,6.0207991242474,467.0,4577.0,437.0,8.520343003101624,2428.0,2199.0,2428.0,90.5683690280066,229.0,9.43163097199341,2044.0,2273.0,89.92520897492301,229.0,10.07479102507699,3943.0,202.0,5.123002789753994,298.0,3364.0,281.0,7.557697184884605,1767.0,1614.0,1767.0,91.34125636672326,153.0,8.65874363327674,1501.0,1654.0,90.7496977025393,153.0,9.2503022974607,2018,3,1,informal,False,False,False,regular,False,40.0,214.0,726.0
18364,valido,18225.0,8140.0,105.0,9980.0,54.7599451303155,4.759945130315501,10053.0,105.0,15.0,8191.0,8191.0,7260.0,931.0,1902.0,5358.0,5481.0,473.0,8.62981207808794,560.0,4360.0,561.0,10.217113665389528,2428.0,2199.0,2428.0,90.5683690280066,229.0,9.43163097199341,2044.0,2273.0,89.92520897492301,229.0,10.07479102507699,3943.0,310.0,7.862033984275932,370.0,3179.0,394.0,9.383717981232564,1767.0,1614.0,1767.0,91.34125636672326,153.0,8.65874363327674,1501.0,1654.0,90.7496977025393,153.0,9.2503022974607,2018,3,1,categoria_propia,False,False,False,regular,False,40.0,214.0,726.0
18364,valido,18225.0,8140.0,105.0,9980.0,54.7599451303155,4.759945130315501,10053.0,105.0,15.0,8191.0,8191.0,7260.0,931.0,1902.0,5358.0,4248.0,293.0,6.897363465160075,393.0,3469.0,386.0,9.251412429378531,2428.0,2199.0,2428.0,90.5683690280066,229.0,9.43163097199341,2044.0,2273.0,89.92520897492301,229.0,10.07479102507699,3106.0,187.0,6.020605280103027,259.0,2591.0,256.0,8.338699291693496,1767.0,1614.0,1767.0,91.34125636672326,153.0,8.65874363327674,1501.0,1654.0,90.7496977025393,153.0,9.2503022974607,2018,3,1,excluir,False,False,False,regular,False,40.0,214.0,726.0
18364,valido,18225.0,8140.0,105.0,9980.0,54.7599451303155,4.759945130315501,10053.0,105.0,15.0,8191.0,8191.0,7260.0,931.0,1902.0,5358.0,5481.0,396.0,7.22495894909688,527.0,4434.0,520.0,9.615033752964788,2428.0,2199.0,2428.0,90.5683690280066,229.0,9.43163097199341,2044.0,2273.0,89.92520897492301,229.0,10.07479102507699,3943.0,244.0,6.188181587623637,335.0,3261.0,347.0,8.496068983007863,1767.0,1614.0,1767.0,91.34125636672326,153.0,8.65874363327674,1501.0,1654.0,90.7496977025393,153.0,9.2503022974607,2018,3,1,cuenta_propia_precario,False,False,False,regular,False,40.0,214.0,726.0
18364,valido,18225.0,7288.0,363.0,10574.0,57.0915820761595,7.091582076159497,10652.0,364.0,18.0,7330.0,7330.0,6465.0,865.0,1702.0,4763.0,4878.0,352.0,7.216072160721607,485.0,3902.0,491.0,9.94259942599426,2183.0,1933.0,2183.0,88.54786990380211,250.0,11.452130096197893,1744.0,1994.0,87.46238716148446,250.0,12.537612838515546,3532.0,246.0,6.964892412231031,334.0,2861.0,337.0,9.456398640996602,1613.0,1434.0,1613.0,88.9026658400496,179.0,11.097334159950403,1286.0,1465.0,87.7815699658703,179.0,12.218430034129693,2018,3,4,informal,False,True,False,regular,False,43.0,293.0,1311.0
18364,valido,18225.0,7288.0,363.0,10574.0,57.0915820761595,7.091582076159497,10652.0,364.0,18.0,7330.0,7330.0,6465.0,865.0,1702.0,4763.0,4878.0,483.0,9.90159901599016,565.0,3711.0,602.0,11.582615826158262,2183.0,1933.0,2183.0,88.54786990380211,250.0,11.452130096197893,1744.0,1994.0,87.46238716148446,250.0,12.537612838515546,3532.0,348.0,9.85277463193658,399.0,2708.0,425.0,11.296715741789354,1613.0,1434.0,1613.0,88.9026658400496,179.0,11.097334159950403,1286.0,1465.0,87.7815699658703,179.0,12.218430034129693,2018,3,4,categoria_propia,False,True,False,regular,False,43.0,293.0,1311.0
18364,valido,18225.0,7288.0,363.0,10574.0,57.0915820761595,7.091582076159497,10652.0,364.0,18.0,7330.0,7330.0,6465.0,865.0,1702.0,4763.0,3754.0,321.0,8.550879062333511,415.0,2918.0,421.0,11.054874800213106,2183.0,1933.0,2183.0,88.54786990380211,250.0,11.452130096197893,1744.0,1994.0,87.46238716148446,250.0,12.537612838515546,2759.0,222.0,8.04639362087713,283.0,2185.0,291.0,10.257339615802827,1613.0,1434.0,1613.0,88.9026658400496,179.0,11.097334159950403,1286.0,1465.0,87.7815699658703,179.0,12.218430034129693,2018,3,4,excluir,False,True,False,regular,False,43.0,293.0,1311.0
18364,valido,18225.0,7288.0,363.0,10574.0,57.0915820761595,7.091582076159497,10652.0,364.0,18.0,7330.0,7330.0,6465.0,865.0,1702.0,4763.0,4878.0,434.0,8.897088970889708,561.0,3746.0,571.0,11.500615006150062,2183.0,1933.0,2183.0,88.54786990380211,250.0,11.452130096197893,1744.0,1994.0,87.46238716148446,250.0,12.537612838515546,3532.0,295.0,8.35220838052095,380.0,2769.0,383.0,10.758776896942242,1613.0,1434.0,1613.0,88.9026658400496,179.0,11.097334159950403,1286.0,1465.0,87.7815699658703,179.0,12.218430034129693,2018,3,4,cuenta_propia_precario,False,True,False,regular,False,43.0,293.0,1311.0
18616,valido,18419.0,8093.0,108.0,10218.0,55.47532439328954,5.47532439328954,10302.0,108.0,26.0,8180.0,8180.0,7370.0,810.0,1942.0,5428.0,5608.0,312.0,5.563480741797433,505.0,4643.0,460.0,9.004992867332382,2476.0,2233.0,2476.0,90.18578352180936,243.0,9.81421647819063,2060.0,2303.0,89.44854537559705,243.0,10.551454624402952,4012.0,201.0,5.009970089730808,342.0,3370.0,300.0,8.524426719840479,1771.0,1610.0,1771.0,90.9090909090909,161.0,9.090909090909092,1471.0,1632.0,90.13480392156865,161.0,9.865196078431373,2018,4,1,informal,False,False,False,regular,False,55.0,219.0,727.0
18616,valido,18419.0,8093.0,108.0,10218.0,55.47532439328954,5.47532439328954,10302.0,108.0,26.0,8180.0,8180.0,7370.0,810.0,1942.0,5428.0,5608.0,491.0,8.755349500713267,622.0,4392.0,594.0,11.09129814550642,2476.0,2233.0,2476.0,90.18578352180936,243.0,9.81421647819063,2060.0,2303.0,89.44854537559705,243.0,10.551454624402952,4012.0,332.0,8.275174476570289,433.0,3173.0,406.0,10.792622133599204,1771.0,1610.0,1771.0,90.9090909090909,161.0,9.090909090909092,1471.0,1632.0,90.13480392156865,161.0,9.865196078431373,2018,4,1,categoria_propia,False,False,False,regular,False,55.0,219.0,727.0
18616,valido,18419.0,8093.0,108.0,10218.0,55.47532439328954,5.47532439328954,10302.0,108.0,26.0,8180.0,8180.0,7370.0,810.0,1942.0,5428.0,4414.0,294.0,6.660625283189851,436.0,3569.0,409.0,9.877661984594472,2476.0,2233.0,2476.0,90.18578352180936,243.0,9.81421647819063,2060.0,2303.0,89.44854537559705,243.0,10.551454624402952,3216.0,191.0,5.939054726368159,296.0,2648.0,272.0,9.203980099502488,1771.0,1610.0,1771.0,90.9090909090909,161.0,9.090909090909092,1471.0,1632.0,90.13480392156865,161.0,9.865196078431373,2018,4,1,excluir,False,False,False,regular,False,55.0,219.0,727.0
18616,valido,18419.0,8093.0,108.0,10218.0,55.47532439328954,5.47532439328954,10302.0,108.0,26.0,8180.0,8180.0,7370.0,810.0,1942.0,5428.0,5608.0,417.0,7.435805991440799,606.0,4465.0,537.0,10.80599144079886,2476.0,2233.0,2476.0,90.18578352180936,243.0,9.81421647819063,2060.0,2303.0,89.44854537559705,243.0,10.551454624402952,4012.0,280.0,6.979062811565304,416.0,3251.0,345.0,10.36889332003988,1771.0,1610.0,1771.0,90.9090909090909,161.0,9.090909090909092,1471.0,1632.0,90.13480392156865,161.0,9.865196078431373,2018,4,1,cuenta_propia_precario,False,False,False,regular,False,55.0,219.0,727.0
18616,valido,18419.0,7460.0,405.0,10554.0,57.29952766165373,7.299527661653727,10665.0,405.0,28.0,7518.0,7518.0,6615.0,903.0,1706.0,4909.0,4996.0,359.0,7.185748598879103,483.0,4006.0,507.0,9.66773418734988,2220.0,1954.0,2220.0,88.01801801801801,266.0,11.98198198198198,1767.0,2033.0,86.91588785046729,266.0,13.08411214953271,3648.0,251.0,6.880482456140351,340.0,2954.0,354.0,9.320175438596491,1614.0,1435.0,1614.0,88.90954151177199,179.0,11.090458488228006,1289.0,1468.0,87.80653950953679,179.0,12.193460490463217,2018,4,4,informal,False,False,False,regular,False,32.0,337.0,1384.0
18616,valido,18419.0,7460.0,405.0,10554.0,57.29952766165373,7.299527661653727,10665.0,405.0,28.0,7518.0,7518.0,6615.0,903.0,1706.0,4909.0,4996.0,459.0,9.187349879903923,540.0,3819.0,637.0,10.808646917534029,2220.0,1954.0,2220.0,88.01801801801801,266.0,11.98198198198198,1767.0,2033.0,86.91588785046729,266.0,13.08411214953271,3648.0,332.0,9.100877192982455,391.0,2807.0,450.0,10.718201754385966,1614.0,1435.0,1614.0,88.90954151177199,179.0,11.090458488228006,1289.0,1468.0,87.80653950953679,179.0,12.193460490463217,2018,4,4,categoria_propia,False,False,False,regular,False,32.0,337.0,1384.0
18616,valido,18419.0,7460.0,405.0,10554.0,57.29952766165373,7.299527661653727,10665.0,405.0,28.0,7518.0,7518.0,6615.0,903.0,1706.0,4909.0,3815.0,285.0,7.470511140235911,378.0,3006.0,431.0,9.908256880733944,2220.0,1954.0,2220.0,88.01801801801801,266.0,11.98198198198198,1767.0,2033.0,86.91588785046729,266.0,13.08411214953271,2839.0,196.0,6.903839380063403,262.0,2268.0,309.0,9.228601620288837,1614.0,1435.0,1614.0,88.90954151177199,179.0,11.090458488228006,1289.0,1468.0,87.80653950953679,179.0,12.193460490463217,2018,4,4,excluir,False,False,False,regular,False,32.0,337.0,1384.0
18616,valido,18419.0,7460.0,405.0,10554.0,57.29952766165373,7.299527661653727,10665.0,405.0,28.0,7518.0,7518.0,6615.0,903.0,1706.0,4909.0,4996.0,452.0,9.047237790232186,564.0,3825.0,607.0,11.289031224979984,2220.0,1954.0,2220.0,88.01801801801801,266.0,11.98198198198198,1767.0,2033.0,86.91588785046729,266.0,13.08411214953271,3648.0,317.0,8.68969298245614,399.0,2834.0,415.0,10.9375,1614.0,1435.0,1614.0,88.90954151177199,179.0,11.090458488228006,1289.0,1468.0,87.80653950953679,179.0,12.193460490463217,2018,4,4,cuenta_propia_precario,False,False,False,regular,False,32.0,337.0,1384.0
19338,valido,19147.0,8695.0,175.0,10277.0,53.67420483626678,3.6742048362667816,10395.0,176.0,12.0,8755.0,8755.0,7825.0,930.0,2000.0,5825.0,5905.0,341.0,5.774767146486028,522.0,4857.0,526.0,8.839966130397968,2610.0,2386.0,2610.0,91.4176245210728,224.0,8.582375478927203,2202.0,2426.0,90.76669414674362,224.0,9.23330585325639,4348.0,235.0,5.404783808647654,358.0,3614.0,376.0,8.233670653173872,1950.0,1792.0,1950.0,91.8974358974359,158.0,8.102564102564102,1654.0,1812.0,91.280353200883,158.0,8.719646799116997,2019,1,1,informal,False,False,False,regular,False,46.0,221.0,840.0
19338,valido,19147.0,8695.0,175.0,10277.0,53.67420483626678,3.6742048362667816,10395.0,176.0,12.0,8755.0,8755.0,7825.0,930.0,2000.0,5825.0,5905.0,531.0,8.99237933954276,653.0,4612.0,640.0,11.058425063505505,2610.0,2386.0,2610.0,91.4176245210728,224.0,8.582375478927203,2202.0,2426.0,90.76669414674362,224.0,9.23330585325639,4348.0,378.0,8.693652253909844,460.0,3426.0,462.0,10.579576816927323,1950.0,1792.0,1950.0,91.8974358974359,158.0,8.102564102564102,1654.0,1812.0,91.280353200883,158.0,8.719646799116997,2019,1,1,categoria_propia,False,False,False,regular,False,46.0,221.0,840.0
19338,valido,19147.0,8695.0,175.0,10277.0,53.67420483626678,3.6742048362667816,10395.0,176.0,12.0,8755.0,8755.0,7825.0,930.0,2000.0,5825.0,4633.0,339.0,7.317073170731708,475.0,3695.0,463.0,10.25253615368012,2610.0,2386.0,2610.0,91.4176245210728,224.0,8.582375478927203,2202.0,2426.0,90.76669414674362,224.0,9.23330585325639,3475.0,233.0,6.705035971223022,325.0,2815.0,335.0,9.352517985611511,1950.0,1792.0,1950.0,91.8974358974359,158.0,8.102564102564102,1654.0,1812.0,91.280353200883,158.0,8.719646799116997,2019,1,1,excluir,False,False,False,regular,False,46.0,221.0,840.0
19338,valido,19147.0,8695.0,175.0,10277.0,53.67420483626678,3.6742048362667816,10395.0,176.0,12.0,8755.0,8755.0,7825.0,930.0,2000.0,5825.0,5905.0,452.0,7.654530059271804,630.0,4659.0,616.0,10.668924640135478,2610.0,2386.0,2610.0,91.4176245210728,224.0,8.582375478927203,2202.0,2426.0,90.76669414674362,224.0,9.23330585325639,4348.0,315.0,7.244710211591537,436.0,3474.0,438.0,10.02759889604416,1950.0,1792.0,1950.0,91.8974358974359,158.0,8.102564102564102,1654.0,1812.0,91.280353200883,158.0,8.719646799116997,2019,1,1,cuenta_propia_precario,False,False,False,regular,False,46.0,221.0,840.0
19338,valido,19147.0,6899.0,360.0,11888.0,62.0880555700632,12.088055570063196,12004.0,361.0,20.0,6953.0,6953.0,6138.0,815.0,1642.0,4496.0,4562.0,339.0,7.430951337132837,454.0,3644.0,464.0,9.951775537045156,2062.0,1829.0,2062.0,88.70029097963143,233.0,11.299709020368574,1622.0,1855.0,87.43935309973045,233.0,12.56064690026954,3314.0,232.0,7.00060350030175,314.0,2670.0,330.0,9.474954737477368,1502.0,1342.0,1502.0,89.34753661784288,160.0,10.652463382157125,1195.0,1355.0,88.19188191881919,160.0,11.808118081180812,2019,1,4,informal,False,False,False,regular,False,49.0,299.0,1251.0
19338,valido,19147.0,6899.0,360.0,11888.0,62.0880555700632,12.088055570063196,12004.0,361.0,20.0,6953.0,6953.0,6138.0,815.0,1642.0,4496.0,4562.0,457.0,10.017536168347217,528.0,3472.0,562.0,11.573871109162647,2062.0,1829.0,2062.0,88.70029097963143,233.0,11.299709020368574,1622.0,1855.0,87.43935309973045,233.0,12.56064690026954,3314.0,327.0,9.867229933614968,378.0,2535.0,401.0,11.406155703077852,1502.0,1342.0,1502.0,89.34753661784288,160.0,10.652463382157125,1195.0,1355.0,88.19188191881919,160.0,11.808118081180812,2019,1,4,categoria_propia,False,False,False,regular,False,49.0,299.0,1251.0
19338,valido,19147.0,6899.0,360.0,11888.0,62.0880555700632,12.088055570063196,12004.0,361.0,20.0,6953.0,6953.0,6138.0,815.0,1642.0,4496.0,3509.0,281.0,8.007979481333713,370.0,2746.0,393.0,10.544314619549729,2062.0,1829.0,2062.0,88.70029097963143,233.0,11.299709020368574,1622.0,1855.0,87.43935309973045,233.0,12.56064690026954,2594.0,196.0,7.555898226676946,255.0,2061.0,278.0,9.830377794911334,1502.0,1342.0,1502.0,89.34753661784288,160.0,10.652463382157125,1195.0,1355.0,88.19188191881919,160.0,11.808118081180812,2019,1,4,excluir,False,False,False,regular,False,49.0,299.0,1251.0
19338,valido,19147.0,6899.0,360.0,11888.0,62.0880555700632,12.088055570063196,12004.0,361.0,20.0,6953.0,6953.0,6138.0,815.0,1642.0,4496.0,4562.0,426.0,9.33800964489259,538.0,3490.0,534.0,11.793073213502849,2062.0,1829.0,2062.0,88.70029097963143,233.0,11.299709020368574,1622.0,1855.0,87.43935309973045,233.0,12.56064690026954,3314.0,286.0,8.630054315027158,365.0,2573.0,376.0,11.013880506940254,1502.0,1342.0,1502.0,89.34753661784288,160.0,10.652463382157125,1195.0,1355.0,88.19188191881919,160.0,11.808118081180812,2019,1,4,cuenta_propia_precario,False,False,False,regular,False,49.0,299.0,1251.0
19251,valido,19092.0,7855.0,101.0,11136.0,57.17054263565891,7.170542635658912,11217.0,101.0,14.0,7919.0,7919.0,7118.0,801.0,1587.0,5531.0,5470.0,278.0,5.082266910420476,423.0,4556.0,491.0,7.73308957952468,2526.0,2315.0,2526.0,91.64687252573238,211.0,8.353127474267616,2156.0,2367.0,91.0857625686523,211.0,8.914237431347697,4183.0,198.0,4.73344489600765,306.0,3527.0,350.0,7.315323930193641,1922.0,1779.0,1922.0,92.5598335067638,143.0,7.440166493236212,1649.0,1792.0,92.02008928571428,143.0,7.979910714285714,2019,2,1,informal,False,True,False,regular,False,40.0,201.0,653.0
19251,valido,19092.0,7855.0,101.0,11136.0,57.17054263565891,7.170542635658912,11217.0,101.0,14.0,7919.0,7919.0,7118.0,801.0,1587.0,5531.0,5470.0,457.0,8.354661791590493,551.0,4288.0,631.0,10.073126142595978,2526.0,2315.0,2526.0,91.64687252573238,211.0,8.353127474267616,2156.0,2367.0,91.0857625686523,211.0,8.914237431347697,4183.0,336.0,8.032512550800861,403.0,3325.0,455.0,9.634233803490318,1922.0,1779.0,1922.0,92.5598335067638,143.0,7.440166493236212,1649.0,1792.0,92.02008928571428,143.0,7.979910714285714,2019,2,1,categoria_propia,False,True,False,regular,False,40.0,201.0,653.0
19251,valido,19092.0,7855.0,101.0,11136.0,57.17054263565891,7.170542635658912,11217.0,101.0,14.0,7919.0,7919.0,7118.0,801.0,1587.0,5531.0,4200.0,256.0,6.095238095238095,370.0,3399.0,431.0,8.80952380952381,2526.0,2315.0,2526.0,91.64687252573238,211.0,8.353127474267616,2156.0,2367.0,91.0857625686523,211.0,8.914237431347697,3253.0,184.0,5.656317245619428,267.0,2681.0,305.0,8.207808177067323,1922.0,1779.0,1922.0,92.5598335067638,143.0,7.440166493236212,1649.0,1792.0,92.02008928571428,143.0,7.979910714285714,2019,2,1,excluir,False,True,False,regular,False,40.0,201.0,653.0
19251,valido,19092.0,7855.0,101.0,11136.0,57.17054263565891,7.170542635658912,11217.0,101.0,14.0,7919.0,7919.0,7118.0,801.0,1587.0,5531.0,5470.0,378.0,6.910420475319927,521.0,4378.0,571.0,9.524680073126143,2526.0,2315.0,2526.0,91.64687252573238,211.0,8.353127474267616,2156.0,2367.0,91.0857625686523,211.0,8.914237431347697,4183.0,265.0,6.335166148697107,372.0,3400.0,411.0,8.893138895529525,1922.0,1779.0,1922.0,92.5598335067638,143.0,7.440166493236212,1649.0,1792.0,92.02008928571428,143.0,7.979910714285714,2019,2,1,cuenta_propia_precario,False,True,False,regular,False,40.0,201.0,653.0
19251,valido,19092.0,5832.0,140.0,13120.0,68.71988267337105,18.71988267337105,13210.0,140.0,24.0,5877.0,5877.0,5214.0,663.0,1240.0,3974.0,3608.0,225.0,6.236141906873614,384.0,2853.0,371.0,10.6430155210643,1793.0,1587.0,1793.0,88.51087562744004,206.0,11.489124372559957,1155.0,1361.0,84.86407053637032,206.0,15.135929463629685,2748.0,159.0,5.786026200873362,279.0,2206.0,263.0,10.152838427947598,1382.0,1239.0,1382.0,89.65267727930535,143.0,10.347322720694644,914.0,1057.0,86.47114474929045,143.0,13.528855250709556,2019,2,4,informal,False,False,False,regular,False,15.0,385.0,1023.0
19251,valido,19092.0,5832.0,140.0,13120.0,68.71988267337105,18.71988267337105,13210.0,140.0,24.0,5877.0,5877.0,5214.0,663.0,1240.0,3974.0,3608.0,309.0,8.56430155210643,421.0,2734.0,453.0,11.668514412416853,1793.0,1587.0,1793.0,88.51087562744004,206.0,11.489124372559957,1155.0,1361.0,84.86407053637032,206.0,15.135929463629685,2748.0,228.0,8.296943231441048,309.0,2102.0,337.0,11.244541484716157,1382.0,1239.0,1382.0,89.65267727930535,143.0,10.347322720694644,914.0,1057.0,86.47114474929045,143.0,13.528855250709556,2019,2,4,categoria_propia,False,False,False,regular,False,15.0,385.0,1023.0
19251,valido,19092.0,5832.0,140.0,13120.0,68.71988267337105,18.71988267337105,13210.0,140.0,24.0,5877.0,5877.0,5214.0,663.0,1240.0,3974.0,2845.0,210.0,7.381370826010545,338.0,2195.0,312.0,11.8804920913884,1793.0,1587.0,1793.0,88.51087562744004,206.0,11.489124372559957,1155.0,1361.0,84.86407053637032,206.0,15.135929463629685,2161.0,141.0,6.5247570569180935,238.0,1702.0,221.0,11.01341971309579,1382.0,1239.0,1382.0,89.65267727930535,143.0,10.347322720694644,914.0,1057.0,86.47114474929045,143.0,13.528855250709556,2019,2,4,excluir,False,False,False,regular,False,15.0,385.0,1023.0
19251,valido,19092.0,5832.0,140.0,13120.0,68.71988267337105,18.71988267337105,13210.0,140.0,24.0,5877.0,5877.0,5214.0,663.0,1240.0,3974.0,3608.0,303.0,8.3980044345898,455.0,2738.0,415.0,12.610864745011089,1793.0,1587.0,1793.0,88.51087562744004,206.0,11.489124372559957,1155.0,1361.0,84.86407053637032,206.0,15.135929463629685,2748.0,219.0,7.96943231441048,333.0,2110.0,305.0,12.117903930131003,1382.0,1239.0,1382.0,89.65267727930535,143.0,10.347322720694644,914.0,1057.0,86.47114474929045,143.0,13.528855250709556,2019,2,4,cuenta_propia_precario,False,False,False,regular,False,15.0,385.0,1023.0
18610,valido,18454.0,8338.0,108.0,10008.0,54.23214479245692,4.232144792456921,10093.0,111.0,11.0,8395.0,8395.0,7568.0,827.0,1803.0,5765.0,5789.0,316.0,5.458628433235447,479.0,4808.0,502.0,8.274313352910692,2635.0,2407.0,2635.0,91.34724857685008,228.0,8.652751423149905,2233.0,2461.0,90.73547338480292,228.0,9.264526615197074,4365.0,232.0,5.315005727376861,356.0,3635.0,374.0,8.155784650630011,1959.0,1802.0,1959.0,91.98570699336396,157.0,8.01429300663604,1676.0,1833.0,91.43480632842336,157.0,8.565193671576651,2019,3,1,informal,False,False,False,regular,False,44.0,226.0,805.0
18610,valido,18454.0,8338.0,108.0,10008.0,54.23214479245692,4.232144792456921,10093.0,111.0,11.0,8395.0,8395.0,7568.0,827.0,1803.0,5765.0,5789.0,539.0,9.310761789600967,637.0,4521.0,631.0,11.003627569528415,2635.0,2407.0,2635.0,91.34724857685008,228.0,8.652751423149905,2233.0,2461.0,90.73547338480292,228.0,9.264526615197074,4365.0,389.0,8.91179839633448,468.0,3425.0,472.0,10.721649484536082,1959.0,1802.0,1959.0,91.98570699336396,157.0,8.01429300663604,1676.0,1833.0,91.43480632842336,157.0,8.565193671576651,2019,3,1,categoria_propia,False,False,False,regular,False,44.0,226.0,805.0
18610,valido,18454.0,8338.0,108.0,10008.0,54.23214479245692,4.232144792456921,10093.0,111.0,11.0,8395.0,8395.0,7568.0,827.0,1803.0,5765.0,4497.0,323.0,7.182566155214587,439.0,3591.0,467.0,9.762063597954192,2635.0,2407.0,2635.0,91.34724857685008,228.0,8.652751423149905,2233.0,2461.0,90.73547338480292,228.0,9.264526615197074,3446.0,238.0,6.906558328496808,327.0,2773.0,346.0,9.489262913522923,1959.0,1802.0,1959.0,91.98570699336396,157.0,8.01429300663604,1676.0,1833.0,91.43480632842336,157.0,8.565193671576651,2019,3,1,excluir,False,False,False,regular,False,44.0,226.0,805.0
18610,valido,18454.0,8338.0,108.0,10008.0,54.23214479245692,4.232144792456921,10093.0,111.0,11.0,8395.0,8395.0,7568.0,827.0,1803.0,5765.0,5789.0,396.0,6.840559682155813,556.0,4627.0,606.0,9.604422179996543,2635.0,2407.0,2635.0,91.34724857685008,228.0,8.652751423149905,2233.0,2461.0,90.73547338480292,228.0,9.264526615197074,4365.0,295.0,6.758304696449026,417.0,3513.0,435.0,9.553264604810996,1959.0,1802.0,1959.0,91.98570699336396,157.0,8.01429300663604,1676.0,1833.0,91.43480632842336,157.0,8.565193671576651,2019,3,1,cuenta_propia_precario,False,False,False,regular,False,44.0,226.0,805.0
18610,valido,18454.0,6141.0,165.0,12148.0,65.08112298576887,15.081122985768872,12242.0,169.0,14.0,6185.0,6185.0,5427.0,758.0,1367.0,4060.0,3959.0,255.0,6.441020459712049,388.0,3207.0,364.0,9.800454660267745,1865.0,1690.0,1865.0,90.6166219839142,175.0,9.383378016085793,1410.0,1585.0,88.9589905362776,175.0,11.041009463722398,2935.0,171.0,5.826235093696763,282.0,2388.0,265.0,9.608177172061328,1411.0,1287.0,1411.0,91.21190644932672,124.0,8.788093550673281,1071.0,1195.0,89.6234309623431,124.0,10.376569037656903,2019,3,4,informal,False,True,False,regular,False,36.0,344.0,1138.0
18610,valido,18454.0,6141.0,165.0,12148.0,65.08112298576887,15.081122985768872,12242.0,169.0,14.0,6185.0,6185.0,5427.0,758.0,1367.0,4060.0,3959.0,336.0,8.486991664561758,425.0,3010.0,524.0,10.735034099520082,1865.0,1690.0,1865.0,90.6166219839142,175.0,9.383378016085793,1410.0,1585.0,88.9589905362776,175.0,11.041009463722398,2935.0,241.0,8.211243611584328,315.0,2221.0,399.0,10.732538330494036,1411.0,1287.0,1411.0,91.21190644932672,124.0,8.788093550673281,1071.0,1195.0,89.6234309623431,124.0,10.376569037656903,2019,3,4,categoria_propia,False,True,False,regular,False,36.0,344.0,1138.0
18610,valido,18454.0,6141.0,165.0,12148.0,65.08112298576887,15.081122985768872,12242.0,169.0,14.0,6185.0,6185.0,5427.0,758.0,1367.0,4060.0,3010.0,208.0,6.910299003322259,304.0,2370.0,336.0,10.09966777408638,1865.0,1690.0,1865.0,90.6166219839142,175.0,9.383378016085793,1410.0,1585.0,88.9589905362776,175.0,11.041009463722398,2252.0,142.0,6.30550621669627,220.0,1783.0,249.0,9.769094138543515,1411.0,1287.0,1411.0,91.21190644932672,124.0,8.788093550673281,1071.0,1195.0,89.6234309623431,124.0,10.376569037656903,2019,3,4,excluir,False,True,False,regular,False,36.0,344.0,1138.0
18610,valido,18454.0,6141.0,165.0,12148.0,65.08112298576887,15.081122985768872,12242.0,169.0,14.0,6185.0,6185.0,5427.0,758.0,1367.0,4060.0,3959.0,330.0,8.335438241980299,456.0,3074.0,429.0,11.518060116190956,1865.0,1690.0,1865.0,90.6166219839142,175.0,9.383378016085793,1410.0,1585.0,88.9589905362776,175.0,11.041009463722398,2935.0,221.0,7.529812606473595,327.0,2299.0,309.0,11.141396933560475,1411.0,1287.0,1411.0,91.21190644932672,124.0,8.788093550673281,1071.0,1195.0,89.6234309623431,124.0,10.376569037656903,2019,3,4,cuenta_propia_precario,False,True,False,regular,False,36.0,344.0,1138.0
19035,valido,18857.0,7475.0,86.0,11296.0,59.90348411730392,9.903484117303918,11380.0,86.0,13.0,7556.0,7556.0,6781.0,775.0,1634.0,5147.0,5112.0,263.0,5.144757433489828,424.0,4304.0,384.0,8.294209702660407,2327.0,2147.0,2327.0,92.26471852170177,180.0,7.735281478298238,1954.0,2134.0,91.5651358950328,180.0,8.434864104967199,3852.0,194.0,5.036344755970924,333.0,3233.0,286.0,8.644859813084112,1753.0,1625.0,1753.0,92.69823160296636,128.0,7.301768397033657,1481.0,1609.0,92.0447482908639,128.0,7.955251709136109,2019,4,1,informal,False,False,False,regular,False,48.0,239.0,690.0
19035,valido,18857.0,7475.0,86.0,11296.0,59.90348411730392,9.903484117303918,11380.0,86.0,13.0,7556.0,7556.0,6781.0,775.0,1634.0,5147.0,5112.0,422.0,8.255086071987481,513.0,4090.0,509.0,10.035211267605634,2327.0,2147.0,2327.0,92.26471852170177,180.0,7.735281478298238,1954.0,2134.0,91.5651358950328,180.0,8.434864104967199,3852.0,320.0,8.307372793354102,406.0,3060.0,386.0,10.539979231568015,1753.0,1625.0,1753.0,92.69823160296636,128.0,7.301768397033657,1481.0,1609.0,92.0447482908639,128.0,7.955251709136109,2019,4,1,categoria_propia,False,False,False,regular,False,48.0,239.0,690.0
19035,valido,18857.0,7475.0,86.0,11296.0,59.90348411730392,9.903484117303918,11380.0,86.0,13.0,7556.0,7556.0,6781.0,775.0,1634.0,5147.0,4015.0,255.0,6.35118306351183,369.0,3303.0,343.0,9.190535491905354,2327.0,2147.0,2327.0,92.26471852170177,180.0,7.735281478298238,1954.0,2134.0,91.5651358950328,180.0,8.434864104967199,3073.0,195.0,6.345590628050765,298.0,2516.0,259.0,9.697364139277578,1753.0,1625.0,1753.0,92.69823160296636,128.0,7.301768397033657,1481.0,1609.0,92.0447482908639,128.0,7.955251709136109,2019,4,1,excluir,False,False,False,regular,False,48.0,239.0,690.0
19035,valido,18857.0,7475.0,86.0,11296.0,59.90348411730392,9.903484117303918,11380.0,86.0,13.0,7556.0,7556.0,6781.0,775.0,1634.0,5147.0,5112.0,383.0,7.492175273865414,536.0,4119.0,457.0,10.485133020344287,2327.0,2147.0,2327.0,92.26471852170177,180.0,7.735281478298238,1954.0,2134.0,91.5651358950328,180.0,8.434864104967199,3852.0,276.0,7.165109034267913,408.0,3116.0,328.0,10.59190031152648,1753.0,1625.0,1753.0,92.69823160296636,128.0,7.301768397033657,1481.0,1609.0,92.0447482908639,128.0,7.955251709136109,2019,4,1,cuenta_propia_precario,False,False,False,regular,False,48.0,239.0,690.0
19035,valido,18857.0,6501.0,74.0,12282.0,65.13231160842128,15.132311608421276,12391.0,74.0,28.0,6542.0,6542.0,5685.0,857.0,1439.0,4246.0,4173.0,289.0,6.925473280613468,415.0,3378.0,380.0,9.944883776659475,2003.0,1790.0,2003.0,89.36595107338991,213.0,10.634048926610085,1534.0,1747.0,87.80767029192901,213.0,12.19232970807098,3129.0,206.0,6.583573026526047,298.0,2549.0,282.0,9.523809523809524,1519.0,1360.0,1519.0,89.53258722843977,159.0,10.467412771560236,1162.0,1321.0,87.96366389099167,159.0,12.036336109008326,2019,4,4,informal,False,False,False,regular,False,35.0,321.0,1218.0
19035,valido,18857.0,6501.0,74.0,12282.0,65.13231160842128,15.132311608421276,12391.0,74.0,28.0,6542.0,6542.0,5685.0,857.0,1439.0,4246.0,4173.0,386.0,9.249940091061587,467.0,3166.0,540.0,11.190989695662592,2003.0,1790.0,2003.0,89.36595107338991,213.0,10.634048926610085,1534.0,1747.0,87.80767029192901,213.0,12.19232970807098,3129.0,289.0,9.23617769255353,352.0,2368.0,409.0,11.249600511345475,1519.0,1360.0,1519.0,89.53258722843977,159.0,10.467412771560236,1162.0,1321.0,87.96366389099167,159.0,12.036336109008326,2019,4,4,categoria_propia,False,False,False,regular,False,35.0,321.0,1218.0
19035,valido,18857.0,6501.0,74.0,12282.0,65.13231160842128,15.132311608421276,12391.0,74.0,28.0,6542.0,6542.0,5685.0,857.0,1439.0,4246.0,3174.0,251.0,7.908002520478891,339.0,2490.0,345.0,10.680529300567107,2003.0,1790.0,2003.0,89.36595107338991,213.0,10.634048926610085,1534.0,1747.0,87.80767029192901,213.0,12.19232970807098,2424.0,187.0,7.714521452145214,251.0,1908.0,265.0,10.354785478547855,1519.0,1360.0,1519.0,89.53258722843977,159.0,10.467412771560236,1162.0,1321.0,87.96366389099167,159.0,12.036336109008326,2019,4,4,excluir,False,False,False,regular,False,35.0,321.0,1218.0
19035,valido,18857.0,6501.0,74.0,12282.0,65.13231160842128,15.132311608421276,12391.0,74.0,28.0,6542.0,6542.0,5685.0,857.0,1439.0,4246.0,4173.0,381.0,9.130122214234364,503.0,3241.0,429.0,12.053678408818596,2003.0,1790.0,2003.0,89.36595107338991,213.0,10.634048926610085,1534.0,1747.0,87.80767029192901,213.0,12.19232970807098,3129.0,265.0,8.469159475870885,356.0,2449.0,324.0,11.377436880792583,1519.0,1360.0,1519.0,89.53258722843977,159.0,10.467412771560236,1162.0,1321.0,87.96366389099167,159.0,12.036336109008326,2019,4,4,cuenta_propia_precario,False,False,False,regular,False,35.0,321.0,1218.0
16845,valido,16670.0,5998.0,27.0,10645.0,63.85722855428914,13.857228554289144,10754.0,28.0,17.0,6046.0,6046.0,5482.0,564.0,1315.0,4167.0,3858.0,216.0,5.598755832037325,385.0,3182.0,291.0,9.97926386728875,1881.0,1741.0,1881.0,92.5571504518873,140.0,7.442849548112706,1290.0,1430.0,90.2097902097902,140.0,9.79020979020979,2918.0,156.0,5.346127484578479,279.0,2436.0,203.0,9.56134338588074,1405.0,1306.0,1405.0,92.95373665480427,99.0,7.0462633451957295,977.0,1076.0,90.7992565055762,99.0,9.200743494423792,2020,1,1,informal,False,False,False,regular,False,13.0,285.0,517.0
16845,valido,16670.0,5998.0,27.0,10645.0,63.85722855428914,13.857228554289144,10754.0,28.0,17.0,6046.0,6046.0,5482.0,564.0,1315.0,4167.0,3858.0,306.0,7.931570762052877,419.0,3061.0,378.0,10.860549507516849,1881.0,1741.0,1881.0,92.5571504518873,140.0,7.442849548112706,1290.0,1430.0,90.2097902097902,140.0,9.79020979020979,2918.0,219.0,7.50514050719671,296.0,2346.0,276.0,10.143934201507882,1405.0,1306.0,1405.0,92.95373665480427,99.0,7.0462633451957295,977.0,1076.0,90.7992565055762,99.0,9.200743494423792,2020,1,1,categoria_propia,False,False,False,regular,False,13.0,285.0,517.0
16845,valido,16670.0,5998.0,27.0,10645.0,63.85722855428914,13.857228554289144,10754.0,28.0,17.0,6046.0,6046.0,5482.0,564.0,1315.0,4167.0,3076.0,203.0,6.599479843953186,332.0,2497.0,247.0,10.793237971391417,1881.0,1741.0,1881.0,92.5571504518873,140.0,7.442849548112706,1290.0,1430.0,90.2097902097902,140.0,9.79020979020979,2351.0,147.0,6.252658443215653,237.0,1938.0,176.0,10.080816673755848,1405.0,1306.0,1405.0,92.95373665480427,99.0,7.0462633451957295,977.0,1076.0,90.7992565055762,99.0,9.200743494423792,2020,1,1,excluir,False,False,False,regular,False,13.0,285.0,517.0
16845,valido,16670.0,5998.0,27.0,10645.0,63.85722855428914,13.857228554289144,10754.0,28.0,17.0,6046.0,6046.0,5482.0,564.0,1315.0,4167.0,3858.0,300.0,7.776049766718507,460.0,3076.0,322.0,11.923276308968378,1881.0,1741.0,1881.0,92.5571504518873,140.0,7.442849548112706,1290.0,1430.0,90.2097902097902,140.0,9.79020979020979,2918.0,209.0,7.162440027416039,326.0,2367.0,225.0,11.172035640849897,1405.0,1306.0,1405.0,92.95373665480427,99.0,7.0462633451957295,977.0,1076.0,90.7992565055762,99.0,9.200743494423792,2020,1,1,cuenta_propia_precario,False,False,False,regular,False,13.0,285.0,517.0
16845,valido,16670.0,6329.0,207.0,10134.0,60.79184163167366,10.791841631673664,10219.0,208.0,36.0,6382.0,6382.0,5690.0,692.0,1479.0,4211.0,4206.0,273.0,6.490727532097004,407.0,3394.0,405.0,9.676652401331433,2001.0,1804.0,2001.0,90.15492253873064,197.0,9.845077461269366,1596.0,1793.0,89.01282766313442,197.0,10.987172336865587,3065.0,185.0,6.035889070146819,287.0,2489.0,289.0,9.36378466557912,1482.0,1350.0,1482.0,91.09311740890688,132.0,8.906882591093117,1189.0,1321.0,90.00757002271007,132.0,9.992429977289932,2020,1,4,informal,False,False,False,regular,False,41.0,283.0,1115.0
16845,valido,16670.0,6329.0,207.0,10134.0,60.79184163167366,10.791841631673664,10219.0,208.0,36.0,6382.0,6382.0,5690.0,692.0,1479.0,4211.0,4206.0,399.0,9.48644793152639,487.0,3137.0,582.0,11.578697099381836,2001.0,1804.0,2001.0,90.15492253873064,197.0,9.845077461269366,1596.0,1793.0,89.01282766313442,197.0,10.987172336865587,3065.0,291.0,9.494290375203915,357.0,2289.0,419.0,11.647634584013051,1482.0,1350.0,1482.0,91.09311740890688,132.0,8.906882591093117,1189.0,1321.0,90.00757002271007,132.0,9.992429977289932,2020,1,4,categoria_propia,False,False,False,regular,False,41.0,283.0,1115.0
16845,valido,16670.0,6329.0,207.0,10134.0,60.79184163167366,10.791841631673664,10219.0,208.0,36.0,6382.0,6382.0,5690.0,692.0,1479.0,4211.0,3175.0,241.0,7.590551181102362,343.0,2446.0,386.0,10.803149606299211,2001.0,1804.0,2001.0,90.15492253873064,197.0,9.845077461269366,1596.0,1793.0,89.01282766313442,197.0,10.987172336865587,2362.0,177.0,7.493649449618967,253.0,1834.0,275.0,10.711261642675698,1482.0,1350.0,1482.0,91.09311740890688,132.0,8.906882591093117,1189.0,1321.0,90.00757002271007,132.0,9.992429977289932,2020,1,4,excluir,False,False,False,regular,False,41.0,283.0,1115.0
16845,valido,16670.0,6329.0,207.0,10134.0,60.79184163167366,10.791841631673664,10219.0,208.0,36.0,6382.0,6382.0,5690.0,692.0,1479.0,4211.0,4206.0,348.0,8.273894436519258,472.0,3255.0,479.0,11.222063718497385,2001.0,1804.0,2001.0,90.15492253873064,197.0,9.845077461269366,1596.0,1793.0,89.01282766313442,197.0,10.987172336865587,3065.0,231.0,7.536704730831974,324.0,2401.0,340.0,10.570962479608482,1482.0,1350.0,1482.0,91.09311740890688,132.0,8.906882591093117,1189.0,1321.0,90.00757002271007,132.0,9.992429977289932,2020,1,4,cuenta_propia_precario,False,False,False,regular,False,41.0,283.0,1115.0
11976,valido,11841.0,4228.0,29.0,7584.0,63.44039848849193,13.44039848849193,7654.0,29.0,11.0,4282.0,4282.0,3870.0,412.0,854.0,3016.0,2689.0,112.0,4.165117143919673,160.0,2299.0,230.0,5.950167348456676,1183.0,1097.0,1183.0,92.73034657650042,86.0,7.2696534234995775,974.0,1060.0,91.8867924528302,86.0,8.11320754716981,2081.0,87.0,4.180682364247958,131.0,1777.0,173.0,6.295050456511293,944.0,883.0,944.0,93.53813559322032,61.0,6.461864406779661,778.0,839.0,92.72943980929678,61.0,7.270560190703218,2020,2,1,informal,False,True,False,regular,False,23.0,95.0,383.0
11976,valido,11841.0,4228.0,29.0,7584.0,63.44039848849193,13.44039848849193,7654.0,29.0,11.0,4282.0,4282.0,3870.0,412.0,854.0,3016.0,2689.0,206.0,7.66084046113797,229.0,2187.0,273.0,8.516177017478617,1183.0,1097.0,1183.0,92.73034657650042,86.0,7.2696534234995775,974.0,1060.0,91.8867924528302,86.0,8.11320754716981,2081.0,172.0,8.26525708793849,193.0,1680.0,208.0,9.274387313791449,944.0,883.0,944.0,93.53813559322032,61.0,6.461864406779661,778.0,839.0,92.72943980929678,61.0,7.270560190703218,2020,2,1,categoria_propia,False,True,False,regular,False,23.0,95.0,383.0
11976,valido,11841.0,4228.0,29.0,7584.0,63.44039848849193,13.44039848849193,7654.0,29.0,11.0,4282.0,4282.0,3870.0,412.0,854.0,3016.0,2083.0,113.0,5.4248679788766205,138.0,1748.0,197.0,6.625060009601536,1183.0,1097.0,1183.0,92.73034657650042,86.0,7.2696534234995775,974.0,1060.0,91.8867924528302,86.0,8.11320754716981,1608.0,91.0,5.659203980099503,112.0,1351.0,145.0,6.965174129353234,944.0,883.0,944.0,93.53813559322032,61.0,6.461864406779661,778.0,839.0,92.72943980929678,61.0,7.270560190703218,2020,2,1,excluir,False,True,False,regular,False,23.0,95.0,383.0
11976,valido,11841.0,4228.0,29.0,7584.0,63.44039848849193,13.44039848849193,7654.0,29.0,11.0,4282.0,4282.0,3870.0,412.0,854.0,3016.0,2689.0,150.0,5.578281889178133,196.0,2226.0,267.0,7.288955001859427,1183.0,1097.0,1183.0,92.73034657650042,86.0,7.2696534234995775,974.0,1060.0,91.8867924528302,86.0,8.11320754716981,2081.0,117.0,5.622296972609322,159.0,1718.0,204.0,7.640557424315233,944.0,883.0,944.0,93.53813559322032,61.0,6.461864406779661,778.0,839.0,92.72943980929678,61.0,7.270560190703218,2020,2,1,cuenta_propia_precario,False,True,False,regular,False,23.0,95.0,383.0
11976,valido,11841.0,4262.0,162.0,7417.0,62.63829068490837,12.63829068490837,7480.0,162.0,25.0,4309.0,4309.0,3800.0,509.0,834.0,2966.0,2691.0,158.0,5.87142326272761,217.0,2171.0,303.0,8.063916759568933,1152.0,1012.0,1152.0,87.84722222222223,140.0,12.15277777777778,936.0,1076.0,86.98884758364312,140.0,13.011152416356875,2071.0,111.0,5.3597295992274265,160.0,1684.0,227.0,7.72573635924674,892.0,783.0,892.0,87.78026905829596,109.0,12.219730941704036,724.0,833.0,86.91476590636255,109.0,13.085234093637457,2020,2,4,informal,False,False,False,regular,False,20.0,130.0,855.0
11976,valido,11841.0,4262.0,162.0,7417.0,62.63829068490837,12.63829068490837,7480.0,162.0,25.0,4309.0,4309.0,3800.0,509.0,834.0,2966.0,2691.0,251.0,9.327387588257151,281.0,2062.0,348.0,10.442214790040875,1152.0,1012.0,1152.0,87.84722222222223,140.0,12.15277777777778,936.0,1076.0,86.98884758364312,140.0,13.011152416356875,2071.0,197.0,9.51231289232255,223.0,1585.0,263.0,10.767745050700144,892.0,783.0,892.0,87.78026905829596,109.0,12.219730941704036,724.0,833.0,86.91476590636255,109.0,13.085234093637457,2020,2,4,categoria_propia,False,False,False,regular,False,20.0,130.0,855.0
11976,valido,11841.0,4262.0,162.0,7417.0,62.63829068490837,12.63829068490837,7480.0,162.0,25.0,4309.0,4309.0,3800.0,509.0,834.0,2966.0,2077.0,142.0,6.836783822821377,181.0,1632.0,264.0,8.714492055849783,1152.0,1012.0,1152.0,87.84722222222223,140.0,12.15277777777778,936.0,1076.0,86.98884758364312,140.0,13.011152416356875,1622.0,109.0,6.720098643649815,140.0,1280.0,202.0,8.631319358816276,892.0,783.0,892.0,87.78026905829596,109.0,12.219730941704036,724.0,833.0,86.91476590636255,109.0,13.085234093637457,2020,2,4,excluir,False,False,False,regular,False,20.0,130.0,855.0
11976,valido,11841.0,4262.0,162.0,7417.0,62.63829068490837,12.63829068490837,7480.0,162.0,25.0,4309.0,4309.0,3800.0,509.0,834.0,2966.0,2691.0,198.0,7.357859531772576,252.0,2086.0,353.0,9.364548494983278,1152.0,1012.0,1152.0,87.84722222222223,140.0,12.15277777777778,936.0,1076.0,86.98884758364312,140.0,13.011152416356875,2071.0,142.0,6.856591018831482,188.0,1625.0,258.0,9.07774022211492,892.0,783.0,892.0,87.78026905829596,109.0,12.219730941704036,724.0,833.0,86.91476590636255,109.0,13.085234093637457,2020,2,4,cuenta_propia_precario,False,False,False,regular,False,20.0,130.0,855.0
13503,valido,13369.0,5963.0,2.0,7404.0,55.38185354177575,5.381853541775747,7481.0,2.0,6.0,6014.0,6014.0,5382.0,632.0,1232.0,4150.0,4017.0,179.0,4.456061737615135,263.0,3449.0,305.0,6.547174508339557,1860.0,1726.0,1860.0,92.79569892473118,134.0,7.204301075268817,1602.0,1736.0,92.28110599078342,134.0,7.71889400921659,3092.0,138.0,4.463130659767141,206.0,2655.0,231.0,6.66235446313066,1453.0,1347.0,1453.0,92.70474879559532,106.0,7.29525120440468,1253.0,1359.0,92.2001471670346,106.0,7.799852832965415,2020,3,1,informal,False,False,False,regular,False,37.0,127.0,511.0
13503,valido,13369.0,5963.0,2.0,7404.0,55.38185354177575,5.381853541775747,7481.0,2.0,6.0,6014.0,6014.0,5382.0,632.0,1232.0,4150.0,4017.0,342.0,8.513816280806573,384.0,3262.0,371.0,9.559372666168782,1860.0,1726.0,1860.0,92.79569892473118,134.0,7.204301075268817,1602.0,1736.0,92.28110599078342,134.0,7.71889400921659,3092.0,273.0,8.829236739974126,305.0,2500.0,287.0,9.864165588615784,1453.0,1347.0,1453.0,92.70474879559532,106.0,7.29525120440468,1253.0,1359.0,92.2001471670346,106.0,7.799852832965415,2020,3,1,categoria_propia,False,False,False,regular,False,37.0,127.0,511.0
13503,valido,13369.0,5963.0,2.0,7404.0,55.38185354177575,5.381853541775747,7481.0,2.0,6.0,6014.0,6014.0,5382.0,632.0,1232.0,4150.0,3036.0,188.0,6.19235836627141,239.0,2553.0,244.0,7.872200263504611,1860.0,1726.0,1860.0,92.79569892473118,134.0,7.204301075268817,1602.0,1736.0,92.28110599078342,134.0,7.71889400921659,2341.0,148.0,6.322084579239641,187.0,1969.0,185.0,7.988039299444682,1453.0,1347.0,1453.0,92.70474879559532,106.0,7.29525120440468,1253.0,1359.0,92.2001471670346,106.0,7.799852832965415,2020,3,1,excluir,False,False,False,regular,False,37.0,127.0,511.0
13503,valido,13369.0,5963.0,2.0,7404.0,55.38185354177575,5.381853541775747,7481.0,2.0,6.0,6014.0,6014.0,5382.0,632.0,1232.0,4150.0,4017.0,253.0,6.298232511824745,332.0,3327.0,358.0,8.26487428429176,1860.0,1726.0,1860.0,92.79569892473118,134.0,7.204301075268817,1602.0,1736.0,92.28110599078342,134.0,7.71889400921659,3092.0,194.0,6.274256144890039,259.0,2566.0,267.0,8.376455368693403,1453.0,1347.0,1453.0,92.70474879559532,106.0,7.29525120440468,1253.0,1359.0,92.2001471670346,106.0,7.799852832965415,2020,3,1,cuenta_propia_precario,False,False,False,regular,False,37.0,127.0,511.0
13503,valido,13369.0,5025.0,246.0,8098.0,60.572967312439225,10.572967312439223,8164.0,247.0,14.0,5078.0,5078.0,4480.0,598.0,1093.0,3387.0,3300.0,200.0,6.0606060606060606,247.0,2657.0,396.0,7.484848484848484,1570.0,1376.0,1570.0,87.64331210191082,194.0,12.356687898089172,1248.0,1442.0,86.54646324549238,194.0,13.453536754507628,2490.0,151.0,6.06425702811245,183.0,2017.0,290.0,7.349397590361446,1186.0,1042.0,1186.0,87.85834738617201,144.0,12.141652613827992,942.0,1086.0,86.74033149171271,144.0,13.259668508287293,2020,3,4,informal,False,False,False,regular,False,27.0,162.0,977.0
13503,valido,13369.0,5025.0,246.0,8098.0,60.572967312439225,10.572967312439223,8164.0,247.0,14.0,5078.0,5078.0,4480.0,598.0,1093.0,3387.0,3300.0,323.0,9.787878787878787,349.0,2527.0,424.0,10.575757575757576,1570.0,1376.0,1570.0,87.64331210191082,194.0,12.356687898089172,1248.0,1442.0,86.54646324549238,194.0,13.453536754507628,2490.0,252.0,10.120481927710845,270.0,1899.0,321.0,10.843373493975903,1186.0,1042.0,1186.0,87.85834738617201,144.0,12.141652613827992,942.0,1086.0,86.74033149171271,144.0,13.259668508287293,2020,3,4,categoria_propia,False,False,False,regular,False,27.0,162.0,977.0
13503,valido,13369.0,5025.0,246.0,8098.0,60.572967312439225,10.572967312439223,8164.0,247.0,14.0,5078.0,5078.0,4480.0,598.0,1093.0,3387.0,2468.0,169.0,6.8476499189627225,201.0,1963.0,304.0,8.144246353322528,1570.0,1376.0,1570.0,87.64331210191082,194.0,12.356687898089172,1248.0,1442.0,86.54646324549238,194.0,13.453536754507628,1885.0,134.0,7.108753315649867,157.0,1503.0,225.0,8.328912466843502,1186.0,1042.0,1186.0,87.85834738617201,144.0,12.141652613827992,942.0,1086.0,86.74033149171271,144.0,13.259668508287293,2020,3,4,excluir,False,False,False,regular,False,27.0,162.0,977.0
13503,valido,13369.0,5025.0,246.0,8098.0,60.572967312439225,10.572967312439223,8164.0,247.0,14.0,5078.0,5078.0,4480.0,598.0,1093.0,3387.0,3300.0,243.0,7.363636363636363,289.0,2562.0,449.0,8.757575757575758,1570.0,1376.0,1570.0,87.64331210191082,194.0,12.356687898089172,1248.0,1442.0,86.54646324549238,194.0,13.453536754507628,2490.0,180.0,7.228915662650603,211.0,1950.0,329.0,8.473895582329318,1186.0,1042.0,1186.0,87.85834738617201,144.0,12.141652613827992,942.0,1086.0,86.74033149171271,144.0,13.259668508287293,2020,3,4,cuenta_propia_precario,False,False,False,regular,False,27.0,162.0,977.0
14442,valido,14310.0,5845.0,70.0,8395.0,58.665269042627536,8.665269042627536,8465.0,70.0,14.0,5893.0,5893.0,5316.0,577.0,1385.0,3931.0,3901.0,170.0,4.357856959753909,257.0,3336.0,308.0,6.588054345039733,1796.0,1646.0,1796.0,91.64810690423162,150.0,8.351893095768375,1517.0,1667.0,91.00179964007198,150.0,8.998200359928015,2873.0,116.0,4.03759136790811,182.0,2492.0,199.0,6.334841628959276,1326.0,1236.0,1326.0,93.21266968325791,90.0,6.787330316742081,1136.0,1226.0,92.6590538336052,90.0,7.3409461663947795,2020,4,1,informal,False,False,False,regular,False,24.0,147.0,490.0
14442,valido,14310.0,5845.0,70.0,8395.0,58.665269042627536,8.665269042627536,8465.0,70.0,14.0,5893.0,5893.0,5316.0,577.0,1385.0,3931.0,3901.0,309.0,7.921045885670341,355.0,3157.0,389.0,9.10023071007434,1796.0,1646.0,1796.0,91.64810690423162,150.0,8.351893095768375,1517.0,1667.0,91.00179964007198,150.0,8.998200359928015,2873.0,222.0,7.727114514444831,253.0,2341.0,279.0,8.806126000696137,1326.0,1236.0,1326.0,93.21266968325791,90.0,6.787330316742081,1136.0,1226.0,92.6590538336052,90.0,7.3409461663947795,2020,4,1,categoria_propia,False,False,False,regular,False,24.0,147.0,490.0
14442,valido,14310.0,5845.0,70.0,8395.0,58.665269042627536,8.665269042627536,8465.0,70.0,14.0,5893.0,5893.0,5316.0,577.0,1385.0,3931.0,2997.0,174.0,5.8058058058058055,228.0,2514.0,255.0,7.607607607607608,1796.0,1646.0,1796.0,91.64810690423162,150.0,8.351893095768375,1517.0,1667.0,91.00179964007198,150.0,8.998200359928015,2234.0,126.0,5.640107430617726,162.0,1898.0,174.0,7.251566696508505,1326.0,1236.0,1326.0,93.21266968325791,90.0,6.787330316742081,1136.0,1226.0,92.6590538336052,90.0,7.3409461663947795,2020,4,1,excluir,False,False,False,regular,False,24.0,147.0,490.0
14442,valido,14310.0,5845.0,70.0,8395.0,58.665269042627536,8.665269042627536,8465.0,70.0,14.0,5893.0,5893.0,5316.0,577.0,1385.0,3931.0,3901.0,216.0,5.537041784157908,299.0,3240.0,362.0,7.664701358625994,1796.0,1646.0,1796.0,91.64810690423162,150.0,8.351893095768375,1517.0,1667.0,91.00179964007198,150.0,8.998200359928015,2873.0,144.0,5.012182387747998,207.0,2424.0,242.0,7.205012182387748,1326.0,1236.0,1326.0,93.21266968325791,90.0,6.787330316742081,1136.0,1226.0,92.6590538336052,90.0,7.3409461663947795,2020,4,1,cuenta_propia_precario,False,False,False,regular,False,24.0,147.0,490.0
14442,valido,14310.0,5537.0,252.0,8521.0,59.54577218728162,9.54577218728162,8583.0,252.0,27.0,5580.0,5580.0,4885.0,695.0,1361.0,3524.0,3588.0,196.0,5.4626532887402455,264.0,2917.0,407.0,7.357859531772576,1731.0,1519.0,1731.0,87.7527440785673,212.0,12.247255921432698,1386.0,1598.0,86.7334167709637,212.0,13.266583229036296,2567.0,138.0,5.375925204518894,183.0,2109.0,275.0,7.128944292948968,1286.0,1132.0,1286.0,88.0248833592535,154.0,11.9751166407465,1039.0,1193.0,87.09136630343671,154.0,12.908633696563284,2020,4,4,informal,False,False,False,regular,False,37.0,193.0,1110.0
14442,valido,14310.0,5537.0,252.0,8521.0,59.54577218728162,9.54577218728162,8583.0,252.0,27.0,5580.0,5580.0,4885.0,695.0,1361.0,3524.0,3588.0,339.0,9.448160535117056,373.0,2767.0,448.0,10.39576365663322,1731.0,1519.0,1731.0,87.7527440785673,212.0,12.247255921432698,1386.0,1598.0,86.7334167709637,212.0,13.266583229036296,2567.0,246.0,9.583171016751072,268.0,1987.0,312.0,10.440202571094662,1286.0,1132.0,1286.0,88.0248833592535,154.0,11.9751166407465,1039.0,1193.0,87.09136630343671,154.0,12.908633696563284,2020,4,4,categoria_propia,False,False,False,regular,False,37.0,193.0,1110.0
14442,valido,14310.0,5537.0,252.0,8521.0,59.54577218728162,9.54577218728162,8583.0,252.0,27.0,5580.0,5580.0,4885.0,695.0,1361.0,3524.0,2662.0,187.0,7.024793388429752,230.0,2117.0,315.0,8.640120210368144,1731.0,1519.0,1731.0,87.7527440785673,212.0,12.247255921432698,1386.0,1598.0,86.7334167709637,212.0,13.266583229036296,1901.0,136.0,7.154129405576013,165.0,1524.0,212.0,8.67964229352972,1286.0,1132.0,1286.0,88.0248833592535,154.0,11.9751166407465,1039.0,1193.0,87.09136630343671,154.0,12.908633696563284,2020,4,4,excluir,False,False,False,regular,False,37.0,193.0,1110.0
14442,valido,14310.0,5537.0,252.0,8521.0,59.54577218728162,9.54577218728162,8583.0,252.0,27.0,5580.0,5580.0,4885.0,695.0,1361.0,3524.0,3588.0,258.0,7.190635451505017,322.0,2802.0,464.0,8.974358974358974,1731.0,1519.0,1731.0,87.7527440785673,212.0,12.247255921432698,1386.0,1598.0,86.7334167709637,212.0,13.266583229036296,2567.0,178.0,6.934164394234515,220.0,2030.0,317.0,8.570315543435918,1286.0,1132.0,1286.0,88.0248833592535,154.0,11.9751166407465,1039.0,1193.0,87.09136630343671,154.0,12.908633696563284,2020,4,4,cuenta_propia_precario,False,False,False,regular,False,37.0,193.0,1110.0
15423,valido,15263.0,6871.0,73.0,8319.0,54.504356941623534,4.504356941623534,8398.0,73.0,11.0,6941.0,6941.0,6293.0,648.0,1595.0,4698.0,4702.0,239.0,5.082943428328371,361.0,3929.0,412.0,7.677584006805614,2236.0,2033.0,2236.0,90.92128801431129,203.0,9.078711985688727,1864.0,2067.0,90.17900338655056,203.0,9.820996613449443,3479.0,168.0,4.82897384305835,261.0,2915.0,303.0,7.502155791894222,1649.0,1502.0,1649.0,91.08550636749546,147.0,8.914493632504549,1376.0,1523.0,90.34799737360473,147.0,9.652002626395271,2021,1,1,informal,False,False,False,regular,False,22.0,183.0,629.0
15423,valido,15263.0,6871.0,73.0,8319.0,54.504356941623534,4.504356941623534,8398.0,73.0,11.0,6941.0,6941.0,6293.0,648.0,1595.0,4698.0,4702.0,389.0,8.273075287111867,466.0,3709.0,527.0,9.910676307954065,2236.0,2033.0,2236.0,90.92128801431129,203.0,9.078711985688727,1864.0,2067.0,90.17900338655056,203.0,9.820996613449443,3479.0,277.0,7.962058062661685,335.0,2751.0,393.0,9.629203794193732,1649.0,1502.0,1649.0,91.08550636749546,147.0,8.914493632504549,1376.0,1523.0,90.34799737360473,147.0,9.652002626395271,2021,1,1,categoria_propia,False,False,False,regular,False,22.0,183.0,629.0
15423,valido,15263.0,6871.0,73.0,8319.0,54.504356941623534,4.504356941623534,8398.0,73.0,11.0,6941.0,6941.0,6293.0,648.0,1595.0,4698.0,3616.0,219.0,6.05641592920354,312.0,2966.0,338.0,8.628318584070797,2236.0,2033.0,2236.0,90.92128801431129,203.0,9.078711985688727,1864.0,2067.0,90.17900338655056,203.0,9.820996613449443,2711.0,156.0,5.754334194024345,228.0,2231.0,252.0,8.410180745112505,1649.0,1502.0,1649.0,91.08550636749546,147.0,8.914493632504549,1376.0,1523.0,90.34799737360473,147.0,9.652002626395271,2021,1,1,excluir,False,False,False,regular,False,22.0,183.0,629.0
15423,valido,15263.0,6871.0,73.0,8319.0,54.504356941623534,4.504356941623534,8398.0,73.0,11.0,6941.0,6941.0,6293.0,648.0,1595.0,4698.0,4702.0,310.0,6.592939174819226,427.0,3788.0,487.0,9.081242024670352,2236.0,2033.0,2236.0,90.92128801431129,203.0,9.078711985688727,1864.0,2067.0,90.17900338655056,203.0,9.820996613449443,3479.0,217.0,6.237424547283702,305.0,2815.0,359.0,8.766887036504743,1649.0,1502.0,1649.0,91.08550636749546,147.0,8.914493632504549,1376.0,1523.0,90.34799737360473,147.0,9.652002626395271,2021,1,1,cuenta_propia_precario,False,False,False,regular,False,22.0,183.0,629.0
15423,valido,15263.0,5806.0,257.0,9200.0,60.27648561881674,10.276485618816745,9289.0,257.0,16.0,5861.0,5861.0,5212.0,649.0,1410.0,3802.0,3775.0,208.0,5.509933774834437,280.0,3073.0,422.0,7.417218543046357,1810.0,1584.0,1810.0,87.51381215469613,226.0,12.486187845303869,1415.0,1641.0,86.2279098110908,226.0,13.772090188909202,2745.0,148.0,5.391621129326047,195.0,2267.0,283.0,7.103825136612022,1305.0,1154.0,1305.0,88.42911877394636,151.0,11.57088122605364,1042.0,1193.0,87.3428331936295,151.0,12.657166806370494,2021,1,4,informal,False,False,False,regular,False,26.0,241.0,1050.0
15423,valido,15263.0,5806.0,257.0,9200.0,60.27648561881674,10.276485618816745,9289.0,257.0,16.0,5861.0,5861.0,5212.0,649.0,1410.0,3802.0,3775.0,370.0,9.80132450331126,406.0,2891.0,478.0,10.754966887417218,1810.0,1584.0,1810.0,87.51381215469613,226.0,12.486187845303869,1415.0,1641.0,86.2279098110908,226.0,13.772090188909202,2745.0,266.0,9.690346083788707,291.0,2124.0,330.0,10.601092896174864,1305.0,1154.0,1305.0,88.42911877394636,151.0,11.57088122605364,1042.0,1193.0,87.3428331936295,151.0,12.657166806370494,2021,1,4,categoria_propia,False,False,False,regular,False,26.0,241.0,1050.0
15423,valido,15263.0,5806.0,257.0,9200.0,60.27648561881674,10.276485618816745,9289.0,257.0,16.0,5861.0,5861.0,5212.0,649.0,1410.0,3802.0,2875.0,180.0,6.260869565217392,225.0,2297.0,353.0,7.826086956521739,1810.0,1584.0,1810.0,87.51381215469613,226.0,12.486187845303869,1415.0,1641.0,86.2279098110908,226.0,13.772090188909202,2116.0,129.0,6.09640831758034,160.0,1711.0,245.0,7.561436672967864,1305.0,1154.0,1305.0,88.42911877394636,151.0,11.57088122605364,1042.0,1193.0,87.3428331936295,151.0,12.657166806370494,2021,1,4,excluir,False,False,False,regular,False,26.0,241.0,1050.0
15423,valido,15263.0,5806.0,257.0,9200.0,60.27648561881674,10.276485618816745,9289.0,257.0,16.0,5861.0,5861.0,5212.0,649.0,1410.0,3802.0,3775.0,266.0,7.046357615894039,338.0,2958.0,479.0,8.95364238410596,1810.0,1584.0,1810.0,87.51381215469613,226.0,12.486187845303869,1415.0,1641.0,86.2279098110908,226.0,13.772090188909202,2745.0,188.0,6.848816029143898,235.0,2186.0,324.0,8.561020036429872,1305.0,1154.0,1305.0,88.42911877394636,151.0,11.57088122605364,1042.0,1193.0,87.3428331936295,151.0,12.657166806370494,2021,1,4,cuenta_propia_precario,False,False,False,regular,False,26.0,241.0,1050.0
15620,valido,15473.0,6475.0,94.0,8904.0,57.54540166742067,7.54540166742067,8995.0,95.0,10.0,6520.0,6520.0,5852.0,668.0,1543.0,4309.0,4415.0,214.0,4.847112117780294,309.0,3713.0,393.0,6.998867497168743,1962.0,1782.0,1962.0,90.8256880733945,180.0,9.174311926605505,1662.0,1842.0,90.22801302931596,180.0,9.77198697068404,3202.0,155.0,4.840724547158026,218.0,2704.0,280.0,6.808244846970643,1440.0,1312.0,1440.0,91.11111111111111,128.0,8.88888888888889,1224.0,1352.0,90.53254437869822,128.0,9.467455621301776,2021,2,1,informal,False,False,False,regular,False,29.0,141.0,554.0
15620,valido,15473.0,6475.0,94.0,8904.0,57.54540166742067,7.54540166742067,8995.0,95.0,10.0,6520.0,6520.0,5852.0,668.0,1543.0,4309.0,4415.0,367.0,8.312570781426954,413.0,3542.0,460.0,9.354473386183466,1962.0,1782.0,1962.0,90.8256880733945,180.0,9.174311926605505,1662.0,1842.0,90.22801302931596,180.0,9.77198697068404,3202.0,256.0,7.995003123048095,289.0,2575.0,338.0,9.025608994378514,1440.0,1312.0,1440.0,91.11111111111111,128.0,8.88888888888889,1224.0,1352.0,90.53254437869822,128.0,9.467455621301776,2021,2,1,categoria_propia,False,False,False,regular,False,29.0,141.0,554.0
15620,valido,15473.0,6475.0,94.0,8904.0,57.54540166742067,7.54540166742067,8995.0,95.0,10.0,6520.0,6520.0,5852.0,668.0,1543.0,4309.0,3431.0,209.0,6.091518507723696,266.0,2835.0,330.0,7.752841737102885,1962.0,1782.0,1962.0,90.8256880733945,180.0,9.174311926605505,1662.0,1842.0,90.22801302931596,180.0,9.77198697068404,2517.0,147.0,5.840286054827176,187.0,2087.0,243.0,7.429479539133889,1440.0,1312.0,1440.0,91.11111111111111,128.0,8.88888888888889,1224.0,1352.0,90.53254437869822,128.0,9.467455621301776,2021,2,1,excluir,False,False,False,regular,False,29.0,141.0,554.0
15620,valido,15473.0,6475.0,94.0,8904.0,57.54540166742067,7.54540166742067,8995.0,95.0,10.0,6520.0,6520.0,5852.0,668.0,1543.0,4309.0,4415.0,294.0,6.65911664779162,385.0,3579.0,451.0,8.720271800679502,1962.0,1782.0,1962.0,90.8256880733945,180.0,9.174311926605505,1662.0,1842.0,90.22801302931596,180.0,9.77198697068404,3202.0,197.0,6.1524047470331045,259.0,2624.0,319.0,8.088694565896315,1440.0,1312.0,1440.0,91.11111111111111,128.0,8.88888888888889,1224.0,1352.0,90.53254437869822,128.0,9.467455621301776,2021,2,1,cuenta_propia_precario,False,False,False,regular,False,29.0,141.0,554.0
15620,valido,15473.0,6153.0,274.0,9046.0,58.46312932204485,8.46312932204485,9127.0,274.0,24.0,6195.0,6195.0,5470.0,725.0,1545.0,3925.0,3952.0,245.0,6.199392712550607,324.0,3160.0,468.0,8.19838056680162,1836.0,1581.0,1836.0,86.11111111111111,255.0,13.88888888888889,1418.0,1673.0,84.75791990436342,255.0,15.24208009563658,2824.0,166.0,5.878186968838527,227.0,2276.0,321.0,8.038243626062323,1275.0,1114.0,1275.0,87.37254901960785,161.0,12.627450980392156,1016.0,1177.0,86.32115548003398,161.0,13.678844519966017,2021,2,4,informal,False,False,False,regular,False,30.0,234.0,1176.0
15620,valido,15473.0,6153.0,274.0,9046.0,58.46312932204485,8.46312932204485,9127.0,274.0,24.0,6195.0,6195.0,5470.0,725.0,1545.0,3925.0,3952.0,388.0,9.817813765182189,436.0,3004.0,512.0,11.03238866396761,1836.0,1581.0,1836.0,86.11111111111111,255.0,13.88888888888889,1418.0,1673.0,84.75791990436342,255.0,15.24208009563658,2824.0,268.0,9.490084985835692,307.0,2144.0,373.0,10.871104815864022,1275.0,1114.0,1275.0,87.37254901960785,161.0,12.627450980392156,1016.0,1177.0,86.32115548003398,161.0,13.678844519966017,2021,2,4,categoria_propia,False,False,False,regular,False,30.0,234.0,1176.0
15620,valido,15473.0,6153.0,274.0,9046.0,58.46312932204485,8.46312932204485,9127.0,274.0,24.0,6195.0,6195.0,5470.0,725.0,1545.0,3925.0,2991.0,249.0,8.324974924774322,300.0,2310.0,381.0,10.030090270812437,1836.0,1581.0,1836.0,86.11111111111111,255.0,13.88888888888889,1418.0,1673.0,84.75791990436342,255.0,15.24208009563658,2165.0,165.0,7.621247113163972,207.0,1688.0,270.0,9.56120092378753,1275.0,1114.0,1275.0,87.37254901960785,161.0,12.627450980392156,1016.0,1177.0,86.32115548003398,161.0,13.678844519966017,2021,2,4,excluir,False,False,False,regular,False,30.0,234.0,1176.0
15620,valido,15473.0,6153.0,274.0,9046.0,58.46312932204485,8.46312932204485,9127.0,274.0,24.0,6195.0,6195.0,5470.0,725.0,1545.0,3925.0,3952.0,309.0,7.818825910931174,387.0,3031.0,534.0,9.79251012145749,1836.0,1581.0,1836.0,86.11111111111111,255.0,13.88888888888889,1418.0,1673.0,84.75791990436342,255.0,15.24208009563658,2824.0,205.0,7.259206798866855,264.0,2196.0,364.0,9.34844192634561,1275.0,1114.0,1275.0,87.37254901960785,161.0,12.627450980392156,1016.0,1177.0,86.32115548003398,161.0,13.678844519966017,2021,2,4,cuenta_propia_precario,False,False,False,regular,False,30.0,234.0,1176.0
16285,valido,16150.0,7307.0,96.0,8747.0,54.1609907120743,4.160990712074302,8814.0,97.0,19.0,7355.0,7355.0,6571.0,784.0,1856.0,4715.0,4938.0,291.0,5.893074119076549,393.0,4145.0,400.0,7.958687727825031,2306.0,2100.0,2306.0,91.06678230702516,206.0,8.933217692974848,1946.0,2152.0,90.4275092936803,206.0,9.572490706319703,3482.0,190.0,5.456634118322803,262.0,2946.0,274.0,7.52441125789776,1662.0,1519.0,1662.0,91.395908543923,143.0,8.604091456077017,1407.0,1550.0,90.7741935483871,143.0,9.225806451612904,2021,3,1,informal,False,False,False,regular,False,31.0,197.0,677.0
16285,valido,16150.0,7307.0,96.0,8747.0,54.1609907120743,4.160990712074302,8814.0,97.0,19.0,7355.0,7355.0,6571.0,784.0,1856.0,4715.0,4938.0,437.0,8.849736735520453,492.0,3951.0,495.0,9.963547995139733,2306.0,2100.0,2306.0,91.06678230702516,206.0,8.933217692974848,1946.0,2152.0,90.4275092936803,206.0,9.572490706319703,3482.0,299.0,8.58701895462378,338.0,2782.0,362.0,9.70706490522688,1662.0,1519.0,1662.0,91.395908543923,143.0,8.604091456077017,1407.0,1550.0,90.7741935483871,143.0,9.225806451612904,2021,3,1,categoria_propia,False,False,False,regular,False,31.0,197.0,677.0
16285,valido,16150.0,7307.0,96.0,8747.0,54.1609907120743,4.160990712074302,8814.0,97.0,19.0,7355.0,7355.0,6571.0,784.0,1856.0,4715.0,3763.0,254.0,6.749933563646027,324.0,3093.0,346.0,8.610151474887058,2306.0,2100.0,2306.0,91.06678230702516,206.0,8.933217692974848,1946.0,2152.0,90.4275092936803,206.0,9.572490706319703,2682.0,178.0,6.636838180462342,227.0,2212.0,243.0,8.463832960477255,1662.0,1519.0,1662.0,91.395908543923,143.0,8.604091456077017,1407.0,1550.0,90.7741935483871,143.0,9.225806451612904,2021,3,1,excluir,False,False,False,regular,False,31.0,197.0,677.0
16285,valido,16150.0,7307.0,96.0,8747.0,54.1609907120743,4.160990712074302,8814.0,97.0,19.0,7355.0,7355.0,6571.0,784.0,1856.0,4715.0,4938.0,352.0,7.128392061563386,451.0,4009.0,478.0,9.133252328878088,2306.0,2100.0,2306.0,91.06678230702516,206.0,8.933217692974848,1946.0,2152.0,90.4275092936803,206.0,9.572490706319703,3482.0,236.0,6.777713957495692,305.0,2853.0,324.0,8.759333716255027,1662.0,1519.0,1662.0,91.395908543923,143.0,8.604091456077017,1407.0,1550.0,90.7741935483871,143.0,9.225806451612904,2021,3,1,cuenta_propia_precario,False,False,False,regular,False,31.0,197.0,677.0
16285,valido,16150.0,6182.0,283.0,9685.0,59.969040247678016,9.969040247678016,9769.0,283.0,20.0,6213.0,6213.0,5461.0,752.0,1596.0,3865.0,3989.0,265.0,6.643268989721735,354.0,3205.0,430.0,8.874404612684883,1890.0,1643.0,1890.0,86.93121693121694,247.0,13.068783068783068,1453.0,1700.0,85.47058823529412,247.0,14.529411764705882,2762.0,193.0,6.987690079652426,257.0,2212.0,293.0,9.304851556842868,1324.0,1155.0,1324.0,87.2356495468278,169.0,12.764350453172206,1029.0,1198.0,85.89315525876461,169.0,14.106844741235392,2021,3,4,informal,False,False,False,regular,False,32.0,308.0,1215.0
16285,valido,16150.0,6182.0,283.0,9685.0,59.969040247678016,9.969040247678016,9769.0,283.0,20.0,6213.0,6213.0,5461.0,752.0,1596.0,3865.0,3989.0,383.0,9.601403860616696,438.0,3067.0,484.0,10.980195537728754,1890.0,1643.0,1890.0,86.93121693121694,247.0,13.068783068783068,1453.0,1700.0,85.47058823529412,247.0,14.529411764705882,2762.0,282.0,10.209992758870383,321.0,2107.0,334.0,11.622013034033309,1324.0,1155.0,1324.0,87.2356495468278,169.0,12.764350453172206,1029.0,1198.0,85.89315525876461,169.0,14.106844741235392,2021,3,4,categoria_propia,False,False,False,regular,False,32.0,308.0,1215.0
16285,valido,16150.0,6182.0,283.0,9685.0,59.969040247678016,9.969040247678016,9769.0,283.0,20.0,6213.0,6213.0,5461.0,752.0,1596.0,3865.0,3038.0,227.0,7.472021066491113,291.0,2401.0,346.0,9.57867017774852,1890.0,1643.0,1890.0,86.93121693121694,247.0,13.068783068783068,1453.0,1700.0,85.47058823529412,247.0,14.529411764705882,2122.0,170.0,8.011310084825636,215.0,1674.0,233.0,10.131950989632422,1324.0,1155.0,1324.0,87.2356495468278,169.0,12.764350453172206,1029.0,1198.0,85.89315525876461,169.0,14.106844741235392,2021,3,4,excluir,False,False,False,regular,False,32.0,308.0,1215.0
16285,valido,16150.0,6182.0,283.0,9685.0,59.969040247678016,9.969040247678016,9769.0,283.0,20.0,6213.0,6213.0,5461.0,752.0,1596.0,3865.0,3989.0,321.0,8.047129606417649,404.0,3082.0,503.0,10.127851591877665,1890.0,1643.0,1890.0,86.93121693121694,247.0,13.068783068783068,1453.0,1700.0,85.47058823529412,247.0,14.529411764705882,2762.0,231.0,8.36350470673425,291.0,2134.0,337.0,10.53584359160029,1324.0,1155.0,1324.0,87.2356495468278,169.0,12.764350453172206,1029.0,1198.0,85.89315525876461,169.0,14.106844741235392,2021,3,4,cuenta_propia_precario,False,False,False,regular,False,32.0,308.0,1215.0
17037,valido,16898.0,6915.0,83.0,9900.0,58.58681500769322,8.586815007693218,9973.0,83.0,14.0,6967.0,6967.0,6260.0,707.0,1758.0,4502.0,4643.0,229.0,4.932155933663579,322.0,3944.0,377.0,6.935171225500754,2108.0,1919.0,2108.0,91.03415559772296,189.0,8.96584440227704,1767.0,1956.0,90.33742331288344,189.0,9.662576687116564,3279.0,144.0,4.391582799634035,206.0,2818.0,255.0,6.282403171698689,1536.0,1411.0,1536.0,91.86197916666669,125.0,8.138020833333334,1295.0,1420.0,91.19718309859157,125.0,8.80281690140845,2021,4,1,informal,False,False,False,regular,False,26.0,190.0,576.0
17037,valido,16898.0,6915.0,83.0,9900.0,58.58681500769322,8.586815007693218,9973.0,83.0,14.0,6967.0,6967.0,6260.0,707.0,1758.0,4502.0,4643.0,379.0,8.16282575920741,438.0,3749.0,456.0,9.433555890587982,2108.0,1919.0,2108.0,91.03415559772296,189.0,8.96584440227704,1767.0,1956.0,90.33742331288344,189.0,9.662576687116564,3279.0,251.0,7.654772796584324,295.0,2658.0,326.0,8.996645318694725,1536.0,1411.0,1536.0,91.86197916666669,125.0,8.138020833333334,1295.0,1420.0,91.19718309859157,125.0,8.80281690140845,2021,4,1,categoria_propia,False,False,False,regular,False,26.0,190.0,576.0
17037,valido,16898.0,6915.0,83.0,9900.0,58.58681500769322,8.586815007693218,9973.0,83.0,14.0,6967.0,6967.0,6260.0,707.0,1758.0,4502.0,3592.0,211.0,5.874164810690423,279.0,2981.0,332.0,7.767260579064588,2108.0,1919.0,2108.0,91.03415559772296,189.0,8.96584440227704,1767.0,1956.0,90.33742331288344,189.0,9.662576687116564,2570.0,135.0,5.252918287937743,184.0,2157.0,229.0,7.159533073929961,1536.0,1411.0,1536.0,91.86197916666669,125.0,8.138020833333334,1295.0,1420.0,91.19718309859157,125.0,8.80281690140845,2021,4,1,excluir,False,False,False,regular,False,26.0,190.0,576.0
17037,valido,16898.0,6915.0,83.0,9900.0,58.58681500769322,8.586815007693218,9973.0,83.0,14.0,6967.0,6967.0,6260.0,707.0,1758.0,4502.0,4643.0,326.0,7.021322420848589,416.0,3786.0,441.0,8.959724316174887,2108.0,1919.0,2108.0,91.03415559772296,189.0,8.96584440227704,1767.0,1956.0,90.33742331288344,189.0,9.662576687116564,3279.0,204.0,6.221408966148216,265.0,2711.0,303.0,8.081732235437633,1536.0,1411.0,1536.0,91.86197916666669,125.0,8.138020833333334,1295.0,1420.0,91.19718309859157,125.0,8.80281690140845,2021,4,1,cuenta_propia_precario,False,False,False,regular,False,26.0,190.0,576.0
17037,valido,16898.0,6480.0,307.0,10111.0,59.83548348917032,9.835483489170317,10188.0,307.0,23.0,6519.0,6519.0,5715.0,804.0,1769.0,3946.0,4172.0,239.0,5.728667305848514,339.0,3381.0,452.0,8.125599232981783,1918.0,1656.0,1918.0,86.33993743482795,262.0,13.660062565172057,1498.0,1760.0,85.11363636363636,262.0,14.886363636363637,2812.0,147.0,5.227596017069701,218.0,2277.0,317.0,7.7524893314367,1347.0,1171.0,1347.0,86.93392724573125,176.0,13.066072754268744,1045.0,1221.0,85.58558558558559,176.0,14.414414414414416,2021,4,4,informal,False,False,False,regular,False,34.0,276.0,1201.0
17037,valido,16898.0,6480.0,307.0,10111.0,59.83548348917032,9.835483489170317,10188.0,307.0,23.0,6519.0,6519.0,5715.0,804.0,1769.0,3946.0,4172.0,412.0,9.87535953978907,474.0,3150.0,548.0,11.361457334611696,1918.0,1656.0,1918.0,86.33993743482795,262.0,13.660062565172057,1498.0,1760.0,85.11363636363636,262.0,14.886363636363637,2812.0,275.0,9.779516358463727,321.0,2103.0,388.0,11.415362731152204,1347.0,1171.0,1347.0,86.93392724573125,176.0,13.066072754268744,1045.0,1221.0,85.58558558558559,176.0,14.414414414414416,2021,4,4,categoria_propia,False,False,False,regular,False,34.0,276.0,1201.0
17037,valido,16898.0,6480.0,307.0,10111.0,59.83548348917032,9.835483489170317,10188.0,307.0,23.0,6519.0,6519.0,5715.0,804.0,1769.0,3946.0,3190.0,212.0,6.64576802507837,285.0,2505.0,400.0,8.934169278996865,1918.0,1656.0,1918.0,86.33993743482795,262.0,13.660062565172057,1498.0,1760.0,85.11363636363636,262.0,14.886363636363637,2158.0,131.0,6.070435588507878,185.0,1690.0,283.0,8.572752548656164,1347.0,1171.0,1347.0,86.93392724573125,176.0,13.066072754268744,1045.0,1221.0,85.58558558558559,176.0,14.414414414414416,2021,4,4,excluir,False,False,False,regular,False,34.0,276.0,1201.0
17037,valido,16898.0,6480.0,307.0,10111.0,59.83548348917032,9.835483489170317,10188.0,307.0,23.0,6519.0,6519.0,5715.0,804.0,1769.0,3946.0,4172.0,324.0,7.766059443911793,422.0,3206.0,544.0,10.115052732502395,1918.0,1656.0,1918.0,86.33993743482795,262.0,13.660062565172057,1498.0,1760.0,85.11363636363636,262.0,14.886363636363637,2812.0,203.0,7.219061166429587,272.0,2152.0,388.0,9.672830725462305,1347.0,1171.0,1347.0,86.93392724573125,176.0,13.066072754268744,1045.0,1221.0,85.58558558558559,176.0,14.414414414414416,2021,4,4,cuenta_propia_precario,False,False,False,regular,False,34.0,276.0,1201.0
16898,valido,16757.0,7586.0,102.0,9069.0,54.1206659903324,4.120665990332398,9140.0,102.0,16.0,7640.0,7640.0,6860.0,780.0,2087.0,4773.0,5124.0,284.0,5.542544886807182,365.0,4299.0,460.0,7.123341139734582,2378.0,2144.0,2378.0,90.15979814970564,234.0,9.840201850294363,1997.0,2231.0,89.51142985208426,234.0,10.488570147915732,3517.0,180.0,5.117998294000569,239.0,2990.0,288.0,6.795564401478533,1667.0,1521.0,1667.0,91.24175164967006,146.0,8.758248350329934,1416.0,1562.0,90.65300896286811,146.0,9.346991037131884,2022,1,1,informal,False,False,False,regular,False,33.0,196.0,724.0
16898,valido,16757.0,7586.0,102.0,9069.0,54.1206659903324,4.120665990332398,9140.0,102.0,16.0,7640.0,7640.0,6860.0,780.0,2087.0,4773.0,5124.0,435.0,8.489461358313818,488.0,4068.0,568.0,9.523809523809524,2378.0,2144.0,2378.0,90.15979814970564,234.0,9.840201850294363,1997.0,2231.0,89.51142985208426,234.0,10.488570147915732,3517.0,291.0,8.274097241967587,330.0,2823.0,364.0,9.382996872334376,1667.0,1521.0,1667.0,91.24175164967006,146.0,8.758248350329934,1416.0,1562.0,90.65300896286811,146.0,9.346991037131884,2022,1,1,categoria_propia,False,False,False,regular,False,33.0,196.0,724.0
16898,valido,16757.0,7586.0,102.0,9069.0,54.1206659903324,4.120665990332398,9140.0,102.0,16.0,7640.0,7640.0,6860.0,780.0,2087.0,4773.0,3966.0,273.0,6.883509833585476,331.0,3231.0,404.0,8.345940494200706,2378.0,2144.0,2378.0,90.15979814970564,234.0,9.840201850294363,1997.0,2231.0,89.51142985208426,234.0,10.488570147915732,2781.0,181.0,6.508450197770586,222.0,2308.0,251.0,7.982740021574973,1667.0,1521.0,1667.0,91.24175164967006,146.0,8.758248350329934,1416.0,1562.0,90.65300896286811,146.0,9.346991037131884,2022,1,1,excluir,False,False,False,regular,False,33.0,196.0,724.0
16898,valido,16757.0,7586.0,102.0,9069.0,54.1206659903324,4.120665990332398,9140.0,102.0,16.0,7640.0,7640.0,6860.0,780.0,2087.0,4773.0,5124.0,358.0,6.986729117876659,436.0,4139.0,549.0,8.508977361436378,2378.0,2144.0,2378.0,90.15979814970564,234.0,9.840201850294363,1997.0,2231.0,89.51142985208426,234.0,10.488570147915732,3517.0,232.0,6.596531134489622,288.0,2889.0,340.0,8.18879727040091,1667.0,1521.0,1667.0,91.24175164967006,146.0,8.758248350329934,1416.0,1562.0,90.65300896286811,146.0,9.346991037131884,2022,1,1,cuenta_propia_precario,False,False,False,regular,False,33.0,196.0,724.0
16898,valido,16757.0,6897.0,315.0,9545.0,56.96126991704959,6.961269917049592,9637.0,316.0,17.0,6928.0,6928.0,6108.0,820.0,1890.0,4218.0,4525.0,298.0,6.585635359116022,378.0,3649.0,498.0,8.353591160220995,2128.0,1844.0,2128.0,86.65413533834587,284.0,13.345864661654137,1682.0,1966.0,85.55442522889115,284.0,14.44557477110885,3071.0,194.0,6.317160534028004,249.0,2523.0,299.0,8.108108108108109,1488.0,1316.0,1488.0,88.44086021505376,172.0,11.559139784946236,1195.0,1367.0,87.41770299926847,172.0,12.58229700073153,2022,1,4,informal,False,False,False,regular,False,33.0,331.0,1195.0
16898,valido,16757.0,6897.0,315.0,9545.0,56.96126991704959,6.961269917049592,9637.0,316.0,17.0,6928.0,6928.0,6108.0,820.0,1890.0,4218.0,4525.0,461.0,10.187845303867404,520.0,3390.0,615.0,11.49171270718232,2128.0,1844.0,2128.0,86.65413533834587,284.0,13.345864661654137,1682.0,1966.0,85.55442522889115,284.0,14.44557477110885,3071.0,301.0,9.801367632692934,343.0,2326.0,402.0,11.16900032562683,1488.0,1316.0,1488.0,88.44086021505376,172.0,11.559139784946236,1195.0,1367.0,87.41770299926847,172.0,12.58229700073153,2022,1,4,categoria_propia,False,False,False,regular,False,33.0,331.0,1195.0
16898,valido,16757.0,6897.0,315.0,9545.0,56.96126991704959,6.961269917049592,9637.0,316.0,17.0,6928.0,6928.0,6108.0,820.0,1890.0,4218.0,3447.0,274.0,7.948941108210038,335.0,2674.0,438.0,9.718595880475776,2128.0,1844.0,2128.0,86.65413533834587,284.0,13.345864661654137,1682.0,1966.0,85.55442522889115,284.0,14.44557477110885,2375.0,174.0,7.326315789473684,218.0,1882.0,275.0,9.178947368421053,1488.0,1316.0,1488.0,88.44086021505376,172.0,11.559139784946236,1195.0,1367.0,87.41770299926847,172.0,12.58229700073153,2022,1,4,excluir,False,False,False,regular,False,33.0,331.0,1195.0
16898,valido,16757.0,6897.0,315.0,9545.0,56.96126991704959,6.961269917049592,9637.0,316.0,17.0,6928.0,6928.0,6108.0,820.0,1890.0,4218.0,4525.0,377.0,8.331491712707182,453.0,3482.0,590.0,10.011049723756908,2128.0,1844.0,2128.0,86.65413533834587,284.0,13.345864661654137,1682.0,1966.0,85.55442522889115,284.0,14.44557477110885,3071.0,237.0,7.717355910126995,290.0,2420.0,361.0,9.443178117876911,1488.0,1316.0,1488.0,88.44086021505376,172.0,11.559139784946236,1195.0,1367.0,87.41770299926847,172.0,12.58229700073153,2022,1,4,cuenta_propia_precario,False,False,False,regular,False,33.0,331.0,1195.0
17367,valido,17227.0,6855.0,88.0,10284.0,59.69698728739769,9.69698728739769,10361.0,88.0,15.0,6903.0,6903.0,6230.0,673.0,1826.0,4404.0,4720.0,274.0,5.805084745762712,370.0,3972.0,378.0,7.838983050847458,2173.0,1975.0,2173.0,90.88817303267372,198.0,9.111826967326277,1826.0,2024.0,90.21739130434784,198.0,9.782608695652174,3290.0,176.0,5.349544072948328,242.0,2783.0,265.0,7.355623100303951,1536.0,1399.0,1536.0,91.08072916666669,137.0,8.919270833333334,1289.0,1426.0,90.39270687237028,137.0,9.607293127629733,2022,2,1,informal,False,False,False,regular,False,30.0,219.0,602.0
17367,valido,17227.0,6855.0,88.0,10284.0,59.69698728739769,9.69698728739769,10361.0,88.0,15.0,6903.0,6903.0,6230.0,673.0,1826.0,4404.0,4720.0,430.0,9.110169491525424,492.0,3745.0,483.0,10.423728813559322,2173.0,1975.0,2173.0,90.88817303267372,198.0,9.111826967326277,1826.0,2024.0,90.21739130434784,198.0,9.782608695652174,3290.0,289.0,8.78419452887538,328.0,2636.0,326.0,9.969604863221884,1536.0,1399.0,1536.0,91.08072916666669,137.0,8.919270833333334,1289.0,1426.0,90.39270687237028,137.0,9.607293127629733,2022,2,1,categoria_propia,False,False,False,regular,False,30.0,219.0,602.0
17367,valido,17227.0,6855.0,88.0,10284.0,59.69698728739769,9.69698728739769,10361.0,88.0,15.0,6903.0,6903.0,6230.0,673.0,1826.0,4404.0,3681.0,259.0,7.0361314860092365,330.0,3006.0,345.0,8.964955175224123,2173.0,1975.0,2173.0,90.88817303267372,198.0,9.111826967326277,1826.0,2024.0,90.21739130434784,198.0,9.782608695652174,2614.0,170.0,6.503442999234889,213.0,2167.0,234.0,8.148431522570773,1536.0,1399.0,1536.0,91.08072916666669,137.0,8.919270833333334,1289.0,1426.0,90.39270687237028,137.0,9.607293127629733,2022,2,1,excluir,False,False,False,regular,False,30.0,219.0,602.0
17367,valido,17227.0,6855.0,88.0,10284.0,59.69698728739769,9.69698728739769,10361.0,88.0,15.0,6903.0,6903.0,6230.0,673.0,1826.0,4404.0,4720.0,354.0,7.5,447.0,3840.0,433.0,9.470338983050848,2173.0,1975.0,2173.0,90.88817303267372,198.0,9.111826967326277,1826.0,2024.0,90.21739130434784,198.0,9.782608695652174,3290.0,223.0,6.778115501519757,287.0,2708.0,295.0,8.72340425531915,1536.0,1399.0,1536.0,91.08072916666669,137.0,8.919270833333334,1289.0,1426.0,90.39270687237028,137.0,9.607293127629733,2022,2,1,cuenta_propia_precario,False,False,False,regular,False,30.0,219.0,602.0
17367,valido,17227.0,6953.0,381.0,9893.0,57.42729436349916,7.427294363499158,9963.0,382.0,16.0,7006.0,7006.0,6192.0,814.0,1918.0,4274.0,4675.0,312.0,6.67379679144385,415.0,3747.0,513.0,8.877005347593583,2193.0,1887.0,2193.0,86.04651162790698,306.0,13.953488372093023,1724.0,2030.0,84.92610837438424,306.0,15.073891625615763,3198.0,197.0,6.160100062539087,269.0,2593.0,336.0,8.411507191994996,1522.0,1317.0,1522.0,86.53088042049934,205.0,13.469119579500656,1199.0,1404.0,85.39886039886039,205.0,14.601139601139602,2022,2,4,informal,False,False,False,regular,False,29.0,295.0,1168.0
17367,valido,17227.0,6953.0,381.0,9893.0,57.42729436349916,7.427294363499158,9963.0,382.0,16.0,7006.0,7006.0,6192.0,814.0,1918.0,4274.0,4675.0,493.0,10.545454545454543,561.0,3536.0,578.0,12.0,2193.0,1887.0,2193.0,86.04651162790698,306.0,13.953488372093023,1724.0,2030.0,84.92610837438424,306.0,15.073891625615763,3198.0,334.0,10.444027517198249,381.0,2414.0,403.0,11.913696060037523,1522.0,1317.0,1522.0,86.53088042049934,205.0,13.469119579500656,1199.0,1404.0,85.39886039886039,205.0,14.601139601139602,2022,2,4,categoria_propia,False,False,False,regular,False,29.0,295.0,1168.0
17367,valido,17227.0,6953.0,381.0,9893.0,57.42729436349916,7.427294363499158,9963.0,382.0,16.0,7006.0,7006.0,6192.0,814.0,1918.0,4274.0,3614.0,293.0,8.107360265633647,372.0,2821.0,421.0,10.293303818483675,2193.0,1887.0,2193.0,86.04651162790698,306.0,13.953488372093023,1724.0,2030.0,84.92610837438424,306.0,15.073891625615763,2520.0,195.0,7.738095238095238,252.0,1979.0,289.0,10.0,1522.0,1317.0,1522.0,86.53088042049934,205.0,13.469119579500656,1199.0,1404.0,85.39886039886039,205.0,14.601139601139602,2022,2,4,excluir,False,False,False,regular,False,29.0,295.0,1168.0
17367,valido,17227.0,6953.0,381.0,9893.0,57.42729436349916,7.427294363499158,9963.0,382.0,16.0,7006.0,7006.0,6192.0,814.0,1918.0,4274.0,4675.0,390.0,8.342245989304812,488.0,3612.0,575.0,10.438502673796792,2193.0,1887.0,2193.0,86.04651162790698,306.0,13.953488372093023,1724.0,2030.0,84.92610837438424,306.0,15.073891625615763,3198.0,252.0,7.879924953095685,319.0,2507.0,372.0,9.974984365228268,1522.0,1317.0,1522.0,86.53088042049934,205.0,13.469119579500656,1199.0,1404.0,85.39886039886039,205.0,14.601139601139602,2022,2,4,cuenta_propia_precario,False,False,False,regular,False,29.0,295.0,1168.0
16886,valido,16755.0,7342.0,92.0,9321.0,55.63115487914055,5.631154879140553,9382.0,92.0,17.0,7395.0,7395.0,6692.0,703.0,2081.0,4611.0,5042.0,252.0,4.998016660055534,359.0,4292.0,391.0,7.120190400634669,2260.0,2051.0,2260.0,90.75221238938052,209.0,9.247787610619469,1882.0,2091.0,90.00478240076518,209.0,9.995217599234817,3419.0,157.0,4.5919859608072535,226.0,2941.0,252.0,6.610119918104709,1546.0,1415.0,1546.0,91.52652005174645,131.0,8.473479948253557,1297.0,1428.0,90.82633053221288,131.0,9.173669467787114,2022,3,1,informal,False,False,False,regular,False,28.0,221.0,583.0
16886,valido,16755.0,7342.0,92.0,9321.0,55.63115487914055,5.631154879140553,9382.0,92.0,17.0,7395.0,7395.0,6692.0,703.0,2081.0,4611.0,5042.0,414.0,8.211027370091234,484.0,4059.0,499.0,9.59936533121777,2260.0,2051.0,2260.0,90.75221238938052,209.0,9.247787610619469,1882.0,2091.0,90.00478240076518,209.0,9.995217599234817,3419.0,274.0,8.014039192746417,319.0,2783.0,317.0,9.330213512723018,1546.0,1415.0,1546.0,91.52652005174645,131.0,8.473479948253557,1297.0,1428.0,90.82633053221288,131.0,9.173669467787114,2022,3,1,categoria_propia,False,False,False,regular,False,28.0,221.0,583.0
16886,valido,16755.0,7342.0,92.0,9321.0,55.63115487914055,5.631154879140553,9382.0,92.0,17.0,7395.0,7395.0,6692.0,703.0,2081.0,4611.0,3990.0,250.0,6.265664160401003,332.0,3310.0,348.0,8.320802005012531,2260.0,2051.0,2260.0,90.75221238938052,209.0,9.247787610619469,1882.0,2091.0,90.00478240076518,209.0,9.995217599234817,2749.0,155.0,5.638413968715897,210.0,2318.0,221.0,7.639141506002183,1546.0,1415.0,1546.0,91.52652005174645,131.0,8.473479948253557,1297.0,1428.0,90.82633053221288,131.0,9.173669467787114,2022,3,1,excluir,False,False,False,regular,False,28.0,221.0,583.0
16886,valido,16755.0,7342.0,92.0,9321.0,55.63115487914055,5.631154879140553,9382.0,92.0,17.0,7395.0,7395.0,6692.0,703.0,2081.0,4611.0,5042.0,352.0,6.981356604522016,457.0,4096.0,489.0,9.06386354621182,2260.0,2051.0,2260.0,90.75221238938052,209.0,9.247787610619469,1882.0,2091.0,90.00478240076518,209.0,9.995217599234817,3419.0,222.0,6.4931266452179,289.0,2812.0,318.0,8.45276396607195,1546.0,1415.0,1546.0,91.52652005174645,131.0,8.473479948253557,1297.0,1428.0,90.82633053221288,131.0,9.173669467787114,2022,3,1,cuenta_propia_precario,False,False,False,regular,False,28.0,221.0,583.0
16886,valido,16755.0,6784.0,296.0,9675.0,57.74395702775291,7.743957027752913,9733.0,296.0,20.0,6837.0,6837.0,6076.0,761.0,1940.0,4136.0,4602.0,272.0,5.910473707083876,343.0,3753.0,506.0,7.453281182094741,2114.0,1822.0,2114.0,86.18732261116367,292.0,13.81267738883633,1673.0,1965.0,85.13994910941476,292.0,14.860050890585242,3084.0,174.0,5.642023346303502,219.0,2537.0,328.0,7.101167315175097,1431.0,1245.0,1431.0,87.00209643605871,186.0,12.9979035639413,1148.0,1334.0,86.05697151424287,186.0,13.943028485757122,2022,3,4,informal,False,False,False,regular,False,27.0,257.0,1085.0
16886,valido,16755.0,6784.0,296.0,9675.0,57.74395702775291,7.743957027752913,9733.0,296.0,20.0,6837.0,6837.0,6076.0,761.0,1940.0,4136.0,4602.0,457.0,9.930465015210778,511.0,3525.0,566.0,11.1038678835289,2114.0,1822.0,2114.0,86.18732261116367,292.0,13.81267738883633,1673.0,1965.0,85.13994910941476,292.0,14.860050890585242,3084.0,306.0,9.922178988326849,340.0,2374.0,370.0,11.024643320363165,1431.0,1245.0,1431.0,87.00209643605871,186.0,12.9979035639413,1148.0,1334.0,86.05697151424287,186.0,13.943028485757122,2022,3,4,categoria_propia,False,False,False,regular,False,27.0,257.0,1085.0
16886,valido,16755.0,6784.0,296.0,9675.0,57.74395702775291,7.743957027752913,9733.0,296.0,20.0,6837.0,6837.0,6076.0,761.0,1940.0,4136.0,3582.0,270.0,7.537688442211055,329.0,2827.0,426.0,9.184812953657175,2114.0,1822.0,2114.0,86.18732261116367,292.0,13.81267738883633,1673.0,1965.0,85.13994910941476,292.0,14.860050890585242,2456.0,173.0,7.043973941368078,212.0,1963.0,281.0,8.631921824104234,1431.0,1245.0,1431.0,87.00209643605871,186.0,12.9979035639413,1148.0,1334.0,86.05697151424287,186.0,13.943028485757122,2022,3,4,excluir,False,False,False,regular,False,27.0,257.0,1085.0
16886,valido,16755.0,6784.0,296.0,9675.0,57.74395702775291,7.743957027752913,9733.0,296.0,20.0,6837.0,6837.0,6076.0,761.0,1940.0,4136.0,4602.0,364.0,7.909604519774011,431.0,3603.0,568.0,9.36549326379835,2114.0,1822.0,2114.0,86.18732261116367,292.0,13.81267738883633,1673.0,1965.0,85.13994910941476,292.0,14.860050890585242,3084.0,231.0,7.490272373540856,274.0,2442.0,368.0,8.884565499351492,1431.0,1245.0,1431.0,87.00209643605871,186.0,12.9979035639413,1148.0,1334.0,86.05697151424287,186.0,13.943028485757122,2022,3,4,cuenta_propia_precario,False,False,False,regular,False,27.0,257.0,1085.0
16740,valido,16604.0,6808.0,77.0,9719.0,58.534088171524935,8.534088171524935,9797.0,78.0,12.0,6853.0,6853.0,6199.0,654.0,1905.0,4294.0,4674.0,237.0,5.070603337612323,337.0,3933.0,404.0,7.210098416773642,2151.0,1937.0,2151.0,90.0511390051139,214.0,9.9488609948861,1803.0,2017.0,89.39018344075359,214.0,10.609816559246406,3141.0,161.0,5.125756128621458,222.0,2666.0,253.0,7.067812798471825,1493.0,1341.0,1493.0,89.8191560616209,152.0,10.180843938379102,1239.0,1391.0,89.0726096333573,152.0,10.927390366642705,2022,4,1,informal,False,False,False,regular,False,26.0,191.0,517.0
16740,valido,16604.0,6808.0,77.0,9719.0,58.534088171524935,8.534088171524935,9797.0,78.0,12.0,6853.0,6853.0,6199.0,654.0,1905.0,4294.0,4674.0,379.0,8.108686350021395,451.0,3704.0,519.0,9.649122807017545,2151.0,1937.0,2151.0,90.0511390051139,214.0,9.9488609948861,1803.0,2017.0,89.39018344075359,214.0,10.609816559246406,3141.0,255.0,8.118433619866284,301.0,2524.0,316.0,9.582935370900987,1493.0,1341.0,1493.0,89.8191560616209,152.0,10.180843938379102,1239.0,1391.0,89.0726096333573,152.0,10.927390366642705,2022,4,1,categoria_propia,False,False,False,regular,False,26.0,191.0,517.0
16740,valido,16604.0,6808.0,77.0,9719.0,58.534088171524935,8.534088171524935,9797.0,78.0,12.0,6853.0,6853.0,6199.0,654.0,1905.0,4294.0,3651.0,215.0,5.888797589701452,296.0,2980.0,375.0,8.107367844426184,2151.0,1937.0,2151.0,90.0511390051139,214.0,9.9488609948861,1803.0,2017.0,89.39018344075359,214.0,10.609816559246406,2483.0,137.0,5.517519130084575,188.0,2064.0,231.0,7.571486105517519,1493.0,1341.0,1493.0,89.8191560616209,152.0,10.180843938379102,1239.0,1391.0,89.0726096333573,152.0,10.927390366642705,2022,4,1,excluir,False,False,False,regular,False,26.0,191.0,517.0
16740,valido,16604.0,6808.0,77.0,9719.0,58.534088171524935,8.534088171524935,9797.0,78.0,12.0,6853.0,6853.0,6199.0,654.0,1905.0,4294.0,4674.0,335.0,7.167308515190415,432.0,3763.0,479.0,9.242618741976893,2151.0,1937.0,2151.0,90.0511390051139,214.0,9.9488609948861,1803.0,2017.0,89.39018344075359,214.0,10.609816559246406,3141.0,218.0,6.94046482012098,278.0,2566.0,297.0,8.850684495383636,1493.0,1341.0,1493.0,89.8191560616209,152.0,10.180843938379102,1239.0,1391.0,89.0726096333573,152.0,10.927390366642705,2022,4,1,cuenta_propia_precario,False,False,False,regular,False,26.0,191.0,517.0
16740,valido,16604.0,6748.0,251.0,9605.0,57.84750662490966,7.847506624909663,9678.0,251.0,17.0,6794.0,6794.0,6044.0,750.0,2028.0,4016.0,4549.0,276.0,6.067267531325566,352.0,3697.0,500.0,7.737964387777533,2117.0,1810.0,2117.0,85.49834671705243,307.0,14.501653282947569,1653.0,1960.0,84.33673469387755,307.0,15.66326530612245,2998.0,165.0,5.503669112741828,212.0,2499.0,287.0,7.071380920613742,1394.0,1217.0,1394.0,87.30272596843615,177.0,12.697274031563843,1112.0,1289.0,86.26842513576416,177.0,13.731574864235842,2022,4,4,informal,False,False,False,regular,False,25.0,166.0,1052.0
16740,valido,16604.0,6748.0,251.0,9605.0,57.84750662490966,7.847506624909663,9678.0,251.0,17.0,6794.0,6794.0,6044.0,750.0,2028.0,4016.0,4549.0,418.0,9.18883271048582,477.0,3486.0,586.0,10.485821059573531,2117.0,1810.0,2117.0,85.49834671705243,307.0,14.501653282947569,1653.0,1960.0,84.33673469387755,307.0,15.66326530612245,2998.0,278.0,9.272848565710474,313.0,2311.0,374.0,10.440293529019346,1394.0,1217.0,1394.0,87.30272596843615,177.0,12.697274031563843,1112.0,1289.0,86.26842513576416,177.0,13.731574864235842,2022,4,4,categoria_propia,False,False,False,regular,False,25.0,166.0,1052.0
16740,valido,16604.0,6748.0,251.0,9605.0,57.84750662490966,7.847506624909663,9678.0,251.0,17.0,6794.0,6794.0,6044.0,750.0,2028.0,4016.0,3479.0,237.0,6.812302385743029,297.0,2758.0,424.0,8.536935901121012,2117.0,1810.0,2117.0,85.49834671705243,307.0,14.501653282947569,1653.0,1960.0,84.33673469387755,307.0,15.66326530612245,2337.0,147.0,6.290115532734275,182.0,1900.0,255.0,7.787762088147197,1394.0,1217.0,1394.0,87.30272596843615,177.0,12.697274031563843,1112.0,1289.0,86.26842513576416,177.0,13.731574864235842,2022,4,4,excluir,False,False,False,regular,False,25.0,166.0,1052.0
16740,valido,16604.0,6748.0,251.0,9605.0,57.84750662490966,7.847506624909663,9678.0,251.0,17.0,6794.0,6794.0,6044.0,750.0,2028.0,4016.0,4549.0,343.0,7.540118707408221,418.0,3580.0,551.0,9.18883271048582,2117.0,1810.0,2117.0,85.49834671705243,307.0,14.501653282947569,1653.0,1960.0,84.33673469387755,307.0,15.66326530612245,2998.0,205.0,6.837891927951968,252.0,2423.0,323.0,8.405603735823883,1394.0,1217.0,1394.0,87.30272596843615,177.0,12.697274031563843,1112.0,1289.0,86.26842513576416,177.0,13.731574864235842,2022,4,4,cuenta_propia_precario,False,False,False,regular,False,25.0,166.0,1052.0
16815,valido,16688.0,7429.0,106.0,9153.0,54.84779482262704,4.847794822627037,9221.0,106.0,11.0,7477.0,7477.0,6717.0,760.0,2096.0,4621.0,5150.0,259.0,5.029126213592233,370.0,4348.0,432.0,7.184466019417476,2370.0,2134.0,2370.0,90.042194092827,236.0,9.957805907172997,1996.0,2232.0,89.42652329749104,236.0,10.57347670250896,3461.0,163.0,4.7096214966772605,237.0,2976.0,248.0,6.847731869401907,1572.0,1435.0,1572.0,91.2849872773537,137.0,8.71501272264631,1339.0,1476.0,90.7181571815718,137.0,9.281842818428183,2023,1,1,informal,False,False,False,regular,True,19.0,180.0,584.0
16815,valido,16688.0,7429.0,106.0,9153.0,54.84779482262704,4.847794822627037,9221.0,106.0,11.0,7477.0,7477.0,6717.0,760.0,2096.0,4621.0,5150.0,406.0,7.883495145631068,489.0,4101.0,560.0,9.49514563106796,2370.0,2134.0,2370.0,90.042194092827,236.0,9.957805907172997,1996.0,2232.0,89.42652329749104,236.0,10.57347670250896,3461.0,254.0,7.338919387460272,311.0,2801.0,349.0,8.985842242126553,1572.0,1435.0,1572.0,91.2849872773537,137.0,8.71501272264631,1339.0,1476.0,90.7181571815718,137.0,9.281842818428183,2023,1,1,categoria_propia,False,False,False,regular,True,19.0,180.0,584.0
16815,valido,16688.0,7429.0,106.0,9153.0,54.84779482262704,4.847794822627037,9221.0,106.0,11.0,7477.0,7477.0,6717.0,760.0,2096.0,4621.0,4091.0,239.0,5.842092397946712,332.0,3372.0,387.0,8.115375213884136,2370.0,2134.0,2370.0,90.042194092827,236.0,9.957805907172997,1996.0,2232.0,89.42652329749104,236.0,10.57347670250896,2824.0,155.0,5.4886685552407934,219.0,2373.0,232.0,7.754957507082153,1572.0,1435.0,1572.0,91.2849872773537,137.0,8.71501272264631,1339.0,1476.0,90.7181571815718,137.0,9.281842818428183,2023,1,1,excluir,False,False,False,regular,True,19.0,180.0,584.0
16815,valido,16688.0,7429.0,106.0,9153.0,54.84779482262704,4.847794822627037,9221.0,106.0,11.0,7477.0,7477.0,6717.0,760.0,2096.0,4621.0,5150.0,371.0,7.203883495145631,479.0,4173.0,498.0,9.300970873786408,2370.0,2134.0,2370.0,90.042194092827,236.0,9.957805907172997,1996.0,2232.0,89.42652329749104,236.0,10.57347670250896,3461.0,228.0,6.587691418665126,301.0,2869.0,291.0,8.696908407974574,1572.0,1435.0,1572.0,91.2849872773537,137.0,8.71501272264631,1339.0,1476.0,90.7181571815718,137.0,9.281842818428183,2023,1,1,cuenta_propia_precario,False,False,False,regular,True,19.0,180.0,584.0
16815,valido,16688.0,6230.0,235.0,10223.0,61.259587727708535,11.259587727708537,10291.0,235.0,21.0,6268.0,6268.0,5555.0,713.0,1790.0,3765.0,4127.0,300.0,7.26920281075842,391.0,3335.0,401.0,9.474194330021808,1905.0,1669.0,1905.0,87.61154855643045,236.0,12.388451443569554,1494.0,1730.0,86.35838150289017,236.0,13.641618497109826,2716.0,185.0,6.811487481590574,241.0,2245.0,230.0,8.873343151693668,1251.0,1114.0,1251.0,89.04876099120703,137.0,10.951239008792966,981.0,1118.0,87.74597495527728,137.0,12.254025044722718,2023,1,4,informal,False,False,False,regular,True,47.0,151.0,1010.0
16815,valido,16688.0,6230.0,235.0,10223.0,61.259587727708535,11.259587727708537,10291.0,235.0,21.0,6268.0,6268.0,5555.0,713.0,1790.0,3765.0,4127.0,413.0,10.00726920281076,480.0,3130.0,517.0,11.630724497213471,1905.0,1669.0,1905.0,87.61154855643045,236.0,12.388451443569554,1494.0,1730.0,86.35838150289017,236.0,13.641618497109826,2716.0,254.0,9.3519882179676,299.0,2110.0,307.0,11.008836524300442,1251.0,1114.0,1251.0,89.04876099120703,137.0,10.951239008792966,981.0,1118.0,87.74597495527728,137.0,12.254025044722718,2023,1,4,categoria_propia,False,False,False,regular,True,47.0,151.0,1010.0
16815,valido,16688.0,6230.0,235.0,10223.0,61.259587727708535,11.259587727708537,10291.0,235.0,21.0,6268.0,6268.0,5555.0,713.0,1790.0,3765.0,3237.0,264.0,8.155699721964782,337.0,2553.0,347.0,10.410874266295954,1905.0,1669.0,1905.0,87.61154855643045,236.0,12.388451443569554,1494.0,1730.0,86.35838150289017,236.0,13.641618497109826,2169.0,159.0,7.330567081604426,207.0,1767.0,195.0,9.54356846473029,1251.0,1114.0,1251.0,89.04876099120703,137.0,10.951239008792966,981.0,1118.0,87.74597495527728,137.0,12.254025044722718,2023,1,4,excluir,False,False,False,regular,True,47.0,151.0,1010.0
16815,valido,16688.0,6230.0,235.0,10223.0,61.259587727708535,11.259587727708537,10291.0,235.0,21.0,6268.0,6268.0,5555.0,713.0,1790.0,3765.0,4127.0,375.0,9.086503513448026,463.0,3192.0,472.0,11.218803004603828,1905.0,1669.0,1905.0,87.61154855643045,236.0,12.388451443569554,1494.0,1730.0,86.35838150289017,236.0,13.641618497109826,2716.0,223.0,8.21060382916053,277.0,2171.0,268.0,10.19882179675994,1251.0,1114.0,1251.0,89.04876099120703,137.0,10.951239008792966,981.0,1118.0,87.74597495527728,137.0,12.254025044722718,2023,1,4,cuenta_propia_precario,False,False,False,regular,True,47.0,151.0,1010.0
16990,valido,16866.0,6945.0,71.0,9850.0,58.4015178465552,8.401517846555201,9916.0,71.0,11.0,6992.0,6992.0,6270.0,722.0,1899.0,4371.0,4778.0,215.0,4.499790707408958,295.0,4076.0,407.0,6.174131435747174,2151.0,1956.0,2151.0,90.93444909344493,195.0,9.06555090655509,1808.0,2003.0,90.26460309535696,195.0,9.735396904643036,3254.0,148.0,4.548248309772587,204.0,2804.0,246.0,6.26920712968654,1480.0,1357.0,1480.0,91.6891891891892,123.0,8.31081081081081,1253.0,1376.0,91.06104651162792,123.0,8.938953488372093,2023,2,1,informal,False,False,False,regular,True,31.0,187.0,499.0
16990,valido,16866.0,6945.0,71.0,9850.0,58.4015178465552,8.401517846555201,9916.0,71.0,11.0,6992.0,6992.0,6270.0,722.0,1899.0,4371.0,4778.0,377.0,7.890330682293847,435.0,3833.0,510.0,9.104227710339051,2151.0,1956.0,2151.0,90.93444909344493,195.0,9.06555090655509,1808.0,2003.0,90.26460309535696,195.0,9.735396904643036,3254.0,244.0,7.498463429625077,287.0,2653.0,314.0,8.819913952059004,1480.0,1357.0,1480.0,91.6891891891892,123.0,8.31081081081081,1253.0,1376.0,91.06104651162792,123.0,8.938953488372093,2023,2,1,categoria_propia,False,False,False,regular,True,31.0,187.0,499.0
16990,valido,16866.0,6945.0,71.0,9850.0,58.4015178465552,8.401517846555201,9916.0,71.0,11.0,6992.0,6992.0,6270.0,722.0,1899.0,4371.0,3809.0,220.0,5.7757941716986085,282.0,3153.0,374.0,7.403517983722762,2151.0,1956.0,2151.0,90.93444909344493,195.0,9.06555090655509,1808.0,2003.0,90.26460309535696,195.0,9.735396904643036,2627.0,149.0,5.671869052150742,190.0,2210.0,227.0,7.232584697373429,1480.0,1357.0,1480.0,91.6891891891892,123.0,8.31081081081081,1253.0,1376.0,91.06104651162792,123.0,8.938953488372093,2023,2,1,excluir,False,False,False,regular,True,31.0,187.0,499.0
16990,valido,16866.0,6945.0,71.0,9850.0,58.4015178465552,8.401517846555201,9916.0,71.0,11.0,6992.0,6992.0,6270.0,722.0,1899.0,4371.0,4778.0,300.0,6.278777731268313,376.0,3921.0,481.0,7.869401423189619,2151.0,1956.0,2151.0,90.93444909344493,195.0,9.06555090655509,1808.0,2003.0,90.26460309535696,195.0,9.735396904643036,3254.0,198.0,6.084818684695759,252.0,2717.0,285.0,7.744314689612784,1480.0,1357.0,1480.0,91.6891891891892,123.0,8.31081081081081,1253.0,1376.0,91.06104651162792,123.0,8.938953488372093,2023,2,1,cuenta_propia_precario,False,False,False,regular,True,31.0,187.0,499.0
16990,valido,16866.0,6439.0,240.0,10187.0,60.3996205383612,10.399620538361198,10262.0,242.0,16.0,6470.0,6470.0,5698.0,772.0,1737.0,3961.0,4235.0,290.0,6.847697756788666,394.0,3424.0,417.0,9.303423848878394,2000.0,1747.0,2000.0,87.35,253.0,12.65,1584.0,1837.0,86.22754491017965,253.0,13.77245508982036,2869.0,187.0,6.517950505402579,260.0,2353.0,256.0,9.062391077030323,1367.0,1217.0,1367.0,89.02706656912947,150.0,10.97293343087052,1106.0,1256.0,88.05732484076434,150.0,11.94267515923567,2023,2,4,informal,False,False,False,regular,True,33.0,163.0,1030.0
16990,valido,16866.0,6439.0,240.0,10187.0,60.3996205383612,10.399620538361198,10262.0,242.0,16.0,6470.0,6470.0,5698.0,772.0,1737.0,3961.0,4235.0,404.0,9.539551357733176,474.0,3218.0,543.0,11.192443919716649,2000.0,1747.0,2000.0,87.35,253.0,12.65,1584.0,1837.0,86.22754491017965,253.0,13.77245508982036,2869.0,267.0,9.306378529104215,316.0,2206.0,347.0,11.01429069362147,1367.0,1217.0,1367.0,89.02706656912947,150.0,10.97293343087052,1106.0,1256.0,88.05732484076434,150.0,11.94267515923567,2023,2,4,categoria_propia,False,False,False,regular,True,33.0,163.0,1030.0
16990,valido,16866.0,6439.0,240.0,10187.0,60.3996205383612,10.399620538361198,10262.0,242.0,16.0,6470.0,6470.0,5698.0,772.0,1737.0,3961.0,3270.0,247.0,7.553516819571866,330.0,2576.0,364.0,10.091743119266056,2000.0,1747.0,2000.0,87.35,253.0,12.65,1584.0,1837.0,86.22754491017965,253.0,13.77245508982036,2241.0,164.0,7.318161535029005,224.0,1792.0,225.0,9.99553770638108,1367.0,1217.0,1367.0,89.02706656912947,150.0,10.97293343087052,1106.0,1256.0,88.05732484076434,150.0,11.94267515923567,2023,2,4,excluir,False,False,False,regular,True,33.0,163.0,1030.0
16990,valido,16866.0,6439.0,240.0,10187.0,60.3996205383612,10.399620538361198,10262.0,242.0,16.0,6470.0,6470.0,5698.0,772.0,1737.0,3961.0,4235.0,377.0,8.902007083825266,475.0,3271.0,489.0,11.216056670602123,2000.0,1747.0,2000.0,87.35,253.0,12.65,1584.0,1837.0,86.22754491017965,253.0,13.77245508982036,2869.0,251.0,8.74869292436389,320.0,2250.0,299.0,11.153712094806552,1367.0,1217.0,1367.0,89.02706656912947,150.0,10.97293343087052,1106.0,1256.0,88.05732484076434,150.0,11.94267515923567,2023,2,4,cuenta_propia_precario,False,False,False,regular,True,33.0,163.0,1030.0
16656,valido,16528.0,7329.0,75.0,9124.0,55.20329138431752,5.203291384317524,9189.0,76.0,14.0,7377.0,7377.0,6658.0,719.0,2205.0,4453.0,5164.0,277.0,5.364058869093726,357.0,4421.0,386.0,6.913245546088303,2252.0,2042.0,2252.0,90.67495559502665,210.0,9.325044404973356,1919.0,2129.0,90.1362141850634,210.0,9.86378581493659,3395.0,167.0,4.91899852724595,211.0,2950.0,234.0,6.215022091310751,1493.0,1370.0,1493.0,91.76155391828532,123.0,8.238446081714669,1296.0,1419.0,91.33192389006342,123.0,8.668076109936575,2023,3,1,informal,False,False,False,regular,True,28.0,102.0,559.0
16656,valido,16528.0,7329.0,75.0,9124.0,55.20329138431752,5.203291384317524,9189.0,76.0,14.0,7377.0,7377.0,6658.0,719.0,2205.0,4453.0,5164.0,429.0,8.307513555383423,483.0,4161.0,520.0,9.353214562354763,2252.0,2042.0,2252.0,90.67495559502665,210.0,9.325044404973356,1919.0,2129.0,90.1362141850634,210.0,9.86378581493659,3395.0,263.0,7.746686303387334,293.0,2778.0,324.0,8.630338733431516,1493.0,1370.0,1493.0,91.76155391828532,123.0,8.238446081714669,1296.0,1419.0,91.33192389006342,123.0,8.668076109936575,2023,3,1,categoria_propia,False,False,False,regular,True,28.0,102.0,559.0
16656,valido,16528.0,7329.0,75.0,9124.0,55.20329138431752,5.203291384317524,9189.0,76.0,14.0,7377.0,7377.0,6658.0,719.0,2205.0,4453.0,4071.0,259.0,6.362073200687791,319.0,3409.0,343.0,7.835912552198477,2252.0,2042.0,2252.0,90.67495559502665,210.0,9.325044404973356,1919.0,2129.0,90.1362141850634,210.0,9.86378581493659,2710.0,149.0,5.498154981549815,181.0,2320.0,209.0,6.678966789667896,1493.0,1370.0,1493.0,91.76155391828532,123.0,8.238446081714669,1296.0,1419.0,91.33192389006342,123.0,8.668076109936575,2023,3,1,excluir,False,False,False,regular,True,28.0,102.0,559.0
16656,valido,16528.0,7329.0,75.0,9124.0,55.20329138431752,5.203291384317524,9189.0,76.0,14.0,7377.0,7377.0,6658.0,719.0,2205.0,4453.0,5164.0,378.0,7.31990704879938,458.0,4250.0,456.0,8.869093725793958,2252.0,2042.0,2252.0,90.67495559502665,210.0,9.325044404973356,1919.0,2129.0,90.1362141850634,210.0,9.86378581493659,3395.0,229.0,6.745213549337261,272.0,2845.0,278.0,8.011782032400589,1493.0,1370.0,1493.0,91.76155391828532,123.0,8.238446081714669,1296.0,1419.0,91.33192389006342,123.0,8.668076109936575,2023,3,1,cuenta_propia_precario,False,False,False,regular,True,28.0,102.0,559.0
16656,valido,16528.0,6388.0,249.0,9891.0,59.84390125847048,9.843901258470474,9974.0,251.0,20.0,6411.0,6411.0,5606.0,805.0,1981.0,3625.0,4165.0,297.0,7.130852340936374,380.0,3373.0,412.0,9.123649459783914,1955.0,1711.0,1955.0,87.51918158567774,244.0,12.48081841432225,1542.0,1786.0,86.33818589025756,244.0,13.66181410974244,2601.0,159.0,6.113033448673587,207.0,2164.0,230.0,7.958477508650519,1254.0,1128.0,1254.0,89.95215311004785,126.0,10.047846889952153,1003.0,1129.0,88.83968113374668,126.0,11.160318866253322,2023,3,4,informal,False,False,False,regular,True,28.0,156.0,1076.0
16656,valido,16528.0,6388.0,249.0,9891.0,59.84390125847048,9.843901258470474,9974.0,251.0,20.0,6411.0,6411.0,5606.0,805.0,1981.0,3625.0,4165.0,386.0,9.267707082833134,446.0,3184.0,535.0,10.70828331332533,1955.0,1711.0,1955.0,87.51918158567774,244.0,12.48081841432225,1542.0,1786.0,86.33818589025756,244.0,13.66181410974244,2601.0,214.0,8.227604767397155,247.0,2034.0,320.0,9.496347558631296,1254.0,1128.0,1254.0,89.95215311004785,126.0,10.047846889952153,1003.0,1129.0,88.83968113374668,126.0,11.160318866253322,2023,3,4,categoria_propia,False,False,False,regular,True,28.0,156.0,1076.0
16656,valido,16528.0,6388.0,249.0,9891.0,59.84390125847048,9.843901258470474,9974.0,251.0,20.0,6411.0,6411.0,5606.0,805.0,1981.0,3625.0,3189.0,246.0,7.714016933207902,317.0,2512.0,360.0,9.940420194418312,1955.0,1711.0,1955.0,87.51918158567774,244.0,12.48081841432225,1542.0,1786.0,86.33818589025756,244.0,13.66181410974244,2006.0,130.0,6.4805583250249255,171.0,1632.0,203.0,8.524426719840479,1254.0,1128.0,1254.0,89.95215311004785,126.0,10.047846889952153,1003.0,1129.0,88.83968113374668,126.0,11.160318866253322,2023,3,4,excluir,False,False,False,regular,True,28.0,156.0,1076.0
16656,valido,16528.0,6388.0,249.0,9891.0,59.84390125847048,9.843901258470474,9974.0,251.0,20.0,6411.0,6411.0,5606.0,805.0,1981.0,3625.0,4165.0,388.0,9.315726290516206,470.0,3228.0,467.0,11.28451380552221,1955.0,1711.0,1955.0,87.51918158567774,244.0,12.48081841432225,1542.0,1786.0,86.33818589025756,244.0,13.66181410974244,2601.0,212.0,8.150711264898115,260.0,2081.0,260.0,9.996155324875048,1254.0,1128.0,1254.0,89.95215311004785,126.0,10.047846889952153,1003.0,1129.0,88.83968113374668,126.0,11.160318866253322,2023,3,4,cuenta_propia_precario,False,False,False,regular,True,28.0,156.0,1076.0
16462,valido,16334.0,6554.0,101.0,9679.0,59.256765029998775,9.256765029998776,9747.0,102.0,14.0,6599.0,6599.0,5966.0,633.0,1900.0,4066.0,4497.0,289.0,6.426506559928842,402.0,3784.0,311.0,8.939292861907939,2031.0,1856.0,2031.0,91.3835548990645,175.0,8.6164451009355,1714.0,1889.0,90.7358390682901,175.0,9.2641609317099,3018.0,177.0,5.864811133200795,255.0,2585.0,178.0,8.449304174950298,1353.0,1260.0,1353.0,93.12638580931264,93.0,6.873614190687362,1156.0,1249.0,92.55404323458768,93.0,7.44595676541233,2023,4,1,informal,False,False,False,regular,True,36.0,109.0,532.0
16462,valido,16334.0,6554.0,101.0,9679.0,59.256765029998775,9.256765029998776,9747.0,102.0,14.0,6599.0,6599.0,5966.0,633.0,1900.0,4066.0,4497.0,437.0,9.717589504113851,512.0,3543.0,442.0,11.385368023126528,2031.0,1856.0,2031.0,91.3835548990645,175.0,8.6164451009355,1714.0,1889.0,90.7358390682901,175.0,9.2641609317099,3018.0,278.0,9.21139827700464,330.0,2428.0,260.0,10.934393638170974,1353.0,1260.0,1353.0,93.12638580931264,93.0,6.873614190687362,1156.0,1249.0,92.55404323458768,93.0,7.44595676541233,2023,4,1,categoria_propia,False,False,False,regular,True,36.0,109.0,532.0
16462,valido,16334.0,6554.0,101.0,9679.0,59.256765029998775,9.256765029998776,9747.0,102.0,14.0,6599.0,6599.0,5966.0,633.0,1900.0,4066.0,3509.0,279.0,7.950983186092904,366.0,2862.0,281.0,10.43032202906811,2031.0,1856.0,2031.0,91.3835548990645,175.0,8.6164451009355,1714.0,1889.0,90.7358390682901,175.0,9.2641609317099,2401.0,177.0,7.371928363182008,236.0,2006.0,159.0,9.82923781757601,1353.0,1260.0,1353.0,93.12638580931264,93.0,6.873614190687362,1156.0,1249.0,92.55404323458768,93.0,7.44595676541233,2023,4,1,excluir,False,False,False,regular,True,36.0,109.0,532.0
16462,valido,16334.0,6554.0,101.0,9679.0,59.256765029998775,9.256765029998776,9747.0,102.0,14.0,6599.0,6599.0,5966.0,633.0,1900.0,4066.0,4497.0,378.0,8.405603735823883,486.0,3639.0,372.0,10.807204803202136,2031.0,1856.0,2031.0,91.3835548990645,175.0,8.6164451009355,1714.0,1889.0,90.7358390682901,175.0,9.2641609317099,3018.0,231.0,7.654075546719682,306.0,2499.0,213.0,10.139165009940358,1353.0,1260.0,1353.0,93.12638580931264,93.0,6.873614190687362,1156.0,1249.0,92.55404323458768,93.0,7.44595676541233,2023,4,1,cuenta_propia_precario,False,False,False,regular,True,36.0,109.0,532.0
16462,valido,16334.0,6158.0,272.0,9904.0,60.63425982612954,10.634259826129544,9980.0,274.0,17.0,6191.0,6191.0,5484.0,707.0,1945.0,3539.0,4077.0,324.0,7.947019867549669,411.0,3264.0,402.0,10.08094186902134,1893.0,1663.0,1893.0,87.8499735868991,230.0,12.150026413100898,1492.0,1722.0,86.64343786295005,230.0,13.35656213704994,2534.0,193.0,7.616416732438832,246.0,2070.0,218.0,9.707971586424623,1160.0,1036.0,1160.0,89.3103448275862,124.0,10.689655172413794,923.0,1047.0,88.15663801337153,124.0,11.843361986628462,2023,4,4,informal,False,False,False,regular,True,21.0,175.0,1024.0
16462,valido,16334.0,6158.0,272.0,9904.0,60.63425982612954,10.634259826129544,9980.0,274.0,17.0,6191.0,6191.0,5484.0,707.0,1945.0,3539.0,4077.0,410.0,10.056414029923964,473.0,3090.0,514.0,11.601667893058622,1893.0,1663.0,1893.0,87.8499735868991,230.0,12.150026413100898,1492.0,1722.0,86.64343786295005,230.0,13.35656213704994,2534.0,244.0,9.62904498816101,280.0,1969.0,285.0,11.049723756906078,1160.0,1036.0,1160.0,89.3103448275862,124.0,10.689655172413794,923.0,1047.0,88.15663801337153,124.0,11.843361986628462,2023,4,4,categoria_propia,False,False,False,regular,True,21.0,175.0,1024.0
16462,valido,16334.0,6158.0,272.0,9904.0,60.63425982612954,10.634259826129544,9980.0,274.0,17.0,6191.0,6191.0,5484.0,707.0,1945.0,3539.0,3096.0,275.0,8.882428940568476,345.0,2414.0,337.0,11.143410852713178,1893.0,1663.0,1893.0,87.8499735868991,230.0,12.150026413100898,1492.0,1722.0,86.64343786295005,230.0,13.35656213704994,1973.0,158.0,8.008109477952356,200.0,1587.0,186.0,10.13684744044602,1160.0,1036.0,1160.0,89.3103448275862,124.0,10.689655172413794,923.0,1047.0,88.15663801337153,124.0,11.843361986628462,2023,4,4,excluir,False,False,False,regular,True,21.0,175.0,1024.0
16462,valido,16334.0,6158.0,272.0,9904.0,60.63425982612954,10.634259826129544,9980.0,274.0,17.0,6191.0,6191.0,5484.0,707.0,1945.0,3539.0,4077.0,406.0,9.958302673534462,488.0,3135.0,454.0,11.969585479519257,1893.0,1663.0,1893.0,87.8499735868991,230.0,12.150026413100898,1492.0,1722.0,86.64343786295005,230.0,13.35656213704994,2534.0,229.0,9.0370955011839,279.0,2012.0,243.0,11.01026045777427,1160.0,1036.0,1160.0,89.3103448275862,124.0,10.689655172413794,923.0,1047.0,88.15663801337153,124.0,11.843361986628462,2023,4,4,cuenta_propia_precario,False,False,False,regular,True,21.0,175.0,1024.0
16104,valido,16005.0,7087.0,86.0,8832.0,55.18275538894096,5.182755388940954,8888.0,86.0,10.0,7120.0,7120.0,6383.0,737.0,2093.0,4290.0,4822.0,260.0,5.391953546246371,388.0,4047.0,387.0,8.0464537536292,2172.0,1975.0,2172.0,90.93001841620628,197.0,9.06998158379374,1859.0,2056.0,90.4182879377432,197.0,9.581712062256807,3149.0,147.0,4.668148618609083,236.0,2696.0,217.0,7.494442680215942,1429.0,1321.0,1429.0,92.44226731980406,108.0,7.557732680195941,1232.0,1340.0,91.94029850746269,108.0,8.059701492537313,2024,1,1,informal,False,False,False,regular,True,19.0,100.0,580.0
16104,valido,16005.0,7087.0,86.0,8832.0,55.18275538894096,5.182755388940954,8888.0,86.0,10.0,7120.0,7120.0,6383.0,737.0,2093.0,4290.0,4822.0,408.0,8.461219411032767,502.0,3814.0,506.0,10.410618000829531,2172.0,1975.0,2172.0,90.93001841620628,197.0,9.06998158379374,1859.0,2056.0,90.4182879377432,197.0,9.581712062256807,3149.0,236.0,7.494442680215942,304.0,2549.0,296.0,9.65385836773579,1429.0,1321.0,1429.0,92.44226731980406,108.0,7.557732680195941,1232.0,1340.0,91.94029850746269,108.0,8.059701492537313,2024,1,1,categoria_propia,False,False,False,regular,True,19.0,100.0,580.0
16104,valido,16005.0,7087.0,86.0,8832.0,55.18275538894096,5.182755388940954,8888.0,86.0,10.0,7120.0,7120.0,6383.0,737.0,2093.0,4290.0,3763.0,263.0,6.989104437948446,369.0,3066.0,328.0,9.806005846399149,2172.0,1975.0,2172.0,90.93001841620628,197.0,9.06998158379374,1859.0,2056.0,90.4182879377432,197.0,9.581712062256807,2487.0,142.0,5.709690390028146,215.0,2091.0,181.0,8.644953759549658,1429.0,1321.0,1429.0,92.44226731980406,108.0,7.557732680195941,1232.0,1340.0,91.94029850746269,108.0,8.059701492537313,2024,1,1,excluir,False,False,False,regular,True,19.0,100.0,580.0
16104,valido,16005.0,7087.0,86.0,8832.0,55.18275538894096,5.182755388940954,8888.0,86.0,10.0,7120.0,7120.0,6383.0,737.0,2093.0,4290.0,4822.0,345.0,7.1547075902115305,475.0,3888.0,459.0,9.850684363334716,2172.0,1975.0,2172.0,90.93001841620628,197.0,9.06998158379374,1859.0,2056.0,90.4182879377432,197.0,9.581712062256807,3149.0,205.0,6.510003175611305,294.0,2592.0,263.0,9.336297237218163,1429.0,1321.0,1429.0,92.44226731980406,108.0,7.557732680195941,1232.0,1340.0,91.94029850746269,108.0,8.059701492537313,2024,1,1,cuenta_propia_precario,False,False,False,regular,True,19.0,100.0,580.0
16104,valido,16005.0,6427.0,258.0,9320.0,58.23180256169947,8.231802561699467,9376.0,259.0,17.0,6452.0,6452.0,5679.0,773.0,2007.0,3672.0,4161.0,304.0,7.30593607305936,393.0,3356.0,412.0,9.444844989185292,1988.0,1753.0,1988.0,88.17907444668008,235.0,11.82092555331992,1584.0,1819.0,87.08081363386476,235.0,12.91918636613524,2655.0,164.0,6.177024482109228,217.0,2196.0,242.0,8.173258003766477,1264.0,1117.0,1264.0,88.37025316455696,147.0,11.629746835443038,1017.0,1164.0,87.37113402061856,147.0,12.628865979381445,2024,1,4,informal,False,False,False,regular,True,28.0,147.0,1045.0
16104,valido,16005.0,6427.0,258.0,9320.0,58.23180256169947,8.231802561699467,9376.0,259.0,17.0,6452.0,6452.0,5679.0,773.0,2007.0,3672.0,4161.0,426.0,10.237923576063446,481.0,3129.0,551.0,11.55972122086037,1988.0,1753.0,1988.0,88.17907444668008,235.0,11.82092555331992,1584.0,1819.0,87.08081363386476,235.0,12.91918636613524,2655.0,247.0,9.303201506591336,276.0,2053.0,326.0,10.3954802259887,1264.0,1117.0,1264.0,88.37025316455696,147.0,11.629746835443038,1017.0,1164.0,87.37113402061856,147.0,12.628865979381445,2024,1,4,categoria_propia,False,False,False,regular,True,28.0,147.0,1045.0
16104,valido,16005.0,6427.0,258.0,9320.0,58.23180256169947,8.231802561699467,9376.0,259.0,17.0,6452.0,6452.0,5679.0,773.0,2007.0,3672.0,3155.0,268.0,8.49445324881141,338.0,2457.0,360.0,10.713153724247226,1988.0,1753.0,1988.0,88.17907444668008,235.0,11.82092555331992,1584.0,1819.0,87.08081363386476,235.0,12.91918636613524,2031.0,149.0,7.336287543082226,187.0,1632.0,212.0,9.207287050713932,1264.0,1117.0,1264.0,88.37025316455696,147.0,11.629746835443038,1017.0,1164.0,87.37113402061856,147.0,12.628865979381445,2024,1,4,excluir,False,False,False,regular,True,28.0,147.0,1045.0
16104,valido,16005.0,6427.0,258.0,9320.0,58.23180256169947,8.231802561699467,9376.0,259.0,17.0,6452.0,6452.0,5679.0,773.0,2007.0,3672.0,4161.0,369.0,8.868060562364816,456.0,3239.0,466.0,10.95890410958904,1988.0,1753.0,1988.0,88.17907444668008,235.0,11.82092555331992,1584.0,1819.0,87.08081363386476,235.0,12.91918636613524,2655.0,205.0,7.721280602636535,257.0,2117.0,281.0,9.67984934086629,1264.0,1117.0,1264.0,88.37025316455696,147.0,11.629746835443038,1017.0,1164.0,87.37113402061856,147.0,12.628865979381445,2024,1,4,cuenta_propia_precario,False,False,False,regular,True,28.0,147.0,1045.0
16453,valido,16343.0,6857.0,78.0,9408.0,57.56593036774154,7.565930367741544,9461.0,78.0,12.0,6902.0,6902.0,6125.0,777.0,2076.0,4049.0,4579.0,248.0,5.4160297008080365,341.0,3865.0,373.0,7.44704083861105,2184.0,2010.0,2184.0,92.03296703296704,174.0,7.967032967032967,1845.0,2019.0,91.38187221396733,174.0,8.618127786032689,2946.0,150.0,5.091649694501018,204.0,2527.0,215.0,6.924643584521385,1444.0,1339.0,1444.0,92.72853185595568,105.0,7.271468144044321,1219.0,1324.0,92.06948640483384,105.0,7.930513595166163,2024,2,1,informal,False,False,False,regular,True,23.0,117.0,569.0
16453,valido,16343.0,6857.0,78.0,9408.0,57.56593036774154,7.565930367741544,9461.0,78.0,12.0,6902.0,6902.0,6125.0,777.0,2076.0,4049.0,4579.0,411.0,8.975758899322996,466.0,3635.0,478.0,10.17689451845381,2184.0,2010.0,2184.0,92.03296703296704,174.0,7.967032967032967,1845.0,2019.0,91.38187221396733,174.0,8.618127786032689,2946.0,252.0,8.55397148676171,277.0,2376.0,293.0,9.402579769178548,1444.0,1339.0,1444.0,92.72853185595568,105.0,7.271468144044321,1219.0,1324.0,92.06948640483384,105.0,7.930513595166163,2024,2,1,categoria_propia,False,False,False,regular,True,23.0,117.0,569.0
16453,valido,16343.0,6857.0,78.0,9408.0,57.56593036774154,7.565930367741544,9461.0,78.0,12.0,6902.0,6902.0,6125.0,777.0,2076.0,4049.0,3532.0,239.0,6.7667044167610415,303.0,2909.0,320.0,8.578708946772366,2184.0,2010.0,2184.0,92.03296703296704,174.0,7.967032967032967,1845.0,2019.0,91.38187221396733,174.0,8.618127786032689,2305.0,144.0,6.247288503253796,179.0,1936.0,190.0,7.765726681127982,1444.0,1339.0,1444.0,92.72853185595568,105.0,7.271468144044321,1219.0,1324.0,92.06948640483384,105.0,7.930513595166163,2024,2,1,excluir,False,False,False,regular,True,23.0,117.0,569.0
16453,valido,16343.0,6857.0,78.0,9408.0,57.56593036774154,7.565930367741544,9461.0,78.0,12.0,6902.0,6902.0,6125.0,777.0,2076.0,4049.0,4579.0,327.0,7.141297226468661,417.0,3718.0,444.0,9.106791875955448,2184.0,2010.0,2184.0,92.03296703296704,174.0,7.967032967032967,1845.0,2019.0,91.38187221396733,174.0,8.618127786032689,2946.0,198.0,6.720977596741344,250.0,2437.0,259.0,8.486082824168363,1444.0,1339.0,1444.0,92.72853185595568,105.0,7.271468144044321,1219.0,1324.0,92.06948640483384,105.0,7.930513595166163,2024,2,1,cuenta_propia_precario,False,False,False,regular,True,23.0,117.0,569.0
16453,valido,16343.0,6643.0,250.0,9450.0,57.82292112831182,7.822921128311819,9507.0,250.0,20.0,6676.0,6676.0,5820.0,856.0,2052.0,3768.0,4277.0,283.0,6.616787467851298,381.0,3449.0,447.0,8.908113163432313,2065.0,1827.0,2065.0,88.47457627118644,238.0,11.52542372881356,1641.0,1879.0,87.3336881319851,238.0,12.6663118680149,2685.0,150.0,5.58659217877095,204.0,2226.0,255.0,7.597765363128492,1291.0,1155.0,1291.0,89.46553059643686,136.0,10.53446940356313,1025.0,1161.0,88.28596037898363,136.0,11.714039621016363,2024,2,4,informal,False,False,False,regular,True,23.0,202.0,1084.0
16453,valido,16343.0,6643.0,250.0,9450.0,57.82292112831182,7.822921128311819,9507.0,250.0,20.0,6676.0,6676.0,5820.0,856.0,2052.0,3768.0,4277.0,427.0,9.983633387888707,497.0,3201.0,579.0,11.620294599018004,2065.0,1827.0,2065.0,88.47457627118644,238.0,11.52542372881356,1641.0,1879.0,87.3336881319851,238.0,12.6663118680149,2685.0,238.0,8.864059590316574,278.0,2058.0,349.0,10.353817504655494,1291.0,1155.0,1291.0,89.46553059643686,136.0,10.53446940356313,1025.0,1161.0,88.28596037898363,136.0,11.714039621016363,2024,2,4,categoria_propia,False,False,False,regular,True,23.0,202.0,1084.0
16453,valido,16343.0,6643.0,250.0,9450.0,57.82292112831182,7.822921128311819,9507.0,250.0,20.0,6676.0,6676.0,5820.0,856.0,2052.0,3768.0,3248.0,273.0,8.405172413793103,348.0,2506.0,394.0,10.714285714285714,2065.0,1827.0,2065.0,88.47457627118644,238.0,11.52542372881356,1641.0,1879.0,87.3336881319851,238.0,12.6663118680149,2095.0,157.0,7.494033412887828,199.0,1665.0,231.0,9.498806682577566,1291.0,1155.0,1291.0,89.46553059643686,136.0,10.53446940356313,1025.0,1161.0,88.28596037898363,136.0,11.714039621016363,2024,2,4,excluir,False,False,False,regular,True,23.0,202.0,1084.0
16453,valido,16343.0,6643.0,250.0,9450.0,57.82292112831182,7.822921128311819,9507.0,250.0,20.0,6676.0,6676.0,5820.0,856.0,2052.0,3768.0,4277.0,363.0,8.487257423427636,459.0,3308.0,510.0,10.731821370119242,2065.0,1827.0,2065.0,88.47457627118644,238.0,11.52542372881356,1641.0,1879.0,87.3336881319851,238.0,12.6663118680149,2685.0,201.0,7.486033519553072,254.0,2142.0,289.0,9.45996275605214,1291.0,1155.0,1291.0,89.46553059643686,136.0,10.53446940356313,1025.0,1161.0,88.28596037898363,136.0,11.714039621016363,2024,2,4,cuenta_propia_precario,False,False,False,regular,True,23.0,202.0,1084.0
16650,valido,16552.0,7307.0,134.0,9111.0,55.04470758820686,5.044707588206862,9169.0,136.0,8.0,7337.0,7337.0,6516.0,821.0,2350.0,4166.0,4970.0,278.0,5.593561368209255,365.0,4220.0,385.0,7.344064386317908,2287.0,2073.0,2287.0,90.64276344556188,214.0,9.357236554438128,1929.0,2143.0,90.01399906672889,214.0,9.986000933271114,3100.0,176.0,5.67741935483871,223.0,2669.0,208.0,7.193548387096774,1408.0,1290.0,1408.0,91.6193181818182,118.0,8.380681818181818,1189.0,1307.0,90.9716908951798,118.0,9.0283091048202,2024,3,1,informal,False,False,False,regular,True,25.0,129.0,571.0
16650,valido,16552.0,7307.0,134.0,9111.0,55.04470758820686,5.044707588206862,9169.0,136.0,8.0,7337.0,7337.0,6516.0,821.0,2350.0,4166.0,4970.0,403.0,8.108651911468813,464.0,3992.0,514.0,9.336016096579478,2287.0,2073.0,2287.0,90.64276344556188,214.0,9.357236554438128,1929.0,2143.0,90.01399906672889,214.0,9.986000933271114,3100.0,253.0,8.161290322580646,278.0,2535.0,287.0,8.96774193548387,1408.0,1290.0,1408.0,91.6193181818182,118.0,8.380681818181818,1189.0,1307.0,90.9716908951798,118.0,9.0283091048202,2024,3,1,categoria_propia,False,False,False,regular,True,25.0,129.0,571.0
16650,valido,16552.0,7307.0,134.0,9111.0,55.04470758820686,5.044707588206862,9169.0,136.0,8.0,7337.0,7337.0,6516.0,821.0,2350.0,4166.0,3834.0,243.0,6.338028169014085,311.0,3181.0,342.0,8.111632759520084,2287.0,2073.0,2287.0,90.64276344556188,214.0,9.357236554438128,1929.0,2143.0,90.01399906672889,214.0,9.986000933271114,2426.0,150.0,6.183017312448475,181.0,2053.0,192.0,7.460840890354493,1408.0,1290.0,1408.0,91.6193181818182,118.0,8.380681818181818,1189.0,1307.0,90.9716908951798,118.0,9.0283091048202,2024,3,1,excluir,False,False,False,regular,True,25.0,129.0,571.0
16650,valido,16552.0,7307.0,134.0,9111.0,55.04470758820686,5.044707588206862,9169.0,136.0,8.0,7337.0,7337.0,6516.0,821.0,2350.0,4166.0,4970.0,361.0,7.2635814889336014,443.0,4056.0,471.0,8.913480885311872,2287.0,2073.0,2287.0,90.64276344556188,214.0,9.357236554438128,1929.0,2143.0,90.01399906672889,214.0,9.986000933271114,3100.0,211.0,6.806451612903226,255.0,2586.0,259.0,8.225806451612904,1408.0,1290.0,1408.0,91.6193181818182,118.0,8.380681818181818,1189.0,1307.0,90.9716908951798,118.0,9.0283091048202,2024,3,1,cuenta_propia_precario,False,False,False,regular,True,25.0,129.0,571.0
16650,valido,16552.0,6638.0,294.0,9620.0,58.11986466892218,8.119864668922183,9665.0,297.0,15.0,6673.0,6673.0,5856.0,817.0,2141.0,3715.0,4276.0,299.0,6.992516370439663,397.0,3463.0,416.0,9.284377923292798,2055.0,1819.0,2055.0,88.51581508515815,236.0,11.48418491484185,1639.0,1875.0,87.41333333333333,236.0,12.586666666666666,2601.0,171.0,6.57439446366782,228.0,2160.0,213.0,8.765859284890427,1262.0,1140.0,1262.0,90.33280507131538,122.0,9.667194928684628,1023.0,1145.0,89.34497816593887,122.0,10.655021834061136,2024,3,4,informal,False,False,False,regular,True,28.0,176.0,1064.0
16650,valido,16552.0,6638.0,294.0,9620.0,58.11986466892218,8.119864668922183,9665.0,297.0,15.0,6673.0,6673.0,5856.0,817.0,2141.0,3715.0,4276.0,421.0,9.845650140318057,481.0,3248.0,547.0,11.248830682881197,2055.0,1819.0,2055.0,88.51581508515815,236.0,11.48418491484185,1639.0,1875.0,87.41333333333333,236.0,12.586666666666666,2601.0,243.0,9.342560553633218,275.0,2017.0,309.0,10.57285659361784,1262.0,1140.0,1262.0,90.33280507131538,122.0,9.667194928684628,1023.0,1145.0,89.34497816593887,122.0,10.655021834061136,2024,3,4,categoria_propia,False,False,False,regular,True,28.0,176.0,1064.0
16650,valido,16552.0,6638.0,294.0,9620.0,58.11986466892218,8.119864668922183,9665.0,297.0,15.0,6673.0,6673.0,5856.0,817.0,2141.0,3715.0,3226.0,250.0,7.749535027898326,317.0,2531.0,378.0,9.826410415375078,2055.0,1819.0,2055.0,88.51581508515815,236.0,11.48418491484185,1639.0,1875.0,87.41333333333333,236.0,12.586666666666666,1979.0,145.0,7.326932794340576,182.0,1605.0,192.0,9.19656392117231,1262.0,1140.0,1262.0,90.33280507131538,122.0,9.667194928684628,1023.0,1145.0,89.34497816593887,122.0,10.655021834061136,2024,3,4,excluir,False,False,False,regular,True,28.0,176.0,1064.0
16650,valido,16552.0,6638.0,294.0,9620.0,58.11986466892218,8.119864668922183,9665.0,297.0,15.0,6673.0,6673.0,5856.0,817.0,2141.0,3715.0,4276.0,383.0,8.956969130028064,475.0,3322.0,479.0,11.108512628624885,2055.0,1819.0,2055.0,88.51581508515815,236.0,11.48418491484185,1639.0,1875.0,87.41333333333333,236.0,12.586666666666666,2601.0,220.0,8.458285274894271,273.0,2076.0,252.0,10.4959630911188,1262.0,1140.0,1262.0,90.33280507131538,122.0,9.667194928684628,1023.0,1145.0,89.34497816593887,122.0,10.655021834061136,2024,3,4,cuenta_propia_precario,False,False,False,regular,True,28.0,176.0,1064.0
16511,valido,16416.0,6592.0,74.0,9750.0,59.39327485380117,9.393274853801168,9796.0,74.0,13.0,6628.0,6628.0,5895.0,733.0,2059.0,3836.0,4388.0,223.0,5.0820419325433,327.0,3737.0,324.0,7.452142206016409,2069.0,1890.0,2069.0,91.34847752537458,179.0,8.651522474625423,1739.0,1918.0,90.66736183524505,179.0,9.332638164754954,2797.0,127.0,4.540579191991419,192.0,2414.0,191.0,6.864497676081516,1309.0,1209.0,1309.0,92.36058059587472,100.0,7.639419404125286,1105.0,1205.0,91.701244813278,100.0,8.298755186721992,2024,4,1,informal,False,False,False,regular,True,25.0,118.0,533.0
16511,valido,16416.0,6592.0,74.0,9750.0,59.39327485380117,9.393274853801168,9796.0,74.0,13.0,6628.0,6628.0,5895.0,733.0,2059.0,3836.0,4388.0,372.0,8.477666362807657,442.0,3504.0,442.0,10.07292616226071,2069.0,1890.0,2069.0,91.34847752537458,179.0,8.651522474625423,1739.0,1918.0,90.66736183524505,179.0,9.332638164754954,2797.0,219.0,7.829817661780479,265.0,2272.0,260.0,9.474436896675009,1309.0,1209.0,1309.0,92.36058059587472,100.0,7.639419404125286,1105.0,1205.0,91.701244813278,100.0,8.298755186721992,2024,4,1,categoria_propia,False,False,False,regular,True,25.0,118.0,533.0
16511,valido,16416.0,6592.0,74.0,9750.0,59.39327485380117,9.393274853801168,9796.0,74.0,13.0,6628.0,6628.0,5895.0,733.0,2059.0,3836.0,3354.0,211.0,6.290995825879547,291.0,2774.0,289.0,8.676207513416816,2069.0,1890.0,2069.0,91.34847752537458,179.0,8.651522474625423,1739.0,1918.0,90.66736183524505,179.0,9.332638164754954,2172.0,121.0,5.570902394106814,173.0,1833.0,166.0,7.96500920810313,1309.0,1209.0,1309.0,92.36058059587472,100.0,7.639419404125286,1105.0,1205.0,91.701244813278,100.0,8.298755186721992,2024,4,1,excluir,False,False,False,regular,True,25.0,118.0,533.0
16511,valido,16416.0,6592.0,74.0,9750.0,59.39327485380117,9.393274853801168,9796.0,74.0,13.0,6628.0,6628.0,5895.0,733.0,2059.0,3836.0,4388.0,298.0,6.7912488605287145,400.0,3602.0,386.0,9.115770282588878,2069.0,1890.0,2069.0,91.34847752537458,179.0,8.651522474625423,1739.0,1918.0,90.66736183524505,179.0,9.332638164754954,2797.0,169.0,6.042188058634251,233.0,2339.0,225.0,8.330353950661422,1309.0,1209.0,1309.0,92.36058059587472,100.0,7.639419404125286,1105.0,1205.0,91.701244813278,100.0,8.298755186721992,2024,4,1,cuenta_propia_precario,False,False,False,regular,True,25.0,118.0,533.0
16511,valido,16416.0,6626.0,268.0,9522.0,58.00438596491228,8.00438596491228,9565.0,269.0,19.0,6658.0,6658.0,5866.0,792.0,2135.0,3731.0,4337.0,352.0,8.11620936130966,449.0,3494.0,394.0,10.35277841826147,2031.0,1811.0,2031.0,89.16789758739537,220.0,10.832102412604629,1638.0,1858.0,88.15931108719053,220.0,11.840688912809473,2663.0,202.0,7.58542996620353,263.0,2164.0,236.0,9.876079609463012,1246.0,1118.0,1246.0,89.7271268057785,128.0,10.272873194221509,1006.0,1134.0,88.71252204585538,128.0,11.28747795414462,2024,4,4,informal,False,False,False,regular,True,16.0,180.0,1042.0
16511,valido,16416.0,6626.0,268.0,9522.0,58.00438596491228,8.00438596491228,9565.0,269.0,19.0,6658.0,6658.0,5866.0,792.0,2135.0,3731.0,4337.0,420.0,9.684113442471755,490.0,3318.0,529.0,11.29813234955038,2031.0,1811.0,2031.0,89.16789758739537,220.0,10.832102412604629,1638.0,1858.0,88.15931108719053,220.0,11.840688912809473,2663.0,256.0,9.613218174990612,300.0,2043.0,320.0,11.265490048817124,1246.0,1118.0,1246.0,89.7271268057785,128.0,10.272873194221509,1006.0,1134.0,88.71252204585538,128.0,11.28747795414462,2024,4,4,categoria_propia,False,False,False,regular,True,16.0,180.0,1042.0
16511,valido,16416.0,6626.0,268.0,9522.0,58.00438596491228,8.00438596491228,9565.0,269.0,19.0,6658.0,6658.0,5866.0,792.0,2135.0,3731.0,3247.0,298.0,9.17770249461041,372.0,2537.0,338.0,11.456729288574069,2031.0,1811.0,2031.0,89.16789758739537,220.0,10.832102412604629,1638.0,1858.0,88.15931108719053,220.0,11.840688912809473,2018.0,175.0,8.67195242814668,224.0,1601.0,193.0,11.10009910802775,1246.0,1118.0,1246.0,89.7271268057785,128.0,10.272873194221509,1006.0,1134.0,88.71252204585538,128.0,11.28747795414462,2024,4,4,excluir,False,False,False,regular,True,16.0,180.0,1042.0
16511,valido,16416.0,6626.0,268.0,9522.0,58.00438596491228,8.00438596491228,9565.0,269.0,19.0,6658.0,6658.0,5866.0,792.0,2135.0,3731.0,4337.0,416.0,9.59188379063869,510.0,3370.0,457.0,11.759280608715702,2031.0,1811.0,2031.0,89.16789758739537,220.0,10.832102412604629,1638.0,1858.0,88.15931108719053,220.0,11.840688912809473,2663.0,229.0,8.59932407059707,289.0,2093.0,281.0,10.852422080360496,1246.0,1118.0,1246.0,89.7271268057785,128.0,10.272873194221509,1006.0,1134.0,88.71252204585538,128.0,11.28747795414462,2024,4,4,cuenta_propia_precario,False,False,False,regular,True,16.0,180.0,1042.0
15984,valido,15905.0,7004.0,120.0,8781.0,55.20905375668029,5.209053756680291,8827.0,120.0,8.0,7029.0,7029.0,6224.0,805.0,2139.0,4085.0,4704.0,258.0,5.48469387755102,355.0,3967.0,382.0,7.546768707482993,2223.0,2027.0,2223.0,91.18308591992802,196.0,8.816914080071975,1882.0,2078.0,90.56785370548604,196.0,9.432146294513956,2984.0,139.0,4.658176943699732,191.0,2554.0,239.0,6.400804289544236,1381.0,1277.0,1381.0,92.46922519913106,104.0,7.530774800868936,1176.0,1280.0,91.875,104.0,8.125,2025,1,1,informal,False,False,False,regular,True,22.0,121.0,564.0
15984,valido,15905.0,7004.0,120.0,8781.0,55.20905375668029,5.209053756680291,8827.0,120.0,8.0,7029.0,7029.0,6224.0,805.0,2139.0,4085.0,4704.0,392.0,8.333333333333334,455.0,3755.0,494.0,9.672619047619047,2223.0,2027.0,2223.0,91.18308591992802,196.0,8.816914080071975,1882.0,2078.0,90.56785370548604,196.0,9.432146294513956,2984.0,217.0,7.272117962466488,250.0,2439.0,295.0,8.378016085790884,1381.0,1277.0,1381.0,92.46922519913106,104.0,7.530774800868936,1176.0,1280.0,91.875,104.0,8.125,2025,1,1,categoria_propia,False,False,False,regular,True,22.0,121.0,564.0
15984,valido,15905.0,7004.0,120.0,8781.0,55.20905375668029,5.209053756680291,8827.0,120.0,8.0,7029.0,7029.0,6224.0,805.0,2139.0,4085.0,3652.0,243.0,6.6538882803943045,312.0,2990.0,350.0,8.543263964950713,2223.0,2027.0,2223.0,91.18308591992802,196.0,8.816914080071975,1882.0,2078.0,90.56785370548604,196.0,9.432146294513956,2360.0,132.0,5.593220338983051,169.0,1984.0,207.0,7.161016949152542,1381.0,1277.0,1381.0,92.46922519913106,104.0,7.530774800868936,1176.0,1280.0,91.875,104.0,8.125,2025,1,1,excluir,False,False,False,regular,True,22.0,121.0,564.0
15984,valido,15905.0,7004.0,120.0,8781.0,55.20905375668029,5.209053756680291,8827.0,120.0,8.0,7029.0,7029.0,6224.0,805.0,2139.0,4085.0,4704.0,329.0,6.994047619047619,425.0,3830.0,449.0,9.03486394557823,2223.0,2027.0,2223.0,91.18308591992802,196.0,8.816914080071975,1882.0,2078.0,90.56785370548604,196.0,9.432146294513956,2984.0,179.0,5.998659517426273,231.0,2479.0,274.0,7.741286863270777,1381.0,1277.0,1381.0,92.46922519913106,104.0,7.530774800868936,1176.0,1280.0,91.875,104.0,8.125,2025,1,1,cuenta_propia_precario,False,False,False,regular,True,22.0,121.0,564.0
15984,sin_destino_publicado,,,,,,,,,,,,,,,,,,,,,,,,,,,,,,,,,,,,,,,,,,,,,,,,,,,,2025,1,4,informal,,,,,,,,
15984,sin_destino_publicado,,,,,,,,,,,,,,,,,,,,,,,,,,,,,,,,,,,,,,,,,,,,,,,,,,,,2025,1,4,categoria_propia,,,,,,,,
15984,sin_destino_publicado,,,,,,,,,,,,,,,,,,,,,,,,,,,,,,,,,,,,,,,,,,,,,,,,,,,,2025,1,4,excluir,,,,,,,,
15984,sin_destino_publicado,,,,,,,,,,,,,,,,,,,,,,,,,,,,,,,,,,,,,,,,,,,,,,,,,,,,2025,1,4,cuenta_propia_precario,,,,,,,,
16169,valido,16080.0,6513.0,83.0,9484.0,58.98009950248756,8.980099502487562,9520.0,83.0,14.0,6552.0,6552.0,5871.0,681.0,2033.0,3838.0,4352.0,234.0,5.376838235294118,324.0,3717.0,311.0,7.444852941176471,2063.0,1891.0,2063.0,91.66262724188076,172.0,8.337372758119244,1779.0,1951.0,91.1840082009226,172.0,8.815991799077397,2786.0,134.0,4.809763101220388,186.0,2412.0,188.0,6.676238334529792,1314.0,1221.0,1314.0,92.92237442922377,93.0,7.077625570776256,1153.0,1246.0,92.53611556982344,93.0,7.463884430176565,2025,2,1,informal,False,False,False,regular,True,17.0,85.0,507.0
16169,valido,16080.0,6513.0,83.0,9484.0,58.98009950248756,8.980099502487562,9520.0,83.0,14.0,6552.0,6552.0,5871.0,681.0,2033.0,3838.0,4352.0,366.0,8.409926470588236,419.0,3508.0,425.0,9.627757352941176,2063.0,1891.0,2063.0,91.66262724188076,172.0,8.337372758119244,1779.0,1951.0,91.1840082009226,172.0,8.815991799077397,2786.0,216.0,7.753050969131371,246.0,2298.0,242.0,8.829863603732951,1314.0,1221.0,1314.0,92.92237442922377,93.0,7.077625570776256,1153.0,1246.0,92.53611556982344,93.0,7.463884430176565,2025,2,1,categoria_propia,False,False,False,regular,True,17.0,85.0,507.0
16169,valido,16080.0,6513.0,83.0,9484.0,58.98009950248756,8.980099502487562,9520.0,83.0,14.0,6552.0,6552.0,5871.0,681.0,2033.0,3838.0,3338.0,217.0,6.500898741761534,283.0,2762.0,293.0,8.47813061713601,2063.0,1891.0,2063.0,91.66262724188076,172.0,8.337372758119244,1779.0,1951.0,91.1840082009226,172.0,8.815991799077397,2171.0,127.0,5.849838783970521,165.0,1840.0,166.0,7.600184246890834,1314.0,1221.0,1314.0,92.92237442922377,93.0,7.077625570776256,1153.0,1246.0,92.53611556982344,93.0,7.463884430176565,2025,2,1,excluir,False,False,False,regular,True,17.0,85.0,507.0
16169,valido,16080.0,6513.0,83.0,9484.0,58.98009950248756,8.980099502487562,9520.0,83.0,14.0,6552.0,6552.0,5871.0,681.0,2033.0,3838.0,4352.0,323.0,7.421875,410.0,3556.0,386.0,9.420955882352942,2063.0,1891.0,2063.0,91.66262724188076,172.0,8.337372758119244,1779.0,1951.0,91.1840082009226,172.0,8.815991799077397,2786.0,178.0,6.389088298636037,230.0,2317.0,239.0,8.255563531945441,1314.0,1221.0,1314.0,92.92237442922377,93.0,7.077625570776256,1153.0,1246.0,92.53611556982344,93.0,7.463884430176565,2025,2,1,cuenta_propia_precario,False,False,False,regular,True,17.0,85.0,507.0
16169,sin_destino_publicado,,,,,,,,,,,,,,,,,,,,,,,,,,,,,,,,,,,,,,,,,,,,,,,,,,,,2025,2,4,informal,,,,,,,,
16169,sin_destino_publicado,,,,,,,,,,,,,,,,,,,,,,,,,,,,,,,,,,,,,,,,,,,,,,,,,,,,2025,2,4,categoria_propia,,,,,,,,
16169,sin_destino_publicado,,,,,,,,,,,,,,,,,,,,,,,,,,,,,,,,,,,,,,,,,,,,,,,,,,,,2025,2,4,excluir,,,,,,,,
16169,sin_destino_publicado,,,,,,,,,,,,,,,,,,,,,,,,,,,,,,,,,,,,,,,,,,,,,,,,,,,,2025,2,4,cuenta_propia_precario,,,,,,,,
15860,valido,15762.0,6821.0,81.0,8860.0,56.211140718182975,6.211140718182975,8912.0,81.0,16.0,6851.0,6851.0,6154.0,697.0,2218.0,3936.0,4631.0,265.0,5.72230619736558,367.0,3912.0,352.0,7.924854243144029,2213.0,2033.0,2213.0,91.86624491640308,180.0,8.133755083596927,1890.0,2070.0,91.30434782608695,180.0,8.695652173913043,2875.0,137.0,4.765217391304348,202.0,2472.0,201.0,7.026086956521739,1368.0,1271.0,1368.0,92.9093567251462,97.0,7.090643274853801,1175.0,1272.0,92.374213836478,97.0,7.6257861635220126,2025,3,1,informal,False,False,False,regular,True,19.0,120.0,504.0
15860,valido,15762.0,6821.0,81.0,8860.0,56.211140718182975,6.211140718182975,8912.0,81.0,16.0,6851.0,6851.0,6154.0,697.0,2218.0,3936.0,4631.0,400.0,8.637443316778233,468.0,3697.0,466.0,10.105808680630531,2213.0,2033.0,2213.0,91.86624491640308,180.0,8.133755083596927,1890.0,2070.0,91.30434782608695,180.0,8.695652173913043,2875.0,204.0,7.095652173913043,250.0,2352.0,273.0,8.695652173913043,1368.0,1271.0,1368.0,92.9093567251462,97.0,7.090643274853801,1175.0,1272.0,92.374213836478,97.0,7.6257861635220126,2025,3,1,categoria_propia,False,False,False,regular,True,19.0,120.0,504.0
15860,valido,15762.0,6821.0,81.0,8860.0,56.211140718182975,6.211140718182975,8912.0,81.0,16.0,6851.0,6851.0,6154.0,697.0,2218.0,3936.0,3541.0,254.0,7.173114939282688,333.0,2909.0,299.0,9.404123129059588,2213.0,2033.0,2213.0,91.86624491640308,180.0,8.133755083596927,1890.0,2070.0,91.30434782608695,180.0,8.695652173913043,2232.0,125.0,5.600358422939068,178.0,1884.0,170.0,7.974910394265233,1368.0,1271.0,1368.0,92.9093567251462,97.0,7.090643274853801,1175.0,1272.0,92.374213836478,97.0,7.6257861635220126,2025,3,1,excluir,False,False,False,regular,True,19.0,120.0,504.0
15860,valido,15762.0,6821.0,81.0,8860.0,56.211140718182975,6.211140718182975,8912.0,81.0,16.0,6851.0,6851.0,6154.0,697.0,2218.0,3936.0,4631.0,355.0,7.665730943640682,455.0,3750.0,426.0,9.825091772835242,2213.0,2033.0,2213.0,91.86624491640308,180.0,8.133755083596927,1890.0,2070.0,91.30434782608695,180.0,8.695652173913043,2875.0,191.0,6.643478260869565,255.0,2375.0,245.0,8.869565217391305,1368.0,1271.0,1368.0,92.9093567251462,97.0,7.090643274853801,1175.0,1272.0,92.374213836478,97.0,7.6257861635220126,2025,3,1,cuenta_propia_precario,False,False,False,regular,True,19.0,120.0,504.0
15860,sin_destino_publicado,,,,,,,,,,,,,,,,,,,,,,,,,,,,,,,,,,,,,,,,,,,,,,,,,,,,2025,3,4,informal,,,,,,,,
15860,sin_destino_publicado,,,,,,,,,,,,,,,,,,,,,,,,,,,,,,,,,,,,,,,,,,,,,,,,,,,,2025,3,4,categoria_propia,,,,,,,,
15860,sin_destino_publicado,,,,,,,,,,,,,,,,,,,,,,,,,,,,,,,,,,,,,,,,,,,,,,,,,,,,2025,3,4,excluir,,,,,,,,
15860,sin_destino_publicado,,,,,,,,,,,,,,,,,,,,,,,,,,,,,,,,,,,,,,,,,,,,,,,,,,,,2025,3,4,cuenta_propia_precario,,,,,,,,
15534,sin_destino_publicado,,,,,,,,,,,,,,,,,,,,,,,,,,,,,,,,,,,,,,,,,,,,,,,,,,,,2025,4,1,informal,,,,,,,,
15534,sin_destino_publicado,,,,,,,,,,,,,,,,,,,,,,,,,,,,,,,,,,,,,,,,,,,,,,,,,,,,2025,4,1,categoria_propia,,,,,,,,
15534,sin_destino_publicado,,,,,,,,,,,,,,,,,,,,,,,,,,,,,,,,,,,,,,,,,,,,,,,,,,,,2025,4,1,excluir,,,,,,,,
15534,sin_destino_publicado,,,,,,,,,,,,,,,,,,,,,,,,,,,,,,,,,,,,,,,,,,,,,,,,,,,,2025,4,1,cuenta_propia_precario,,,,,,,,
15534,sin_destino_publicado,,,,,,,,,,,,,,,,,,,,,,,,,,,,,,,,,,,,,,,,,,,,,,,,,,,,2025,4,4,informal,,,,,,,,
15534,sin_destino_publicado,,,,,,,,,,,,,,,,,,,,,,,,,,,,,,,,,,,,,,,,,,,,,,,,,,,,2025,4,4,categoria_propia,,,,,,,,
15534,sin_destino_publicado,,,,,,,,,,,,,,,,,,,,,,,,,,,,,,,,,,,,,,,,,,,,,,,,,,,,2025,4,4,excluir,,,,,,,,
15534,sin_destino_publicado,,,,,,,,,,,,,,,,,,,,,,,,,,,,,,,,,,,,,,,,,,,,,,,,,,,,2025,4,4,cuenta_propia_precario,,,,,,,,
