anio,trimestre,indicador,mandato,Q1,Q5,total,brecha_q1_q5_pp,sobrerrepresentacion_q1,sobrerrepresentacion_q5
2003,3,activos_sin_empleo_formal,Nestor Kirchner,0.7976324838713812,0.27070275342716854,0.4493441653755497,52.692973044421265,1.7751036851780226,0.6024396760574882
2003,3,algun_desocupado,Nestor Kirchner,0.3502275761873204,0.07005733760693754,0.20513726005858146,28.017023858038286,1.707284069638569,0.34151444543488163
2003,3,entorno_deficitario,Nestor Kirchner,0.2985315549443631,0.10077267347436027,0.18573290510616772,19.775888147000288,1.6073164567889464,0.5425676910440672
2003,3,hacinamiento_critico,Nestor Kirchner,0.17165187806761634,0.000821718414816591,0.0497514363964735,17.083015965279973,3.450189391512391,0.016516476193134323
2003,3,jefe_sin_secundario,Nestor Kirchner,0.8143570906738623,0.2663539663729004,0.592312404705456,54.8003124300962,1.374877656122742,0.44968493696388545
2003,3,materiales_deficitarios,Nestor Kirchner,0.04720481253708433,0.0025459074255256074,0.0181253319412872,4.465890511155872,2.6043557541452675,0.14046128555176163
2003,3,ningun_asalariado_formal,Nestor Kirchner,0.8694156754266724,0.44134116140147867,0.6082697743187718,42.807451402519376,1.4293257895320697,0.7255681278849604
2003,3,prestamos_o_venta_pertenencias,Nestor Kirchner,0.3039003474900273,0.1249124019259884,0.2192641241888099,17.898794556403892,1.3860012376139408,0.5696891928313154
2003,3,sanitario_deficitario,Nestor Kirchner,0.07721682276953096,0.0017847753981610629,0.025142294058604613,7.54320473713699,3.071192413450615,0.07098697493557662
2003,3,sin_ocupados_jefe_menor_65,Nestor Kirchner,0.0906557677388419,0.036710853561667915,0.07047790603190184,5.394491417717399,1.286300527966971,0.5208845669315252
2003,3,solo_asalariados_informales,Nestor Kirchner,0.44313309493813563,0.07898951237009272,0.2025821458942335,36.41435825680429,2.187424232190194,0.3899134942095662
2003,3,tenencia_precaria,Nestor Kirchner,0.21354464707784937,0.20762384236646433,0.21164319934302928,0.5920804711385036,1.008984213717816,0.9810088063824324
2003,4,activos_sin_empleo_formal,Nestor Kirchner,0.7689272641530619,0.2940790049597882,0.44919546796015014,47.48482591932736,1.7117876715115843,0.654679367748824
2003,4,algun_desocupado,Nestor Kirchner,0.32492196447418653,0.06075347779991605,0.1840412942843111,26.41684866742705,1.7654840221468984,0.33010785995703074
2003,4,entorno_deficitario,Nestor Kirchner,0.3352391218102745,0.10475485747249072,0.20018225423709834,23.048426433778378,1.6746695309625852,0.5232974215007978
2003,4,hacinamiento_critico,Nestor Kirchner,0.15168052830420678,0.0007287037463990016,0.04601435681582357,15.095182455780778,3.29637397543817,0.01583644316306976
2003,4,jefe_sin_secundario,Nestor Kirchner,0.8170630197689999,0.2352461451095321,0.5803184620837163,58.18168746594677,1.407956274276056,0.4053742220518838
2003,4,materiales_deficitarios,Nestor Kirchner,0.05079757172905766,0.0059915498795779275,0.020148022668052528,4.480602184947973,2.521218710439721,0.2973765703112076
2003,4,ningun_asalariado_formal,Nestor Kirchner,0.8502616155038063,0.4316684236791917,0.6032088787423237,41.859319182461455,1.409564158399959,0.7156201423613164
2003,4,prestamos_o_venta_pertenencias,Nestor Kirchner,0.32186416952984065,0.149157269954188,0.2265081894426048,17.270689957565267,1.4209824833348828,0.6585071838737342
2003,4,sanitario_deficitario,Nestor Kirchner,0.06287904306363358,0.0025887565663511025,0.023376592779433835,6.0290286497282475,2.689829251718542,0.11074139806330666
2003,4,sin_ocupados_jefe_menor_65,Nestor Kirchner,0.08940139079143368,0.03168234011622469,0.06877043397654109,5.7719050675208985,1.2999974788864965,0.4606971089790148
2003,4,solo_asalariados_informales,Nestor Kirchner,0.39284543351822326,0.09321843045036134,0.20061665689127384,29.962700306786193,1.9581895123052004,0.4646594749152957
2003,4,tenencia_precaria,Nestor Kirchner,0.2355535095401705,0.22267271906978345,0.2262936785906099,1.2880790470387065,1.0409195299101248,0.9839988481190535
2004,1,activos_sin_empleo_formal,Nestor Kirchner,0.7551161268657994,0.27968996243323035,0.4360690067329167,47.54261644325691,1.7316436509056754,0.6413892253629818
2004,1,algun_desocupado,Nestor Kirchner,0.31111114420311275,0.046355933970667534,0.18356818716944334,26.475521023244518,1.6947988047402809,0.25252705648761736
2004,1,entorno_deficitario,Nestor Kirchner,0.33930801149913964,0.11373332062239885,0.2089475431145926,22.55746908767408,1.6238908887914214,0.5443151851755651
2004,1,hacinamiento_critico,Nestor Kirchner,0.16069325696939335,0.00020627356675500177,0.04816645831662486,16.048698340263833,3.336206617332489,0.004282514720078672
2004,1,jefe_sin_secundario,Nestor Kirchner,0.8064676331682126,0.273401028989868,0.5816803338528165,53.30666041783445,1.3864447295759432,0.4700193784771261
2004,1,materiales_deficitarios,Nestor Kirchner,0.0500231933566483,0.005628312414908735,0.019243481894406902,4.4394880941739565,2.599487641121095,0.2924788999097194
2004,1,ningun_asalariado_formal,Nestor Kirchner,0.8425293937636302,0.4351608280776598,0.5921552538951371,40.73685656859704,1.4228184048381864,0.7348762427002312
2004,1,prestamos_o_venta_pertenencias,Nestor Kirchner,0.2759473350721526,0.12497430504455281,0.1985231926597513,15.097303002759975,1.3900004899936222,0.629519923441621
2004,1,sanitario_deficitario,Nestor Kirchner,0.06914151819319657,0.0035883563867977085,0.02322298688829982,6.5553161806398865,2.977287914158509,0.15451743585169875
2004,1,sin_ocupados_jefe_menor_65,Nestor Kirchner,0.0733289800805178,0.027495836672436238,0.06488794232494702,4.5833143408081565,1.1300863835887969,0.423743390331937
2004,1,solo_asalariados_informales,Nestor Kirchner,0.4111009435936077,0.07386070801891148,0.19737558456470036,33.72402355746962,2.0828358507475246,0.374214005150671
2004,1,tenencia_precaria,Nestor Kirchner,0.22442085481107651,0.23256169023651274,0.21811817703360262,-0.8140835425436227,1.0288957016934124,1.0662187507677776
2004,2,activos_sin_empleo_formal,Nestor Kirchner,0.771532897711874,0.2841230118538165,0.4355045154361546,48.74098858580575,1.771584152093554,0.6523996922724656
2004,2,algun_desocupado,Nestor Kirchner,0.3462430528204455,0.04695376804238102,0.18922446291856823,29.928928477806448,1.8298006900378911,0.2481379379715155
2004,2,entorno_deficitario,Nestor Kirchner,0.3518222934694401,0.10962073469550734,0.21071596584389501,24.220155877393275,1.6696518085871153,0.52022984711428
2004,2,hacinamiento_critico,Nestor Kirchner,0.17167234915426371,0.0009042240068387727,0.04865673524669009,17.076812514742496,3.528234031401477,0.018583737734444137
2004,2,jefe_sin_secundario,Nestor Kirchner,0.8103726122009325,0.23246672569130625,0.5782467771063596,57.790588650962626,1.4014304001073177,0.4020199245287753
2004,2,materiales_deficitarios,Nestor Kirchner,0.04357366217609579,0.004188804106026273,0.0196479481628971,3.9384858070069515,2.217720741872663,0.2131929538544055
2004,2,ningun_asalariado_formal,Nestor Kirchner,0.8400284988871461,0.39402863130153937,0.5887734400812877,44.599986758560675,1.426743194752755,0.6692364235165544
2004,2,prestamos_o_venta_pertenencias,Nestor Kirchner,0.27566377762269223,0.1348802600974751,0.21473839865338334,14.078351752521712,1.2837190709783146,0.6281143053282706
2004,2,sanitario_deficitario,Nestor Kirchner,0.07635352439564624,0.004466777907379436,0.027393944969948205,7.18867464882668,2.78724092055408,0.16305712493325059
2004,2,sin_ocupados_jefe_menor_65,Nestor Kirchner,0.0890045120678814,0.029793877051112624,0.06999403419660996,5.921063501676878,1.2716014027405806,0.4256630924776106
2004,2,solo_asalariados_informales,Nestor Kirchner,0.422296386890819,0.08102936309444736,0.19798525387647026,34.126702379637166,2.132968888452188,0.4092696880597195
2004,2,tenencia_precaria,Nestor Kirchner,0.22185523763020085,0.24226107883014494,0.2250581969617801,-2.04058411999441,0.9857683062655871,1.076437481951774
2004,3,activos_sin_empleo_formal,Nestor Kirchner,0.7982616365126193,0.24312728093060149,0.4332983960078136,55.513435558201785,1.842290772057749,0.5611081951159985
2004,3,algun_desocupado,Nestor Kirchner,0.3118764399643129,0.051708492066091044,0.1700856770794827,26.016794789822185,1.833643169251518,0.3040143823628792
2004,3,entorno_deficitario,Nestor Kirchner,0.34725571728597565,0.0897323101665375,0.20042710256491242,25.752340711943816,1.732578642519216,0.4477054700597483
2004,3,hacinamiento_critico,Nestor Kirchner,0.17147185736293744,0.0005832941059519389,0.04457423507177085,17.08885632569855,3.846882780755371,0.013085902764517496
2004,3,jefe_sin_secundario,Nestor Kirchner,0.8190829928844113,0.2295859667507177,0.5756843392301854,58.94970261336936,1.4227988101599267,0.3988053019780317
2004,3,materiales_deficitarios,Nestor Kirchner,0.04087133577748249,0.0038648924983535455,0.018192846498620352,3.700644327912894,2.246560799629786,0.2124402302106291
2004,3,ningun_asalariado_formal,Nestor Kirchner,0.8713838066143391,0.39846161123300333,0.5895440399080825,47.29221953813358,1.4780639742371056,0.6758809932081218
2004,3,prestamos_o_venta_pertenencias,Nestor Kirchner,0.30826988879072836,0.11915817969457816,0.20255671740546358,18.91117090961502,1.5218941772918628,0.5882706889253928
2004,3,sanitario_deficitario,Nestor Kirchner,0.07104236314972136,0.0016562785400588721,0.02367741768764518,6.938608460966249,3.0004269927962244,0.06995182337485706
2004,3,sin_ocupados_jefe_menor_65,Nestor Kirchner,0.0952323081781968,0.0328927021136472,0.06250173167301362,6.233960606454961,1.5236747147489877,0.5262686526147768
2004,3,solo_asalariados_informales,Nestor Kirchner,0.4152249437113129,0.06251796545538564,0.19135973764418107,35.27069782559273,2.1698657660337735,0.3267038627092657
2004,3,tenencia_precaria,Nestor Kirchner,0.22387469927214035,0.22945279497003634,0.22699006733893143,-0.5578095697895996,0.9862753110595833,1.0108494951341975
2004,4,activos_sin_empleo_formal,Nestor Kirchner,0.763016278953952,0.2915415079980692,0.4289974588286571,47.14747709558827,1.778603260348689,0.6795879602506265
2004,4,algun_desocupado,Nestor Kirchner,0.2947092667293569,0.040695336516593454,0.15773797555799907,25.40139302127634,1.8683469575846972,0.2579932725308122
2004,4,entorno_deficitario,Nestor Kirchner,0.3138231959714203,0.07872086558892875,0.18626190683121224,23.51023303824915,1.6848490456816925,0.4226353467983361
2004,4,hacinamiento_critico,Nestor Kirchner,0.1585175583175454,0.0015660053666476047,0.04201239007749888,15.69515529508978,3.7731145032485243,0.037274845914713396
2004,4,jefe_sin_secundario,Nestor Kirchner,0.8083253505819352,0.22395692564165104,0.5726871427626342,58.43684249402842,1.4114606217324626,0.3910633030126819
2004,4,materiales_deficitarios,Nestor Kirchner,0.04058533341535794,0.005439961560632462,0.018205890657422688,3.5145371854725473,2.2292418524886046,0.29880227575762935
2004,4,ningun_asalariado_formal,Nestor Kirchner,0.8353971308966168,0.4340345148604632,0.5844998204850033,40.13626160361537,1.4292513044801711,0.742574248355307
2004,4,prestamos_o_venta_pertenencias,Nestor Kirchner,0.2755462691988833,0.15492720471526814,0.20714632554925752,12.061906448361517,1.3302010956180872,0.7479119134962781
2004,4,sanitario_deficitario,Nestor Kirchner,0.06690790687864168,0.0019219683768815917,0.02190717136108112,6.498593850176008,3.054155453291701,0.08773238430480522
2004,4,sin_ocupados_jefe_menor_65,Nestor Kirchner,0.09327002791765902,0.02440694750550625,0.05986504450256762,6.886308041215278,1.558004820553648,0.4076994798602285
2004,4,solo_asalariados_informales,Nestor Kirchner,0.4119231546661745,0.08017186381857908,0.1923731997874358,33.17512908475955,2.1412710040760983,0.41675173000795107
2004,4,tenencia_precaria,Nestor Kirchner,0.23510740828624244,0.25930898498242466,0.23124370958840693,-2.4201576696182228,1.0167083407575175,1.1213666544442287
2005,1,activos_sin_empleo_formal,Nestor Kirchner,0.75910847835859,0.27262895477043614,0.42655712110710753,48.64795235881538,1.779617408304806,0.6391382098201559
2005,1,algun_desocupado,Nestor Kirchner,0.28506900549745495,0.047473235116689806,0.16600155837670527,23.759577038076515,1.7172670442680509,0.28598065934392847
2005,1,entorno_deficitario,Nestor Kirchner,0.30814042295052874,0.09628525950852915,0.18304368477167485,21.185516344199957,1.6834255895520085,0.5260233896003215
2005,1,hacinamiento_critico,Nestor Kirchner,0.16663740135708463,0.00011091805855451878,0.0475944547557906,16.65264832985301,3.5011936203935736,0.0023304828077902054
2005,1,jefe_sin_secundario,Nestor Kirchner,0.801055848846902,0.2629376321890876,0.5783352633670982,53.81182166578144,1.385106355408994,0.4546456853733092
2005,1,materiales_deficitarios,Nestor Kirchner,0.04323481362623998,0.006398133544593602,0.019272499243053673,3.6836680081646382,2.243342343978712,0.3319825552412286
2005,1,ningun_asalariado_formal,Nestor Kirchner,0.8365681857525868,0.4191420701083678,0.5797600444266509,41.74261156442191,1.4429559156321377,0.7229578411580174
2005,1,prestamos_o_venta_pertenencias,Nestor Kirchner,0.24191347509270317,0.1456816414341471,0.1911669027191234,9.623183365855606,1.2654568947436493,0.762065186818418
2005,1,sanitario_deficitario,Nestor Kirchner,0.07144072888193201,0.0012486644813826887,0.02174925632713857,7.019206440054932,3.2847435244389835,0.0574118242298066
2005,1,sin_ocupados_jefe_menor_65,Nestor Kirchner,0.10538704032097339,0.024290085545872794,0.060881731261811595,8.109695477510058,1.731012540819088,0.3989716626391156
2005,1,solo_asalariados_informales,Nestor Kirchner,0.40386873026102366,0.0768255721834185,0.19434507281751925,32.704315807760516,2.078101206302447,0.3953049648732492
2005,1,tenencia_precaria,Nestor Kirchner,0.23752525788868054,0.2588180569385189,0.2320302376739721,-2.129279904983836,1.0236823453261705,1.1154496910966691
2005,2,activos_sin_empleo_formal,Nestor Kirchner,0.7514450824923272,0.274964786500168,0.42074333451232526,47.648029599215924,1.7859940273642394,0.6535214320599372
2005,2,algun_desocupado,Nestor Kirchner,0.28515225568430697,0.04360717400824721,0.15530948394243202,24.154508167605975,1.8360260329626958,0.280775989342743
2005,2,entorno_deficitario,Nestor Kirchner,0.33337730591873427,0.07987361760143055,0.1897850010651202,25.350368831730375,1.7566051271056125,0.420863699202572
2005,2,hacinamiento_critico,Nestor Kirchner,0.16242323401719092,0.0001916646990062586,0.045843693747836804,16.223156931818465,3.5429787772032455,0.00418083019358148
2005,2,jefe_sin_secundario,Nestor Kirchner,0.8131651005380932,0.22600326594736156,0.5717979473458082,58.716183459073164,1.4221196566246372,0.39525022255926495
2005,2,materiales_deficitarios,Nestor Kirchner,0.045469353901813836,0.005654563035625933,0.019335851169122245,3.98147908661879,2.3515568828138598,0.2924393131788169
2005,2,ningun_asalariado_formal,Nestor Kirchner,0.8380676745377594,0.421980510703228,0.5757035798538808,41.60871638345314,1.4557277457792936,0.7329822593952443
2005,2,prestamos_o_venta_pertenencias,Nestor Kirchner,0.26363727135773984,0.14818598557357746,0.19314706986943972,11.54512857841624,1.3649561007368576,0.7672183982586208
2005,2,sanitario_deficitario,Nestor Kirchner,0.06417325101470993,0.0007345102499885233,0.02144408435406753,6.34387407647214,2.992585272242575,0.034252348473400814
2005,2,sin_ocupados_jefe_menor_65,Nestor Kirchner,0.10680673757185327,0.037395898838701404,0.06502483290702155,6.941083873315187,1.6425530493031073,0.575101805985007
2005,2,solo_asalariados_informales,Nestor Kirchner,0.4047287778220743,0.06652855736503192,0.18682035658296783,33.820022045704235,2.166406194832051,0.35610978686622013
2005,2,tenencia_precaria,Nestor Kirchner,0.22784018564691083,0.25909411859863024,0.23492322720056638,-3.125393295171941,0.9698495477094379,1.1028884699316168
2005,3,activos_sin_empleo_formal,Nestor Kirchner,0.7660161255262676,0.2537796775475999,0.41855803338463204,51.223644797866775,1.830131222979874,0.6063189744452717
2005,3,algun_desocupado,Nestor Kirchner,0.25925187053816584,0.04113527613240169,0.1457337863221329,21.811659440576413,1.7789414320513863,0.2822631400070499
2005,3,entorno_deficitario,Nestor Kirchner,0.3079566515650741,0.06828302820385948,0.18047481301353188,23.967362336121464,1.7063691405070676,0.37835212051855494
2005,3,hacinamiento_critico,Nestor Kirchner,0.1599582931709364,0.00046766923108875977,0.042293283823403215,15.949062393984764,3.7821204387639114,0.01105776588645908
2005,3,jefe_sin_secundario,Nestor Kirchner,0.8222459614680578,0.23331965232114818,0.561302636243899,58.89263091469097,1.4648888289040085,0.41567531890187914
2005,3,materiales_deficitarios,Nestor Kirchner,0.04828791414973458,0.0033113293081602707,0.016468063682014412,4.497658484157431,2.932215655837681,0.2010758138964897
2005,3,ningun_asalariado_formal,Nestor Kirchner,0.8525814284733663,0.3747908521220823,0.5706753104383038,47.779057635128396,1.4939868833970513,0.6567497231205366
2005,3,prestamos_o_venta_pertenencias,Nestor Kirchner,0.24249353606077248,0.13971793280382572,0.1886591052034599,10.277560325694676,1.2853529428079005,0.7405840956000854
2005,3,sanitario_deficitario,Nestor Kirchner,0.06657428381841479,0.0003196208595870527,0.019916208470747362,6.625466295882775,3.3427187667872693,0.016048278469092507
2005,3,sin_ocupados_jefe_menor_65,Nestor Kirchner,0.09757259060955518,0.019064991004853662,0.05872104943881097,7.850759960470152,1.6616288629383003,0.3246704748476938
2005,3,solo_asalariados_informales,Nestor Kirchner,0.4034527732015376,0.06541430585785667,0.18404207861436636,33.80384673436809,2.1921767904334244,0.35543124893151695
2005,3,tenencia_precaria,Nestor Kirchner,0.2395046792055647,0.2794766226300149,0.24406257643762075,-3.997194342445018,0.9813248827469419,1.1451023205167445
2005,4,activos_sin_empleo_formal,Nestor Kirchner,0.759527312961252,0.2735759939257617,0.4123117550022225,48.595131903549024,1.8421189882329643,0.6635173278634441
2005,4,algun_desocupado,Nestor Kirchner,0.2533913070754771,0.03190614874041543,0.13215480713234534,22.148515833506167,1.917382443922153,0.2414301033216543
2005,4,entorno_deficitario,Nestor Kirchner,0.28604751964776604,0.08002880272627785,0.1695893232549766,20.60187169214882,1.6867071237597615,0.47189764774257037
2005,4,hacinamiento_critico,Nestor Kirchner,0.15998211175446028,0.0005596298448312045,0.04389088953673875,15.942248190962907,3.644995885092456,0.012750478532971355
2005,4,jefe_sin_secundario,Nestor Kirchner,0.8245146517012856,0.22795005150982608,0.5700544210057822,59.65646001914595,1.446378839140557,0.3998741929018632
2005,4,materiales_deficitarios,Nestor Kirchner,0.04470009353363218,0.0034827058878048258,0.017691318590497215,4.1217387645827355,2.526668281110633,0.1968595992429609
2005,4,ningun_asalariado_formal,Nestor Kirchner,0.8274996007710821,0.39836451846333176,0.5621710095605768,42.91350823077503,1.4719713160198362,0.7086180391527394
2005,4,prestamos_o_venta_pertenencias,Nestor Kirchner,0.2574641549464463,0.15413593603513362,0.19992618438676896,10.33282189113127,1.2877960720160935,0.7709642261613345
2005,4,sanitario_deficitario,Nestor Kirchner,0.05772493697886368,0.0026492804665471307,0.019622680314221663,5.507565651231655,2.941745778583936,0.13501114139983456
2005,4,sin_ocupados_jefe_menor_65,Nestor Kirchner,0.08735200013687848,0.0304759935692923,0.05691938038388921,5.687600656758618,1.5346618242809105,0.5354238462145734
2005,4,solo_asalariados_informales,Nestor Kirchner,0.3922680765150737,0.07361021498668587,0.1857718357417572,31.865786152838787,2.111558379927776,0.3962399073722454
2005,4,tenencia_precaria,Nestor Kirchner,0.23984817894580754,0.28026621133643936,0.23871935419671989,-4.041803239063182,1.0047286687452976,1.1740405895429922
2006,1,activos_sin_empleo_formal,Nestor Kirchner,0.743669505293414,0.2514639764306758,0.4034254556554669,49.22055288627382,1.843387656550166,0.6233220360924148
2006,1,algun_desocupado,Nestor Kirchner,0.27026940174602326,0.04933345237032408,0.1468729267267937,22.093594937569918,1.8401580724864701,0.3358920767071791
2006,1,entorno_deficitario,Nestor Kirchner,0.3023590952100405,0.07541040978484063,0.17054794674848808,22.694868542519984,1.7728685743484094,0.44216545096289267
2006,1,hacinamiento_critico,Nestor Kirchner,0.15820945252679666,0.0012261261499853624,0.0442067611523111,15.698332637681132,3.578851931307471,0.027736167907909746
2006,1,jefe_sin_secundario,Nestor Kirchner,0.8176873225858283,0.23198928667083296,0.5715375703856893,58.569803591499536,1.4306799149424776,0.40590382625989085
2006,1,materiales_deficitarios,Nestor Kirchner,0.04689768446610608,0.002976162842603339,0.019265741670017697,4.392152162350274,2.434252740920459,0.15447953645277987
2006,1,ningun_asalariado_formal,Nestor Kirchner,0.8399143056076268,0.36253477368092135,0.5571401135632759,47.737953192670545,1.5075459209638036,0.6507066442627404
2006,1,prestamos_o_venta_pertenencias,Nestor Kirchner,0.25045757234927607,0.1480010713329167,0.1871289228159457,10.245650101635936,1.3384225622653667,0.7909043086753941
2006,1,sanitario_deficitario,Nestor Kirchner,0.05852427115133987,0.00408963485403089,0.018899099671430195,5.443463629730898,3.0966697974407276,0.21639310470504577
2006,1,sin_ocupados_jefe_menor_65,Nestor Kirchner,0.11062646171424491,0.030076600303544327,0.06386258753507316,8.054986141070058,1.7322577425083059,0.4709580595528851
2006,1,solo_asalariados_informales,Nestor Kirchner,0.38722010961741027,0.05458726899383984,0.17550620250127563,33.263284062357044,2.206304416019689,0.3110275774637827
2006,1,tenencia_precaria,Nestor Kirchner,0.24221877064252942,0.24846067315418266,0.23576432184747018,-0.6241902511653241,1.0273766986645037,1.0538518771933885
2006,2,activos_sin_empleo_formal,Nestor Kirchner,0.7235261151256294,0.2406960749680188,0.3988104883227533,48.28300401576106,1.8142103488012757,0.6035349671476692
2006,2,algun_desocupado,Nestor Kirchner,0.26938149057036354,0.047399417648520514,0.1407079475130491,22.198207292184303,1.9144724610909514,0.3368638267154366
2006,2,entorno_deficitario,Nestor Kirchner,0.3050996176065168,0.08584905727164155,0.1777574693603632,21.92505603348753,1.716381419607162,0.48295611757164436
2006,2,hacinamiento_critico,Nestor Kirchner,0.1645762145811426,0.001655552870321876,0.04673904826739834,16.292066171082073,3.521171711490297,0.035421193449432425
2006,2,jefe_sin_secundario,Nestor Kirchner,0.7977517753983148,0.21806818736907535,0.5577600496581385,57.968358802923944,1.4302777258558974,0.3909713280876488
2006,2,materiales_deficitarios,Nestor Kirchner,0.05804399081802769,0.004856468695953202,0.02092294061033278,5.318752212207449,2.7741793994942907,0.2321121484020673
2006,2,ningun_asalariado_formal,Nestor Kirchner,0.8187296384669163,0.358834985547404,0.5503681402070003,45.98946529195123,1.4876036213851003,0.6519908390998826
2006,2,prestamos_o_venta_pertenencias,Nestor Kirchner,0.27406871194816884,0.15755701218152432,0.20453561496583905,11.651169976664452,1.339955938695288,0.7703157819621733
2006,2,sanitario_deficitario,Nestor Kirchner,0.06540527765276634,0.0011688090112272212,0.02156045886761869,6.423646864153912,3.0335754008926723,0.054210766960189186
2006,2,sin_ocupados_jefe_menor_65,Nestor Kirchner,0.10051273559938975,0.02796929522444885,0.05988151899499361,7.25434403749409,1.6785268190640439,0.46707725010762036
2006,2,solo_asalariados_informales,Nestor Kirchner,0.3808346141109139,0.05873566155935121,0.17416114435366759,32.20989525515627,2.1866795577408253,0.33724894136017614
2006,2,tenencia_precaria,Nestor Kirchner,0.2559722446299331,0.24274980903317336,0.24025007059437242,1.3222435596759756,1.0654408716578707,1.0104047355017072
2006,3,activos_sin_empleo_formal,Nestor Kirchner,0.7272580858104059,0.2325336854549351,0.3922056738636432,49.47244003554707,1.8542773199738287,0.5928871022293759
2006,3,algun_desocupado,Nestor Kirchner,0.23718861050071854,0.03614523633397167,0.132825610796395,20.10433741667469,1.7857144347282465,0.27212550439069905
2006,3,entorno_deficitario,Nestor Kirchner,0.29720861463426096,0.06248245729258125,0.15966010660039298,23.47261573416797,1.8615083063807087,0.39134670909976366
2006,3,hacinamiento_critico,Nestor Kirchner,0.1484827509828894,0.0003076264334248591,0.04119929305883448,14.817512454946455,3.6040121069759437,0.007466789126346282
2006,3,jefe_sin_secundario,Nestor Kirchner,0.8171398236401302,0.22534722462270215,0.5511136901234588,59.179259901742796,1.4827064511082586,0.40889426022463815
2006,3,materiales_deficitarios,Nestor Kirchner,0.0466440543000938,0.0034608391463355616,0.018277108493067035,4.318321515375824,2.5520477879631267,0.18935375623821155
2006,3,ningun_asalariado_formal,Nestor Kirchner,0.8263227854269818,0.3445180335575574,0.5449088764169748,48.18047518694244,1.5164421450801686,0.632248892370631
2006,3,prestamos_o_venta_pertenencias,Nestor Kirchner,0.2597012098560795,0.1432819208141199,0.19586372199633065,11.641928904195959,1.3259280851455726,0.7315388442215153
2006,3,sanitario_deficitario,Nestor Kirchner,0.051619512255815125,0.0003263116414443438,0.017498206637983817,5.129320061437078,2.949988723059384,0.018648290547444477
2006,3,sin_ocupados_jefe_menor_65,Nestor Kirchner,0.09864927168779174,0.02637317054622633,0.0579496687683611,7.2276101141565405,1.7023267567260278,0.455104767753657
2006,3,solo_asalariados_informales,Nestor Kirchner,0.3766092648031625,0.05317151409984307,0.17356611746835832,32.343775070331944,2.1698317061901187,0.3063473152214539
2006,3,tenencia_precaria,Nestor Kirchner,0.22878051511680714,0.26353674808326477,0.2412022666126059,-3.4756232966457636,0.9485006850464249,1.0925964825468668
2006,4,activos_sin_empleo_formal,Nestor Kirchner,0.6987332334599171,0.25803669956284814,0.38620927676861905,44.0696533897069,1.8092088292289612,0.6681266222339861
2006,4,algun_desocupado,Nestor Kirchner,0.22299898965264955,0.03602616358304177,0.1156856302904382,18.69728260696078,1.9276291194748425,0.3114143346290732
2006,4,entorno_deficitario,Nestor Kirchner,0.27945023168309935,0.06328768020924175,0.15666840107424582,21.61625514738576,1.7837051362429281,0.40395944412076723
2006,4,hacinamiento_critico,Nestor Kirchner,0.15971733918598718,0.0012207147186909023,0.043589068692004136,15.849662446729628,3.664160395683914,0.02800506538270745
2006,4,jefe_sin_secundario,Nestor Kirchner,0.8062167717660175,0.21645882609638253,0.5511376212346752,58.97579456696349,1.4628229696240045,0.39274913879307477
2006,4,materiales_deficitarios,Nestor Kirchner,0.04834128836706964,0.006112875937687563,0.017634310432060915,4.222841242938208,2.741320027982518,0.3466467237966817
2006,4,ningun_asalariado_formal,Nestor Kirchner,0.7863651883078424,0.3754103308927838,0.539092284944283,41.09548574150586,1.4586838103036772,0.6963748904913075
2006,4,prestamos_o_venta_pertenencias,Nestor Kirchner,0.2543838623140438,0.15976014159509186,0.19559544293849723,9.462372071895194,1.3005612937211013,0.8167886694851404
2006,4,sanitario_deficitario,Nestor Kirchner,0.04789325157649026,0.0009494511377728888,0.015462938989104733,4.694380043871737,3.09729292796383,0.061401725664304636
2006,4,sin_ocupados_jefe_menor_65,Nestor Kirchner,0.09123506253701703,0.026858592428231742,0.05362179395956408,6.437647010878529,1.7014548712379323,0.5008894787907631
2006,4,solo_asalariados_informales,Nestor Kirchner,0.346166602794133,0.07265741056372442,0.16982332530421446,27.350919223040858,2.0383925598796546,0.42784117219215295
2006,4,tenencia_precaria,Nestor Kirchner,0.2286889872138801,0.2774879000747989,0.23409362650808488,-4.879891286091881,0.976912488499476,1.1853714439560588
2007,1,activos_sin_empleo_formal,Nestor Kirchner,0.6918272836630855,0.24720850072635067,0.37277822222667206,44.461878293673486,1.85586829490917,0.6631516703141331
2007,1,algun_desocupado,Nestor Kirchner,0.22581534291391123,0.035181961576118644,0.12746734855017236,19.063338133779258,1.7715544057545698,0.27600763627926794
2007,1,entorno_deficitario,Nestor Kirchner,0.29967457614911186,0.06544495729833556,0.17179955993387624,23.42296188507763,1.7443267972540402,0.3809378634236584
2007,1,hacinamiento_critico,Nestor Kirchner,0.16410793159319928,0.001155000994853798,0.04549848184266209,16.29529305983455,3.6068880750944503,0.025385484264022193
2007,1,jefe_sin_secundario,Nestor Kirchner,0.786104630104788,0.23649188550663824,0.5534405487618803,54.96127445981498,1.4203957983624584,0.42731217659367726
2007,1,materiales_deficitarios,Nestor Kirchner,0.04888767925493936,0.0035777444491990754,0.017373600997479557,4.530993480574028,2.8139059520263903,0.20592993068725995
2007,1,ningun_asalariado_formal,Nestor Kirchner,0.8005447508004014,0.3671650720188117,0.5298495702408541,43.33796787815897,1.5108906296488969,0.6929609697558294
2007,1,prestamos_o_venta_pertenencias,Nestor Kirchner,0.22682021630748156,0.16406246754271897,0.18405711450976983,6.275774876476259,1.2323360436873623,0.8913671605669471
2007,1,sanitario_deficitario,Nestor Kirchner,0.047227664420764245,0.0006363358135889201,0.015353213891255144,4.659132860717532,3.0760767586038837,0.04144642405792074
2007,1,sin_ocupados_jefe_menor_65,Nestor Kirchner,0.10597016682560426,0.02033781884301824,0.05472847525166376,8.563234798258602,1.936289405804024,0.3716131090715882
2007,1,solo_asalariados_informales,Nestor Kirchner,0.36123017002513225,0.0661934654751469,0.16222031093196612,29.50367045499853,2.2267875579194842,0.4080467180395672
2007,1,tenencia_precaria,Nestor Kirchner,0.2528485840703675,0.24703678007154103,0.2328259209727044,0.5811803998826442,1.085998427554853,1.061036413125593
2007,2,activos_sin_empleo_formal,Nestor Kirchner,0.6801120623499893,0.24742472293218698,0.36916771786914504,43.26873394178023,1.8422847649724927,0.6702230746510967
2007,2,algun_desocupado,Nestor Kirchner,0.20764054055525016,0.027710185501649675,0.11084186996219995,17.99303550536005,1.8733042001732843,0.2499974559351948
2007,2,entorno_deficitario,Nestor Kirchner,0.30000489830573046,0.07896585860043819,0.1812201461198468,22.103903970529228,1.6554721134996073,0.43574547472340897
2007,2,hacinamiento_critico,Nestor Kirchner,0.13889197412039672,0.0014544685870925289,0.041191687719640775,13.74375055333042,3.371844704827937,0.035309759507596426
2007,2,jefe_sin_secundario,Nestor Kirchner,0.7895381714080452,0.22738556101891783,0.5512947625795698,56.215261038912736,1.4321524980823468,0.4124573212975131
2007,2,materiales_deficitarios,Nestor Kirchner,0.0472876992657984,0.0045595850689078106,0.01790449136392576,4.272811419689059,2.6411082171859053,0.2546615246548993
2007,2,ningun_asalariado_formal,Nestor Kirchner,0.7855528554401128,0.35581103696007693,0.5272064172533404,42.97418184800358,1.4900290090031818,0.674898911158545
2007,2,prestamos_o_venta_pertenencias,Nestor Kirchner,0.25897342397013123,0.1604446974143061,0.2044698264353913,9.852872655582514,1.2665605898186747,0.7846864264102247
2007,2,sanitario_deficitario,Nestor Kirchner,0.04669786161742055,0.0015039754244015758,0.014987877392499007,4.519388619301898,3.1157088088264895,0.10034612540627476
2007,2,sin_ocupados_jefe_menor_65,Nestor Kirchner,0.10902608075673381,0.024229731735447388,0.05583209296845528,8.479634902128643,1.9527493052845564,0.4339749854825791
2007,2,solo_asalariados_informales,Nestor Kirchner,0.3689948132384876,0.060979429102094675,0.16258589324106532,30.80153841363929,2.269537694093674,0.3750597784746354
2007,2,tenencia_precaria,Nestor Kirchner,0.25736786820292046,0.2619565705819956,0.24253619217170325,-0.458870237907516,1.0611524238853274,1.0800720842378186
2007,4,activos_sin_empleo_formal,Nestor Kirchner,0.6113553567582951,0.2603940518952953,0.35271884380049806,35.096130486299984,1.7332653684476378,0.7382482010022046
2007,4,algun_desocupado,Nestor Kirchner,0.19228683864114632,0.02247817382410114,0.10145374206156621,16.980866481704517,1.8953153893964694,0.22156081547450934
2007,4,entorno_deficitario,Nestor Kirchner,0.30758886498366833,0.06931330041142005,0.17087924348265252,23.82755645722483,1.8000364392700183,0.40562738340105453
2007,4,hacinamiento_critico,Nestor Kirchner,0.15704235068818742,0.0014061321791996493,0.04401960676414103,15.563621850898777,3.5675546019669637,0.03194331532159673
2007,4,jefe_sin_secundario,Nestor Kirchner,0.7926445629164708,0.20082851865932883,0.5309769970170132,59.1816044257142,1.492803958306076,0.37822451779939165
2007,4,materiales_deficitarios,Nestor Kirchner,0.04632619385110333,0.0054438191081444,0.018277489140665012,4.088237474295893,2.5346038230182084,0.29784283094074543
2007,4,ningun_asalariado_formal,Nestor Kirchner,0.721806015944559,0.3629962957653722,0.5116529900206852,35.88097201791868,1.4107335049783989,0.7094579780540262
2007,4,prestamos_o_venta_pertenencias,Nestor Kirchner,0.2731598077457069,0.1893737149616038,0.2153220076541001,8.378609278410313,1.268610722711258,0.8794907544509782
2007,4,sanitario_deficitario,Nestor Kirchner,0.039790074155425174,0.0014695056796186765,0.013168180761577343,3.83205684758065,3.0216834713817327,0.11159519346107857
2007,4,sin_ocupados_jefe_menor_65,Nestor Kirchner,0.10352330020379066,0.023303645440550462,0.05720178932636714,8.02196547632402,1.8097912918970813,0.40739364476153994
2007,4,solo_asalariados_informales,Nestor Kirchner,0.33693042657546524,0.06172131607322044,0.15379881187348476,27.520911050224477,2.1907219078689955,0.4013120473517866
2007,4,tenencia_precaria,Nestor Kirchner,0.2437046828919023,0.27163833263043596,0.23812541256295372,-2.7933649738533655,1.0234299660372181,1.140736428366806
2008,1,activos_sin_empleo_formal,CFK I,0.6489296871403749,0.21337166942605046,0.3426411427190933,43.55580177143244,1.893904748246726,0.622726353679536
2008,1,algun_desocupado,CFK I,0.20943120241784832,0.029585034915189292,0.11016575113810662,17.984616750265904,1.9010554573834837,0.26855020375707084
2008,1,entorno_deficitario,CFK I,0.28592403069991323,0.06639551228744103,0.16973064708079688,21.95285184124722,1.6845751525580694,0.3911816364892239
2008,1,hacinamiento_critico,CFK I,0.13790999174179294,8.591815230607758e-05,0.03992643646193708,13.782407358948687,3.45410219299852,0.00215191136298842
2008,1,jefe_sin_secundario,CFK I,0.7623814074663915,0.23795616528285457,0.5374494237256467,52.44252421835369,1.418517489853271,0.4427508055238416
2008,1,materiales_deficitarios,CFK I,0.03813099060191315,0.005687924336803679,0.016837264066472044,3.244306626510947,2.2646785398967038,0.33781761183694997
2008,1,ningun_asalariado_formal,CFK I,0.7444351082679668,0.3306721474369319,0.5015981632867895,41.37629608310348,1.4841264636815164,0.6592371576286447
2008,1,prestamos_o_venta_pertenencias,CFK I,0.24626161707004215,0.1575829034027975,0.20297225279128742,8.867871366724467,1.2132772518580084,0.7763765797329798
2008,1,sanitario_deficitario,CFK I,0.03873352895791094,0.0015100501770652288,0.012508176023887404,3.7223478780845713,3.0966568494031304,0.12072505009374834
2008,1,sin_ocupados_jefe_menor_65,CFK I,0.09423782333190657,0.021613837800422045,0.05174750722343114,7.2623985531484525,1.8211084627712448,0.4176788208772954
2008,1,solo_asalariados_informales,CFK I,0.32627898556450013,0.05143029013701697,0.14748709573877142,27.484869542748314,2.212254461518479,0.3487104405941392
2008,1,tenencia_precaria,CFK I,0.25696783736823336,0.2501869536883611,0.2335579019100472,0.6780883679872285,1.1002318280252505,1.0711988403831374
2008,2,activos_sin_empleo_formal,CFK I,0.6389754327400551,0.2384759837458602,0.34575634106853753,40.049944899419486,1.8480512338988289,0.6897226613657053
2008,2,algun_desocupado,CFK I,0.23659678340500004,0.03015717600662367,0.10442093901780895,20.643960739837635,2.265798274086087,0.28880391509867936
2008,2,entorno_deficitario,CFK I,0.2947247542491197,0.06536381166114694,0.17585658391797085,22.936094258797276,1.6759381291438908,0.37168816887536155
2008,2,hacinamiento_critico,CFK I,0.13892166180535073,0.000609694136774718,0.03733041042239849,13.831196766857602,3.7214072985920565,0.016332371647564247
2008,2,jefe_sin_secundario,CFK I,0.7624121127053937,0.20705780460170822,0.5313134106853751,55.535430810368545,1.4349574043725146,0.3897093512746293
2008,2,materiales_deficitarios,CFK I,0.046660844385117375,0.002717420908140143,0.018908391797085807,4.394342347697723,2.4677320464826007,0.14371507303751535
2008,2,ningun_asalariado_formal,CFK I,0.7355175284482893,0.34472366872930105,0.5020847274689693,39.07938597189883,1.4649271093268756,0.6865846536839866
2008,2,prestamos_o_venta_pertenencias,CFK I,0.24623962523203471,0.17796281266341293,0.20734754452239612,6.827681256862178,1.1875695263197956,0.8582827111521001
2008,2,sanitario_deficitario,CFK I,0.04038884490789745,0.0012541942652954507,0.012730572045331894,3.9134650642602,3.172586806317743,0.09851829602231775
2008,2,sin_ocupados_jefe_menor_65,CFK I,0.09967741474362335,0.025971081357852536,0.05484997301672963,7.370633338577082,1.8172737243320254,0.47349305623051396
2008,2,solo_asalariados_informales,CFK I,0.3212939623666417,0.06487901995816629,0.14767593092282785,25.64149424084754,2.175669117904818,0.4393337462153573
2008,2,tenencia_precaria,CFK I,0.26348456062989556,0.2674239040439254,0.24107609282245007,-0.393934341402985,1.0929518458055858,1.1092925097341784
2008,3,activos_sin_empleo_formal,CFK I,0.6760563761972286,0.20170316367631896,0.3474150051780819,47.435321252090965,1.9459619363610619,0.5805827631795227
2008,3,algun_desocupado,CFK I,0.21090464650379095,0.021174723647433873,0.10285346732869889,18.97299228563571,2.0505351154549056,0.20587272551311991
2008,3,entorno_deficitario,CFK I,0.29956646723301217,0.08165728894711671,0.17862805590369102,21.790917828589546,1.6770404050891436,0.45713585435393755
2008,3,hacinamiento_critico,CFK I,0.1415433804727719,0.0002727346739395913,0.03955416668689553,14.12706457988323,3.578469535035505,0.006895219815867074
2008,3,jefe_sin_secundario,CFK I,0.7695054176352105,0.20619715294873167,0.5240845557887492,56.330826468647885,1.4682848581124508,0.39344252882705955
2008,3,materiales_deficitarios,CFK I,0.054703447733861425,0.00471956937909245,0.019574719580396215,4.998387835476898,2.7945967506296285,0.24110533791855834
2008,3,ningun_asalariado_formal,CFK I,0.773306874668448,0.3221595535546141,0.5101676807440442,45.11473211138339,1.5157896194847813,0.6314777782174809
2008,3,prestamos_o_venta_pertenencias,CFK I,0.28080172735605985,0.16144219526701775,0.21474807896987508,11.935953208904209,1.3075866787867787,0.7517748053507147
2008,3,sanitario_deficitario,CFK I,0.04040072817786835,0.0005995146979326565,0.013105103185208118,3.980121347993569,3.0828241187348393,0.04574665986677127
2008,3,sin_ocupados_jefe_menor_65,CFK I,0.10559663092398237,0.029812477221828566,0.061163768698833984,7.57841537021538,1.7264572339211572,0.4874205408862732
2008,3,solo_asalariados_informales,CFK I,0.31150877397421295,0.04308444554035581,0.13909010962878984,26.842432843385716,2.2396184373251415,0.30975923202118094
2008,3,tenencia_precaria,CFK I,0.24322075754075337,0.28333674300261347,0.2461222762732465,-4.0115985461860095,0.9882110681876196,1.1512031632929123
2008,4,activos_sin_empleo_formal,CFK I,0.6373088808956887,0.2186817084086265,0.3387662246243741,41.86271724870622,1.8812645257133895,0.6455239410336789
2008,4,algun_desocupado,CFK I,0.20164479794653561,0.03575295965413001,0.09636299191917647,16.58918382924056,2.092554350280689,0.3710237606997244
2008,4,entorno_deficitario,CFK I,0.2842737727341811,0.089450627396011,0.17078626140553532,19.482314533817007,1.664500237868475,0.5237577464361067
2008,4,hacinamiento_critico,CFK I,0.14406034935898088,0.0011770941140556138,0.0390049510115748,14.288325524492526,3.693386240024521,0.03017806928423801
2008,4,jefe_sin_secundario,CFK I,0.7891092085043147,0.20051407630081233,0.5215638717359337,58.85951322035024,1.512967541018329,0.38444778706285093
2008,4,materiales_deficitarios,CFK I,0.03307023321005792,0.0037187779710536537,0.01541007988488138,2.9351455239004265,2.146013093838837,0.2413211351812716
2008,4,ningun_asalariado_formal,CFK I,0.738201529966057,0.3186806951176262,0.49476996474478857,41.95208348484309,1.4920095853975996,0.6440987081380487
2008,4,prestamos_o_venta_pertenencias,CFK I,0.2621713359339379,0.17383817742725416,0.21429314368072244,8.833315850668372,1.2234238176306267,0.8112167026970188
2008,4,sanitario_deficitario,CFK I,0.03849907965617981,0.0005910864168341412,0.011155001740012242,3.790799323934567,3.4512840565578933,0.05298846478113526
2008,4,sin_ocupados_jefe_menor_65,CFK I,0.09915598561223973,0.03632513130562545,0.05397594475014887,6.283085430661428,1.837040297696063,0.6729874108507432
2008,4,solo_asalariados_informales,CFK I,0.33082054139858486,0.05057808251566379,0.14166504609992328,28.024245888292104,2.335230535027257,0.35702584305791707
2008,4,tenencia_precaria,CFK I,0.21484978975631996,0.2894067181193319,0.23522361875036657,-7.455692836301192,0.9133852752445385,1.2303471890144997
2009,1,activos_sin_empleo_formal,CFK I,0.6457277647477259,0.23890804227348886,0.33552035901341504,40.6819722474237,1.924556133185074,0.7120522968441884
2009,1,algun_desocupado,CFK I,0.20788245439202224,0.03396391824547837,0.11229431910829439,17.391853614654387,1.8512285932429455,0.3024544653298467
2009,1,entorno_deficitario,CFK I,0.2852655278513165,0.07924902593518958,0.16347352707353074,20.60165019161269,1.7450258335895783,0.48478201549748906
2009,1,hacinamiento_critico,CFK I,0.12620490232339196,0.00013059584691743314,0.03581337992670491,12.607430647647453,3.523959553152506,0.00364656581380223
2009,1,jefe_sin_secundario,CFK I,0.7600555650624604,0.19411328779481893,0.5286822956471431,56.594227726764146,1.4376414177669798,0.36716434310933577
2009,1,materiales_deficitarios,CFK I,0.04325082458418476,0.006628613515006445,0.017193344448346238,3.6622211069178316,2.515556220845962,0.38553368920867664
2009,1,ningun_asalariado_formal,CFK I,0.7528945169765359,0.3487442002835417,0.4952053156488899,40.41503166929942,1.5203684071726575,0.704241633243711
2009,1,prestamos_o_venta_pertenencias,CFK I,0.26268114847883933,0.1521049480173562,0.19959433121880232,11.057620046148314,1.316075195496805,0.76207048110306
2009,1,sanitario_deficitario,CFK I,0.03487177422331384,0.0006343685277946152,0.01116177236898563,3.4237405695519225,3.124214781535,0.05683403198198942
2009,1,sin_ocupados_jefe_menor_65,CFK I,0.10082911394528721,0.0277406345319414,0.05682965513766696,7.308847941334581,1.7742341335880674,0.488136598132456
2009,1,solo_asalariados_informales,CFK I,0.3204714977401528,0.05286938286720797,0.13595806547198477,26.760211487294484,2.3571348755781503,0.3888653658293051
2009,1,tenencia_precaria,CFK I,0.2269309362511702,0.28507351677621684,0.23957349742296102,-5.814258052504664,0.9472288825442544,1.1899209213151265
2009,2,activos_sin_empleo_formal,CFK I,0.6369624800734424,0.24032369050128674,0.3454605884805319,39.66387895721556,1.8438065044555372,0.6956616717360509
2009,2,algun_desocupado,CFK I,0.21646753918199202,0.024647359789138457,0.11633811079398107,19.182017939285355,1.8606760734264158,0.2118597218136503
2009,2,entorno_deficitario,CFK I,0.26861563037519925,0.06789691331262372,0.15905298181200972,20.071871706257554,1.6888437256252478,0.42688236673785507
2009,2,hacinamiento_critico,CFK I,0.13229337366417923,0.0006539514602039001,0.0378210005448992,13.163942220397534,3.4978813822528876,0.017290696987975283
2009,2,jefe_sin_secundario,CFK I,0.7484988383769756,0.1944145025648369,0.5220150030311345,55.40843358121388,1.4338646093134089,0.3724308715955458
2009,2,materiales_deficitarios,CFK I,0.03960455104347221,0.0030268920063799406,0.016501441021458802,3.6577659037092265,2.4000662119126237,0.18343198042181347
2009,2,ningun_asalariado_formal,CFK I,0.7409517686166246,0.3463312027089557,0.5032652240719016,39.46205659076689,1.4722888313673046,0.6881683576441103
2009,2,prestamos_o_venta_pertenencias,CFK I,0.2554689079417896,0.1523946653514337,0.20339839414950941,10.307424259035592,1.2560025806005402,0.7492422247906979
2009,2,sanitario_deficitario,CFK I,0.03462862862199362,0.00031687568529338843,0.010705144041010441,3.431175293670023,3.2347653136972716,0.02960031962946657
2009,2,sin_ocupados_jefe_menor_65,CFK I,0.10637616700858044,0.023854507656061275,0.062376422598655834,8.252165935251917,1.7053906360265163,0.38242827437454424
2009,2,solo_asalariados_informales,CFK I,0.3136554503484869,0.05853250760037601,0.14004840612022276,25.512294274811087,2.239621706792103,0.41794483223271767
2009,2,tenencia_precaria,CFK I,0.2480152982935244,0.2871536741006498,0.24287164068980233,-3.91383758071254,1.0211785023113982,1.1823269002715917
2009,3,activos_sin_empleo_formal,CFK I,0.683199409068265,0.2192816997346064,0.3505885572463746,46.39177093336586,1.948721357121047,0.6254673611053059
2009,3,algun_desocupado,CFK I,0.2307659780831982,0.035142022237036045,0.11834959585574568,19.562395584616215,1.9498670562802338,0.29693402823166426
2009,3,entorno_deficitario,CFK I,0.29375134618002013,0.07211081388027624,0.16884995217494547,22.16405322997439,1.7397182669952094,0.42707038380183965
2009,3,hacinamiento_critico,CFK I,0.14767679392126112,0.000174636649526157,0.03890791535118825,14.750215727173495,3.7955462940717806,0.004488460714223888
2009,3,jefe_sin_secundario,CFK I,0.7620033008664444,0.2028969325469526,0.5172951053516883,55.910636831949176,1.4730533751104966,0.3922266622047604
2009,3,materiales_deficitarios,CFK I,0.03534622759064499,0.0038563663739651336,0.014190560788787335,3.1489861216679857,2.49082669224558,0.2717557418176341
2009,3,ningun_asalariado_formal,CFK I,0.777076552880594,0.33597163321113027,0.5113611132057397,44.11049196694637,1.5196238681683778,0.6570144356595928
2009,3,prestamos_o_venta_pertenencias,CFK I,0.26133004568092594,0.16158221354240648,0.20888852064083352,9.974783213851946,1.2510502964892996,0.7735332369950271
2009,3,sanitario_deficitario,CFK I,0.03617144420174663,0.0006666221811428507,0.010754527632348111,3.550482202060378,3.363368939882399,0.06198525903989913
2009,3,sin_ocupados_jefe_menor_65,CFK I,0.10585632906123517,0.03174945048265692,0.05965239503612657,7.410687857857826,1.7745528741490875,0.5322410016132442
2009,3,solo_asalariados_informales,CFK I,0.32186619201845734,0.06614887278747834,0.14602774990142903,25.5717319230979,2.20414402218566,0.45298837263554254
2009,3,tenencia_precaria,CFK I,0.24450461235961737,0.2907199453488733,0.24809591723410046,-4.621533298925592,0.985524530534316,1.1718046334255203
2009,4,activos_sin_empleo_formal,CFK I,0.6489129096855399,0.23562187094197704,0.3391653853437644,41.329103874356285,1.9132639642097555,0.6947108435112274
2009,4,algun_desocupado,CFK I,0.20660870439905288,0.025581908920443576,0.10971717518267704,18.10267954786093,1.8831026596797926,0.23316230004874056
2009,4,entorno_deficitario,CFK I,0.27800314738024934,0.09055259197744565,0.1732962339860867,18.74505554028037,1.6042076679090969,0.5225306395562859
2009,4,hacinamiento_critico,CFK I,0.12437983345612984,0.0011506571154605448,0.033591285861600755,12.322917634066929,3.702741061136701,0.03425463140057692
2009,4,jefe_sin_secundario,CFK I,0.7636142725356,0.19840112242765975,0.5167092637678605,56.52131501079403,1.4778412660289855,0.3839705156066148
2009,4,materiales_deficitarios,CFK I,0.03397529478564593,0.0032688986509181216,0.01422819246125736,3.0706396134727814,2.387885522223496,0.22974799222172215
2009,4,ningun_asalariado_formal,CFK I,0.746427432238015,0.33896178086213236,0.5015928010898982,40.74656513758826,1.4881143242409418,0.6757708247120192
2009,4,prestamos_o_venta_pertenencias,CFK I,0.2497594464422559,0.17462292619324057,0.21072069888623268,7.513652024901532,1.1852629939173658,0.828693750145157
2009,4,sanitario_deficitario,CFK I,0.027376119881040144,0.0008945833079879083,0.009351427658633546,2.648153657305224,2.927480260809761,0.09566275232445386
2009,4,sin_ocupados_jefe_menor_65,CFK I,0.10562650470055548,0.037875982851505785,0.05867763804319829,6.77505218490497,1.8001151413557852,0.6454926291276688
2009,4,solo_asalariados_informales,CFK I,0.2944693196602735,0.05544961902520173,0.1324779027537557,23.90197006350718,2.2227806565417976,0.41855749428845596
2009,4,tenencia_precaria,CFK I,0.2348524053370463,0.2932884432795834,0.24566304329009098,-5.8436037942537125,0.9559940404211351,1.193864731754764
2010,1,activos_sin_empleo_formal,CFK I,0.6264217335671295,0.20818043909864656,0.331870663848168,41.82412944684829,1.887547776303963,0.6272938881813604
2010,1,algun_desocupado,CFK I,0.20916004507421976,0.036574888462312695,0.10820366571604877,17.258515661190707,1.9330218037446503,0.33801894067335564
2010,1,entorno_deficitario,CFK I,0.29872136128356214,0.08008083604255997,0.17381545400343557,21.864052524100217,1.718612208541927,0.46072333729874865
2010,1,hacinamiento_critico,CFK I,0.1253510539689274,0.0017413542681935653,0.03619173396217938,12.360969970073384,3.463527171699486,0.048114695748296916
2010,1,jefe_sin_secundario,CFK I,0.7491956673985962,0.21879148537543894,0.5130131460449292,53.040418202315735,1.4603829807764466,0.4264831945578981
2010,1,materiales_deficitarios,CFK I,0.04200827764876862,0.0037655070606546614,0.0157881268657961,3.8242770588113957,2.660751209174578,0.2385024577432536
2010,1,ningun_asalariado_formal,CFK I,0.7322046348514288,0.3242756793240507,0.49814280323877186,40.79289555273781,1.4698689413775703,0.6509693148545148
2010,1,prestamos_o_venta_pertenencias,CFK I,0.23898814695459406,0.16691642863627335,0.19654507200513668,7.2071718318320706,1.2159457600053596,0.8492526774312154
2010,1,sanitario_deficitario,CFK I,0.03068574949054547,0.00036773557772640735,0.008885072171911743,3.0318013912819066,3.4536297395030635,0.041388023711155075
2010,1,sin_ocupados_jefe_menor_65,CFK I,0.1084216651132911,0.03121871122823683,0.06184866517402979,7.720295388505427,1.753015441937416,0.5047596603806018
2010,1,solo_asalariados_informales,CFK I,0.287915527963393,0.05162968040554853,0.1300480729140608,23.628584755784445,2.2139161427917133,0.3970045787580934
2010,1,tenencia_precaria,CFK I,0.24503578029477277,0.3116588624274232,0.24932912122045997,-6.6623082132650415,0.982780427313619,1.2499898162792242
2010,2,activos_sin_empleo_formal,CFK I,0.6479344389507296,0.23950266117710778,0.3482495780150316,40.84317777736218,1.8605462284946763,0.6877328108830331
2010,2,algun_desocupado,CFK I,0.19357130498157013,0.0321747688805221,0.10408009356588932,16.139653610104805,1.8598302360194092,0.309134703651601
2010,2,entorno_deficitario,CFK I,0.2804853111580669,0.07677710699197483,0.17184062395283647,20.37082041660921,1.6322409957906645,0.4467925291812671
2010,2,hacinamiento_critico,CFK I,0.13938554429431646,0.0014613718183207798,0.04088004619618469,13.792417247599568,3.4096229643528444,0.03574780251733592
2010,2,jefe_sin_secundario,CFK I,0.7599149027647426,0.19265978045698676,0.5172638840398565,56.725512230775585,1.4691048925159238,0.3724593701619072
2010,2,materiales_deficitarios,CFK I,0.03388421952255365,0.004492232195489146,0.014707277742668327,2.939198732706451,2.303908317733726,0.30544280689392383
2010,2,ningun_asalariado_formal,CFK I,0.7623792096391101,0.33308416558639337,0.5110479083245617,42.92950440527167,1.4917959690677969,0.6517670068905844
2010,2,prestamos_o_venta_pertenencias,CFK I,0.2534827996623375,0.1601991243720809,0.20271565167139322,9.32836752902566,1.250435265221844,0.790265196847096
2010,2,sanitario_deficitario,CFK I,0.034008745667800946,0.0001724503090663619,0.010336259563714466,3.3836295358734585,3.29023719442853,0.016684014947897622
2010,2,sin_ocupados_jefe_menor_65,CFK I,0.1263671659946624,0.028117924537580725,0.06293262720445389,9.82492414570817,2.0079753795137782,0.44679406830151774
2010,2,solo_asalariados_informales,CFK I,0.3078758199063563,0.05731579454676715,0.1405568043890076,25.056002535958914,2.190401391413777,0.4077767333706513
2010,2,tenencia_precaria,CFK I,0.2602524341584392,0.3026916018010894,0.25549035394224817,-4.2439167642650215,1.0186389824222775,1.184747671019747
2010,3,activos_sin_empleo_formal,CFK I,0.6392102987949356,0.19623200843041,0.3319299443324232,44.29782903645256,1.9257385773992584,0.5911850129251562
2010,3,algun_desocupado,CFK I,0.19191116350458437,0.025247538956736763,0.09552965588221936,16.66636245478476,2.008917144443563,0.2642900649392584
2010,3,entorno_deficitario,CFK I,0.2818221887808129,0.07605888766583023,0.16635458438753567,20.576330111498265,1.6941053342076022,0.4572094477940281
2010,3,hacinamiento_critico,CFK I,0.1361737655713188,0.00010864080535559903,0.036848957790407255,13.606512476596318,3.695457720835958,0.002948273489131925
2010,3,jefe_sin_secundario,CFK I,0.7462896770803041,0.171823076160616,0.5050326745035096,57.446660091968816,1.4777057302559102,0.3402217021493368
2010,3,materiales_deficitarios,CFK I,0.03209505937951117,0.004031963565604345,0.01254652281767662,2.8063095813906824,2.558084008287371,0.32136103557901863
2010,3,ningun_asalariado_formal,CFK I,0.7484120039590687,0.3040503529190816,0.4958595128980278,44.43616510399871,1.5093226700139513,0.6131784205209122
2010,3,prestamos_o_venta_pertenencias,CFK I,0.23301649481578462,0.13790189214709397,0.18823006194070882,9.511460266869065,1.237934538262986,0.7326241660087862
2010,3,sanitario_deficitario,CFK I,0.03291008506260049,0.001233782155284396,0.010997390465072254,3.1676302907316094,2.9925358353986815,0.11218862867540184
2010,3,sin_ocupados_jefe_menor_65,CFK I,0.10704156109367319,0.03012789078028244,0.05833831616870015,7.691367031339075,1.834841457955954,0.5164340138505188
2010,3,solo_asalariados_informales,CFK I,0.3201857736941007,0.053489542848497815,0.14181354331417795,26.669623084560286,2.257794045698101,0.37718219006766857
2010,3,tenencia_precaria,CFK I,0.25236520453232525,0.28789119762946885,0.24732457001290212,-3.5525993097143607,1.020380646044023,1.164021826114771
2010,4,activos_sin_empleo_formal,CFK I,0.5994977837486143,0.2065366326245421,0.3180978477370738,39.296115112407215,1.8846332599022606,0.6492864824261765
2010,4,algun_desocupado,CFK I,0.1836709011025794,0.024546254512489065,0.09540799417829887,15.912464659009032,1.9251101826890356,0.25727670646357914
2010,4,entorno_deficitario,CFK I,0.2704806213417905,0.07841404206836222,0.1679010228405462,19.206657927342828,1.6109527909110064,0.467025398307616
2010,4,hacinamiento_critico,CFK I,0.1331428448888164,0.0004263479115766112,0.034593965300939306,13.271649697723978,3.848730370473062,0.012324343505225025
2010,4,jefe_sin_secundario,CFK I,0.714871945234946,0.19736931695489748,0.4996016378427054,51.75026282800486,1.4308839104727202,0.3950533825452295
2010,4,materiales_deficitarios,CFK I,0.04105627585437415,0.00378118537664977,0.015233168040076212,3.7275090477724384,2.695189585407393,0.24822055180524696
2010,4,ningun_asalariado_formal,CFK I,0.7138911250694909,0.3099638222719665,0.48141113935954594,40.39273027975244,1.482913598591069,0.6438650810704807
2010,4,prestamos_o_venta_pertenencias,CFK I,0.22500870867111192,0.16562253381570305,0.18606641446505268,5.938617485540886,1.2092924417231323,0.8901258955941808
2010,4,sanitario_deficitario,CFK I,0.03572598531234776,0.0007133088517089259,0.011321519461935556,3.501267646063883,3.1555822018822863,0.06300469244496416
2010,4,sin_ocupados_jefe_menor_65,CFK I,0.10468049718241244,0.028097235668814592,0.05549761665097166,7.658326151359784,1.8862160845708982,0.506278239757935
2010,4,solo_asalariados_informales,CFK I,0.29184978661323185,0.05083557647351776,0.12976936968394456,24.101421013971407,2.2489882421717606,0.3917378700176216
2010,4,tenencia_precaria,CFK I,0.27384862286232126,0.29316475035162887,0.2562555347748018,-1.931612748930761,1.0686544706360404,1.1440328522436132
2011,1,activos_sin_empleo_formal,CFK I,0.6132253553501237,0.1996013021902048,0.3232937795041661,41.36240531599189,1.8968053028753724,0.6173991423414711
2011,1,algun_desocupado,CFK I,0.18453358570714964,0.036783854793846646,0.09729392415885023,14.7749730913303,1.8966609405728627,0.37806939242979076
2011,1,entorno_deficitario,CFK I,0.2674939870739747,0.08339129479811107,0.17485626056926337,18.41026922758636,1.5297935927665343,0.47691340605490323
2011,1,hacinamiento_critico,CFK I,0.13758949182968427,0.0012830151305749259,0.03827931683890201,13.630647669910934,3.594355991480407,0.03351718986977949
2011,1,jefe_sin_secundario,CFK I,0.7254734898342063,0.21768720589774762,0.503473051814568,50.778628393645874,1.4409380744799074,0.4323711172091154
2011,1,materiales_deficitarios,CFK I,0.03746826600439942,0.0035932897000710952,0.014438297825115548,3.387497630432832,2.5950611670596677,0.2488721138457565
2011,1,ningun_asalariado_formal,CFK I,0.7091592947059284,0.30692088789899485,0.48674795987784203,40.22384068069336,1.4569332655937672,0.6305540304185806
2011,1,prestamos_o_venta_pertenencias,CFK I,0.22106443879143076,0.16267294512959926,0.19353891051551536,5.8391493661831495,1.1422221929564327,0.8405180368965564
2011,1,sanitario_deficitario,CFK I,0.030315034947524137,0.0006666371239810181,0.010267803783447091,2.964839782354312,2.9524361379397943,0.06492499642968594
2011,1,sin_ocupados_jefe_menor_65,CFK I,0.1011006254984019,0.01988543860291355,0.05473087786896862,8.121518689548834,1.8472319362471628,0.36333125608767586
2011,1,solo_asalariados_informales,CFK I,0.3065391613878334,0.05114994903886726,0.130927924081548,25.538921234896613,2.3412817665764454,0.3906725734611716
2011,1,tenencia_precaria,CFK I,0.2929145708639223,0.31235995321979954,0.26700741731562494,-1.9445382355877228,1.0970278421804027,1.169854966428008
2011,2,activos_sin_empleo_formal,CFK I,0.6235608546091779,0.2149026812781621,0.32429483740800935,40.86581733310158,1.9228207873832077,0.6626768498561811
2011,2,algun_desocupado,CFK I,0.1827607288976768,0.028884313777916983,0.09674896666630123,15.387641511975984,1.889019957474486,0.2985490674804046
2011,2,entorno_deficitario,CFK I,0.27697500974963946,0.07955600203206227,0.17213567056208992,19.74190077175772,1.6090506334056638,0.4621703437310871
2011,2,hacinamiento_critico,CFK I,0.1287318437895221,0.00016921921615104825,0.03675341112192118,12.856262457337106,3.502582205566801,0.00460417716303125
2011,2,jefe_sin_secundario,CFK I,0.7266277444519303,0.20073936000224088,0.49540892493349376,52.58883844496894,1.466723161173321,0.40519932100373274
2011,2,materiales_deficitarios,CFK I,0.03620058618713073,0.004363968327330092,0.013520381192740724,3.183661785980064,2.6774826590368113,0.32276962203352416
2011,2,ningun_asalariado_formal,CFK I,0.7179201871930773,0.3346861316842562,0.49039173872374325,38.32340555088211,1.4639728415113242,0.6824872958816256
2011,2,prestamos_o_venta_pertenencias,CFK I,0.23896573025594633,0.16058703172487201,0.19129359731936207,7.837869853107432,1.2492092448708374,0.8394793865305076
2011,2,sanitario_deficitario,CFK I,0.031674081482174224,0.00015087680431469464,0.008629207445874813,3.152320467785953,3.670566698140511,0.017484433566007408
2011,2,sin_ocupados_jefe_menor_65,CFK I,0.09603887895369351,0.027865736196045626,0.0627083379800429,6.817314275764788,1.531516893084587,0.44437051106208514
2011,2,solo_asalariados_informales,CFK I,0.30164016609695693,0.048803235002400025,0.13328917856633857,25.28369310945569,2.2630506792929883,0.36614551554243735
2011,2,tenencia_precaria,CFK I,0.27279077623670916,0.32787630393845757,0.26971090094752553,-5.50855277017484,1.0114191724485873,1.215658331890147
2011,3,activos_sin_empleo_formal,CFK I,0.6252847067687897,0.2012780083199542,0.3242974920786369,42.400669844883545,1.928120697945972,0.6206585411124534
2011,3,algun_desocupado,CFK I,0.1904545411008981,0.03140993464352815,0.09736636625938612,15.904460645736995,1.9560608906110664,0.32259532578068484
2011,3,entorno_deficitario,CFK I,0.2729187751622677,0.07375497645404419,0.16514544463146916,19.91637987082235,1.6525964477633668,0.4466061817123224
2011,3,hacinamiento_critico,CFK I,0.1346589408145917,0.0015273689915905012,0.035596805259456125,13.31315718230012,3.7828939938035644,0.04290747387182345
2011,3,jefe_sin_secundario,CFK I,0.7110833703151489,0.20725358489891268,0.49919033672940155,50.38297854162362,1.4244734282599087,0.4151794809506892
2011,3,materiales_deficitarios,CFK I,0.03396048107222788,0.005813366848162751,0.01397986041057845,2.8147114224065124,2.429243216658319,0.41583869061838574
2011,3,ningun_asalariado_formal,CFK I,0.7310369488246168,0.33150240696250144,0.48843315546054583,39.95345418621154,1.4966980448641303,0.6787057824727855
2011,3,prestamos_o_venta_pertenencias,CFK I,0.25788830108199745,0.16722673727260304,0.19493050511755616,9.066156380939441,1.3229755954640015,0.8578787459241133
2011,3,sanitario_deficitario,CFK I,0.036437358125516815,0.0001309173024138596,0.010405374242172801,3.6306440823102957,3.5017825671119867,0.012581700510420285
2011,3,sin_ocupados_jefe_menor_65,CFK I,0.11429073134599974,0.026646460698625814,0.058080614393255854,8.764427064737394,1.9677948062352253,0.45878407067470556
2011,3,solo_asalariados_informales,CFK I,0.2939291290064077,0.0718033507165966,0.1388736368745489,22.21257782898111,2.1165221536750547,0.5170409037494996
2011,3,tenencia_precaria,CFK I,0.2683896467943949,0.2962850139921858,0.2584049868107229,-2.7895367197790897,1.0386395793165772,1.1465917033915811
2011,4,activos_sin_empleo_formal,CFK I,0.6163196589255955,0.20352283925359385,0.32202096676902076,41.27968196720017,1.9139115850418191,0.6320173537009991
2011,4,algun_desocupado,CFK I,0.18117056493599812,0.021738129899180825,0.08763518012205868,15.943243503681728,2.0673268963863936,0.24805255000222354
2011,4,entorno_deficitario,CFK I,0.24406813420097875,0.07583473246130305,0.15470297494549476,16.823340173967573,1.577656372070216,0.49019569590062045
2011,4,hacinamiento_critico,CFK I,0.12383928053672323,0.000223187969033615,0.0341893749907666,12.361609256768961,3.6221569002114853,0.006527992076307056
2011,4,jefe_sin_secundario,CFK I,0.7032535442441173,0.2053890437404286,0.4924857016871521,49.78645005036888,1.4279674350644478,0.4170456990666106
2011,4,materiales_deficitarios,CFK I,0.03534978531574847,0.006200716597303965,0.01534735241143885,2.9149068718444506,2.303314888983796,0.40402516545344863
2011,4,ningun_asalariado_formal,CFK I,0.7227566567245461,0.3215060522398552,0.48951323512583594,40.1250604484691,1.4764803173069505,0.6567872514360266
2011,4,prestamos_o_venta_pertenencias,CFK I,0.22993590988051807,0.18443585457979822,0.19716259775198297,4.550005530071985,1.1662247936586922,0.9354505199399222
2011,4,sanitario_deficitario,CFK I,0.03518275264794052,0.0005365337899649898,0.010352802309063908,3.464621885797553,3.3983796461696096,0.0518249816762417
2011,4,sin_ocupados_jefe_menor_65,CFK I,0.10919146103789687,0.01753980027829144,0.056202429204540306,9.165166075960544,1.942824582199302,0.31208260081531297
2011,4,solo_asalariados_informales,CFK I,0.3123195732031697,0.06017374615962227,0.13859554147543615,25.214582704354743,2.25346046401156,0.43416797913580146
2011,4,tenencia_precaria,CFK I,0.29266518585378276,0.29799250618022616,0.2665011206531965,-0.5327320326443397,1.0981761920417368,1.1181660529225694
2012,1,activos_sin_empleo_formal,CFK II,0.6062159558248084,0.20314644178247243,0.3136,40.306951404233594,1.9330865938291084,0.6477883985410473
2012,1,algun_desocupado,CFK II,0.1862990805149615,0.02282301904038077,0.08907299776458799,16.347606147458073,2.0915326214498067,0.25622825786889963
2012,1,entorno_deficitario,CFK II,0.22689735379127784,0.08577055901620231,0.14440761581746706,14.112679477507553,1.5712284459988508,0.5939476150940496
2012,1,hacinamiento_critico,CFK II,0.1448452023603922,0.00017156589570546768,0.03846932983588889,14.467363646468673,3.7652125206835003,0.004459809839094469
2012,1,jefe_sin_secundario,CFK II,0.7009562769118522,0.2265231088834951,0.49334981885454404,47.44331680283571,1.4208098394346782,0.4591531206182153
2012,1,materiales_deficitarios,CFK II,0.03054349080047268,0.0030955660147377623,0.012854019887458568,2.744792478573492,2.3761820090439882,0.24082474135255147
2012,1,ningun_asalariado_formal,CFK II,0.7002852929163172,0.3325411011985109,0.4913752563015494,36.774419171780636,1.4251537576132303,0.6767558946729616
2012,1,prestamos_o_venta_pertenencias,CFK II,0.2525437838882774,0.1785652160630261,0.1982263470284437,7.397856782525131,1.2740172417748266,0.900814744053189
2012,1,sanitario_deficitario,CFK II,0.029173461211076224,0.0003298196217112339,0.008875788175441301,2.8843641589364992,3.2868586580059667,0.037159474200141714
2012,1,sin_ocupados_jefe_menor_65,CFK II,0.11006133018211978,0.025321293566272857,0.06168590148770523,8.474003661584693,1.784221799920625,0.4104875337084878
2012,1,solo_asalariados_informales,CFK II,0.3084836447651088,0.060065826759282175,0.12940254374470053,24.841781800582662,2.3839071152551607,0.4641780989853383
2012,1,tenencia_precaria,CFK II,0.29581352132525573,0.30037901200007233,0.2641576196716257,-0.4565490674816597,1.1198371702962098,1.1371203767412557
2012,2,activos_sin_empleo_formal,CFK II,0.6282449994885344,0.2163244070733857,0.33121561233573205,41.19205924151487,1.8967855864587768,0.6531226156516786
2012,2,algun_desocupado,CFK II,0.19418039515080748,0.019653492183206354,0.09474100869118646,17.452690296760114,2.0495918064768466,0.20744440506505474
2012,2,entorno_deficitario,CFK II,0.24028652051226396,0.08083352515840384,0.14418526029007303,15.945299535386011,1.6665123746272932,0.5606226669479413
2012,2,hacinamiento_critico,CFK II,0.12835382799472905,0.00011863862798797629,0.034983808686902235,12.823518936674109,3.6689495172886675,0.0033912439051381506
2012,2,jefe_sin_secundario,CFK II,0.691204538820236,0.21410360300507228,0.4854493956276494,47.710093581516375,1.4238446788600092,0.44104206315521827
2012,2,materiales_deficitarios,CFK II,0.03366877989266708,0.00705916259467269,0.014884978193029825,2.660961729799439,2.2619300785024414,0.47424742603776726
2012,2,ningun_asalariado_formal,CFK II,0.7211963803208011,0.3382521648161006,0.5039350201488151,38.294421550470055,1.4311297121359565,0.6712217871189279
2012,2,prestamos_o_venta_pertenencias,CFK II,0.24073997839369873,0.14885251178554518,0.19008418297258134,9.188746660815356,1.2664913757102254,0.7830873114098945
2012,2,sanitario_deficitario,CFK II,0.021077371017117878,0.00016094591281597332,0.0064858897569761795,2.0916425104301903,3.2497269930385726,0.024814777747781017
2012,2,sin_ocupados_jefe_menor_65,CFK II,0.10938439506098915,0.031321447040996916,0.06023609776288973,7.806294801999224,1.815927643446696,0.519978023216063
2012,2,solo_asalariados_informales,CFK II,0.29662008587631516,0.05629301638217293,0.13384459368941862,24.032706949414223,2.216152910625669,0.4205849099351654
2012,2,tenencia_precaria,CFK II,0.27804141124575543,0.33013687264624403,0.271630589813698,-5.209546140048859,1.0236012499050804,1.215389153602595
2012,3,activos_sin_empleo_formal,CFK II,0.6492833224898075,0.2011938047815023,0.32952393003336455,44.80895177083052,1.9703677436235572,0.6105590108770895
2012,3,algun_desocupado,CFK II,0.20971483620414633,0.021555716125789326,0.09869819909700907,18.8159120078357,2.1248091467000383,0.21840029831347293
2012,3,entorno_deficitario,CFK II,0.2547979461775943,0.07469008199553893,0.15724186572536583,18.010786418205537,1.620420522245756,0.4750012450627526
2012,3,hacinamiento_critico,CFK II,0.12294430092074682,0.00028330252680671466,0.033723153500546214,12.26609983939401,3.645694075400021,0.008400831399178786
2012,3,jefe_sin_secundario,CFK II,0.6710926254813646,0.20139361000282743,0.48035568573439796,46.96990154785372,1.3970743876079161,0.4192593446560838
2012,3,materiales_deficitarios,CFK II,0.03779827022736236,0.008544500644026263,0.016080805721180428,2.92537695833361,2.3505209180891553,0.5313477938964271
2012,3,ningun_asalariado_formal,CFK II,0.741350508808376,0.3262637051930508,0.49804812848571883,41.50868036153253,1.4885117851208505,0.6550846926883015
2012,3,prestamos_o_venta_pertenencias,CFK II,0.2213366676128585,0.16659231566711696,0.19552070975421632,5.474435194574154,1.1320369483677444,0.8520443480209108
2012,3,sanitario_deficitario,CFK II,0.026632369306206934,0.0008607960792937703,0.008436791945084295,2.5771573226913165,3.1566938570441234,0.1020288380816732
2012,3,sin_ocupados_jefe_menor_65,CFK II,0.11860158709025917,0.021784423989192926,0.059905852444927625,9.681716310106625,1.9797996731503227,0.36364433690714415
2012,3,solo_asalariados_informales,CFK II,0.3096000371778028,0.05555716125789325,0.13744487334080313,25.404287591990958,2.252539724854853,0.40421413987654387
2012,3,tenencia_precaria,CFK II,0.28626908188411077,0.3347152147277811,0.27665287634469987,-4.844613284367033,1.0347591019709097,1.2098743347628802
2012,4,activos_sin_empleo_formal,CFK II,0.5953512731874306,0.23863750969623246,0.3259861861928051,35.67137634911982,1.8263082866809242,0.7320479204449782
2012,4,algun_desocupado,CFK II,0.1865257418078396,0.019602264591662547,0.09087607433189863,16.692347721617708,2.052528602045552,0.21570325012137884
2012,4,entorno_deficitario,CFK II,0.25112391352949637,0.09214128920359535,0.16152117063341948,15.898262432590101,1.5547430256027235,0.5704595183544992
2012,4,hacinamiento_critico,CFK II,0.12307957233985206,0.0,0.034787730361023506,12.307957233985206,3.5380167393085107,0.0
2012,4,jefe_sin_secundario,CFK II,0.689622381245668,0.20231227907219973,0.47323155394619976,48.73101021734683,1.4572620432746313,0.42751223451849535
2012,4,materiales_deficitarios,CFK II,0.025274431691154352,0.00671110020955068,0.015097389953457432,1.8563331481603673,1.674092791473952,0.444520558205081
2012,4,ningun_asalariado_formal,CFK II,0.6885998207716781,0.35412010503681146,0.49317698867720516,33.44797157348667,1.3962529407923803,0.7180385808077323
2012,4,prestamos_o_venta_pertenencias,CFK II,0.23943982119515025,0.17545355956008055,0.2017459994529357,6.398626163506971,1.1868380133654544,0.8696755327780922
2012,4,sanitario_deficitario,CFK II,0.021927134159062334,0.002044457614857554,0.007872005277969468,1.988267654420478,2.7854572481585396,0.2597124293830388
2012,4,sin_ocupados_jefe_menor_65,CFK II,0.1014296541291951,0.02672424848751225,0.05560107545562173,7.470540564168285,1.824239069083325,0.48064265427459835
2012,4,solo_asalariados_informales,CFK II,0.2823886066087797,0.06992680044873478,0.12958390793866095,21.24618061600449,2.179195018122539,0.539625649211281
2012,4,tenencia_precaria,CFK II,0.27898214753891115,0.32773825962121506,0.27761866794422324,-4.87561120823039,1.0049113397336877,1.1805339390471443
2013,1,activos_sin_empleo_formal,CFK II,0.5938308249263531,0.1733242313031714,0.3087306301288414,42.050659362318164,1.9234593751793656,0.5614092493214511
2013,1,algun_desocupado,CFK II,0.20404526722700117,0.020669296830968232,0.0980678783465538,18.337597039603292,2.0806534276793758,0.21076520854185046
2013,1,entorno_deficitario,CFK II,0.23239337540077387,0.09496058783738119,0.16113043395734095,13.743278756339267,1.4422686620598297,0.5893398627755317
2013,1,hacinamiento_critico,CFK II,0.12498487237873233,0.000691156178961057,0.034143627761530654,12.429371619977129,3.660562177272556,0.020242611118780323
2013,1,jefe_sin_secundario,CFK II,0.6780458659473758,0.20270493983545662,0.4734033918836322,47.534092611191916,1.4322792729673703,0.42818649657094926
2013,1,materiales_deficitarios,CFK II,0.02876398951061737,0.007431051191479309,0.013202874437544533,2.1332938319138064,2.1786156981711695,0.5628358602235812
2013,1,ningun_asalariado_formal,CFK II,0.6836903239721812,0.31690751704925574,0.48617105548426665,36.678280692292546,1.4062752528349698,0.6518436535338156
2013,1,prestamos_o_venta_pertenencias,CFK II,0.26126954750747006,0.15510467024671587,0.19399655553609507,10.61648772607542,1.3467741568167078,0.7995228050214378
2013,1,sanitario_deficitario,CFK II,0.021009135134163567,7.626360421793534e-05,0.0066418029930821075,2.093287152994563,3.1631674646245935,0.011482364697864286
2013,1,sin_ocupados_jefe_menor_65,CFK II,0.10646190347214432,0.024633144162393115,0.06009138811303748,8.18287593097512,1.7716665701228203,0.4099280268922376
2013,1,solo_asalariados_informales,CFK II,0.255732933525304,0.04917948422242435,0.11966362922945496,20.655344930287967,2.137098257607884,0.41098105196293777
2013,1,tenencia_precaria,CFK II,0.2730450013356547,0.31694285871950306,0.26714229668807143,-4.389785738384838,1.0220957322025106,1.186419607261149
2013,2,activos_sin_empleo_formal,CFK II,0.6144797673264094,0.22003872849255937,0.33428024211055435,39.444103883385004,1.8382174293244244,0.6582462879148788
2013,2,algun_desocupado,CFK II,0.19492880468993484,0.025179683195507396,0.094535879350768,16.974912149442744,2.061955799518897,0.26635054720420115
2013,2,entorno_deficitario,CFK II,0.24782977182269603,0.09891111552110284,0.16367803552406124,14.891865630159318,1.5141296816594807,0.6043029243625212
2013,2,hacinamiento_critico,CFK II,0.12058528328029083,0.0014634369050160348,0.032660724644807265,11.91218463752748,3.692057803116218,0.044807239304431874
2013,2,jefe_sin_secundario,CFK II,0.6602470370703428,0.20316927753242062,0.47005710316115956,45.707775953792215,1.4046102752838872,0.4322225452314116
2013,2,materiales_deficitarios,CFK II,0.035363601759587866,0.0037230875803813436,0.01751925962797945,3.164051417920652,2.0185557215619885,0.2125139794398229
2013,2,ningun_asalariado_formal,CFK II,0.7129829350526805,0.34817432505555973,0.5048900314685015,36.48086099971208,1.4121549062454826,0.689604276881591
2013,2,prestamos_o_venta_pertenencias,CFK II,0.2433304056143221,0.17560758250142675,0.197226784794831,6.772282311289535,1.2337594301273596,0.8903840453724678
2013,2,sanitario_deficitario,CFK II,0.02142696121244523,0.000343897180905941,0.006283671480095837,2.1083064031539287,3.4099429418481364,0.0547287015235074
2013,2,sin_ocupados_jefe_menor_65,CFK II,0.10669010484354771,0.030366490855909548,0.05994498821612856,7.632361398763816,1.7798002471679877,0.5065726386737243
2013,2,solo_asalariados_informales,CFK II,0.2750433922449528,0.059144152083905985,0.13052946090164044,21.58992401610468,2.107136506540924,0.45310960204205275
2013,2,tenencia_precaria,CFK II,0.27594449734595905,0.32252070470572136,0.27756710446979915,-4.657620735976231,0.9941541807450867,1.1619557919941246
2013,3,activos_sin_empleo_formal,CFK II,0.6232302203103518,0.2063269635109492,0.328575964409437,41.69032567994026,1.896761442762586,0.6279429594973238
2013,3,algun_desocupado,CFK II,0.16313999874502436,0.025286735178749454,0.08951697376638637,13.78532635662749,1.8224476530090592,0.28247978137353685
2013,3,entorno_deficitario,CFK II,0.25696992966544957,0.10682170398183778,0.17981330611633883,15.014822568361181,1.4290929587779815,0.594070073505708
2013,3,hacinamiento_critico,CFK II,0.11245143339637514,0.0014604786383979453,0.032581840030963156,11.09909547579772,3.4513530632251084,0.044824928150467375
2013,3,jefe_sin_secundario,CFK II,0.6776185035595955,0.20078885172382735,0.476487774683524,47.68296518357682,1.4221109954177933,0.421393501348882
2013,3,materiales_deficitarios,CFK II,0.043841517700437316,0.007076062077040378,0.018752369755173078,3.676545562339694,2.3379187949482,0.3773422863042873
2013,3,ningun_asalariado_formal,CFK II,0.7323292285689612,0.33646016764651987,0.4999941430441251,39.586906092244135,1.4646756142188095,0.6729282179147984
2013,3,prestamos_o_venta_pertenencias,CFK II,0.2449122231520639,0.1549329631320519,0.19582997072138583,8.9979260020012,1.2506370820047208,0.791160630629315
2013,3,sanitario_deficitario,CFK II,0.02118610108269606,0.0003509458456397308,0.006837595244891656,2.083515523705633,3.09847253660183,0.05132591694454585
2013,3,sin_ocupados_jefe_menor_65,CFK II,0.11826343678184485,0.023423927052955554,0.06127571897215973,9.48395097288893,1.930021201963818,0.3822709459124924
2013,3,solo_asalariados_informales,CFK II,0.28993851240655244,0.05341271542018777,0.13094069493089716,23.652579698636465,2.214273511833468,0.4079153195908719
2013,3,tenencia_precaria,CFK II,0.26183264962012137,0.329920773198918,0.27576064902469355,-6.808812357879662,0.9494924331885911,1.1964026570352848
2013,4,activos_sin_empleo_formal,CFK II,0.6028553744124103,0.1994470544060296,0.3171816408433927,40.34083200063807,1.9006628908577594,0.6288102106909331
2013,4,algun_desocupado,CFK II,0.16357529604853505,0.019828961114119692,0.08351444790424042,14.374633493441536,1.9586466791481902,0.23743150570612684
2013,4,entorno_deficitario,CFK II,0.2528176732595667,0.11460671094031732,0.16885785941908896,13.82109623192494,1.4972218298237312,0.6787170661442208
2013,4,hacinamiento_critico,CFK II,0.13098546794232482,0.0014563704153827222,0.03549394439751796,12.952909752694211,3.6903609944090756,0.041031517913927985
2013,4,jefe_sin_secundario,CFK II,0.7011906377225902,0.1825191368496972,0.48471082895956014,51.867150087289296,1.4466164067918754,0.3765526287941154
2013,4,materiales_deficitarios,CFK II,0.030120649884851945,0.006380189131682097,0.013532440507131436,2.3740460753169845,2.2258106266182156,0.4714736509146161
2013,4,ningun_asalariado_formal,CFK II,0.7120617047364668,0.336240366515439,0.4896084402601765,37.58213382210278,1.4543493252650612,0.6867536154743611
2013,4,prestamos_o_venta_pertenencias,CFK II,0.2572253314572595,0.17556456339976034,0.20317611970782243,8.166076805749917,1.266021478445216,0.8641003856763831
2013,4,sanitario_deficitario,CFK II,0.016836337343843807,0.0001480882978024688,0.006240888782295151,1.668824904604134,2.6977467362672773,0.023728719252709994
2013,4,sin_ocupados_jefe_menor_65,CFK II,0.11470568007985085,0.027198057874641707,0.06375511108858131,8.750762220520915,1.7991605397797652,0.42660199959267175
2013,4,solo_asalariados_informales,CFK II,0.2973651324125206,0.05556719057290963,0.12889449515216017,24.179794183961096,2.307042919571395,0.4311060026831438
2013,4,tenencia_precaria,CFK II,0.26878288782776305,0.33207158798985315,0.260437863781304,-6.3288700162090095,1.0320422841951529,1.2750511126473596
2014,1,activos_sin_empleo_formal,CFK II,0.6201664261741744,0.18058920408003937,0.32068357074144377,43.957722209413504,1.9338889882643644,0.5631383100247511
2014,1,algun_desocupado,CFK II,0.1703238253609401,0.035281484795273085,0.09124908046154401,13.5042340565667,1.866581279498168,0.3866503050421654
2014,1,entorno_deficitario,CFK II,0.2777648014403528,0.1377261129210747,0.18695138492351326,14.00386885192781,1.485759528093326,0.7366947989041219
2014,1,hacinamiento_critico,CFK II,0.12399582374208819,0.0007266258330712342,0.03559863120341077,12.326919790901696,3.4831626821148087,0.020411622821093604
2014,1,jefe_sin_secundario,CFK II,0.6687597464513159,0.2337180727997789,0.47454381951349406,43.5041673651537,1.4092686891105934,0.49251104574365434
2014,1,materiales_deficitarios,CFK II,0.02099502555374713,0.009110815623710427,0.012709166674628038,1.1884209930036702,1.6519592583249834,0.716869630949039
2014,1,ningun_asalariado_formal,CFK II,0.7086296636595295,0.32347980613492977,0.4877817437658171,38.51498575245997,1.4527597080380708,0.6631650533649978
2014,1,prestamos_o_venta_pertenencias,CFK II,0.24385009377038738,0.15187997318307261,0.19656798729903965,9.197012058731477,1.2405381828497704,0.7726587389431678
2014,1,sanitario_deficitario,CFK II,0.012319948155229488,0.00010161682278893567,0.0055136787392910365,1.221833133244055,2.2344334404970465,0.01842994987444659
2014,1,sin_ocupados_jefe_menor_65,CFK II,0.10697692573149886,0.021720595871134996,0.06066455163635589,8.525632986036387,1.7634173969133609,0.35804428262052757
2014,1,solo_asalariados_informales,CFK II,0.2775436185642443,0.050145423587247336,0.1272490569448762,22.7398194976997,2.1811055046519923,0.3940730469143684
2014,1,tenencia_precaria,CFK II,0.2658023393341838,0.31840082383980234,0.2666498620477971,-5.259848450561854,0.9968215895290379,1.1940783370168362
2014,2,activos_sin_empleo_formal,CFK II,0.5953106820424454,0.20535568590740058,0.3252386766912904,38.99549961350448,1.83038096237091,0.6313999552467734
2014,2,algun_desocupado,CFK II,0.18855825073516055,0.02645575350986861,0.09605237874007895,16.210249722529195,1.96307736683342,0.2754304875828093
2014,2,entorno_deficitario,CFK II,0.2996932944520538,0.11995634671845842,0.1963994784990307,17.973694773359536,1.5259373229625601,0.6107773179196627
2014,2,hacinamiento_critico,CFK II,0.11962626017285005,5.40397474624347e-05,0.033440599197035605,11.957222042538762,3.5772762164935883,0.0016159921999012847
2014,2,jefe_sin_secundario,CFK II,0.7007424017044924,0.21383298632368944,0.479641516731084,48.6909415380803,1.4609711154286316,0.4458183432098042
2014,2,materiales_deficitarios,CFK II,0.022300279336465438,0.007287202521535251,0.011440913988825675,1.5013076814930186,1.949169389634962,0.6369423394540552
2014,2,ningun_asalariado_formal,CFK II,0.6993138092362676,0.3453314422636889,0.4914024095096091,35.39823669725787,1.4230980469431191,0.7027467419386679
2014,2,prestamos_o_venta_pertenencias,CFK II,0.24273676097340657,0.17361687926886274,0.20460788916158504,6.911988170454383,1.1863509367505864,0.8485346287491009
2014,2,sanitario_deficitario,CFK II,0.01727872771813036,0.0012361068339837974,0.006580422795235466,1.6042620884146566,2.6257777434363287,0.1878461114806782
2014,2,sin_ocupados_jefe_menor_65,CFK II,0.12275892624830018,0.028461129807780785,0.061858066116788,9.429779644051939,1.9845257693076175,0.4601037761841145
2014,2,solo_asalariados_informales,CFK II,0.283658448578035,0.053420059161361326,0.1276809017296611,23.023838941667368,2.2216200288013734,0.41838723284135065
2014,2,tenencia_precaria,CFK II,0.25896920425926745,0.30560302996470196,0.2578266495751859,-4.663382570543451,1.0044314840454394,1.1853042750554914
2014,3,activos_sin_empleo_formal,CFK II,0.6451726428069112,0.1758219268047567,0.32367366361044914,46.93507160021545,1.993281243862323,0.5432073924196799
2014,3,algun_desocupado,CFK II,0.20589868778880469,0.019722577748181726,0.09548881181801466,18.617611004062297,2.1562598158746846,0.20654333604830674
2014,3,entorno_deficitario,CFK II,0.2718153507386496,0.11366003708330916,0.1827158739356571,15.815531365534044,1.4876394966885507,0.6220589083756031
2014,3,hacinamiento_critico,CFK II,0.10976928049204492,0.0004508574550228396,0.033074834849764444,10.931842303702208,3.3188156793722188,0.013631434807483266
2014,3,jefe_sin_secundario,CFK II,0.6838216829809685,0.18821826001692268,0.47299052678686315,49.56034229640458,1.4457407585440059,0.39793240954641096
2014,3,materiales_deficitarios,CFK II,0.02482490714564585,0.003470680054128191,0.009699938857895508,2.135422709151766,2.5592849098671375,0.35780432278736934
2014,3,ningun_asalariado_formal,CFK II,0.7407611521455023,0.31135011958909004,0.4907967877819409,42.94110325564123,1.5093031792103326,0.6343768487079456
2014,3,prestamos_o_venta_pertenencias,CFK II,0.2442098535898083,0.15971054247321845,0.19526640756423824,8.449931111658984,1.2506495952688061,0.8179109989549906
2014,3,sanitario_deficitario,CFK II,0.01817922982972476,0.0008815686178678014,0.006649491356036491,1.7297661211856958,2.733927883554797,0.13257684996725388
2014,3,sin_ocupados_jefe_menor_65,CFK II,0.1206865265109186,0.02839897241967065,0.06301667711122137,9.228755409124794,1.9151521794447008,0.45065804357706524
2014,3,solo_asalariados_informales,CFK II,0.29825447866839616,0.0452172000574272,0.13191430227731643,25.3037278610969,2.2609715058901774,0.3427770854017746
2014,3,tenencia_precaria,CFK II,0.2537247136468865,0.30483824162800005,0.2525102338276955,-5.111352798111357,1.0048096261319044,1.2072312357684933
2014,4,activos_sin_empleo_formal,CFK II,0.6176176487445232,0.19445457350424952,0.32696016485822965,42.316307524027366,1.8889691012124459,0.5947347548854011
2014,4,algun_desocupado,CFK II,0.178749510698777,0.02304588077900126,0.09047306865803116,15.570362991977573,1.975720657540775,0.2547264188209395
2014,4,entorno_deficitario,CFK II,0.26076615120840635,0.11962528034459671,0.18212635370034078,14.114087086380964,1.4317870308733822,0.6568257581295489
2014,4,hacinamiento_critico,CFK II,0.11295924029660957,0.0001245917939202869,0.03063435057653583,11.28346485026893,3.6873391526416075,0.004067061699545775
2014,4,jefe_sin_secundario,CFK II,0.6883093286116527,0.20183347500466478,0.479736941002348,48.6475853606988,1.4347640754400106,0.42071697581378653
2014,4,materiales_deficitarios,CFK II,0.020093360502507783,0.005427007962457301,0.009714376763001074,1.4666352540050482,2.068414782823424,0.558657348264175
2014,4,ningun_asalariado_formal,CFK II,0.7110677802613753,0.33412868472498486,0.4889304279957474,37.693909553639045,1.4543332538664582,0.683386972037443
2014,4,prestamos_o_venta_pertenencias,CFK II,0.22953806306223912,0.16386637120978373,0.19186126647002835,6.567169185245539,1.1963752105123129,0.8540878220220763
2014,4,sanitario_deficitario,CFK II,0.013848596482884518,0.000151224491538136,0.004875127187341412,1.369737199134638,2.840663627985606,0.03101959922826225
2014,4,sin_ocupados_jefe_menor_65,CFK II,0.11075950524786994,0.03151933051454133,0.062274836276686694,7.924017473332862,1.7785595574393191,0.5061326917745902
2014,4,solo_asalariados_informales,CFK II,0.2822082148949999,0.04742656160629679,0.1324231775169866,23.47816532887031,2.131108920557352,0.35814396313072266
2014,4,tenencia_precaria,CFK II,0.22573401280658303,0.31938429680001656,0.251025380933864,-9.365028399343354,0.8992477651734175,1.272318741681992
2015,1,activos_sin_empleo_formal,CFK II,0.606875207662779,0.18469545866099984,0.31587055723582635,42.21797490017792,1.9212781747483068,0.5847188173448775
2015,1,algun_desocupado,CFK II,0.18710709300949255,0.03006090406213332,0.09013552610961025,15.704618894735923,2.075841802731134,0.3335078338099169
2015,1,entorno_deficitario,CFK II,0.2650434972785286,0.1299719241706275,0.1855812993755662,13.507157310790111,1.428179984569202,0.7003503295210775
2015,1,hacinamiento_critico,CFK II,0.1083781904963899,0.0012274495334968325,0.034124234684852234,10.715074096289307,3.175988897547321,0.03597002379196794
2015,1,jefe_sin_secundario,CFK II,0.6757660766289925,0.21682795398519966,0.4744234910172973,45.89381226437928,1.4243942161884946,0.4570346074564301
2015,1,materiales_deficitarios,CFK II,0.01873636485441525,0.006507368027680496,0.008244273278665889,1.2228996826734753,2.2726520847993066,0.7893197869265121
2015,1,ningun_asalariado_formal,CFK II,0.7018338012818164,0.31845128125636485,0.4849702318972617,38.338252002545154,1.4471688262930251,0.6566408829064524
2015,1,prestamos_o_venta_pertenencias,CFK II,0.2461689409183246,0.15951252717912115,0.20126034830476303,8.665641373920346,1.2231368125506656,0.7925680767359883
2015,1,sanitario_deficitario,CFK II,0.010625725129884994,0.0012556919192920541,0.005295210048702328,0.9370033210592941,2.006667352598976,0.23713731990665426
2015,1,sin_ocupados_jefe_menor_65,CFK II,0.1106253045470413,0.0187146160736977,0.05729997275419305,9.191068847334359,1.930634505213548,0.3266077656612536
2015,1,solo_asalariados_informales,CFK II,0.2889271953072568,0.051431098261797946,0.12857299877280493,23.749609704545886,2.24718407492234,0.40001476789601315
2015,1,tenencia_precaria,CFK II,0.2386423105139102,0.3141308599206571,0.2483813926056336,-7.5488549406746905,0.9607898080063244,1.2647117266928964
2015,2,activos_sin_empleo_formal,CFK II,0.6025659152043805,0.18439329598762308,0.3191442490494297,41.817261921675744,1.888067596389788,0.5777741461324716
2015,2,algun_desocupado,CFK II,0.168789053373193,0.017561152152511427,0.08384101711026616,15.122790122068158,2.013203789634431,0.2094577661124426
2015,2,entorno_deficitario,CFK II,0.288144549152583,0.10132595446971109,0.18937642585551331,18.681859468287186,1.521543918948105,0.5350505165147575
2015,2,hacinamiento_critico,CFK II,0.11010385516609036,0.0,0.030713833453936093,11.010385516609036,3.584829465563835,0.0
2015,2,jefe_sin_secundario,CFK II,0.6800867486625249,0.2238998963995084,0.47292169676806084,45.61868522630165,1.4380536002264788,0.47343967918925406
2015,2,materiales_deficitarios,CFK II,0.016100623655785143,0.003689232080080963,0.008487286121673003,1.241139157570418,1.897028499448232,0.43467747253862415
2015,2,ningun_asalariado_formal,CFK II,0.6995848285695457,0.3332814032623669,0.4927766159695817,36.63034253071788,1.4196794366815693,0.6763336417792597
2015,2,prestamos_o_venta_pertenencias,CFK II,0.23129961238684632,0.15459602099812392,0.1865800855513308,7.67035913887224,1.2396800639434402,0.8285772864842662
2015,2,sanitario_deficitario,CFK II,0.017533654047771675,0.0002798231900922218,0.0049923954372623576,1.7253830857679453,3.5120723644813028,0.05604988499181594
2015,2,sin_ocupados_jefe_menor_65,CFK II,0.11705138420431467,0.026242861362888736,0.06171625475285171,9.080852284142594,1.8966054351978658,0.4252179829767803
2015,2,solo_asalariados_informales,CFK II,0.301695433114265,0.04205436958591561,0.12981891634980988,25.964106352834936,2.3239712793574463,0.3239463921621096
2015,2,tenencia_precaria,CFK II,0.2475206537302524,0.3083645562885019,0.2529739781368821,-6.0843902558249505,0.9784431408843207,1.218957612002482
2016,2,activos_sin_empleo_formal,Macri,0.5983599677121877,0.21819608041599717,0.32745346007531745,38.01638872961905,1.827313009838281,0.6663422654499054
2016,2,algun_desocupado,Macri,0.24394603519923466,0.04776238197713672,0.11602778146355165,19.618365322209794,2.102479527938458,0.4116460848830462
2016,2,entorno_deficitario,Macri,0.29220527597570595,0.08729004898617368,0.17761843075403638,20.491522698953226,1.6451292511436941,0.4914470227870201
2016,2,hacinamiento_critico,Macri,0.0928278485845921,0.0,0.026546150256798875,9.28278485845921,3.496847855022499,0.0
2016,2,jefe_sin_secundario,Macri,0.6640860180434598,0.174134978244342,0.47108954971394595,48.99510397991178,1.4096810647714533,0.36964305056242464
2016,2,materiales_deficitarios,Macri,0.010151458355851246,0.0068142424510799614,0.00869173874444455,0.3337215904771285,1.167943337268357,0.7839907124952855
2016,2,ningun_asalariado_formal,Macri,0.6822691846867461,0.3582086633871196,0.5137431108326642,32.40605212996265,1.3280356861251887,0.6972524902699764
2016,2,prestamos_o_venta_pertenencias,Macri,0.28736727846398324,0.15733084587700663,0.21274184186251804,13.003643258697661,1.3507793104926253,0.7395387973498879
2016,2,sanitario_deficitario,Macri,0.0149003424255874,0.0017902554435152266,0.006235303451662634,1.3110086982072173,2.389673981562878,0.2871160092517803
2016,2,sin_ocupados_jefe_menor_65,Macri,0.11919928985210618,0.03197040816443896,0.06874120258973872,8.72288816876672,1.7340297428823213,0.465083631941163
2016,2,solo_asalariados_informales,Macri,0.2665739503586385,0.05276854119197772,0.12538820318295832,21.380540916666078,2.125989077055926,0.420841353910952
2016,2,tenencia_precaria,Macri,0.23285802331437613,0.31190355969262584,0.24616185547784272,-7.904553637824971,0.9459549403475143,1.2670669835794304
2016,3,activos_sin_empleo_formal,Macri,0.6318870176505039,0.1719602320461814,0.32471359484608875,45.99267856043225,1.9459826372530307,0.5295750925602267
2016,3,algun_desocupado,Macri,0.21849378495765667,0.026827135847261895,0.1045131120841936,19.166664911039476,2.09058730144446,0.25668679567833086
2016,3,entorno_deficitario,Macri,0.2787642427460817,0.07769218282322854,0.16257536317383636,20.107205992285316,1.7146770414900347,0.4778841105226682
2016,3,hacinamiento_critico,Macri,0.09422394284006319,0.0002287742038543604,0.026095599342265244,9.399516863620882,3.6107215475007375,0.008766773311231468
2016,3,jefe_sin_secundario,Macri,0.7008065695777961,0.163667742220273,0.4710662591434185,53.71388273575231,1.4877027508871783,0.34744102139237176
2016,3,materiales_deficitarios,Macri,0.016302142295698163,0.005608067506414875,0.010581153700105008,1.0694074789283288,1.5406772038040029,0.5300052967153497
2016,3,ningun_asalariado_formal,Macri,0.7214890375179217,0.31729609810415876,0.5148827148888726,40.419293941376296,1.4012687096587444,0.6162492717834603
2016,3,prestamos_o_venta_pertenencias,Macri,0.30668426537624643,0.15631448693814665,0.20506012419000694,15.036977843809979,1.4955821693157438,0.7622861224511256
2016,3,sanitario_deficitario,Macri,0.015193969994541668,0.0,0.004602512017450975,1.5193969994541667,3.3012341818841344,0.0
2016,3,sin_ocupados_jefe_menor_65,Macri,0.10527750694813219,0.01325978179457021,0.06367481205657402,9.201772515356197,1.653361879648657,0.20824218189743712
2016,3,solo_asalariados_informales,Macri,0.3029641759256255,0.04656530072307959,0.12747977110820166,25.639887520254597,2.3765666763590048,0.3652759988371498
2016,3,tenencia_precaria,Macri,0.2502835885203139,0.3106599418460601,0.2415886865495336,-6.03763533257462,1.0359905179955418,1.285904345451891
2016,4,activos_sin_empleo_formal,Macri,0.61455044853009,0.1899818086803112,0.32641353935392636,42.45686398497788,1.8827357766668502,0.5820279669046331
2016,4,algun_desocupado,Macri,0.20714716981559142,0.021624626959048866,0.09326319866335808,18.552254285654254,2.2211029943687413,0.23186666626248692
2016,4,entorno_deficitario,Macri,0.27858265283776695,0.08653078001864993,0.1515454922111786,19.2051872819117,1.8382773962656844,0.5709888084171406
2016,4,hacinamiento_critico,Macri,0.10714485888449368,0.00030011477974689567,0.027925043796270914,10.684474410474678,3.836873441136795,0.010747155203637416
2016,4,jefe_sin_secundario,Macri,0.6800489130650056,0.1850979517355357,0.46423998757031104,49.49509613294699,1.4648650079114724,0.3987117798798016
2016,4,materiales_deficitarios,Macri,0.022601072760164712,0.011851251283102342,0.011416624258609585,1.0749821477062371,1.979663361796341,1.0380696618061152
2016,4,ningun_asalariado_formal,Macri,0.7001681174411518,0.3434949188297993,0.516237857409851,35.66731986113525,1.3562897555676068,0.6653811104695723
2016,4,prestamos_o_venta_pertenencias,Macri,0.2615875696080334,0.1325922432394024,0.20118070786177825,12.899532636863102,1.300261701970737,0.6590703683700143
2016,4,sanitario_deficitario,Macri,0.01245857186751825,0.00469588563644424,0.004942602758850524,0.776268623107401,2.5206500452032436,0.9500835623569995
2016,4,sin_ocupados_jefe_menor_65,Macri,0.09489327003984231,0.015902825627736414,0.06100263905714504,7.89904444121059,1.5555600791459163,0.26069078114537353
2016,4,solo_asalariados_informales,Macri,0.2878322243391728,0.05623456101622272,0.12448310958392067,23.15976633229501,2.312219105879018,0.4517445073808348
2016,4,tenencia_precaria,Macri,0.23520371295658654,0.29108149745191303,0.24403633882611495,-5.587778449532649,0.9638061039924797,1.1927793166054648
2017,1,activos_sin_empleo_formal,Macri,0.6555066875219097,0.19546079114689274,0.3388540818837425,46.004589637501695,1.9344807177114294,0.5768287932678746
2017,1,algun_desocupado,Macri,0.21910959172623345,0.026724321863931838,0.10946799362928152,19.238526986230163,2.001585892477927,0.24412909178216058
2017,1,entorno_deficitario,Macri,0.28945115219914674,0.07388191115599618,0.16179939447528552,21.556924104315055,1.7889507753588023,0.45662662332943077
2017,1,hacinamiento_critico,Macri,0.10074411035742979,0.0001611794462603236,0.02816586556500377,10.058293091116948,3.5768157071162356,0.0057225099611563105
2017,1,jefe_sin_secundario,Macri,0.6510136818499729,0.19024394407066555,0.4675724750349497,46.07697377793073,1.3923267869891431,0.4068758411333887
2017,1,materiales_deficitarios,Macri,0.010087104539651571,0.011068659943387906,0.010674198319709479,-0.09815554037363346,0.9449987940570804,1.036954683795791
2017,1,ningun_asalariado_formal,Macri,0.7413590035390658,0.3765938864628821,0.5279420857703495,36.47651170761837,1.4042430477148036,0.7133242388004986
2017,1,prestamos_o_venta_pertenencias,Macri,0.288625616382085,0.1477712188669047,0.20610644363743869,14.085439751518031,1.4003716297672166,0.7169655458557553
2017,1,sanitario_deficitario,Macri,0.013580149414596815,0.001018448714848584,0.004955040826498872,1.256170069974823,2.7406735665974855,0.2055379058436938
2017,1,sin_ocupados_jefe_menor_65,Macri,0.11721188203417025,0.029395616118800053,0.06603784213994128,8.78162659153702,1.7749199282706072,0.44513289905063197
2017,1,solo_asalariados_informales,Macri,0.3084560889374223,0.054029557771361106,0.12829836558802507,25.442653116606124,2.404209028881133,0.42112428731051615
2017,1,tenencia_precaria,Macri,0.2488481985649426,0.3029333029884927,0.25066046179596935,-5.408510442355007,0.9927700475055301,1.2085404328149367
2017,2,activos_sin_empleo_formal,Macri,0.5925757806446041,0.228567202978393,0.33079255627541043,36.400857766621115,1.7913818476351653,0.6909683989022205
2017,2,algun_desocupado,Macri,0.23989212663020137,0.02886982044886362,0.10924283993273863,21.102230618133774,2.1959528585846373,0.26427196937244507
2017,2,entorno_deficitario,Macri,0.2779551554017357,0.08755940716554939,0.16893945482885736,19.039574823618633,1.645294497270136,0.5182886807244091
2017,2,hacinamiento_critico,Macri,0.09873981088641595,0.0007036425018273659,0.027376231319711453,9.80361683845886,3.606771499454757,0.025702679583976512
2017,2,jefe_sin_secundario,Macri,0.6689256748618916,0.18679575311647645,0.464902598340862,48.21299217454151,1.4388512287286506,0.40179545948573003
2017,2,materiales_deficitarios,Macri,0.017169522762030938,0.0034789632507487224,0.007791207074365,1.3690559511282216,2.203705099627363,0.44652429559924967
2017,2,ningun_asalariado_formal,Macri,0.6875330926047545,0.40087770443033116,0.5235966819046312,28.665538817442332,1.3130967333555086,0.7656230802916886
2017,2,prestamos_o_venta_pertenencias,Macri,0.29494685867384157,0.16947545357068705,0.2183573296656257,12.547140510315453,1.350753185732298,0.7761381485577228
2017,2,sanitario_deficitario,Macri,0.014067623672603074,0.0017252608795815688,0.005935942751972778,1.2342362793021504,2.369905550037149,0.2906464822303395
2017,2,sin_ocupados_jefe_menor_65,Macri,0.12790107100735593,0.027994391337859324,0.06847601691287629,9.99066796694966,1.8678228783383763,0.4088203812070038
2017,2,solo_asalariados_informales,Macri,0.26688489795547354,0.05785170037457445,0.12819272533192694,20.90331975808991,2.081903612427567,0.4512869215065064
2017,2,tenencia_precaria,Macri,0.26288651594239787,0.2934985594384512,0.25596179340787956,-3.061204349605334,1.0270537350216313,1.1466498789948552
2017,3,activos_sin_empleo_formal,Macri,0.6238677257509107,0.1941758987265439,0.33122350654060806,42.969182702436676,1.883524911220105,0.586238279868998
2017,3,algun_desocupado,Macri,0.20864589076549805,0.029233574958850907,0.10069993994713608,17.941231580664716,2.0719564567270825,0.29030379734285344
2017,3,entorno_deficitario,Macri,0.2714917834418889,0.07627910953702631,0.1551321771009494,19.52126739048626,1.7500675134934813,0.49170398406379023
2017,3,hacinamiento_critico,Macri,0.09572619874913134,8.510705452938617e-05,0.026135159248569323,9.564109169460195,3.662736386592767,0.003256419971270887
2017,3,jefe_sin_secundario,Macri,0.6736582862775976,0.1900846158086767,0.4629052801338366,48.357367046892094,1.4552832192426655,0.41063393304504725
2017,3,materiales_deficitarios,Macri,0.023566366712696702,0.003148482124474456,0.009070180188713028,2.0417884588222246,2.598224756551451,0.34712453986222247
2017,3,ningun_asalariado_formal,Macri,0.7035980425713199,0.39740234755147436,0.5212466987937775,30.61956950198455,1.3498369278875502,0.762407413746902
2017,3,prestamos_o_venta_pertenencias,Macri,0.3023212289513751,0.1693306226872973,0.21604160035806366,13.29906062640778,1.3993658094103776,0.7837871151049224
2017,3,sanitario_deficitario,Macri,0.014124308074140394,0.0001558208948507101,0.004994773961711865,1.3968487179289684,2.8278172710941964,0.031196786089856487
2017,3,sin_ocupados_jefe_menor_65,Macri,0.09981323832823856,0.026780942823294605,0.061137452337292494,7.303229550494396,1.6326038215916088,0.4380447957750248
2017,3,solo_asalariados_informales,Macri,0.2937390720816873,0.04422725774351093,0.12418805080764576,24.951181433817638,2.3652764510867335,0.35613134642087513
2017,3,tenencia_precaria,Macri,0.287671987379115,0.28365028165892436,0.2569143626972092,0.4021705720190616,1.1197193662471714,1.1040654896870257
2017,4,activos_sin_empleo_formal,Macri,0.5976390776117017,0.20987661863750628,0.3283401862219493,38.776245897419535,1.8201825505687974,0.6392047865125934
2017,4,algun_desocupado,Macri,0.20651049298839244,0.026107594057877156,0.09027261147171238,18.04028989305153,2.2876317591975734,0.2892083615644394
2017,4,entorno_deficitario,Macri,0.279930327978046,0.0648849110825501,0.15095682531272014,21.50454168954959,1.8543734435203316,0.4298242954443125
2017,4,hacinamiento_critico,Macri,0.11639007742574389,0.0,0.02551201023677744,11.639007742574389,4.562168027745576,0.0
2017,4,jefe_sin_secundario,Macri,0.6717854954306877,0.15829738829637743,0.4511732375462045,51.34881071343103,1.488974610028571,0.3508572209586484
2017,4,materiales_deficitarios,Macri,0.017056656808675033,0.003145352731619154,0.01094370226723828,1.391130407705588,1.5585819489750612,0.28741212569673696
2017,4,ningun_asalariado_formal,Macri,0.6884463893995506,0.3608118931324336,0.517441087750247,32.7634496267117,1.3304826495182436,0.6973004302792949
2017,4,prestamos_o_venta_pertenencias,Macri,0.3171892068313218,0.17773936728588774,0.2304130163669679,13.944983954543405,1.3766114945787158,0.7713946463979737
2017,4,sanitario_deficitario,Macri,0.015575737795184681,0.0007971965347783239,0.005160200266464566,1.4778541260406357,3.018436686732735,0.1544894565350874
2017,4,sin_ocupados_jefe_menor_65,Macri,0.10104052877911882,0.02840648421436165,0.05865354994483534,7.263404456475716,1.7226668952544073,0.48430971767401
2017,4,solo_asalariados_informales,Macri,0.2728942974626773,0.053920887963679866,0.12223634871829714,21.897340949899743,2.2325134898423933,0.44111991669470274
2017,4,tenencia_precaria,Macri,0.2524328590840061,0.2963596555052837,0.2562392095819188,-4.392679642127762,0.9851453237616398,1.1565741870216726
2018,1,activos_sin_empleo_formal,Macri,0.6246028579245556,0.17869488093705183,0.3237813072222547,44.59079769875038,1.929088690397456,0.5518999304502452
2018,1,algun_desocupado,Macri,0.2246843258116127,0.04005858793963155,0.11346391077489888,18.462573787198117,1.980227230642209,0.35305135937984555
2018,1,entorno_deficitario,Macri,0.2703845916921624,0.06504726552613702,0.15429705026683968,20.53373261660254,1.7523639708248613,0.42157167239195414
2018,1,hacinamiento_critico,Macri,0.09626247947295154,0.0035303789918269307,0.024176806555748696,9.27321004811246,3.9816044046587495,0.14602337921206912
2018,1,jefe_sin_secundario,Macri,0.6378452742798444,0.18756077471949276,0.4461398369968438,45.02844995603517,1.4296980932558077,0.420408040631484
2018,1,materiales_deficitarios,Macri,0.018505086470836662,0.004883068329655399,0.008767951458440589,1.3622018141181262,2.1105370574357463,0.55692237266604
2018,1,ningun_asalariado_formal,Macri,0.7239614925494066,0.37627710163975187,0.5209634229560389,34.76843909096547,1.3896589676901319,0.7222716318636898
2018,1,prestamos_o_venta_pertenencias,Macri,0.3525273081134357,0.1822286949919411,0.2413825833784405,17.029861312149457,1.460450473184066,0.7549372139506946
2018,1,sanitario_deficitario,Macri,0.012008188965540971,0.004895833795850225,0.0046368698455185155,0.7112355169690746,2.589718789960593,1.055848871967367
2018,1,sin_ocupados_jefe_menor_65,Macri,0.11526096639338668,0.030302441645168883,0.06442405955689512,8.49585247482178,1.7890981596960018,0.4703590840687049
2018,1,solo_asalariados_informales,Macri,0.28661712368412434,0.04006691324367166,0.12266919046322397,24.655021044045267,2.336504566483234,0.32662572478362983
2018,1,tenencia_precaria,Macri,0.2480275392535921,0.2696510476562604,0.25286854025856054,-2.1623508402668303,0.9808556612063388,1.0663685066578057
2018,2,activos_sin_empleo_formal,Macri,0.6175246159949117,0.21627605198784725,0.33832934731171255,40.12485640070644,1.8252174128600454,0.6392470937160113
2018,2,algun_desocupado,Macri,0.2533170371716482,0.024489519893438994,0.11782223570490175,22.88275172782092,2.1499934681778363,0.20785142759279826
2018,2,entorno_deficitario,Macri,0.26953766474377866,0.07337321795506412,0.15906802796803873,19.616444678871453,1.6944804571157217,0.4612694259955676
2018,2,hacinamiento_critico,Macri,0.07509753684077257,0.0,0.021575874663692537,7.509753684077257,3.4806253749306975,0.0
2018,2,jefe_sin_secundario,Macri,0.6518850655207643,0.15890416881693667,0.44885764139957096,49.29808967038276,1.4523203024641376,0.3540190790145888
2018,2,materiales_deficitarios,Macri,0.013329647120876004,0.002751052223430007,0.007944721404611978,1.0578594897445996,1.6777991879158949,0.34627422200519176
2018,2,ningun_asalariado_formal,Macri,0.6977701000152915,0.4045875999217311,0.533504061852537,29.31825000935604,1.3079002577644074,0.7583589870278458
2018,2,prestamos_o_venta_pertenencias,Macri,0.3572671203884485,0.19116625656790853,0.25108727909553147,16.610086382053996,1.4228802099230151,0.7613538099442118
2018,2,sanitario_deficitario,Macri,0.009774372771374306,0.00012084009363444319,0.004047404192920444,0.9653532677739863,2.414973228636578,0.029856196187623616
2018,2,sin_ocupados_jefe_menor_65,Macri,0.10937912067211694,0.024028886325502194,0.06815904693228693,8.535023434661476,1.6047630592719464,0.3525414072965817
2018,2,solo_asalariados_informales,Macri,0.275336800884691,0.06231524076280032,0.12658782082602996,21.302156012189066,2.175065492778229,0.4922688482681154
2018,2,tenencia_precaria,Macri,0.25976994045178636,0.27192513235593285,0.254682334751322,-1.215519190414649,1.0199762802764942,1.0677031550753102
2018,3,activos_sin_empleo_formal,Macri,0.6351155886289652,0.18706901730020287,0.3399136015342629,44.80465713287624,1.8684618260706647,0.5503428414039104
2018,3,algun_desocupado,Macri,0.25083806575635226,0.02824750096853141,0.1141617352087136,22.259056478782085,2.197216653178609,0.24743405412407718
2018,3,entorno_deficitario,Macri,0.2632451844956458,0.07362051093269437,0.15629800924181833,18.962467356295146,1.6842516790368256,0.47102654275520245
2018,3,hacinamiento_critico,Macri,0.07526330087521746,0.0006745291819429311,0.022861746150490463,7.458877169327454,3.2921064025375335,0.029504709636033646
2018,3,jefe_sin_secundario,Macri,0.6452158921282959,0.16150033919264986,0.4419164472387825,48.371555293564604,1.4600404582354543,0.3654544658877241
2018,3,materiales_deficitarios,Macri,0.024254608948548327,0.006182068474481746,0.013450702524423408,1.8072540474066583,1.8032224639945378,0.4596093373752427
2018,3,ningun_asalariado_formal,Macri,0.7292477512957934,0.40444383702661135,0.5279193908675377,32.48039142691821,1.3813619350056643,0.7661090765428844
2018,3,prestamos_o_venta_pertenencias,Macri,0.31855366870652,0.19709655500404222,0.24483037085197693,12.145711370247781,1.30111990435662,0.8050331105498578
2018,3,sanitario_deficitario,Macri,0.017013037802466553,0.0001322603346296683,0.005286487952750682,1.6880777467836883,3.2182117796398795,0.025018563517363205
2018,3,sin_ocupados_jefe_menor_65,Macri,0.11984478019708178,0.030420979134278957,0.06297522899353011,8.942380106280282,1.903046358265633,0.4830626203424257
2018,3,solo_asalariados_informales,Macri,0.3112917173875923,0.042579010395111215,0.12745855679130258,26.87127069924811,2.4422975218313,0.33406160768655974
2018,3,tenencia_precaria,Macri,0.2704867556417276,0.2865750800588338,0.2529845307030184,-1.6088324417106226,1.0691829847859562,1.1327770882372556
2018,4,activos_sin_empleo_formal,Macri,0.6361014587579867,0.21275178730129543,0.34675857237955593,42.33496714566913,1.8344217257352216,0.6135444203767831
2018,4,algun_desocupado,Macri,0.264861845172794,0.026505251360450403,0.1138215343917646,23.835659381234358,2.326992397248492,0.2328667549782052
2018,4,entorno_deficitario,Macri,0.2684990376799806,0.058970545099532874,0.15370643107941714,20.952849258044775,1.7468302125969755,0.38365697964234124
2018,4,hacinamiento_critico,Macri,0.09289278547084702,0.00010803838488647195,0.02505949818428472,9.278474708596054,3.706889291546222,0.004311274874379761
2018,4,jefe_sin_secundario,Macri,0.6331311395388626,0.14670044261153942,0.43105896787723474,48.64306969273232,1.4687808089383674,0.34032569449597805
2018,4,materiales_deficitarios,Macri,0.0222855934051698,0.007539390675825355,0.011013131045044967,1.4746202729344446,2.023547464750866,0.684581945405751
2018,4,ningun_asalariado_formal,Macri,0.7431783508879527,0.3864067691984397,0.5396354807972606,35.6771581689513,1.3771858547736273,0.7160514513010895
2018,4,prestamos_o_venta_pertenencias,Macri,0.3722634280676035,0.20505643187678677,0.2638623241688675,16.72069961908167,1.4108244867477218,0.7771341836038481
2018,4,sanitario_deficitario,Macri,0.013480132915498955,0.0,0.004480566662460788,1.3480132915498955,3.0085776936293778,0.0
2018,4,sin_ocupados_jefe_menor_65,Macri,0.1372162850456945,0.03701836991117124,0.06665082210436092,10.019791513452326,2.0587335716706265,0.5554075515108935
2018,4,solo_asalariados_informales,Macri,0.2961163376849548,0.06800829185218263,0.13535799283840286,22.810804583277218,2.1876531372511803,0.5024327742017741
2018,4,tenencia_precaria,Macri,0.276186665485973,0.3069720073374574,0.2560777855610715,-3.0785341851484405,1.0785264519561606,1.1987451651258059
2019,1,activos_sin_empleo_formal,Macri,0.653295300877161,0.21056010650290413,0.3405331861519832,44.27351943742569,1.918448267140663,0.618324777335884
2019,1,algun_desocupado,Macri,0.2672131867755064,0.030466594376388993,0.12375759861679046,23.674659239911737,2.159165899808054,0.2461795858751862
2019,1,entorno_deficitario,Macri,0.25874964371360787,0.07918684173797279,0.15188517215301042,17.95628019756351,1.7035872563843248,0.5213599235230104
2019,1,hacinamiento_critico,Macri,0.0875419574716492,0.0,0.024167496857211916,8.75419574716492,3.622301390535837,0.0
2019,1,jefe_sin_secundario,Macri,0.6524659304486101,0.15795604607968391,0.43284162672286575,49.450988436892615,1.5074010681194547,0.3649280390973532
2019,1,materiales_deficitarios,Macri,0.02352615302848791,0.003783966589008299,0.009676975108230868,1.974218643947961,2.4311474159396624,0.3910278311855737
2019,1,ningun_asalariado_formal,Macri,0.7301963700577988,0.40138335677399267,0.5314600135928476,32.881301328380616,1.3739441376246295,0.755246578308887
2019,1,prestamos_o_venta_pertenencias,Macri,0.3822229699176416,0.18524151036578165,0.2674434271685392,19.698145955185993,1.4291731674406412,0.6926381116446171
2019,1,sanitario_deficitario,Macri,0.013787479721142946,0.00015996907980202484,0.005042295126561842,1.362751064134092,2.7343658740864156,0.031725449579366835
2019,1,sin_ocupados_jefe_menor_65,Macri,0.10536915556374687,0.031248725078642518,0.0650289832460597,7.412043048510436,1.6203414278375867,0.4805353477602769
2019,1,solo_asalariados_informales,Macri,0.3098453984942748,0.054173153108660874,0.1338619842790395,25.56722453856139,2.3146631223424294,0.40469408398829076
2019,1,tenencia_precaria,Macri,0.24982641084053586,0.2656914636633993,0.25300650758110954,-1.5865052822863435,0.9874307709672084,1.0501368767292405
2019,2,activos_sin_empleo_formal,Macri,0.6222574560855119,0.2151181695730313,0.3465433797573778,40.713928651248054,1.795612014060598,0.6207539434850551
2019,2,algun_desocupado,Macri,0.29833227365715975,0.033457563634989626,0.1354033633328849,26.48747100221701,2.203285548555535,0.24709551381478803
2019,2,entorno_deficitario,Macri,0.26712352454502647,0.0851893815821615,0.1585375712653591,18.193414296286498,1.6849225228631572,0.5373450652878495
2019,2,hacinamiento_critico,Macri,0.08908088243131186,0.0,0.024117030831468742,8.908088243131186,3.693691941342797,0.0
2019,2,jefe_sin_secundario,Macri,0.6443670008858715,0.150517525732596,0.43463887726723155,49.384947515327546,1.482534201581999,0.3463047914143502
2019,2,materiales_deficitarios,Macri,0.014231406673565646,0.002867958427641393,0.00899204529110464,1.1363448245924253,1.5826662581030406,0.3189439482114836
2019,2,ningun_asalariado_formal,Macri,0.7195665880112051,0.3753012846474018,0.5318087433212751,34.42653033638033,1.3530552046161115,0.7057072478792918
2019,2,prestamos_o_venta_pertenencias,Macri,0.4341153654818689,0.2126882014563843,0.3016945380370945,22.14271640254846,1.4389235161708256,0.7049786278538244
2019,2,sanitario_deficitario,Macri,0.014920949930965866,0.0001271928120627747,0.004882751714442511,1.4793757118903093,3.0558485877608197,0.026049412196519392
2019,2,sin_ocupados_jefe_menor_65,Macri,0.13685518261457139,0.028149525528236005,0.06765904054626287,10.870565708633539,2.0227183464269585,0.41604972965864556
2019,2,solo_asalariados_informales,Macri,0.2759040279222455,0.06076303979112705,0.12940972325331773,21.514098813111847,2.132019302615826,0.4695399871320662
2019,2,tenencia_precaria,Macri,0.25282880332853597,0.2925663518068032,0.25164411372360335,-3.9737548478267213,1.0047077977998478,1.162619492574928
2019,3,activos_sin_empleo_formal,Macri,0.6534313751935391,0.2112336678684892,0.35323756296740166,44.21977073250499,1.8498354753224269,0.597993220466145
2019,3,algun_desocupado,Macri,0.2758295884291903,0.027587952417109592,0.12043701245990257,24.82416360120807,2.290239377375979,0.22906539986031724
2019,3,entorno_deficitario,Macri,0.2818680103364749,0.06697448865877792,0.15970534051832458,21.4893521677697,1.764925389606075,0.41936286188935096
2019,3,hacinamiento_critico,Macri,0.09349954755672538,0.0,0.024877687697440795,9.349954755672538,3.75836969632607,0.0
2019,3,jefe_sin_secundario,Macri,0.6470298819073925,0.12764035339087187,0.4271614478501478,51.93895285165206,1.5147197509602426,0.29881056456117566
2019,3,materiales_deficitarios,Macri,0.021342986464396887,0.004083066606440625,0.010267063407983345,1.725991985795626,2.078781986268951,0.39768592480550585
2019,3,ningun_asalariado_formal,Macri,0.757794705523756,0.3994670319084694,0.5394718547256643,35.83276736152867,1.4046973885396017,0.7404779849202864
2019,3,prestamos_o_venta_pertenencias,Macri,0.43596186941298964,0.1782134991600194,0.2873371277845394,25.774837025297025,1.5172486506508722,0.6202244051581574
2019,3,sanitario_deficitario,Macri,0.017023354175320856,0.0,0.005095343674059112,1.7023354175320855,3.3409628995171414,0.0
2019,3,sin_ocupados_jefe_menor_65,Macri,0.14199543598236972,0.027054768461629373,0.06668358437455077,11.494066752074033,2.12939117346789,0.40571856950081103
2019,3,solo_asalariados_informales,Macri,0.28388783090476527,0.0583598980906294,0.1288619452907464,22.552793281413585,2.2030385329372435,0.45288698660379634
2019,3,tenencia_precaria,Macri,0.25662618753472916,0.2892647080251201,0.25148258465156126,-3.2638520490390954,1.0204531176196339,1.1502375340459754
2019,4,activos_sin_empleo_formal,Macri,0.6503047579563908,0.22317715891418782,0.3610019175127247,42.71275990422029,1.801388653104505,0.6182159930115086
2019,4,algun_desocupado,Macri,0.25587845944150595,0.01827284742631356,0.11132958607233005,23.76056120151924,2.298386875122876,0.164132896483077
2019,4,entorno_deficitario,Macri,0.2795502825445818,0.06028251576238029,0.15170909498391436,21.92677667822015,1.8426731935499476,0.39735597769383585
2019,4,hacinamiento_critico,Macri,0.099722624478297,0.0,0.024990993690364498,9.9722624478297,3.990342509539585,0.0
2019,4,jefe_sin_secundario,Macri,0.6559238404644981,0.12510260204625753,0.41863840904263067,53.08212384182406,1.566802821471893,0.29883211703472273
2019,4,materiales_deficitarios,Macri,0.01587487561305468,0.004122121770522664,0.009296782460619478,1.1752753842532015,1.7075666425776386,0.443392301367025
2019,4,ningun_asalariado_formal,Macri,0.7490874756328824,0.3888128087678257,0.5427607865224985,36.02746668650567,1.380142954748687,0.7163612744741069
2019,4,prestamos_o_venta_pertenencias,Macri,0.42561779953993395,0.16905739825087057,0.29545451433806,25.656040128906337,1.4405527040041795,0.5721943312649288
2019,4,sanitario_deficitario,Macri,0.01639124379523192,6.313972077387013e-05,0.003809749288923681,1.6328104074458047,4.302446841551278,0.01657319576315432
2019,4,sin_ocupados_jefe_menor_65,Macri,0.1221937059277901,0.027593649735847815,0.06534129714938622,9.460005619194229,1.8700838712832,0.4223003053147532
2019,4,solo_asalariados_informales,Macri,0.2899873876806427,0.05979013205752188,0.13373469067719362,23.019725562312082,2.168378198747317,0.4470801985241228
2019,4,tenencia_precaria,Macri,0.24249105765881634,0.3108331312685407,0.2607974228426771,-6.834207360972433,0.9298061883268538,1.1918566060986233
2020,1,activos_sin_empleo_formal,Alberto Fernandez,0.6657773884000582,0.19649794261908995,0.35389919696234595,46.92794457809683,1.8812627836250653,0.5552370401111616
2020,1,algun_desocupado,Alberto Fernandez,0.2708239766710735,0.03412177184249656,0.12766392952060585,23.670220482857694,2.12138211386765,0.26727809468679303
2020,1,entorno_deficitario,Alberto Fernandez,0.2637524485462646,0.07139831748913553,0.15019031857545048,19.235413105712908,1.7561215066852955,0.47538561850288275
2020,1,hacinamiento_critico,Alberto Fernandez,0.0927653760271243,0.0,0.023721393972224183,9.27653760271243,3.9106207727819444,0.0
2020,1,jefe_sin_secundario,Alberto Fernandez,0.641162777457982,0.17216330134604033,0.4351091068883606,46.89994761119417,1.4735678185253205,0.3956784600010995
2020,1,materiales_deficitarios,Alberto Fernandez,0.012551105825695134,0.0031352575642572197,0.008473308513671042,0.9415848261437914,1.4812520759092949,0.37001574523088815
2020,1,ningun_asalariado_formal,Alberto Fernandez,0.7475451281045669,0.400454781135919,0.5422939401950887,34.70903469686479,1.3784869656401464,0.7384459818818121
2020,1,prestamos_o_venta_pertenencias,Alberto Fernandez,0.4091544529278182,0.1566742639344634,0.26958008648097814,25.248018899335477,1.5177473168319078,0.5811789215577632
2020,1,sanitario_deficitario,Alberto Fernandez,0.015139343104324412,0.00020623918365150957,0.003924500640458517,1.4933103920672903,3.857648269502031,0.05255170085216593
2020,1,sin_ocupados_jefe_menor_65,Alberto Fernandez,0.13499317886142861,0.031503958368168064,0.07202636307688963,10.348922049326054,1.8742190094663063,0.43739482353894416
2020,1,solo_asalariados_informales,Alberto Fernandez,0.3074029911799621,0.05596730133127129,0.130561229412732,25.14356898486908,2.354473778798417,0.42866708273975174
2020,1,tenencia_precaria,Alberto Fernandez,0.24444715040874118,0.28511380341449805,0.2595034624902896,-4.0666653005756865,0.9419803037036093,1.098689785016517
2020,2,activos_sin_empleo_formal,Alberto Fernandez,0.5330824321834283,0.1251099221892556,0.27827973443875886,40.79725099941727,1.9156351189516605,0.449583303080191
2020,2,algun_desocupado,Alberto Fernandez,0.287492535126531,0.027141267581300758,0.13089176243006617,26.035126754523024,2.1964142722895543,0.2073565752145938
2020,2,entorno_deficitario,Alberto Fernandez,0.26890971776673184,0.07646529125283243,0.16462009468065048,19.244442651389942,1.633516966980214,0.46449548824017406
2020,2,hacinamiento_critico,Alberto Fernandez,0.06966197720910304,0.0,0.024790656989630157,6.966197720910304,2.810009320779292,0.0
2020,2,jefe_sin_secundario,Alberto Fernandez,0.6523305945480338,0.1481581679616607,0.43689943280817917,50.417242658637306,1.4930909622728663,0.33911274960777893
2020,2,materiales_deficitarios,Alberto Fernandez,0.013826388688468907,0.008232706732876443,0.007080164470251084,0.5593681955592464,1.952834393404788,1.1627846736425442
2020,2,ningun_asalariado_formal,Alberto Fernandez,0.7802374551275079,0.32180161843237487,0.5293025478537086,45.8435836695133,1.474085961405865,0.607972925385041
2020,2,prestamos_o_venta_pertenencias,Alberto Fernandez,0.42140681506872124,0.1294118169894847,0.2604399490880752,29.199499807923658,1.6180575082442918,0.49689695241692894
2020,2,sanitario_deficitario,Alberto Fernandez,0.007016426051686895,0.0,0.003470613260547588,0.7016426051686895,2.021667505119788,0.0
2020,2,sin_ocupados_jefe_menor_65,Alberto Fernandez,0.32568826688393426,0.03450404052580443,0.14307936879420946,29.118422635812983,2.2762769337651365,0.2411531502870373
2020,2,solo_asalariados_informales,Alberto Fernandez,0.20475065657585975,0.02622244862474356,0.09178520105815316,17.85282079511162,2.230758926443208,0.28569364475357606
2020,2,tenencia_precaria,Alberto Fernandez,0.2522239217836663,0.3210244553608975,0.2654719239012642,-6.880053357723121,0.9500964097336141,1.209259535408704
2020,3,activos_sin_empleo_formal,Alberto Fernandez,0.614859686634034,0.14795234105682845,0.3357275956031524,46.69073455772056,1.8314243293864658,0.4406916291495914
2020,3,algun_desocupado,Alberto Fernandez,0.2775215219939506,0.03430039837207223,0.12726089013863884,24.322112362187838,2.1807290652424074,0.26952819782028203
2020,3,entorno_deficitario,Alberto Fernandez,0.2824886449221106,0.06033752898932266,0.15909441474173144,22.215111593278795,1.7756037845872419,0.3792561108274768
2020,3,hacinamiento_critico,Alberto Fernandez,0.06342081799268501,0.0,0.02158464494324163,6.342081799268501,2.938237722207365,0.0
2020,3,jefe_sin_secundario,Alberto Fernandez,0.6588139553604018,0.1423459909463903,0.43362152519049924,51.64679644140114,1.5193294545767086,0.3282724280900369
2020,3,materiales_deficitarios,Alberto Fernandez,0.010082559328145486,0.003396483419928759,0.007061171876274754,0.6686075908216728,1.4278875383309206,0.48100846140579057
2020,3,ningun_asalariado_formal,Alberto Fernandez,0.7839216066814944,0.33194637154680734,0.5415877384299925,45.1975235134687,1.4474508026234179,0.6129133804045969
2020,3,prestamos_o_venta_pertenencias,Alberto Fernandez,0.4005445144415419,0.15896414430584024,0.27267090542208977,24.158037013570162,1.4689668258573683,0.5829890213617274
2020,3,sanitario_deficitario,Alberto Fernandez,0.012620980236265015,0.002661332962446616,0.0052484784535975935,0.9959647273818398,2.404693159712584,0.5070675217543082
2020,3,sin_ocupados_jefe_menor_65,Alberto Fernandez,0.265301925428648,0.022239957083108428,0.10283554245372813,24.306196834553955,2.5798660569911736,0.21626722193949155
2020,3,solo_asalariados_informales,Alberto Fernandez,0.21283810233739825,0.042291020236506514,0.10058196770351192,17.054708210089174,2.1160662014963423,0.42046324209095665
2020,3,tenencia_precaria,Alberto Fernandez,0.28903814578387255,0.30542410785738966,0.25598866522715774,-1.6385962073517113,1.1291052497476306,1.193115748255354
2020,4,activos_sin_empleo_formal,Alberto Fernandez,0.6098073568334937,0.21294987072271138,0.36088996871605955,39.68574861107824,1.6897320781816383,0.5900686890254235
2020,4,algun_desocupado,Alberto Fernandez,0.26458197270727346,0.03025749585243203,0.12217805783213657,23.432447685484142,2.1655441034329512,0.24765081708864242
2020,4,entorno_deficitario,Alberto Fernandez,0.27005867162793895,0.06391204737498045,0.14905556424316535,20.614662425295847,1.8117986604470016,0.4287800170325477
2020,4,hacinamiento_critico,Alberto Fernandez,0.09643233404446326,0.0,0.029655158311830087,9.643233404446326,3.2517895548038367,0.0
2020,4,jefe_sin_secundario,Alberto Fernandez,0.6281575476075897,0.11205446897425686,0.4298703737409731,51.61030786333328,1.4612720158893724,0.2606703690675308
2020,4,materiales_deficitarios,Alberto Fernandez,0.01559170046748247,0.007393876271074401,0.011435066383308167,0.8197824196408068,1.3634989028346844,0.6465967072886682
2020,4,ningun_asalariado_formal,Alberto Fernandez,0.7179556450226866,0.3777481836420027,0.5442177263129471,34.02074613806839,1.3192434026116842,0.6941122373966597
2020,4,prestamos_o_venta_pertenencias,Alberto Fernandez,0.4780233827168981,0.16254167049581106,0.3021658211201206,31.5481712221087,1.5819902494096727,0.537922091563081
2020,4,sanitario_deficitario,Alberto Fernandez,0.05217016275952152,8.867492257066988e-05,0.00980752814144682,5.208148783695085,5.319399751610124,0.009041515995853
2020,4,sin_ocupados_jefe_menor_65,Alberto Fernandez,0.18302712085796782,0.02729629086234481,0.08762729128587164,15.5730829995623,2.088699972031176,0.3115044464092188
2020,4,solo_asalariados_informales,Alberto Fernandez,0.24749716416884368,0.0655603260872486,0.11201611793729369,18.19368380815951,2.209478142309769,0.5852758272157681
2020,4,tenencia_precaria,Alberto Fernandez,0.261285318988038,0.32282669856814183,0.28782955593211357,-6.154137958010386,0.9077779317759285,1.1215898156208897
2021,1,activos_sin_empleo_formal,Alberto Fernandez,0.7025604916489285,0.1623884862867432,0.361981468203016,54.01720053621853,1.9408741976119617,0.44860994429601075
2021,1,algun_desocupado,Alberto Fernandez,0.2648704646438486,0.030795013518286684,0.12406773414127213,23.407545112556193,2.1348859675493768,0.24821129950855186
2021,1,entorno_deficitario,Alberto Fernandez,0.25236125836658385,0.05523486605392408,0.1316511394134833,19.712639231265978,1.916893841487997,0.4195547892710991
2021,1,hacinamiento_critico,Alberto Fernandez,0.0658584027345004,0.0,0.02558922652548217,6.5858402734500405,2.5736769600643274,0.0
2021,1,jefe_sin_secundario,Alberto Fernandez,0.6414858459388514,0.12445519090326783,0.4136082488773046,51.703065503558356,1.5509503199708812,0.300901133478571
2021,1,materiales_deficitarios,Alberto Fernandez,0.005862881099411608,0.007802584406929053,0.007115428441446884,-0.19397033075174455,0.823967403742089,1.0965726760007215
2021,1,ningun_asalariado_formal,Alberto Fernandez,0.7926344386261671,0.33401563865398265,0.5336441990755052,45.861879997218445,1.4853238168790015,0.6259144936507084
2021,1,prestamos_o_venta_pertenencias,Alberto Fernandez,0.4185819770092616,0.17425411786563375,0.2705875599829142,24.432785914362785,1.5469372540100965,0.6439842167047026
2021,1,sanitario_deficitario,Alberto Fernandez,0.012341942045641553,0.0,0.003072741429225613,1.2341942045641552,4.016589853039457,0.0
2021,1,sin_ocupados_jefe_menor_65,Alberto Fernandez,0.13068516285331197,0.018846209100836807,0.06910878312769289,11.183895375247516,1.8910065687576045,0.27270352982506585
2021,1,solo_asalariados_informales,Alberto Fernandez,0.29229478432356454,0.046932164448904336,0.1226341943337391,24.53626198746602,2.383468867811108,0.38270047521315487
2021,1,tenencia_precaria,Alberto Fernandez,0.2656458152917277,0.2939765582215271,0.26191748215210336,-2.833074292979937,1.014234762448805,1.1224014365364356
2021,2,activos_sin_empleo_formal,Alberto Fernandez,0.6178465919515542,0.1833416617101769,0.33253067236468226,43.450493024137735,1.8580138414238359,0.5513526328455751
2021,2,algun_desocupado,Alberto Fernandez,0.23595960505947508,0.03329821411593543,0.1198845316624413,20.266139094353967,1.9682239383798588,0.2777523810135336
2021,2,entorno_deficitario,Alberto Fernandez,0.16688950827993007,0.0379613681238378,0.10533560378143145,12.892814015609227,1.584359915249751,0.3603849672956413
2021,2,hacinamiento_critico,Alberto Fernandez,0.06242483015529836,0.0,0.020455506715139928,6.242483015529836,3.0517371690966364,0.0
2021,2,jefe_sin_secundario,Alberto Fernandez,0.6649278795183106,0.10335441960426206,0.39837479097899264,56.15734599140485,1.6691012949997983,0.25944016023270966
2021,2,materiales_deficitarios,Alberto Fernandez,0.008610072587405366,0.0004919638533704499,0.005076861439734959,0.8118108734034915,1.695943978304608,0.09690314758642167
2021,2,ningun_asalariado_formal,Alberto Fernandez,0.7208829142189795,0.34041963963924127,0.5147294559102702,38.04632745797383,1.400508375694448,0.6613564382812097
2021,2,prestamos_o_venta_pertenencias,Alberto Fernandez,0.43289153198207453,0.12739486898283986,0.27657568343996813,30.549666299923466,1.5651829061683775,0.46061485738131214
2021,2,sanitario_deficitario,Alberto Fernandez,0.008077779596643863,0.0,0.0019202309714757013,0.8077779596643863,4.206670820664908,0.0
2021,2,sin_ocupados_jefe_menor_65,Alberto Fernandez,0.13085783217774302,0.033257309256216984,0.06907937665194022,9.760052292152604,1.8943111319182357,0.48143615168656695
2021,2,solo_asalariados_informales,Alberto Fernandez,0.2748548966011252,0.05450517280644926,0.1147430716387421,22.034972379467597,2.395394272400867,0.47501929334830545
2021,2,tenencia_precaria,Alberto Fernandez,0.2633526438317185,0.26942262237739045,0.23776781224388946,-0.6069978545671928,1.1076042688300698,1.133133285934562
2021,3,activos_sin_empleo_formal,Alberto Fernandez,0.6824325345178509,0.17817708057631831,0.35372211024585215,50.42554539415326,1.9292900125568369,0.5037205066216458
2021,3,algun_desocupado,Alberto Fernandez,0.24711047223139532,0.01951021369409584,0.10449358365405784,22.76002585372995,2.364838716312886,0.18671207371629073
2021,3,entorno_deficitario,Alberto Fernandez,0.20322364459294082,0.042033383423232276,0.105371168116744,16.119026116970854,1.9286456459112515,0.398907824355351
2021,3,hacinamiento_critico,Alberto Fernandez,0.09560262976704632,0.0,0.022296272647885865,9.560262976704632,4.287830135415543,0.0
2021,3,jefe_sin_secundario,Alberto Fernandez,0.6206063529680927,0.12916928189233948,0.38432385307976896,49.14370710757533,1.6148005074233105,0.3360948867920762
2021,3,materiales_deficitarios,Alberto Fernandez,0.021676584410903258,0.0018035604519542083,0.007655842982193901,1.987302395894905,2.8313778719494445,0.23557960320619975
2021,3,ningun_asalariado_formal,Alberto Fernandez,0.7674726047946197,0.33300888330493944,0.5149655133719202,43.446372148968024,1.4903378670336958,0.6466624942016895
2021,3,prestamos_o_venta_pertenencias,Alberto Fernandez,0.4195481005199531,0.157647063907293,0.26052394662025047,26.19010366126601,1.610401293096877,0.605115445057668
2021,3,sanitario_deficitario,Alberto Fernandez,0.0038996484003185764,0.0,0.0014523615973493437,0.38996484003185766,2.6850395985653255,0.0
2021,3,sin_ocupados_jefe_menor_65,Alberto Fernandez,0.12695845770983205,0.025652257988546662,0.057917897669111686,10.130619972128539,2.1920418872099448,0.4429072708249789
2021,3,solo_asalariados_informales,Alberto Fernandez,0.27725545044257527,0.046041835688566866,0.12240868453129966,23.12136147540084,2.264998202571825,0.3761321009604842
2021,3,tenencia_precaria,Alberto Fernandez,0.278302803084753,0.27808050177763327,0.25422966586688983,0.022230130711975438,1.0946905119659303,1.0938161006089326
2021,4,activos_sin_empleo_formal,Alberto Fernandez,0.6324826949188257,0.1877850966910548,0.3483089819453952,44.469759822777085,1.815866738165198,0.5391336612746153
2021,4,algun_desocupado,Alberto Fernandez,0.20473045160888273,0.02738038228195752,0.09100419552225643,17.73500693269252,2.2496814617608796,0.3008694503020055
2021,4,entorno_deficitario,Alberto Fernandez,0.1506612819834393,0.048424812701714996,0.09627768141749016,10.22364692817243,1.5648619676467368,0.502970283338356
2021,4,hacinamiento_critico,Alberto Fernandez,0.09969386558607628,0.0,0.024462449557679865,9.969386558607628,4.075383593577115,0.0
2021,4,jefe_sin_secundario,Alberto Fernandez,0.5688588284564349,0.11329762323841298,0.3932214387407554,45.55612052180219,1.4466628022066579,0.2881267705068042
2021,4,materiales_deficitarios,Alberto Fernandez,0.017972357288202546,0.006541565049352451,0.005542688074049498,1.1430792238850094,3.242534497358411,1.1802152605302885
2021,4,ningun_asalariado_formal,Alberto Fernandez,0.7280497317428555,0.32756876413260305,0.5135941850649487,40.04809676102524,1.4175583620573642,0.6377968708722412
2021,4,prestamos_o_venta_pertenencias,Alberto Fernandez,0.41408721010985367,0.16651602461438278,0.267067880106337,24.757118549547087,1.5504942411830984,0.6234970096294694
2021,4,sanitario_deficitario,Alberto Fernandez,0.005522521823124035,0.0018299045087959102,0.0031365623595717962,0.3692617314328125,1.7606925002689793,0.5834108488905443
2021,4,sin_ocupados_jefe_menor_65,Alberto Fernandez,0.11740045914511553,0.02578833364518881,0.058104413487827106,9.161212549992673,2.020508462230859,0.4438274495377442
2021,4,solo_asalariados_informales,Alberto Fernandez,0.2687076284948818,0.046352823772055844,0.12419701315772896,22.235480472282593,2.1635595064885,0.37322011692171875
2021,4,tenencia_precaria,Alberto Fernandez,0.25937262842358594,0.31423667822117635,0.2727861165590838,-5.48640497975904,0.9508278195947242,1.1519526073575472
2022,1,activos_sin_empleo_formal,Alberto Fernandez,0.6222914745679826,0.16310908537664984,0.3512585608359578,45.91823891913328,1.771605147749269,0.4643561853367151
2022,1,algun_desocupado,Alberto Fernandez,0.19680675215652227,0.013387977273040521,0.08678984226218249,18.341877488348175,2.2676242637011703,0.1542574214226237
2022,1,entorno_deficitario,Alberto Fernandez,0.1656717143071403,0.0483493904242698,0.11224069861947479,11.73223238828705,1.4760395858619038,0.4307652306066521
2022,1,hacinamiento_critico,Alberto Fernandez,0.0891781503392027,0.0,0.024759570849405062,8.91781503392027,3.6017647834694007,0.0
2022,1,jefe_sin_secundario,Alberto Fernandez,0.5916422945587091,0.14722958194311475,0.3981732712676528,44.441271261559436,1.485891538312239,0.36976259474771916
2022,1,materiales_deficitarios,Alberto Fernandez,0.009960085722222399,0.00592824192612996,0.006680905836408726,0.40318437960924386,1.4908286340369037,0.8873410389685487
2022,1,ningun_asalariado_formal,Alberto Fernandez,0.7397011340555716,0.33510443735508066,0.5322485915056071,40.459669670049095,1.3897662593397,0.629601360535588
2022,1,prestamos_o_venta_pertenencias,Alberto Fernandez,0.3787869185945189,0.15984783666614716,0.25176940886244953,21.893908192837173,1.5044993762584695,0.634897771688687
2022,1,sanitario_deficitario,Alberto Fernandez,0.006683185833230352,0.0,0.0027183016427525424,0.6683185833230352,2.4585887482534803,0.0
2022,1,sin_ocupados_jefe_menor_65,Alberto Fernandez,0.11518052259291767,0.024632181824157627,0.06265314623265872,9.054834076876004,1.8383836968889267,0.3931515543160034
2022,1,solo_asalariados_informales,Alberto Fernandez,0.27054412909454056,0.04456545133201229,0.13167867716479606,22.597867776252826,2.054578120920475,0.33844091003616755
2022,1,tenencia_precaria,Alberto Fernandez,0.2355459933099488,0.3414451063775648,0.2761311094926814,-10.589911306761602,0.853022297062808,1.236532555150634
2022,2,activos_sin_empleo_formal,Alberto Fernandez,0.635655200604731,0.18381034511982092,0.3616807189273041,45.18448554849101,1.757503696879386,0.5082116228506111
2022,2,algun_desocupado,Alberto Fernandez,0.1893091605248671,0.02767306968294463,0.0888847737728549,16.163609084192245,2.129826656347765,0.311336447271196
2022,2,entorno_deficitario,Alberto Fernandez,0.1912759742660652,0.042287232266723235,0.11364704853607238,14.898874199934198,1.6830703192908072,0.3720926571471935
2022,2,hacinamiento_critico,Alberto Fernandez,0.0706466144100175,6.022161554520636e-05,0.018886327154858166,7.058639279447229,3.740622188250347,0.0031886356225548826
2022,2,jefe_sin_secundario,Alberto Fernandez,0.6095946617696599,0.1114339527475581,0.38934982378323496,49.816070902210186,1.565673398401339,0.2862052219897687
2022,2,materiales_deficitarios,Alberto Fernandez,0.010572009005233881,0.005678120667896969,0.008006369302765382,0.48938883373369124,1.3204498325579779,0.7092004444431209
2022,2,ningun_asalariado_formal,Alberto Fernandez,0.7226268825950849,0.32265387809734936,0.5371655277794283,39.997300449773554,1.3452592268575563,0.600660059909574
2022,2,prestamos_o_venta_pertenencias,Alberto Fernandez,0.3685290287329406,0.17430828882347593,0.25342417797358213,19.422073990946465,1.4541983787014883,0.6878123871892226
2022,2,sanitario_deficitario,Alberto Fernandez,0.004566807989680134,0.0,0.001691285512536966,0.4566807989680134,2.7001993192916434,0.0
2022,2,sin_ocupados_jefe_menor_65,Alberto Fernandez,0.10799502082871158,0.02677114477178886,0.05996098883588497,8.122387605692271,1.8010880561742768,0.44647603869679814
2022,2,solo_asalariados_informales,Alberto Fernandez,0.3439248564174616,0.05376160727539065,0.14637747433949416,29.016324914207097,2.349575014662397,0.36728060460109474
2022,2,tenencia_precaria,Alberto Fernandez,0.24039393790003863,0.35066234468632174,0.2833806713226362,-11.02684067862831,0.8483074614017831,1.237425061665845
2022,3,activos_sin_empleo_formal,Alberto Fernandez,0.69227058708239,0.21352205059847051,0.3685796297125185,47.87485364839195,1.8782117384575514,0.5793105027670996
2022,3,algun_desocupado,Alberto Fernandez,0.2189061824843573,0.011992778323591656,0.09140093656517395,20.691340416076564,2.3950102779118136,0.13121067216898963
2022,3,entorno_deficitario,Alberto Fernandez,0.2223980185340991,0.04354849688953822,0.1075952673217928,17.884952164456088,2.06698699738305,0.40474360976579615
2022,3,hacinamiento_critico,Alberto Fernandez,0.07022261533797998,0.0,0.021789267123030757,7.022261533797998,3.222807584187,0.0
2022,3,jefe_sin_secundario,Alberto Fernandez,0.5956517831619066,0.1361176275756686,0.39532418619393367,45.9534155586238,1.5067425772672014,0.34431899774756897
2022,3,materiales_deficitarios,Alberto Fernandez,0.009194440481129005,0.00492400882288097,0.006557289924280826,0.4270431658248035,1.4021708033806983,0.750921322640925
2022,3,ningun_asalariado_formal,Alberto Fernandez,0.768499444769126,0.3631960693272807,0.5441995936438371,40.53033754418453,1.4121646795496998,0.6673949660553808
2022,3,prestamos_o_venta_pertenencias,Alberto Fernandez,0.35442059741521875,0.16788010066456086,0.24768407399687326,18.65404967506579,1.4309381773964722,0.6777993350782827
2022,3,sanitario_deficitario,Alberto Fernandez,0.004683030956342656,0.0,0.0023091311719674263,0.46830309563426553,2.028048909994411,0.0
2022,3,sin_ocupados_jefe_menor_65,Alberto Fernandez,0.094851814033454,0.027229621471584208,0.060632223423344046,6.762219256186978,1.5643796100166607,0.44909488608825315
2022,3,solo_asalariados_informales,Alberto Fernandez,0.3180175592081245,0.06212236819780159,0.1383431665570232,25.589519101032295,2.2987587108398446,0.44904544072435687
2022,3,tenencia_precaria,Alberto Fernandez,0.2351650282236014,0.3367050745789472,0.2827312574054819,-10.15400463553458,0.8317616891093761,1.1909014859862426
2022,4,activos_sin_empleo_formal,Alberto Fernandez,0.6149915409841731,0.21041830365577116,0.35173539472762394,40.45732373284019,1.7484494031668574,0.5982289721474133
2022,4,algun_desocupado,Alberto Fernandez,0.17131069769474666,0.009197863032198631,0.08162903745853795,16.2112834662548,2.0986489983023624,0.11267881281670786
2022,4,entorno_deficitario,Alberto Fernandez,0.14685247872795104,0.037982560623552174,0.08730062428541115,10.886991810439886,1.6821469483178901,0.4350777664473066
2022,4,hacinamiento_critico,Alberto Fernandez,0.06066482502166292,0.0,0.022015904823363304,6.066482502166292,2.7554999673365836,0.0
2022,4,jefe_sin_secundario,Alberto Fernandez,0.5660629062119008,0.14870829146969752,0.3847591662707805,41.73546147422032,1.4712135689927264,0.3864970727300143
2022,4,materiales_deficitarios,Alberto Fernandez,0.008134783198651437,0.009904176620154534,0.007090013512959661,-0.17693934215030974,1.1473579258744806,1.396919286832237
2022,4,ningun_asalariado_formal,Alberto Fernandez,0.7028961901649775,0.3424225588514027,0.5224522478494447,36.04736313135748,1.345378822769524,0.6554140790108703
2022,4,prestamos_o_venta_pertenencias,Alberto Fernandez,0.39642978203741075,0.1635928191282145,0.25261249543965375,23.283696290919625,1.56931976522956,0.6476038283201037
2022,4,sanitario_deficitario,Alberto Fernandez,0.006124337622724337,0.0013255474184925833,0.002919530153605182,0.4798790204231754,2.097713433499462,0.4540276512834543
2022,4,sin_ocupados_jefe_menor_65,Alberto Fernandez,0.10483691047977789,0.02092256674459711,0.05827077726067494,8.391434373518077,1.79913355215409,0.35905762250261025
2022,4,solo_asalariados_informales,Alberto Fernandez,0.2582787313051685,0.06094768237989486,0.12890662934535133,19.73310489252736,2.003610928443554,0.47280487194037996
2022,4,tenencia_precaria,Alberto Fernandez,0.2327294034780302,0.35243622171626565,0.27955694936203607,-11.970681823823545,0.8324937155349962,1.2606956204113116
2023,1,activos_sin_empleo_formal,Alberto Fernandez,0.6671766471506537,0.1657248917717353,0.3599531201106458,50.14517553789184,1.8535098319069179,0.46040687665325203
2023,1,algun_desocupado,Alberto Fernandez,0.19368465508442834,0.01609708436147461,0.0867129181892413,17.758757072295374,2.2336309183106158,0.18563651988213004
2023,1,entorno_deficitario,Alberto Fernandez,0.14683717410814168,0.057031983469952294,0.09805936508462683,8.980519063818939,1.4974314180131474,0.5816066973382171
2023,1,hacinamiento_critico,Alberto Fernandez,0.07961628284057286,0.0,0.02164739543923221,7.961628284057285,3.6778689179522233,0.0
2023,1,jefe_sin_secundario,Alberto Fernandez,0.5903241132951057,0.12031905526492982,0.3861594095961592,47.00050580301759,1.5287057588793693,0.31157872183085744
2023,1,materiales_deficitarios,Alberto Fernandez,0.006601926127407973,0.007214547166101534,0.008316707240922015,-0.06126210386935612,0.7938149000752929,0.8674763890452526
2023,1,ningun_asalariado_formal,Alberto Fernandez,0.765833486260442,0.30465785084236763,0.5342921518120827,46.117563541807435,1.433360912495296,0.5702083584965696
2023,1,prestamos_o_venta_pertenencias,Alberto Fernandez,0.3548674813282285,0.16069125288327943,0.24342336617814478,19.417622844494904,1.457820121789481,0.6601307647914152
2023,1,sanitario_deficitario,Alberto Fernandez,0.008554197786285833,0.0,0.0034295247050986173,0.8554197786285833,2.4942808470131297,0.0
2023,1,sin_ocupados_jefe_menor_65,Alberto Fernandez,0.10137232178545123,0.02702727166212164,0.05620045246401984,7.434505012332959,1.8037634456831273,0.4809084353800319
2023,1,solo_asalariados_informales,Alberto Fernandez,0.32284982390338696,0.06339066116670798,0.14295720322999161,25.945916273667898,2.2583669560461495,0.44342404394078816
2023,1,tenencia_precaria,Alberto Fernandez,0.251126590965653,0.3837468275754908,0.2840563645001259,-13.262023660983779,0.8840731008001819,1.350953104855782
2023,2,activos_sin_empleo_formal,Alberto Fernandez,0.653394520043951,0.18784695412178137,0.36062921912589674,46.55475659221697,1.8118180263586714,0.5208866729575882
2023,2,algun_desocupado,Alberto Fernandez,0.17372484873193358,0.023748824506616365,0.07815750151131023,14.997602422531722,2.2227533553742593,0.30385854265287193
2023,2,entorno_deficitario,Alberto Fernandez,0.20040818761714885,0.05097596442729265,0.10770414798433477,14.943222318985619,1.86072859186721,0.4732962042901723
2023,2,hacinamiento_critico,Alberto Fernandez,0.07480766620071935,0.0012644799129400601,0.02087234598923926,7.354318628777929,3.5840564467111866,0.060581590281799796
2023,2,jefe_sin_secundario,Alberto Fernandez,0.591629419339442,0.13074622734452745,0.38464914123472194,46.08831919949146,1.5381014954051746,0.3399103581118956
2023,2,materiales_deficitarios,Alberto Fernandez,0.010896769799088166,0.006453825823368086,0.007300060946705492,0.444294397572008,1.4926957293426246,0.8840783481788175
2023,2,ningun_asalariado_formal,Alberto Fernandez,0.740984323805641,0.30452410004126984,0.5380929761022679,43.646022376437124,1.377056302003861,0.5659321224505134
2023,2,prestamos_o_venta_pertenencias,Alberto Fernandez,0.31581093107545755,0.18522689200296108,0.22919569626297343,13.058403907249646,1.3779095167350086,0.8081604280668357
2023,2,sanitario_deficitario,Alberto Fernandez,0.006023377566088111,0.0,0.0024146363043657713,0.6023377566088112,2.4945278736998913,0.0
2023,2,sin_ocupados_jefe_menor_65,Alberto Fernandez,0.09665047505879194,0.026110514548737487,0.05994684340057902,7.053996051005446,1.6122696304949795,0.43556112494966315
2023,2,solo_asalariados_informales,Alberto Fernandez,0.3376845172100053,0.057955495285331886,0.14867190060299176,27.97290219246734,2.2713405548755725,0.3898214460854591
2023,2,tenencia_precaria,Alberto Fernandez,0.24654333202408357,0.3999599747303148,0.2918747117636039,-15.341664270623124,0.8446889096160024,1.3703139004870406
2023,3,activos_sin_empleo_formal,Alberto Fernandez,0.6865359931906473,0.19343693334574052,0.34669129318804176,49.309905984490676,1.9802516148517098,0.5579515180983283
2023,3,algun_desocupado,Alberto Fernandez,0.16396543237931674,0.007335162555109288,0.07412257066876177,15.663026982420744,2.2120850761105397,0.0989599050455035
2023,3,entorno_deficitario,Alberto Fernandez,0.1811738290391945,0.04420714301881953,0.10118574949585481,13.696668602037496,1.7905073584162807,0.4368909973892176
2023,3,hacinamiento_critico,Alberto Fernandez,0.08783885381228611,0.0007033594216956698,0.022401827058569107,8.713549439059044,3.9210575808229065,0.031397413249229685
2023,3,jefe_sin_secundario,Alberto Fernandez,0.5852438551675214,0.12453630233967693,0.36797123981221697,46.07075528278445,1.5904608617406701,0.33844031507253197
2023,3,materiales_deficitarios,Alberto Fernandez,0.01213255312014053,0.0014204552599347616,0.006650135683521298,1.0712097860205767,1.8244068538638072,0.21359793657362183
2023,3,ningun_asalariado_formal,Alberto Fernandez,0.7765653492231637,0.31307507941018914,0.519831215479706,46.349026981297456,1.4938797942454083,0.6022629462935964
2023,3,prestamos_o_venta_pertenencias,Alberto Fernandez,0.3578444557620829,0.19429755620330014,0.2504420857467653,16.35468995587828,1.4288511241833275,0.7758183119420442
2023,3,sanitario_deficitario,Alberto Fernandez,0.006091414453987348,0.0,0.00286842432842881,0.6091414453987347,2.12360995324703,0.0
2023,3,sin_ocupados_jefe_menor_65,Alberto Fernandez,0.09982860983927333,0.0166209361222678,0.056713406683944256,8.320767371700553,1.7602294708833832,0.2930689072320044
2023,3,solo_asalariados_informales,Alberto Fernandez,0.31277170921087627,0.07654563790965724,0.1408414557017787,23.622607130121903,2.2207361295181944,0.5434879775152064
2023,3,tenencia_precaria,Alberto Fernandez,0.24891765421761575,0.39768479416228475,0.2949455460759949,-14.8767139944669,0.8439444417088444,1.348332936208565
2023,4,activos_sin_empleo_formal,Alberto Fernandez,0.6252356278264101,0.19058223670376281,0.3459551338092261,43.46533911226472,1.807273737903802,0.5508871471433567
2023,4,algun_desocupado,Alberto Fernandez,0.16286715235717733,0.009105146265117667,0.07610953359225058,15.376200609205966,2.139904748723363,0.11963213851628106
2023,4,entorno_deficitario,Alberto Fernandez,0.18294509059996064,0.05118928650820194,0.10385362759479379,13.175580409175868,1.7615666860839798,0.49289839646167616
2023,4,hacinamiento_critico,Alberto Fernandez,0.07418018498594973,0.002457359573903974,0.02183405547323062,7.172282541204576,3.397453353404614,0.11254709767119489
2023,4,jefe_sin_secundario,Alberto Fernandez,0.5711158994215069,0.11578395579703324,0.37499843067374217,45.53319436244736,1.5229821052728396,0.30875850757297735
2023,4,materiales_deficitarios,Alberto Fernandez,0.010833635516343356,0.0026785732166710392,0.00831922268231436,0.8155062299672318,1.3022413186960757,0.3219739774925553
2023,4,ningun_asalariado_formal,Alberto Fernandez,0.7121669368832095,0.31092527431593747,0.5147991949904316,40.12416625672721,1.3833878215299975,0.6039738937853556
2023,4,prestamos_o_venta_pertenencias,Alberto Fernandez,0.37220555637136643,0.18572175281825956,0.26014347727226983,18.648380355310685,1.430770282130929,0.7139204671423707
2023,4,sanitario_deficitario,Alberto Fernandez,0.010260237011375068,0.0008396200531509033,0.0027539433930567426,0.9420616958224165,3.725652835582327,0.30487919805024244
2023,4,sin_ocupados_jefe_menor_65,Alberto Fernandez,0.0909840577234481,0.026398215219102284,0.0524835509698237,6.458584250434582,1.7335728250506701,0.5029807383703969
2023,4,solo_asalariados_informales,Alberto Fernandez,0.29920563329067806,0.062206984116811824,0.13355962851905223,23.699864917386623,2.2402400830876563,0.4657618833369099
2023,4,tenencia_precaria,Alberto Fernandez,0.23918959011996416,0.3693226764503848,0.2893125195169385,-13.013308633042065,0.8267516059081579,1.2765526948748651
2024,1,activos_sin_empleo_formal,Milei,0.6721554486979454,0.17333884914407507,0.3522341720967847,49.881659955387036,1.9082630305195225,0.49211252875387146
2024,1,algun_desocupado,Milei,0.21523431590520217,0.01928335429241491,0.09794543861186228,19.59509616127873,2.197491980796898,0.19687853324983204
2024,1,entorno_deficitario,Milei,0.15411012081145434,0.03474361222651396,0.1008112197804958,11.936650858494039,1.528700090595178,0.3446403317226392
2024,1,hacinamiento_critico,Milei,0.0760237918230462,0.0004867607570878913,0.02032120723201055,7.5537031065958296,3.741106074805011,0.023953338575334823
2024,1,jefe_sin_secundario,Milei,0.55311844535325,0.10865747464800483,0.3652778274965869,44.44609707052452,1.5142404047462157,0.2974652893461488
2024,1,materiales_deficitarios,Milei,0.015047384432263054,0.0026644763302271926,0.009918490380053213,1.2382908102035861,1.5171043027399018,0.2686372853257632
2024,1,ningun_asalariado_formal,Milei,0.7638497298630518,0.28756859165463833,0.5268811855829649,47.62811382084134,1.4497570814146536,0.5457940035123091
2024,1,prestamos_o_venta_pertenencias,Milei,0.395307640574315,0.18699697579688226,0.27130927830769785,20.831066477743274,1.4570369396876572,0.6892391478952845
2024,1,sanitario_deficitario,Milei,0.008485310850962591,0.0008818302499251818,0.002618560570925315,0.760348060103741,3.240448567498347,0.3367614481468998
2024,1,sin_ocupados_jefe_menor_65,Milei,0.1113555377699934,0.01995034771091356,0.06288125124475571,9.140519005907985,1.7708861634536963,0.3172702087822627
2024,1,solo_asalariados_informales,Milei,0.32072028531015195,0.048788445175888914,0.13956581734195136,27.193184013426304,2.297985935369493,0.34957302658395173
2024,1,tenencia_precaria,Milei,0.23027770607522294,0.3901556767634981,0.28895262126021987,-15.987797068827517,0.7969393219930111,1.3502410016628248
2024,2,activos_sin_empleo_formal,Milei,0.6576905238236984,0.22188310448245596,0.35420270268147225,43.58074193412425,1.856819608785275,0.6264297330390255
2024,2,algun_desocupado,Milei,0.2261597371041704,0.010749246261486657,0.0963632493134501,21.541049084268373,2.346950094724584,0.11154923000283584
2024,2,entorno_deficitario,Milei,0.16139108128073704,0.04484484415151356,0.11100447592833487,11.654623712922348,1.4539150780274126,0.40399131455262804
2024,2,hacinamiento_critico,Milei,0.05471067175724341,0.0,0.019334306779881977,5.4710671757243405,2.8297198539423083,0.0
2024,2,jefe_sin_secundario,Milei,0.5865650579163944,0.11914312769572218,0.38129196673767823,46.74219302206722,1.5383619616616266,0.3124721685460801
2024,2,materiales_deficitarios,Milei,0.013603652693485653,0.0029808168971996647,0.006696905498055037,1.062283579628599,2.031334128492111,0.4451036225709583
2024,2,ningun_asalariado_formal,Milei,0.7494934231540973,0.3310052452482563,0.5273952265143375,41.8488177905841,1.4211228799085878,0.627622755397195
2024,2,prestamos_o_venta_pertenencias,Milei,0.41639133345661933,0.1987712602745419,0.2786414638437997,21.762007318207743,1.4943624244309857,0.7133585128807991
2024,2,sanitario_deficitario,Milei,0.006388455684786081,0.0,0.0034729095576544818,0.6388455684786081,1.8395111012049181,0.0
2024,2,sin_ocupados_jefe_menor_65,Milei,0.10483346996980812,0.022617597555581723,0.05991316400530387,8.22158724142264,1.7497568641263486,0.37750631152745456
2024,2,solo_asalariados_informales,Milei,0.30870382585425815,0.06236165793777934,0.13983672444997455,24.63421679164788,2.207601951980035,0.44596051704635514
2024,2,tenencia_precaria,Milei,0.2785149115060438,0.37583772086492667,0.2820973863971998,-9.732280935888287,0.9873005739723097,1.3322977772496563
2024,3,activos_sin_empleo_formal,Milei,0.6508359183850722,0.17351558277120835,0.3555946866618049,47.73203356138638,1.8302745873254909,0.4879588736269101
2024,3,algun_desocupado,Milei,0.18483720342638205,0.024299102327728125,0.08761631992849234,16.053810109865392,2.1096207142372116,0.2773353451452849
2024,3,entorno_deficitario,Milei,0.18396817203367163,0.05688680246520502,0.11975688728896902,12.70813695684666,1.5361803082754073,0.4750190469458281
2024,3,hacinamiento_critico,Milei,0.08419324635736944,0.0,0.022783752117553117,8.419324635736944,3.695319626151702,0.0
2024,3,jefe_sin_secundario,Milei,0.6042793257382325,0.10520363610335695,0.36707591418255947,49.907568963487556,1.6461971553865111,0.28659912579019164
2024,3,materiales_deficitarios,Milei,0.014716782619766935,0.006601358972650243,0.00783371249157358,0.8115423647116692,1.8786472742773246,0.8426858886831842
2024,3,ningun_asalariado_formal,Milei,0.7448970930628496,0.3054904370876619,0.5350792768014139,43.940665597518766,1.3921247287237144,0.5709255624957417
2024,3,prestamos_o_venta_pertenencias,Milei,0.43208280324556825,0.16938633968392655,0.27850293978896484,26.269646356164166,1.5514479077778436,0.6082030581518414
2024,3,sanitario_deficitario,Milei,0.012939734326098478,0.0,0.00318518437826832,1.2939734326098478,4.062475759451447,0.0
2024,3,sin_ocupados_jefe_menor_65,Milei,0.10272533377023423,0.02882621390614549,0.06163816576325236,7.389911986408873,1.6665864809279796,0.4676682628237973
2024,3,solo_asalariados_informales,Milei,0.3076775789900681,0.059592406931599694,0.1387334456234481,24.80851720584684,2.2177606676415293,0.4295460742274511
2024,3,tenencia_precaria,Milei,0.2872822363271901,0.36618414005365796,0.28904085968573884,-7.890190372646789,0.9939156582897628,1.2668940317012396
2024,4,activos_sin_empleo_formal,Milei,0.6305572326387419,0.23626852745257007,0.36060448063273237,39.428870518617174,1.7486117519458955,0.6552013081978433
2024,4,algun_desocupado,Milei,0.1865025937609879,0.01515544508621401,0.08235394064841624,17.134714867477392,2.2646468680497143,0.1840281711705251
2024,4,entorno_deficitario,Milei,0.20602597602137648,0.06966534607386723,0.12340823069066745,13.636062994750924,1.6694670595982937,0.5645113432384341
2024,4,hacinamiento_critico,Milei,0.06281510970422162,0.0037515757161571254,0.02173188895734856,5.906353398806449,2.89045788092806,0.17262998736649368
2024,4,jefe_sin_secundario,Milei,0.5719673876537568,0.08952364295874049,0.3541609241940704,48.24437446950163,1.614992927170967,0.2527767374745273
2024,4,materiales_deficitarios,Milei,0.010008657360578576,0.0023417919451249967,0.007607353330676567,0.766686541545358,1.3156556459943536,0.3078326775860071
2024,4,ningun_asalariado_formal,Milei,0.732422554049409,0.3650937630768577,0.528078449532889,36.732879097255136,1.3869578557831177,0.6913627386230226
2024,4,prestamos_o_venta_pertenencias,Milei,0.39753683810341756,0.19131106259550584,0.27040458722347577,20.62257755079117,1.4701556737085728,0.7074993237352031
2024,4,sanitario_deficitario,Milei,0.003504802914546237,0.0,0.002342389888322728,0.35048029145462367,1.4962508726742567,0.0
2024,4,sin_ocupados_jefe_menor_65,Milei,0.09926023395556677,0.026690993636155687,0.05576534123295055,7.256924031941109,1.7799628184991005,0.478630508592397
2024,4,solo_asalariados_informales,Milei,0.2703952740069397,0.07363404115724045,0.13416882002244107,19.676123284969922,2.015336156058564,0.5488163430588748
2024,4,tenencia_precaria,Milei,0.26897503351156926,0.37950862881164926,0.29138663896104305,-11.053359530008,0.9230863654923104,1.3024228913336953
2025,1,activos_sin_empleo_formal,Milei,0.7049424330225855,0.2242446883532896,0.3696349687440432,48.069774466929594,1.9071313393802,0.6066652435921712
2025,1,algun_desocupado,Milei,0.2328562420470406,0.02733339617213027,0.10046915770050037,20.552284587491034,2.3176888049682627,0.27205758262263346
2025,1,entorno_deficitario,Milei,0.2318480249544823,0.060315375090865396,0.12191684263998573,17.15326498636169,1.901689872654575,0.494725534100105
2025,1,hacinamiento_critico,Milei,0.06858390609431489,0.0,0.017774841943054037,6.858390609431489,3.858481910221191,0.0
2025,1,jefe_sin_secundario,Milei,0.5513749468159321,0.09308366920012298,0.36589373582001805,45.829127761580914,1.506926445680261,0.2544008275832045
2025,1,materiales_deficitarios,Milei,0.01349038841255356,0.0005176798271176387,0.0061806648960606465,1.2972708585435921,2.1826759158471596,0.0837579509362481
2025,1,ningun_asalariado_formal,Milei,0.7874668508573296,0.3459695244994816,0.5410803909595262,44.1497326357848,1.4553601720085871,0.6394050316367142
2025,1,prestamos_o_venta_pertenencias,Milei,0.37325232099462957,0.21972078847227206,0.27240787333917527,15.353153252235751,1.3701965233945086,0.8065875107754229
2025,1,sanitario_deficitario,Milei,0.004306492079949397,0.00014015354709381257,0.002598312419298626,0.41663385328555846,1.6574188877224656,0.05394022137324227
2025,1,sin_ocupados_jefe_menor_65,Milei,0.11618752936524722,0.017566075735226262,0.05949798480429005,9.862145363002096,1.9527977249553774,0.2952381629900123
2025,1,solo_asalariados_informales,Milei,0.3291062167799863,0.05236758327415465,0.13729739069720698,27.673863350583165,2.3970318380324565,0.3814171777644712
2025,1,tenencia_precaria,Milei,0.25067185713588447,0.4247136105379675,0.28757057299028477,-17.404175340208305,0.8716881373823778,1.47690219524762
2025,2,activos_sin_empleo_formal,Milei,0.6525635049464487,0.25296353320987985,0.37187206700732833,39.95999717365688,1.754806458570573,0.6802434376037574
2025,2,algun_desocupado,Milei,0.24176070689674986,0.01698035249262931,0.09642712115610079,22.478035440412057,2.5071857792516297,0.1760951928155224
2025,2,entorno_deficitario,Milei,0.21078950826289997,0.04576731724836854,0.12203066587031472,16.502219101453143,1.7273486689559792,0.37504767282845697
2025,2,hacinamiento_critico,Milei,0.0665228771688957,0.0,0.018894156035641412,6.652287716889569,3.5208176032530263,0.0
2025,2,jefe_sin_secundario,Milei,0.5729656758780877,0.10012185276224606,0.37205841573363924,47.28438231158416,1.5399884847337526,0.26910250790812484
2025,2,materiales_deficitarios,Milei,0.009113995894155342,0.001840296848535416,0.004833216408642315,0.7273699045619926,1.8856999404906698,0.38076028320287203
2025,2,ningun_asalariado_formal,Milei,0.7441276379102659,0.38295932138616023,0.546632509646287,36.11683165241057,1.3612941506017882,0.7005791178317664
2025,2,prestamos_o_venta_pertenencias,Milei,0.40268403731732166,0.1964040429505976,0.28857260628296405,20.627999436672408,1.395434038262329,0.6806052919590392
2025,2,sanitario_deficitario,Milei,0.011444704744403926,0.0,0.002800069838801933,1.1444704744403926,4.087292604566169,0.0
2025,2,sin_ocupados_jefe_menor_65,Milei,0.11709850979522238,0.02617983586893125,0.060358322825911775,9.091867392629114,1.9400557257524076,0.43374028043225
2025,2,solo_asalariados_informales,Milei,0.29193914476724636,0.06856969067606274,0.1394648878312998,22.336945409118364,2.0932806049389523,0.49166275284289723
2025,2,tenencia_precaria,Milei,0.25636348466203723,0.3716614293989297,0.2785130339429218,-11.529794473689247,0.9204721266817844,1.3344489632578476
2025,3,activos_sin_empleo_formal,Milei,0.660028990866107,0.2180968745216494,0.37741711525726807,44.19321163444576,1.7488051394176845,0.5778669427139855
2025,3,algun_desocupado,Milei,0.2079199741953756,0.010049115995749416,0.08528066915842754,19.78708581996262,2.4380668708065443,0.11783580141803274
2025,3,entorno_deficitario,Milei,0.22091669354648372,0.05285814341634506,0.1183093395282599,16.805855013013865,1.8672802538443263,0.4467791268813493
2025,3,hacinamiento_critico,Milei,0.07156751292198035,0.00011274889688251762,0.020574607639817152,7.145476402509783,3.478438771463074,0.005480002285162393
2025,3,jefe_sin_secundario,Milei,0.5808041720098498,0.14104840182288808,0.36163952573775743,43.97557701869617,1.606030676057847,0.3900248501187594
2025,3,materiales_deficitarios,Milei,0.007254600382349007,0.004151160518594827,0.004316753810519162,0.31034398637541805,1.6805684782557755,0.9616393940463287
2025,3,ningun_asalariado_formal,Milei,0.7665979592318404,0.3595080230011896,0.5442815769299726,40.708993623065076,1.4084584004401661,0.6605184489781913
2025,3,prestamos_o_venta_pertenencias,Milei,0.41416618807480193,0.2218975932226915,0.2868096669164684,19.226859485211044,1.4440454275044547,0.7736754329390084
2025,3,sanitario_deficitario,Milei,0.008589576662549465,0.0012043976510554353,0.0037897457985505765,0.738517901149403,2.266531086553253,0.3178043370391936
2025,3,sin_ocupados_jefe_menor_65,Milei,0.09731952497462808,0.01582599185616529,0.05595855337620434,8.149353311846278,1.7391358264813894,0.2828163149566888
2025,3,solo_asalariados_informales,Milei,0.2820089450786333,0.05750346627317432,0.1399923319405567,22.450547880545894,2.0144599434087533,0.41076154297930645
2025,3,tenencia_precaria,Milei,0.2644152853063119,0.31768289051498705,0.2742540505126084,-5.326760520867513,0.9641253604535398,1.1583525928649212
2025,4,activos_sin_empleo_formal,Milei,0.6223269311255204,0.252601880504169,0.3773302830410388,36.97250506213514,1.6492896517871996,0.6694450243122834
2025,4,algun_desocupado,Milei,0.21275902560552534,0.024321127666927518,0.09887777166739559,18.843789793859784,2.1517376657840024,0.2459716401047019
2025,4,entorno_deficitario,Milei,0.20081166480544443,0.04479554383274874,0.11955886758390633,15.601612097269568,1.6796049415951098,0.3746735372958535
2025,4,hacinamiento_critico,Milei,0.057597555484588885,0.0,0.017672844708451037,5.759755548458888,3.2590992811160793,0.0
2025,4,jefe_sin_secundario,Milei,0.6081505665983667,0.08963130757405428,0.37059575176661996,51.85192590243125,1.6410079276390228,0.2418573530505524
2025,4,materiales_deficitarios,Milei,0.007168019771932504,0.0025328611549171568,0.0051954432207496504,0.4635158617015347,1.379674354500641,0.48751589562202746
2025,4,ningun_asalariado_formal,Milei,0.7427967723827678,0.3733544595437374,0.5415857872072741,36.94423128390304,1.3715219083075507,0.6893727057886183
2025,4,prestamos_o_venta_pertenencias,Milei,0.4216223775114103,0.20349138598797972,0.3029592336032355,21.813099152343057,1.3916802353137043,0.6716791020618904
2025,4,sanitario_deficitario,Milei,0.0037186427028517363,0.0,0.002243236338342316,0.37186427028517366,1.6577132954255285,0.0
2025,4,sin_ocupados_jefe_menor_65,Milei,0.10511426185512616,0.015781100416698113,0.05742956647297586,8.933316143842806,1.8303161300127329,0.27479051969030777
2025,4,solo_asalariados_informales,Milei,0.2691491007618779,0.06287315137383263,0.1362953553178499,20.627594938804528,1.9747488836593456,0.46130076279714916
2025,4,tenencia_precaria,Milei,0.2652935937589879,0.3340253474801482,0.279801956695717,-6.87317537211603,0.9481477431106501,1.1937920357125982
