anio,trimestre,era,aglomerado,gini_trimestral,ic95_low_trim,ic95_high_trim,n_hogares_trim,n_personas_trim,gini_anio_movil,ic95_low,ic95_high,n_hogares_ventana,n_viviendas_ventana,n_personas_ventana,n_trimestres_ventana,motivo_na,n_trimestres_aglomerado,periodo_intervenido
2003,3,historica,2,0.4724,0.4453,0.4985,557.0,1724.0,0.4724,0.4453,0.4985,557,549,1724,1,,1,False
2003,3,historica,3,0.518,0.4751,0.5535,375.0,1054.0,,,,375,0,1054,1,menos de 400 hogares en la ventana,1,False
2003,3,historica,4,0.4968,0.4605,0.5296,711.0,2364.0,0.4968,0.4605,0.5296,711,706,2364,1,,1,False
2003,3,historica,5,0.4713,0.4347,0.5041,405.0,1450.0,0.4713,0.4347,0.5041,405,400,1450,1,,1,False
2003,3,historica,6,0.5186,0.4851,0.5485,352.0,1269.0,,,,352,0,1269,1,menos de 400 hogares en la ventana,1,False
2003,3,historica,7,0.5233,0.4827,0.5591,363.0,1348.0,,,,363,0,1348,1,menos de 400 hogares en la ventana,1,False
2003,3,historica,8,0.5221,0.4842,0.557,399.0,1498.0,,,,399,0,1498,1,menos de 400 hogares en la ventana,1,False
2003,3,historica,9,0.469,0.4296,0.5056,258.0,856.0,,,,258,0,856,1,menos de 400 hogares en la ventana,1,False
2003,3,historica,10,0.4917,0.4629,0.5214,686.0,2526.0,0.4917,0.4629,0.5214,686,674,2526,1,,1,False
2003,3,historica,12,0.581,0.538,0.6176,348.0,1476.0,,,,348,0,1476,1,menos de 400 hogares en la ventana,1,False
2003,3,historica,13,0.5211,0.4853,0.5617,815.0,2859.0,0.5211,0.4853,0.5617,815,793,2859,1,,1,False
2003,3,historica,14,0.5159,0.4678,0.5561,271.0,1000.0,,,,271,0,1000,1,menos de 400 hogares en la ventana,1,False
2003,3,historica,15,0.5029,0.4592,0.5476,255.0,1037.0,,,,255,0,1037,1,menos de 400 hogares en la ventana,1,False
2003,3,historica,17,0.4831,0.4481,0.514,233.0,828.0,,,,233,0,828,1,menos de 400 hogares en la ventana,1,False
2003,3,historica,18,0.5622,0.4967,0.6297,389.0,1609.0,,,,389,0,1609,1,menos de 400 hogares en la ventana,1,False
2003,3,historica,19,0.5054,0.4653,0.5386,386.0,1494.0,,,,386,0,1494,1,menos de 400 hogares en la ventana,1,False
2003,3,historica,20,0.4429,0.397,0.4838,233.0,819.0,,,,233,0,819,1,menos de 400 hogares en la ventana,1,False
2003,3,historica,22,0.4891,0.4437,0.5281,265.0,1131.0,,,,265,0,1131,1,menos de 400 hogares en la ventana,1,False
2003,3,historica,23,0.5527,0.5136,0.5877,428.0,1711.0,0.5527,0.5136,0.5877,428,410,1711,1,,1,False
2003,3,historica,25,0.4798,0.4315,0.5216,239.0,1032.0,,,,239,0,1032,1,menos de 400 hogares en la ventana,1,False
2003,3,historica,26,0.4865,0.4248,0.5433,262.0,979.0,,,,262,0,979,1,menos de 400 hogares en la ventana,1,False
2003,3,historica,27,0.5512,0.4793,0.619,402.0,1488.0,0.5512,0.4793,0.619,402,394,1488,1,,1,False
2003,3,historica,29,0.5152,0.4853,0.5423,685.0,2824.0,0.5152,0.4853,0.5423,685,661,2824,1,,1,False
2003,3,historica,30,0.4998,0.4468,0.5431,238.0,735.0,,,,238,0,735,1,menos de 400 hogares en la ventana,1,False
2003,3,historica,31,0.4673,0.4246,0.504,228.0,845.0,,,,228,0,845,1,menos de 400 hogares en la ventana,1,False
2003,3,historica,32,0.4787,0.4536,0.5029,883.0,2260.0,0.4787,0.4536,0.5029,883,862,2260,1,,1,False
2003,3,historica,33,0.4963,0.4758,0.5158,1684.0,5591.0,0.4963,0.4758,0.5158,1684,1672,5591,1,,1,False
2003,3,historica,34,0.4892,0.4578,0.5194,589.0,1808.0,0.4892,0.4578,0.5194,589,586,1808,1,,1,False
2003,3,historica,36,0.4867,0.4352,0.5335,241.0,782.0,,,,241,0,782,1,menos de 400 hogares en la ventana,1,False
2003,4,historica,2,0.4789,0.4499,0.5057,597.0,1845.0,0.4761,0.4553,0.4967,1154,893,3569,2,,2,False
2003,4,historica,3,0.4632,0.4292,0.4938,393.0,1140.0,0.494,0.4633,0.5192,768,577,2194,2,,2,False
2003,4,historica,4,0.489,0.4654,0.5134,707.0,2351.0,0.4931,0.4666,0.5194,1418,1114,4715,2,,2,False
2003,4,historica,5,0.4718,0.4386,0.4998,416.0,1440.0,0.4717,0.4494,0.4957,821,619,2890,2,,2,False
2003,4,historica,6,0.4629,0.4328,0.4904,351.0,1245.0,0.492,0.4653,0.5165,703,522,2514,2,,2,False
2003,4,historica,7,0.5719,0.4565,0.6865,367.0,1333.0,0.5508,0.4797,0.6193,730,545,2681,2,,2,False
2003,4,historica,8,0.4984,0.4615,0.5313,404.0,1576.0,0.5104,0.4842,0.538,803,605,3074,2,,2,False
2003,4,historica,9,0.4609,0.4173,0.5043,233.0,868.0,0.4673,0.4339,0.4966,491,376,1724,2,,2,False
2003,4,historica,10,0.4677,0.4431,0.4905,694.0,2508.0,0.4798,0.458,0.5001,1380,1031,5034,2,,2,False
2003,4,historica,12,0.5057,0.4696,0.5427,364.0,1476.0,0.5455,0.5141,0.5749,712,519,2952,2,,2,False
2003,4,historica,13,0.4493,0.4288,0.4751,785.0,2740.0,0.4872,0.4635,0.5076,1600,1216,5599,2,,2,False
2003,4,historica,14,0.5304,0.4755,0.5713,268.0,1005.0,0.5249,0.4842,0.556,539,402,2005,2,,2,False
2003,4,historica,15,0.4303,0.3982,0.4612,245.0,988.0,0.4692,0.4333,0.4967,500,381,2025,2,,2,False
2003,4,historica,17,0.4774,0.4304,0.5133,226.0,783.0,0.4808,0.4532,0.5058,459,353,1611,2,,2,False
2003,4,historica,18,0.4789,0.4444,0.5092,371.0,1545.0,0.5256,0.4836,0.5764,760,549,3154,2,,2,False
2003,4,historica,19,0.4667,0.43,0.4983,383.0,1487.0,0.4872,0.4554,0.5126,769,514,2981,2,,2,False
2003,4,historica,20,0.4944,0.4172,0.5606,251.0,887.0,0.47,0.4265,0.5132,484,372,1706,2,,2,False
2003,4,historica,22,0.4529,0.4032,0.4961,260.0,1105.0,0.4716,0.435,0.5044,525,375,2236,2,,2,False
2003,4,historica,23,0.5423,0.5048,0.5779,435.0,1814.0,0.5481,0.5119,0.5767,863,635,3525,2,,2,False
2003,4,historica,25,0.4454,0.4041,0.4825,251.0,1107.0,0.4634,0.4275,0.4939,490,369,2139,2,,2,False
2003,4,historica,26,0.43,0.3823,0.4695,259.0,1022.0,0.4595,0.4157,0.4999,521,397,2001,2,,2,False
2003,4,historica,27,0.4838,0.4342,0.5226,400.0,1491.0,0.5278,0.481,0.5805,802,599,2979,2,,2,False
2003,4,historica,29,0.4978,0.4684,0.527,687.0,2657.0,0.5069,0.4832,0.5295,1372,1021,5481,2,,2,False
2003,4,historica,30,0.4992,0.4399,0.5593,242.0,729.0,0.4998,0.4489,0.5459,480,369,1464,2,,2,False
2003,4,historica,31,0.41,0.3666,0.445,205.0,764.0,0.4392,0.4065,0.4681,433,344,1609,2,,2,False
2003,4,historica,32,0.5361,0.4512,0.6498,867.0,2192.0,0.5085,0.4622,0.5712,1750,1354,4452,2,,2,False
2003,4,historica,33,0.4802,0.4628,0.4979,1844.0,6223.0,0.4884,0.4732,0.502,3528,2805,11814,2,,2,False
2003,4,historica,34,0.4658,0.433,0.4947,591.0,1757.0,0.4779,0.4531,0.4995,1180,906,3565,2,,2,False
2003,4,historica,36,0.4846,0.4336,0.5304,229.0,769.0,0.4864,0.4468,0.5289,470,368,1551,2,,2,False
2004,1,historica,2,0.4632,0.4336,0.4929,559.0,1730.0,0.4721,0.453,0.49,1713,1189,5299,3,,3,False
2004,1,historica,3,0.4477,0.4049,0.4845,402.0,1156.0,0.4805,0.4511,0.5028,1170,798,3350,3,,3,False
2004,1,historica,4,0.4742,0.4479,0.497,746.0,2465.0,0.4874,0.47,0.5067,2164,1506,7180,3,,3,False
2004,1,historica,5,0.4526,0.4216,0.4799,430.0,1421.0,0.4709,0.45,0.488,1251,839,4311,3,,3,False
2004,1,historica,6,0.4521,0.4146,0.4863,350.0,1166.0,0.479,0.4579,0.4998,1053,707,3680,3,,3,False
2004,1,historica,7,0.5081,0.4689,0.5421,372.0,1453.0,0.5374,0.4897,0.5912,1102,762,4134,3,,3,False
2004,1,historica,8,0.4952,0.459,0.5313,407.0,1575.0,0.5056,0.4818,0.5278,1210,826,4649,3,,3,False
2004,1,historica,9,0.4967,0.4552,0.5345,231.0,862.0,0.478,0.4462,0.5031,722,501,2586,3,,3,False
2004,1,historica,10,0.4707,0.4458,0.4961,670.0,2357.0,0.4779,0.462,0.4948,2050,1372,7391,3,,3,False
2004,1,historica,12,0.5055,0.4658,0.5425,342.0,1337.0,0.5324,0.5034,0.558,1054,692,4289,3,,3,False
2004,1,historica,13,0.4818,0.4504,0.5164,782.0,2792.0,0.4857,0.4642,0.5092,2382,1639,8391,3,,3,False
2004,1,historica,14,0.5418,0.476,0.6062,266.0,966.0,0.5313,0.4945,0.5656,805,535,2971,3,,3,False
2004,1,historica,15,0.401,0.3662,0.4336,243.0,978.0,0.4476,0.4233,0.4726,743,508,3003,3,,3,False
2004,1,historica,17,0.4785,0.4326,0.5177,226.0,779.0,0.4805,0.4534,0.5072,685,481,2390,3,,3,False
2004,1,historica,18,0.5015,0.4686,0.5339,365.0,1616.0,0.5178,0.4848,0.5534,1125,747,4770,3,,3,False
2004,1,historica,19,0.5726,0.5272,0.6119,334.0,1315.0,0.5185,0.4917,0.5436,1103,674,4296,3,,3,False
2004,1,historica,20,0.4541,0.4127,0.4932,249.0,844.0,0.4654,0.4314,0.5044,733,508,2550,3,,3,False
2004,1,historica,22,0.479,0.4328,0.515,243.0,1005.0,0.4744,0.4443,0.5,768,505,3241,3,,3,False
2004,1,historica,23,0.5078,0.473,0.5396,456.0,1870.0,0.535,0.5099,0.5608,1319,863,5395,3,,3,False
2004,1,historica,25,0.4704,0.4278,0.5096,251.0,1040.0,0.4659,0.4389,0.4936,741,499,3179,3,,3,False
2004,1,historica,26,0.4285,0.3867,0.4712,248.0,957.0,0.4493,0.416,0.482,769,528,2958,3,,3,False
2004,1,historica,27,0.4876,0.444,0.5238,385.0,1507.0,0.5153,0.4773,0.561,1187,800,4486,3,,3,False
2004,1,historica,29,0.4934,0.4621,0.5214,661.0,2547.0,0.5026,0.484,0.5227,2033,1349,8028,3,,3,False
2004,1,historica,30,0.482,0.445,0.514,230.0,699.0,0.4944,0.4579,0.5327,710,486,2163,3,,3,False
2004,1,historica,31,0.4515,0.4121,0.4819,218.0,779.0,0.4437,0.4185,0.4687,651,474,2388,3,,3,False
2004,1,historica,32,0.4622,0.4329,0.4916,688.0,1836.0,0.4944,0.46,0.5408,2438,1748,6288,3,,3,False
2004,1,historica,33,0.4995,0.4649,0.5388,1663.0,5811.0,0.4923,0.4769,0.5108,5191,3799,17625,3,,3,False
2004,1,historica,34,0.4399,0.3988,0.4837,576.0,1679.0,0.4661,0.4445,0.4905,1756,1208,5244,3,,3,False
2004,1,historica,36,0.4831,0.4417,0.5213,223.0,747.0,0.4856,0.4525,0.5147,693,496,2298,3,,3,False
2004,2,historica,2,0.4586,0.4244,0.492,574.0,1787.0,0.4691,0.4494,0.4858,2287,1398,7086,4,,4,False
2004,2,historica,3,0.5024,0.4572,0.5448,398.0,1089.0,0.4864,0.462,0.5084,1568,917,4439,4,,4,False
2004,2,historica,4,0.4638,0.4339,0.4938,775.0,2509.0,0.4831,0.4664,0.5006,2939,1798,9689,4,,4,False
2004,2,historica,5,0.4731,0.435,0.5063,439.0,1471.0,0.4724,0.4513,0.4896,1690,963,5782,4,,4,False
2004,2,historica,6,0.5036,0.4652,0.5461,365.0,1212.0,0.4853,0.4659,0.5058,1418,809,4892,4,,4,False
2004,2,historica,7,0.4652,0.4229,0.5082,394.0,1479.0,0.5203,0.4781,0.5598,1496,905,5613,4,,4,False
2004,2,historica,8,0.471,0.434,0.4987,424.0,1555.0,0.4973,0.4771,0.5159,1634,947,6204,4,,4,False
2004,2,historica,9,0.5242,0.4747,0.5729,234.0,837.0,0.4929,0.4661,0.5162,956,575,3423,4,,4,False
2004,2,historica,10,0.4896,0.4603,0.5141,689.0,2384.0,0.481,0.4641,0.4958,2739,1584,9775,4,,4,False
2004,2,historica,12,0.5406,0.4967,0.5844,361.0,1399.0,0.535,0.5107,0.5588,1415,803,5688,4,,4,False
2004,2,historica,13,0.497,0.4648,0.5279,852.0,2945.0,0.4888,0.4706,0.5087,3234,1936,11336,4,,4,False
2004,2,historica,14,0.5279,0.4775,0.5682,268.0,1009.0,0.5316,0.4969,0.5624,1073,615,3980,4,,4,False
2004,2,historica,15,0.4592,0.4174,0.496,254.0,1035.0,0.4508,0.4277,0.476,997,579,4038,4,,4,False
2004,2,historica,17,0.48,0.4355,0.5162,252.0,847.0,0.4819,0.458,0.5004,937,561,3237,4,,4,False
2004,2,historica,18,0.4709,0.4328,0.5065,370.0,1571.0,0.5069,0.475,0.5377,1495,851,6341,4,,4,False
2004,2,historica,19,0.4876,0.447,0.5228,348.0,1372.0,0.5109,0.4882,0.5322,1451,791,5668,4,,4,False
2004,2,historica,20,0.4059,0.3652,0.4409,243.0,815.0,0.4511,0.4221,0.4795,976,575,3365,4,,4,False
2004,2,historica,22,0.5132,0.4691,0.5569,242.0,1023.0,0.4847,0.4584,0.5096,1010,566,4264,4,,4,False
2004,2,historica,23,0.523,0.4924,0.5575,457.0,1796.0,0.5324,0.5109,0.5525,1776,994,7191,4,,4,False
2004,2,historica,25,0.4578,0.4217,0.4934,263.0,1048.0,0.4643,0.4374,0.4911,1004,581,4227,4,,4,False
2004,2,historica,26,0.4227,0.3766,0.4638,246.0,881.0,0.443,0.4155,0.4687,1015,603,3839,4,,4,False
2004,2,historica,27,0.4823,0.4502,0.5112,366.0,1463.0,0.5077,0.4778,0.5411,1553,907,5949,4,,4,False
2004,2,historica,29,0.5174,0.4882,0.5453,678.0,2677.0,0.5068,0.4898,0.5237,2711,1556,10705,4,,4,False
2004,2,historica,30,0.472,0.4224,0.5209,230.0,712.0,0.4892,0.4581,0.5233,940,553,2875,4,,4,False
2004,2,historica,31,0.4387,0.4025,0.4728,239.0,853.0,0.4461,0.4254,0.467,890,558,3241,4,,4,False
2004,2,historica,32,0.4807,0.4582,0.5037,922.0,2397.0,0.4912,0.4617,0.5306,3360,2166,8685,4,,4,False
2004,2,historica,33,0.4811,0.4646,0.4959,2112.0,7234.0,0.4896,0.4763,0.502,7303,4808,24859,4,,4,False
2004,2,historica,34,0.4631,0.4232,0.5074,583.0,1694.0,0.4661,0.4451,0.4887,2339,1389,6938,4,,4,False
2004,2,historica,36,0.5158,0.4606,0.5622,231.0,775.0,0.4938,0.4618,0.5244,924,570,3073,4,,4,False
2004,3,historica,2,0.4519,0.4222,0.4835,577.0,1794.0,0.4639,0.4482,0.4803,2307,1413,7156,4,,4,False
2004,3,historica,3,0.4576,0.4176,0.4931,403.0,1107.0,0.469,0.4464,0.4945,1596,939,4492,4,,4,False
2004,3,historica,4,0.4488,0.4223,0.4721,734.0,2377.0,0.4708,0.4538,0.4858,2962,1780,9702,4,,4,False
2004,3,historica,5,0.4651,0.434,0.4939,428.0,1442.0,0.4695,0.4502,0.4876,1713,970,5774,4,,4,False
2004,3,historica,6,0.4683,0.4145,0.5181,355.0,1257.0,0.4726,0.4489,0.4969,1421,812,4880,4,,4,False
2004,3,historica,7,0.4684,0.432,0.4939,409.0,1457.0,0.5078,0.467,0.5599,1542,924,5722,4,,4,False
2004,3,historica,8,0.4854,0.4553,0.5113,435.0,1552.0,0.4885,0.4686,0.5082,1670,960,6258,4,,4,False
2004,3,historica,9,0.4564,0.416,0.4892,266.0,922.0,0.4899,0.4603,0.5175,964,586,3489,4,,4,False
2004,3,historica,10,0.4637,0.4407,0.4872,700.0,2534.0,0.4737,0.4586,0.488,2753,1584,9783,4,,4,False
2004,3,historica,12,0.5255,0.4827,0.5694,379.0,1512.0,0.52,0.4945,0.5418,1446,820,5724,4,,4,False
2004,3,historica,13,0.4577,0.437,0.4773,808.0,2805.0,0.4726,0.4564,0.4907,3227,1919,11282,4,,4,False
2004,3,historica,14,0.5305,0.4887,0.563,268.0,1010.0,0.535,0.5025,0.5627,1070,617,3990,4,,4,False
2004,3,historica,15,0.4729,0.4288,0.5108,259.0,1103.0,0.4424,0.421,0.4661,1001,576,4104,4,,4,False
2004,3,historica,17,0.4774,0.4299,0.5224,236.0,821.0,0.4807,0.4566,0.502,940,559,3230,4,,4,False
2004,3,historica,18,0.5285,0.4906,0.5594,357.0,1443.0,0.4965,0.4737,0.5166,1463,840,6175,4,,4,False
2004,3,historica,19,0.4889,0.4513,0.5232,392.0,1495.0,0.5057,0.4818,0.529,1457,792,5669,4,,4,False
2004,3,historica,20,0.4277,0.3841,0.4688,243.0,796.0,0.4475,0.4188,0.4779,986,589,3342,4,,4,False
2004,3,historica,22,0.5406,0.4945,0.5751,242.0,998.0,0.5006,0.4712,0.5255,987,561,4131,4,,4,False
2004,3,historica,23,0.5403,0.4975,0.5787,430.0,1617.0,0.5296,0.5032,0.5517,1778,983,7097,4,,4,False
2004,3,historica,25,0.4619,0.4318,0.4886,267.0,1115.0,0.4601,0.4349,0.4823,1032,588,4310,4,,4,False
2004,3,historica,26,0.4362,0.3884,0.4866,264.0,947.0,0.4301,0.4045,0.452,1017,610,3807,4,,4,False
2004,3,historica,27,0.4682,0.4346,0.4999,368.0,1454.0,0.4818,0.4559,0.5049,1519,889,5915,4,,4,False
2004,3,historica,29,0.4907,0.4596,0.5169,699.0,2818.0,0.5005,0.4835,0.5164,2725,1557,10699,4,,4,False
2004,3,historica,30,0.4478,0.405,0.491,243.0,744.0,0.4769,0.4461,0.5104,945,558,2884,4,,4,False
2004,3,historica,31,0.4363,0.3992,0.4686,240.0,881.0,0.4379,0.4148,0.4584,902,551,3277,4,,4,False
2004,3,historica,32,0.4626,0.428,0.5052,889.0,2302.0,0.4869,0.4568,0.5298,3366,2150,8727,4,,4,False
2004,3,historica,33,0.4619,0.4478,0.4778,2092.0,7081.0,0.4811,0.4688,0.4964,7711,4934,26349,4,,4,False
2004,3,historica,34,0.4546,0.4244,0.4853,598.0,1786.0,0.457,0.4336,0.4821,2348,1381,6916,4,,4,False
2004,3,historica,36,0.4777,0.4191,0.5236,225.0,752.0,0.4914,0.4617,0.5225,908,566,3043,4,,4,False
2004,4,historica,2,0.452,0.4221,0.4809,572.0,1752.0,0.457,0.437,0.4756,2282,1397,7063,4,,4,False
2004,4,historica,3,0.4472,0.4126,0.4851,386.0,1094.0,0.465,0.4411,0.4882,1589,926,4446,4,,4,False
2004,4,historica,4,0.4396,0.4156,0.4643,753.0,2394.0,0.4578,0.4434,0.4738,3008,1826,9745,4,,4,False
2004,4,historica,5,0.4707,0.434,0.506,418.0,1394.0,0.4661,0.4468,0.485,1715,966,5728,4,,4,False
2004,4,historica,6,0.4026,0.3591,0.4377,351.0,1230.0,0.4582,0.4325,0.484,1421,815,4865,4,,4,False
2004,4,historica,7,0.4671,0.43,0.4955,407.0,1433.0,0.4785,0.4563,0.4986,1582,931,5822,4,,4,False
2004,4,historica,8,0.4832,0.4541,0.5092,415.0,1570.0,0.4856,0.4668,0.5031,1681,951,6252,4,,4,False
2004,4,historica,9,0.4272,0.3861,0.4559,252.0,861.0,0.4807,0.4516,0.5019,983,583,3482,4,,4,False
2004,4,historica,10,0.4636,0.4312,0.4978,670.0,2426.0,0.4723,0.4574,0.488,2729,1579,9701,4,,4,False
2004,4,historica,12,0.4724,0.4402,0.5029,385.0,1517.0,0.512,0.488,0.5338,1467,819,5765,4,,4,False
2004,4,historica,13,0.4519,0.4317,0.471,835.0,2776.0,0.4733,0.4547,0.4883,3277,1955,11318,4,,4,False
2004,4,historica,14,0.4755,0.4315,0.5186,263.0,958.0,0.5212,0.4949,0.5464,1065,614,3943,4,,4,False
2004,4,historica,15,0.5218,0.4209,0.5982,249.0,1049.0,0.4693,0.4332,0.5091,1005,576,4165,4,,4,False
2004,4,historica,17,0.4752,0.4355,0.511,236.0,810.0,0.4799,0.4533,0.5056,950,559,3257,4,,4,False
2004,4,historica,18,0.5154,0.4717,0.5581,358.0,1455.0,0.5054,0.4835,0.5267,1450,835,6085,4,,4,False
2004,4,historica,19,0.4579,0.423,0.4877,371.0,1422.0,0.5036,0.4792,0.5252,1445,785,5604,4,,4,False
2004,4,historica,20,0.4349,0.3946,0.4684,228.0,762.0,0.4319,0.4101,0.4537,963,559,3217,4,,4,False
2004,4,historica,22,0.4541,0.4197,0.4932,251.0,1030.0,0.5004,0.475,0.5256,978,553,4056,4,,4,False
2004,4,historica,23,0.5602,0.5133,0.6045,441.0,1694.0,0.5343,0.51,0.5612,1784,993,6977,4,,4,False
2004,4,historica,25,0.434,0.4027,0.4606,269.0,1175.0,0.459,0.436,0.4817,1050,588,4378,4,,4,False
2004,4,historica,26,0.4188,0.3804,0.4521,258.0,951.0,0.4273,0.4036,0.4513,1016,603,3736,4,,4,False
2004,4,historica,27,0.4846,0.4404,0.5238,413.0,1590.0,0.4813,0.4554,0.5029,1532,891,6014,4,,4,False
2004,4,historica,29,0.4697,0.4426,0.4967,686.0,2691.0,0.4934,0.4769,0.5092,2724,1543,10733,4,,4,False
2004,4,historica,30,0.4576,0.4143,0.4972,241.0,674.0,0.4665,0.4382,0.4922,944,553,2829,4,,4,False
2004,4,historica,31,0.4632,0.4176,0.5039,242.0,861.0,0.4511,0.4283,0.4742,939,560,3374,4,,4,False
2004,4,historica,32,0.4613,0.4353,0.4929,814.0,2140.0,0.4671,0.4495,0.4877,3313,2119,8675,4,,4,False
2004,4,historica,33,0.4568,0.4383,0.4836,1927.0,6710.0,0.4753,0.4629,0.489,7794,5013,26836,4,,4,False
2004,4,historica,34,0.4589,0.4143,0.5012,585.0,1742.0,0.4551,0.4334,0.4765,2342,1378,6901,4,,4,False
2004,4,historica,36,0.4406,0.3829,0.4877,221.0,689.0,0.4807,0.4476,0.5121,900,553,2963,4,,4,False
2005,1,historica,2,0.4652,0.4284,0.5035,568.0,1688.0,0.4577,0.4374,0.478,2291,1385,7021,4,,4,False
2005,1,historica,3,0.5025,0.4477,0.5566,384.0,1066.0,0.4797,0.4515,0.5095,1571,918,4356,4,,4,False
2005,1,historica,4,0.4252,0.4006,0.4484,768.0,2424.0,0.4457,0.4287,0.4612,3030,1803,9704,4,,4,False
2005,1,historica,5,0.4874,0.4536,0.5235,423.0,1389.0,0.4748,0.4553,0.4942,1708,961,5696,4,,4,False
2005,1,historica,6,0.418,0.3783,0.4552,360.0,1232.0,0.4497,0.4252,0.4735,1431,834,4931,4,,4,False
2005,1,historica,7,0.4933,0.4614,0.5193,390.0,1434.0,0.4743,0.4544,0.4942,1600,942,5803,4,,4,False
2005,1,historica,8,0.505,0.4711,0.5337,419.0,1597.0,0.4877,0.4691,0.5051,1693,981,6274,4,,4,False
2005,1,historica,9,0.4885,0.4406,0.5322,252.0,837.0,0.4786,0.4501,0.5053,1004,592,3457,4,,4,False
2005,1,historica,10,0.4379,0.416,0.462,659.0,2357.0,0.464,0.4468,0.4783,2718,1565,9701,4,,4,False
2005,1,historica,12,0.4407,0.4062,0.4686,380.0,1435.0,0.4967,0.4717,0.5195,1505,834,5863,4,,4,False
2005,1,historica,13,0.4683,0.4416,0.4926,804.0,2788.0,0.47,0.4546,0.4852,3299,1950,11314,4,,4,False
2005,1,historica,14,0.4493,0.4116,0.4856,265.0,952.0,0.4984,0.4716,0.5225,1064,616,3929,4,,4,False
2005,1,historica,15,0.4679,0.4204,0.5094,248.0,987.0,0.4838,0.4499,0.5205,1010,590,4174,4,,4,False
2005,1,historica,17,0.4923,0.4492,0.5324,241.0,818.0,0.4841,0.4583,0.5049,965,574,3296,4,,4,False
2005,1,historica,18,0.4901,0.4508,0.5237,366.0,1546.0,0.5027,0.4831,0.5237,1451,843,6015,4,,4,False
2005,1,historica,19,0.4644,0.4194,0.4995,358.0,1453.0,0.4752,0.4536,0.4959,1469,798,5742,4,,4,False
2005,1,historica,20,0.4004,0.3637,0.4334,225.0,774.0,0.4179,0.3922,0.4384,939,556,3147,4,,4,False
2005,1,historica,22,0.4727,0.4336,0.5044,255.0,1075.0,0.4981,0.4701,0.5222,990,565,4126,4,,4,False
2005,1,historica,23,0.5199,0.4888,0.5476,443.0,1706.0,0.537,0.5159,0.5563,1771,981,6813,4,,4,False
2005,1,historica,25,0.4608,0.4201,0.4935,258.0,1033.0,0.4564,0.4368,0.4776,1057,597,4371,4,,4,False
2005,1,historica,26,0.3982,0.3598,0.4316,249.0,942.0,0.4198,0.396,0.4443,1017,600,3721,4,,4,False
2005,1,historica,27,0.4839,0.4431,0.5188,406.0,1566.0,0.4804,0.4566,0.5004,1553,901,6073,4,,4,False
2005,1,historica,29,0.4844,0.4546,0.5097,653.0,2535.0,0.4913,0.4746,0.5091,2716,1549,10721,4,,4,False
2005,1,historica,30,0.4438,0.4026,0.476,238.0,670.0,0.4564,0.4262,0.4868,952,560,2800,4,,4,False
2005,1,historica,31,0.4432,0.4041,0.4763,232.0,800.0,0.4475,0.4214,0.4674,953,569,3395,4,,4,False
2005,1,historica,32,0.4474,0.4248,0.4659,889.0,2340.0,0.4637,0.4491,0.4832,3514,2161,9179,4,,4,False
2005,1,historica,33,0.4805,0.4562,0.5078,2054.0,7144.0,0.4704,0.4595,0.4827,8185,5079,28169,4,,4,False
2005,1,historica,34,0.4332,0.3969,0.4687,585.0,1700.0,0.4534,0.4347,0.4751,2351,1385,6922,4,,4,False
2005,1,historica,36,0.4129,0.3673,0.448,225.0,742.0,0.4648,0.4286,0.4907,902,551,2958,4,,4,False
2005,2,historica,2,0.4282,0.3993,0.4578,570.0,1695.0,0.4499,0.4314,0.4708,2287,1396,6929,4,,4,False
2005,2,historica,3,0.466,0.4207,0.5115,380.0,1068.0,0.4705,0.4437,0.5,1553,908,4335,4,,4,False
2005,2,historica,4,0.4369,0.4079,0.4643,671.0,2140.0,0.438,0.4232,0.4527,2926,1765,9335,4,,4,False
2005,2,historica,5,0.4792,0.4437,0.5107,375.0,1239.0,0.4766,0.4552,0.4968,1644,960,5464,4,,4,False
2005,2,historica,6,0.4351,0.3921,0.4707,350.0,1207.0,0.4321,0.4097,0.4578,1416,823,4926,4,,4,False
2005,2,historica,7,0.4897,0.4542,0.5193,391.0,1455.0,0.4804,0.4601,0.4983,1597,935,5779,4,,4,False
2005,2,historica,8,0.4837,0.4521,0.511,417.0,1546.0,0.4908,0.4737,0.5094,1686,984,6265,4,,4,False
2005,2,historica,9,0.4609,0.4145,0.5017,260.0,870.0,0.4602,0.4344,0.4862,1030,604,3490,4,,4,False
2005,2,historica,10,0.4277,0.4027,0.4489,687.0,2451.0,0.4486,0.4303,0.4659,2716,1580,9768,4,,4,False
2005,2,historica,12,0.4515,0.4169,0.4831,377.0,1434.0,0.4742,0.453,0.4941,1521,835,5898,4,,4,False
2005,2,historica,13,0.4561,0.432,0.4773,811.0,2864.0,0.4589,0.4463,0.4722,3258,1932,11233,4,,4,False
2005,2,historica,14,0.5191,0.4257,0.6214,264.0,1003.0,0.4959,0.4614,0.5324,1060,615,3923,4,,4,False
2005,2,historica,15,0.4165,0.3801,0.4442,253.0,992.0,0.4742,0.4372,0.5108,1009,585,4131,4,,4,False
2005,2,historica,17,0.4856,0.4443,0.5216,240.0,819.0,0.4855,0.455,0.5109,953,556,3268,4,,4,False
2005,2,historica,18,0.4587,0.4218,0.4866,371.0,1496.0,0.5,0.4781,0.5209,1452,837,5940,4,,4,False
2005,2,historica,19,0.4346,0.3965,0.4633,361.0,1440.0,0.4624,0.4412,0.4821,1482,814,5810,4,,4,False
2005,2,historica,20,0.3926,0.3589,0.4193,246.0,904.0,0.4146,0.3914,0.4393,942,562,3236,4,,4,False
2005,2,historica,22,0.4931,0.447,0.5302,250.0,1024.0,0.4933,0.4668,0.5159,998,563,4127,4,,4,False
2005,2,historica,23,0.544,0.4789,0.6105,446.0,1751.0,0.5421,0.5149,0.5718,1760,972,6768,4,,4,False
2005,2,historica,25,0.4517,0.4069,0.4905,273.0,1036.0,0.455,0.4356,0.4769,1067,597,4359,4,,4,False
2005,2,historica,26,0.4052,0.3651,0.4368,253.0,899.0,0.4151,0.3925,0.4366,1024,604,3739,4,,4,False
2005,2,historica,27,0.452,0.4174,0.4822,383.0,1494.0,0.473,0.4473,0.4937,1570,902,6104,4,,4,False
2005,2,historica,29,0.5024,0.4736,0.5223,677.0,2709.0,0.4876,0.47,0.502,2715,1558,10753,4,,4,False
2005,2,historica,30,0.4206,0.3781,0.4537,236.0,691.0,0.4443,0.4177,0.4716,958,571,2779,4,,4,False
2005,2,historica,31,0.4324,0.3684,0.4979,244.0,885.0,0.446,0.4172,0.4709,958,584,3427,4,,4,False
2005,2,historica,32,0.4503,0.4268,0.4723,882.0,2346.0,0.4561,0.44,0.4739,3474,2174,9128,4,,4,False
2005,2,historica,33,0.4555,0.4377,0.4715,2011.0,6881.0,0.464,0.4536,0.4758,8084,5031,27816,4,,4,False
2005,2,historica,34,0.4357,0.3914,0.484,595.0,1770.0,0.4465,0.4258,0.4666,2363,1394,6998,4,,4,False
2005,2,historica,36,0.4573,0.3964,0.5109,237.0,803.0,0.4494,0.4172,0.4804,908,571,2986,4,,4,False
2005,3,historica,2,0.4546,0.4195,0.493,575.0,1722.0,0.4508,0.4302,0.4712,2285,1374,6857,4,,4,False
2005,3,historica,3,0.4454,0.4099,0.4813,389.0,1107.0,0.4667,0.4405,0.4974,1539,904,4335,4,,4,False
2005,3,historica,4,0.4499,0.4257,0.4727,777.0,2492.0,0.4385,0.4245,0.4532,2969,1811,9450,4,,4,False
2005,3,historica,5,0.4868,0.4471,0.5217,426.0,1436.0,0.4818,0.4565,0.5036,1642,960,5458,4,,4,False
2005,3,historica,6,0.4658,0.4271,0.5024,342.0,1199.0,0.4314,0.41,0.454,1403,815,4868,4,,4,False
2005,3,historica,7,0.4581,0.4305,0.4869,377.0,1456.0,0.4779,0.4586,0.4956,1565,932,5778,4,,4,False
2005,3,historica,8,0.4957,0.4616,0.5281,426.0,1549.0,0.4937,0.4752,0.5109,1677,986,6262,4,,4,False
2005,3,historica,9,0.4481,0.4033,0.4892,246.0,856.0,0.4579,0.4303,0.4862,1010,587,3424,4,,4,False
2005,3,historica,10,0.4369,0.4137,0.4611,684.0,2378.0,0.4423,0.4267,0.4579,2700,1558,9612,4,,4,False
2005,3,historica,12,0.4723,0.4392,0.5079,368.0,1436.0,0.4601,0.4399,0.4787,1510,827,5822,4,,4,False
2005,3,historica,13,0.4727,0.4386,0.5073,821.0,2797.0,0.4629,0.4487,0.4757,3271,1940,11225,4,,4,False
2005,3,historica,14,0.5294,0.478,0.5649,267.0,1011.0,0.4957,0.4591,0.5257,1059,628,3924,4,,4,False
2005,3,historica,15,0.4217,0.3834,0.4604,255.0,1076.0,0.4626,0.4223,0.4986,1005,582,4104,4,,4,False
2005,3,historica,17,0.4703,0.4283,0.5075,239.0,794.0,0.4829,0.4587,0.5059,956,558,3241,4,,4,False
2005,3,historica,18,0.5109,0.4647,0.5574,368.0,1428.0,0.4951,0.471,0.5195,1463,838,5925,4,,4,False
2005,3,historica,19,0.4792,0.4374,0.5135,383.0,1516.0,0.4602,0.4389,0.4781,1473,820,5831,4,,4,False
2005,3,historica,20,0.3636,0.3225,0.3946,249.0,868.0,0.3991,0.3768,0.417,948,565,3308,4,,4,False
2005,3,historica,22,0.5165,0.4795,0.5548,251.0,1015.0,0.4854,0.4611,0.5078,1007,574,4144,4,,4,False
2005,3,historica,23,0.4795,0.448,0.5059,433.0,1683.0,0.5303,0.5024,0.5565,1763,968,6834,4,,4,False
2005,3,historica,25,0.4545,0.4048,0.498,249.0,1079.0,0.4525,0.4265,0.4754,1049,584,4323,4,,4,False
2005,3,historica,26,0.4081,0.3682,0.441,241.0,841.0,0.4089,0.3875,0.4295,1001,595,3633,4,,4,False
2005,3,historica,27,0.505,0.4494,0.5717,403.0,1568.0,0.4822,0.4555,0.5078,1605,929,6218,4,,4,False
2005,3,historica,29,0.5076,0.4808,0.532,711.0,2828.0,0.4919,0.4743,0.5068,2727,1595,10763,4,,4,False
2005,3,historica,30,0.4392,0.3969,0.4792,240.0,710.0,0.4428,0.4164,0.4653,955,566,2745,4,,4,False
2005,3,historica,31,0.3966,0.3611,0.4338,255.0,922.0,0.4355,0.4056,0.462,973,592,3468,4,,4,False
2005,3,historica,32,0.4844,0.4386,0.5434,897.0,2342.0,0.4617,0.4439,0.4836,3482,2134,9168,4,,4,False
2005,3,historica,33,0.4541,0.4383,0.4682,2107.0,7078.0,0.462,0.4506,0.4736,8099,5008,27813,4,,4,False
2005,3,historica,34,0.4299,0.3989,0.4594,599.0,1734.0,0.4405,0.4196,0.4638,2364,1395,6946,4,,4,False
2005,3,historica,36,0.5751,0.4499,0.6792,229.0,726.0,0.4819,0.4309,0.5375,912,560,2960,4,,4,False
2005,4,historica,2,0.4324,0.4005,0.4607,550.0,1653.0,0.4457,0.4255,0.4654,2263,1343,6758,4,,4,False
2005,4,historica,3,0.4603,0.4156,0.5073,392.0,1107.0,0.4701,0.4388,0.4981,1545,907,4348,4,,4,False
2005,4,historica,4,0.4496,0.4241,0.4729,758.0,2394.0,0.4415,0.4241,0.4556,2974,1823,9450,4,,4,False
2005,4,historica,5,0.4655,0.4299,0.5001,413.0,1362.0,0.4804,0.4589,0.5009,1637,959,5426,4,,4,False
2005,4,historica,6,0.431,0.3935,0.4614,341.0,1216.0,0.4382,0.4174,0.4586,1393,797,4854,4,,4,False
2005,4,historica,7,0.4773,0.4377,0.5088,399.0,1477.0,0.4803,0.4591,0.4991,1557,933,5822,4,,4,False
2005,4,historica,8,0.5207,0.4818,0.5643,420.0,1536.0,0.5018,0.4804,0.5211,1682,985,6228,4,,4,False
2005,4,historica,9,0.4184,0.3822,0.453,253.0,874.0,0.4552,0.4296,0.4845,1011,591,3437,4,,4,False
2005,4,historica,10,0.4507,0.4212,0.4768,671.0,2301.0,0.4391,0.4232,0.4561,2701,1554,9487,4,,4,False
2005,4,historica,12,0.4642,0.4249,0.497,379.0,1495.0,0.458,0.4346,0.4777,1504,824,5800,4,,4,False
2005,4,historica,13,0.4655,0.4403,0.4926,854.0,2831.0,0.4665,0.4496,0.482,3290,1939,11280,4,,4,False
2005,4,historica,14,0.4905,0.4386,0.5333,263.0,939.0,0.5,0.4629,0.5369,1059,619,3905,4,,4,False
2005,4,historica,15,0.4294,0.3831,0.47,254.0,1072.0,0.4354,0.4117,0.46,1010,583,4127,4,,4,False
2005,4,historica,17,0.4523,0.4097,0.4905,228.0,739.0,0.4776,0.4535,0.5049,948,552,3170,4,,4,False
2005,4,historica,18,0.441,0.4102,0.4691,355.0,1429.0,0.4768,0.453,0.4987,1460,829,5899,4,,4,False
2005,4,historica,19,0.4791,0.4122,0.5461,361.0,1494.0,0.4663,0.4368,0.4944,1463,811,5903,4,,4,False
2005,4,historica,20,0.3908,0.3578,0.4258,254.0,803.0,0.388,0.3663,0.4098,974,573,3349,4,,4,False
2005,4,historica,22,0.4855,0.4371,0.5245,256.0,1024.0,0.4931,0.4701,0.5195,1012,566,4138,4,,4,False
2005,4,historica,23,0.4506,0.4207,0.4776,429.0,1721.0,0.503,0.4767,0.533,1751,972,6861,4,,4,False
2005,4,historica,25,0.411,0.3721,0.4441,251.0,1124.0,0.4464,0.4182,0.4685,1031,583,4272,4,,4,False
2005,4,historica,26,0.4265,0.3785,0.4729,243.0,863.0,0.4119,0.3901,0.437,986,587,3545,4,,4,False
2005,4,historica,27,0.4522,0.4179,0.4812,409.0,1551.0,0.4744,0.4482,0.5014,1601,923,6179,4,,4,False
2005,4,historica,29,0.4655,0.4408,0.4912,692.0,2738.0,0.4912,0.4742,0.5086,2733,1579,10810,4,,4,False
2005,4,historica,30,0.4405,0.3916,0.4751,260.0,692.0,0.438,0.4096,0.4606,974,572,2763,4,,4,False
2005,4,historica,31,0.4423,0.388,0.4995,252.0,884.0,0.43,0.3984,0.4615,983,584,3491,4,,4,False
2005,4,historica,32,0.4365,0.4117,0.4632,852.0,2209.0,0.4556,0.4356,0.4784,3520,2161,9237,4,,4,False
2005,4,historica,33,0.4371,0.4207,0.453,2117.0,7304.0,0.4571,0.4458,0.4696,8289,5088,28407,4,,4,False
2005,4,historica,34,0.442,0.4079,0.4785,569.0,1625.0,0.4361,0.4148,0.4571,2348,1387,6829,4,,4,False
2005,4,historica,36,0.4221,0.3803,0.4523,229.0,709.0,0.4777,0.4239,0.53,920,555,2980,4,,4,False
2006,1,historica,2,0.4349,0.4064,0.4679,536.0,1635.0,0.4383,0.4194,0.461,2231,1336,6705,4,,4,False
2006,1,historica,3,0.4337,0.3958,0.4711,379.0,1060.0,0.4521,0.4295,0.4747,1540,907,4342,4,,4,False
2006,1,historica,4,0.4267,0.4,0.4505,792.0,2550.0,0.4417,0.423,0.4563,2998,1823,9576,4,,4,False
2006,1,historica,5,0.4648,0.4264,0.498,403.0,1305.0,0.4747,0.4516,0.493,1617,931,5342,4,,4,False
2006,1,historica,6,0.4581,0.4188,0.4938,358.0,1229.0,0.4484,0.4281,0.4665,1391,802,4851,4,,4,False
2006,1,historica,7,0.4724,0.4335,0.5022,396.0,1425.0,0.4751,0.4538,0.4957,1563,946,5813,4,,4,False
2006,1,historica,8,0.5333,0.5025,0.56,418.0,1541.0,0.5091,0.4891,0.5275,1681,985,6172,4,,4,False
2006,1,historica,9,0.4859,0.4432,0.5272,237.0,819.0,0.4544,0.4284,0.4783,996,583,3419,4,,4,False
2006,1,historica,10,0.4499,0.4214,0.4759,684.0,2325.0,0.4423,0.4275,0.4581,2726,1569,9455,4,,4,False
2006,1,historica,12,0.4811,0.4455,0.5093,385.0,1495.0,0.4681,0.4443,0.4883,1509,824,5860,4,,4,False
2006,1,historica,13,0.4989,0.4598,0.5427,849.0,2806.0,0.4744,0.454,0.4919,3335,1979,11298,4,,4,False
2006,1,historica,14,0.445,0.4059,0.4805,270.0,925.0,0.4977,0.464,0.5315,1064,622,3878,4,,4,False
2006,1,historica,15,0.4757,0.4258,0.5173,249.0,1052.0,0.4376,0.4127,0.4638,1011,572,4192,4,,4,False
2006,1,historica,17,0.4834,0.4271,0.5315,195.0,661.0,0.4749,0.4458,0.4992,902,537,3013,4,,4,False
2006,1,historica,18,0.4922,0.4491,0.5325,359.0,1432.0,0.4771,0.4545,0.4985,1453,820,5785,4,,4,False
2006,1,historica,19,0.4627,0.4298,0.4917,344.0,1369.0,0.466,0.4397,0.4929,1449,801,5819,4,,4,False
2006,1,historica,20,0.4183,0.3842,0.448,255.0,832.0,0.3936,0.373,0.416,1004,587,3407,4,,4,False
2006,1,historica,22,0.4994,0.4541,0.5365,258.0,1037.0,0.4994,0.4718,0.5218,1015,567,4100,4,,4,False
2006,1,historica,23,0.4828,0.4485,0.5179,440.0,1775.0,0.4926,0.4632,0.5227,1748,971,6930,4,,4,False
2006,1,historica,25,0.4488,0.4065,0.4838,272.0,1073.0,0.4438,0.4175,0.4686,1045,592,4312,4,,4,False
2006,1,historica,26,0.4204,0.3832,0.4563,236.0,877.0,0.4175,0.3946,0.4381,973,575,3480,4,,4,False
2006,1,historica,27,0.4303,0.3958,0.4607,383.0,1462.0,0.4612,0.4347,0.4849,1578,906,6075,4,,4,False
2006,1,historica,29,0.5107,0.4702,0.5523,667.0,2645.0,0.4977,0.479,0.5153,2747,1586,10920,4,,4,False
2006,1,historica,30,0.4517,0.4072,0.4878,252.0,666.0,0.4393,0.4148,0.4645,988,580,2759,4,,4,False
2006,1,historica,31,0.4254,0.3912,0.4582,220.0,763.0,0.4258,0.3952,0.4601,971,577,3454,4,,4,False
2006,1,historica,32,0.4593,0.436,0.4858,866.0,2226.0,0.4584,0.4395,0.4798,3497,2143,9123,4,,4,False
2006,1,historica,33,0.4558,0.4361,0.4773,2077.0,7228.0,0.4507,0.4392,0.4602,8312,5067,28491,4,,4,False
2006,1,historica,34,0.3971,0.3472,0.4421,309.0,933.0,0.4269,0.4055,0.4511,2072,1284,6062,4,,4,False
2006,1,historica,36,0.4326,0.3787,0.4826,226.0,732.0,0.4787,0.4305,0.5276,921,558,2970,4,,4,False
2006,2,historica,2,0.4361,0.4042,0.4695,560.0,1698.0,0.4402,0.4202,0.4615,2221,1349,6708,4,,4,False
2006,2,historica,3,0.4352,0.3976,0.4665,391.0,1087.0,0.4443,0.423,0.4687,1551,910,4361,4,,4,False
2006,2,historica,4,0.4161,0.3978,0.4361,808.0,2574.0,0.4363,0.4217,0.4496,3135,1888,10010,4,,4,False
2006,2,historica,5,0.4599,0.4228,0.4876,421.0,1363.0,0.4698,0.4475,0.4899,1663,949,5466,4,,4,False
2006,2,historica,6,0.4217,0.3887,0.4521,355.0,1237.0,0.4453,0.4227,0.4659,1396,808,4881,4,,4,False
2006,2,historica,7,0.4789,0.4393,0.521,422.0,1524.0,0.4724,0.4514,0.4909,1594,959,5882,4,,4,False
2006,2,historica,8,0.515,0.4843,0.5437,436.0,1598.0,0.5168,0.4972,0.5377,1700,990,6224,4,,4,False
2006,2,historica,9,0.4432,0.3882,0.4898,249.0,822.0,0.4501,0.4245,0.4745,985,579,3371,4,,4,False
2006,2,historica,10,0.4428,0.4148,0.4662,700.0,2398.0,0.4461,0.4282,0.4605,2739,1576,9402,4,,4,False
2006,2,historica,12,0.4559,0.4057,0.5048,379.0,1509.0,0.4692,0.447,0.4922,1511,814,5935,4,,4,False
2006,2,historica,13,0.4657,0.4354,0.4984,822.0,2802.0,0.4765,0.4553,0.4983,3346,1985,11236,4,,4,False
2006,2,historica,14,0.4447,0.4016,0.4809,271.0,939.0,0.4791,0.4515,0.505,1071,617,3814,4,,4,False
2006,2,historica,15,0.4169,0.3711,0.4545,252.0,1031.0,0.4374,0.4091,0.4631,1010,579,4231,4,,4,False
2006,2,historica,17,0.5269,0.4481,0.6053,208.0,716.0,0.4867,0.4571,0.5169,870,523,2910,4,,4,False
2006,2,historica,18,0.4998,0.4647,0.5307,365.0,1400.0,0.4872,0.4642,0.5111,1447,818,5689,4,,4,False
2006,2,historica,19,0.4923,0.4436,0.5343,366.0,1394.0,0.4793,0.4527,0.5033,1454,805,5773,4,,4,False
2006,2,historica,20,0.3997,0.3648,0.4318,260.0,857.0,0.3962,0.3718,0.4171,1018,585,3360,4,,4,False
2006,2,historica,22,0.4674,0.4319,0.4996,262.0,1073.0,0.4934,0.4674,0.516,1027,575,4149,4,,4,False
2006,2,historica,23,0.4995,0.4697,0.5261,426.0,1701.0,0.4789,0.459,0.495,1728,968,6880,4,,4,False
2006,2,historica,25,0.4313,0.3943,0.4615,276.0,1064.0,0.4391,0.4138,0.4646,1048,591,4340,4,,4,False
2006,2,historica,26,0.4028,0.3678,0.4385,243.0,880.0,0.4173,0.3904,0.4384,963,561,3461,4,,4,False
2006,2,historica,27,0.4734,0.4267,0.5121,387.0,1470.0,0.4666,0.4426,0.4885,1582,908,6051,4,,4,False
2006,2,historica,29,0.4524,0.4267,0.476,729.0,2768.0,0.4852,0.4656,0.5065,2799,1614,10979,4,,4,False
2006,2,historica,30,0.4385,0.3978,0.4774,253.0,704.0,0.4436,0.4186,0.4652,1005,586,2772,4,,4,False
2006,2,historica,31,0.4312,0.3693,0.5043,234.0,824.0,0.4256,0.3957,0.4565,961,580,3393,4,,4,False
2006,2,historica,32,0.426,0.4011,0.448,936.0,2423.0,0.4531,0.4341,0.4734,3551,2184,9200,4,,4,False
2006,2,historica,33,0.4438,0.4289,0.4594,2133.0,7323.0,0.4479,0.4365,0.4578,8434,5133,28933,4,,4,False
2006,2,historica,34,0.4077,0.3789,0.4338,573.0,1710.0,0.4204,0.4017,0.4389,2050,1344,6002,4,,4,False
2006,2,historica,36,0.4443,0.3935,0.486,245.0,791.0,0.4752,0.4288,0.5267,929,571,2958,4,,4,False
2006,3,historica,2,0.4042,0.3727,0.4401,510.0,1509.0,0.4277,0.4058,0.4474,2156,1339,6495,4,,4,False
2006,3,historica,3,0.4534,0.4207,0.485,516.0,1448.0,0.4463,0.4241,0.4699,1678,1035,4702,4,,4,False
2006,3,historica,4,0.4402,0.4165,0.4638,781.0,2520.0,0.434,0.4203,0.4464,3139,1879,10038,4,,4,False
2006,3,historica,5,0.4436,0.419,0.4708,557.0,1886.0,0.4589,0.4392,0.4772,1794,1086,5916,4,,4,False
2006,3,historica,6,0.4262,0.3998,0.4538,509.0,1753.0,0.4352,0.4173,0.4557,1563,968,5435,4,,4,False
2006,3,historica,7,0.4821,0.4502,0.5186,501.0,1816.0,0.4784,0.4574,0.499,1718,1063,6242,4,,4,False
2006,3,historica,8,0.5266,0.5001,0.5521,538.0,1974.0,0.5252,0.5052,0.5417,1812,1096,6649,4,,4,False
2006,3,historica,9,0.4519,0.4205,0.4803,472.0,1539.0,0.4537,0.4266,0.4773,1211,800,4054,4,,4,False
2006,3,historica,10,0.4276,0.404,0.4521,695.0,2357.0,0.4431,0.4264,0.4591,2750,1577,9381,4,,4,False
2006,3,historica,12,0.5176,0.4798,0.5478,533.0,2089.0,0.4822,0.4604,0.503,1676,978,6588,4,,4,False
2006,3,historica,13,0.4505,0.4258,0.4741,823.0,2778.0,0.4709,0.4536,0.4912,3348,1971,11217,4,,4,False
2006,3,historica,14,0.4793,0.4451,0.5114,527.0,1865.0,0.4659,0.4426,0.4902,1331,878,4668,4,,4,False
2006,3,historica,15,0.4511,0.4191,0.4789,501.0,2014.0,0.4443,0.4214,0.4691,1256,823,5169,4,,4,False
2006,3,historica,17,0.4646,0.4223,0.5053,330.0,1120.0,0.4853,0.4535,0.5167,961,662,3236,4,,4,False
2006,3,historica,18,0.475,0.4457,0.5034,517.0,2055.0,0.4782,0.456,0.5,1596,970,6316,4,,4,False
2006,3,historica,19,0.4586,0.4253,0.4891,505.0,2043.0,0.474,0.4454,0.5002,1576,942,6300,4,,4,False
2006,3,historica,20,0.4024,0.3775,0.4293,485.0,1575.0,0.4044,0.3851,0.4247,1254,821,4067,4,,4,False
2006,3,historica,22,0.4942,0.4702,0.519,525.0,2072.0,0.4878,0.4668,0.5072,1301,841,5206,4,,4,False
2006,3,historica,23,0.4896,0.4636,0.5172,563.0,2270.0,0.4814,0.463,0.4964,1858,1104,7467,4,,4,False
2006,3,historica,25,0.4587,0.432,0.4824,504.0,2085.0,0.4401,0.4221,0.4586,1303,839,5346,4,,4,False
2006,3,historica,26,0.3899,0.3652,0.4107,482.0,1726.0,0.4116,0.387,0.4314,1204,797,4346,4,,4,False
2006,3,historica,27,0.4779,0.4451,0.5112,512.0,1960.0,0.4593,0.4388,0.4801,1691,1017,6443,4,,4,False
2006,3,historica,29,0.4819,0.4494,0.5137,722.0,2770.0,0.479,0.4593,0.4985,2810,1624,10921,4,,4,False
2006,3,historica,30,0.4482,0.4198,0.4756,495.0,1426.0,0.4454,0.4225,0.4656,1260,839,3488,4,,4,False
2006,3,historica,31,0.4212,0.39,0.4509,478.0,1701.0,0.4308,0.4022,0.4571,1184,821,4172,4,,4,False
2006,3,historica,32,0.4339,0.4127,0.4582,923.0,2399.0,0.4395,0.4266,0.4534,3577,2195,9257,4,,4,False
2006,3,historica,33,0.4505,0.4364,0.4642,2139.0,7125.0,0.447,0.4366,0.458,8466,5121,28980,4,,4,False
2006,3,historica,34,0.4491,0.4074,0.4856,567.0,1687.0,0.4255,0.4025,0.4436,2018,1335,5955,4,,4,False
2006,3,historica,36,0.4626,0.4116,0.5156,512.0,1564.0,0.4431,0.4167,0.4711,1212,836,3796,4,,4,False
2006,3,historica,38,0.4184,0.3877,0.4454,508.0,1729.0,0.4184,0.3877,0.4454,508,507,1729,4,,1,False
2006,3,historica,91,0.4558,0.4127,0.4874,320.0,1093.0,,,,320,0,1093,4,menos de 400 hogares en la ventana,1,False
2006,3,historica,93,0.4935,0.4524,0.524,316.0,1078.0,,,,316,0,1078,4,menos de 400 hogares en la ventana,1,False
2006,4,historica,2,0.4088,0.381,0.4359,544.0,1643.0,0.4215,0.4051,0.4384,2150,1338,6485,4,,4,False
2006,4,historica,3,0.414,0.3786,0.4544,512.0,1442.0,0.4348,0.4167,0.4532,1798,1095,5037,4,,4,False
2006,4,historica,4,0.4471,0.4238,0.4703,759.0,2406.0,0.4333,0.4205,0.448,3140,1877,10050,4,,4,False
2006,4,historica,5,0.4037,0.3801,0.4285,557.0,1859.0,0.444,0.4263,0.4597,1938,1157,6413,4,,4,False
2006,4,historica,6,0.4347,0.4011,0.4626,509.0,1753.0,0.4364,0.4176,0.454,1731,1060,5972,4,,4,False
2006,4,historica,7,0.4648,0.4317,0.4966,480.0,1772.0,0.4754,0.4555,0.4958,1799,1095,6537,4,,4,False
2006,4,historica,8,0.502,0.4722,0.5323,524.0,1919.0,0.5208,0.5024,0.5366,1916,1135,7032,4,,4,False
2006,4,historica,9,0.4673,0.4235,0.5087,459.0,1527.0,0.4658,0.4397,0.4871,1417,909,4707,4,,4,False
2006,4,historica,10,0.4293,0.4027,0.4555,684.0,2263.0,0.4377,0.4222,0.4541,2763,1577,9343,4,,4,False
2006,4,historica,12,0.4873,0.461,0.5141,516.0,2006.0,0.4883,0.4667,0.5078,1813,1036,7099,4,,4,False
2006,4,historica,13,0.4353,0.3973,0.4881,804.0,2660.0,0.4641,0.444,0.4871,3298,1955,11046,4,,4,False
2006,4,historica,14,0.4504,0.4165,0.4811,532.0,1831.0,0.4556,0.4317,0.4741,1600,1022,5560,4,,4,False
2006,4,historica,15,0.4489,0.4175,0.481,489.0,1989.0,0.449,0.426,0.4698,1491,946,6086,4,,4,False
2006,4,historica,17,0.4434,0.4006,0.4811,240.0,803.0,0.4813,0.446,0.5111,973,702,3300,4,,4,False
2006,4,historica,18,0.4644,0.4327,0.488,513.0,2129.0,0.484,0.4653,0.5039,1754,1041,7016,4,,4,False
2006,4,historica,19,0.4701,0.437,0.5019,493.0,1968.0,0.4716,0.4472,0.4937,1708,1013,6774,4,,4,False
2006,4,historica,20,0.4046,0.3795,0.4298,495.0,1628.0,0.407,0.3879,0.4245,1495,942,4892,4,,4,False
2006,4,historica,22,0.4531,0.4281,0.4779,514.0,2088.0,0.4804,0.4618,0.4984,1559,961,6270,4,,4,False
2006,4,historica,23,0.4632,0.4326,0.4922,574.0,2309.0,0.4846,0.4677,0.5044,2003,1170,8055,4,,4,False
2006,4,historica,25,0.4433,0.4141,0.4669,534.0,2142.0,0.447,0.4251,0.4668,1586,990,6364,4,,4,False
2006,4,historica,26,0.3965,0.3702,0.4214,470.0,1655.0,0.4031,0.3839,0.4208,1431,919,5138,4,,4,False
2006,4,historica,27,0.5158,0.4161,0.6252,499.0,1935.0,0.4759,0.4432,0.519,1781,1062,6827,4,,4,False
2006,4,historica,29,0.676,0.4504,0.8158,695.0,2647.0,0.5532,0.4623,0.6707,2813,1624,10830,4,,4,False
2006,4,historica,30,0.4384,0.4084,0.4744,472.0,1367.0,0.4447,0.4224,0.4649,1472,945,4163,4,,4,False
2006,4,historica,31,0.4259,0.3891,0.4632,432.0,1525.0,0.4266,0.3972,0.4558,1364,920,4813,4,,4,False
2006,4,historica,32,0.4365,0.4144,0.4576,898.0,2376.0,0.4396,0.4257,0.4542,3623,2202,9424,4,,4,False
2006,4,historica,33,0.4598,0.4358,0.4844,1990.0,6807.0,0.4527,0.442,0.4654,8339,5034,28483,4,,4,False
2006,4,historica,34,0.4353,0.3998,0.4681,538.0,1590.0,0.4236,0.4029,0.446,1987,1246,5920,4,,4,False
2006,4,historica,36,0.4127,0.3803,0.4411,507.0,1564.0,0.4402,0.4123,0.4694,1490,966,4651,4,,4,False
2006,4,historica,38,0.4378,0.392,0.4975,509.0,1632.0,0.4284,0.4008,0.4649,1017,774,3361,4,,2,False
2006,4,historica,91,0.4744,0.4293,0.5303,490.0,1688.0,0.4657,0.4332,0.502,810,662,2781,4,,2,False
2006,4,historica,93,0.4497,0.4207,0.4748,423.0,1461.0,0.4727,0.4484,0.4982,739,600,2539,4,,2,False
2007,1,historica,2,0.4616,0.4202,0.5015,541.0,1657.0,0.4287,0.4093,0.4468,2155,1322,6507,4,,4,True
2007,1,historica,3,0.4212,0.3858,0.4556,426.0,1226.0,0.4316,0.4114,0.4506,1845,1135,5203,4,,4,True
2007,1,historica,4,0.4276,0.4028,0.4532,762.0,2450.0,0.4332,0.4191,0.4478,3110,1854,9950,4,,4,True
2007,1,historica,5,0.4328,0.4061,0.4604,518.0,1668.0,0.4357,0.4167,0.452,2053,1219,6776,4,,4,True
2007,1,historica,6,0.4189,0.392,0.4472,481.0,1618.0,0.4261,0.4088,0.444,1854,1124,6361,4,,4,True
2007,1,historica,7,0.5139,0.4586,0.5648,492.0,1781.0,0.486,0.4634,0.5101,1895,1138,6893,4,,4,True
2007,1,historica,8,0.5208,0.4824,0.5503,544.0,1968.0,0.5179,0.4997,0.5362,2042,1215,7459,4,,4,True
2007,1,historica,9,0.4167,0.3782,0.4542,444.0,1510.0,0.448,0.4244,0.4699,1624,1031,5398,4,,4,True
2007,1,historica,10,0.4363,0.4101,0.4584,669.0,2192.0,0.4343,0.4183,0.4505,2748,1566,9210,4,,4,True
2007,1,historica,12,0.4819,0.4466,0.5151,498.0,1899.0,0.4882,0.4665,0.5094,1926,1108,7503,4,,4,True
2007,1,historica,13,0.4627,0.425,0.5011,799.0,2530.0,0.4547,0.435,0.4727,3248,1905,10770,4,,4,True
2007,1,historica,14,0.4745,0.4318,0.5237,520.0,1835.0,0.4629,0.443,0.4831,1850,1167,6470,4,,4,True
2007,1,historica,15,0.4569,0.4261,0.4916,494.0,2020.0,0.444,0.4239,0.4639,1736,1076,7054,4,,4,True
2007,1,historica,17,0.4728,0.4322,0.509,304.0,1110.0,0.4785,0.4481,0.5111,1082,808,3749,4,,4,True
2007,1,historica,18,0.4752,0.4454,0.5049,490.0,2084.0,0.4793,0.4622,0.4974,1885,1128,7668,4,,4,True
2007,1,historica,19,0.4865,0.4483,0.5248,489.0,1893.0,0.4774,0.4555,0.5014,1853,1069,7298,4,,4,True
2007,1,historica,20,0.4163,0.3906,0.4458,500.0,1654.0,0.4064,0.3903,0.4204,1740,1081,5714,4,,4,True
2007,1,historica,22,0.4875,0.4563,0.5153,507.0,2078.0,0.4773,0.4584,0.4945,1808,1089,7311,4,,4,True
2007,1,historica,23,0.4679,0.438,0.4959,574.0,2324.0,0.481,0.4646,0.4969,2137,1240,8604,4,,4,True
2007,1,historica,25,0.4414,0.4147,0.4682,555.0,2169.0,0.4454,0.4275,0.4628,1869,1139,7460,4,,4,True
2007,1,historica,26,0.4388,0.4071,0.4652,469.0,1756.0,0.4081,0.3899,0.4252,1664,1053,6017,4,,4,True
2007,1,historica,27,0.4538,0.4222,0.4837,479.0,1871.0,0.4815,0.4453,0.5181,1877,1113,7236,4,,4,True
2007,1,historica,29,0.5283,0.4808,0.5951,701.0,2767.0,0.5556,0.464,0.6604,2847,1639,10952,4,,4,True
2007,1,historica,30,0.436,0.4044,0.4707,459.0,1317.0,0.4407,0.4205,0.4604,1679,1047,4814,4,,4,True
2007,1,historica,31,0.443,0.4098,0.4825,388.0,1379.0,0.4309,0.4047,0.4577,1532,1018,5429,4,,4,True
2007,1,historica,32,0.4491,0.4233,0.474,874.0,2276.0,0.4367,0.4225,0.4511,3631,2214,9474,4,,4,True
2007,1,historica,33,0.4323,0.4169,0.4469,1988.0,6790.0,0.4469,0.4362,0.4576,8250,5005,28045,4,,4,True
2007,1,historica,34,0.4195,0.3894,0.4407,511.0,1594.0,0.4289,0.4104,0.448,2189,1320,6581,4,,4,True
2007,1,historica,36,0.4187,0.3899,0.4497,494.0,1604.0,0.4365,0.4142,0.4637,1758,1112,5523,4,,4,True
2007,1,historica,38,0.44,0.402,0.4735,490.0,1501.0,0.4326,0.4091,0.462,1507,1029,4862,4,,3,True
2007,1,historica,91,0.4464,0.4135,0.4745,478.0,1521.0,0.4594,0.4333,0.4865,1288,930,4302,4,,3,True
2007,1,historica,93,0.4704,0.4399,0.4928,422.0,1396.0,0.472,0.4515,0.4915,1161,836,3935,4,,3,True
2007,2,historica,2,0.4167,0.3843,0.4453,436.0,1293.0,0.4239,0.4026,0.4418,2031,1293,6102,4,,4,True
2007,2,historica,3,0.4494,0.4132,0.4812,506.0,1427.0,0.4352,0.4129,0.4554,1960,1193,5543,4,,4,True
2007,2,historica,4,0.4049,0.3814,0.426,782.0,2467.0,0.4304,0.4171,0.4451,3084,1842,9843,4,,4,True
2007,2,historica,5,0.4476,0.421,0.4708,525.0,1685.0,0.433,0.4175,0.4486,2157,1254,7098,4,,4,True
2007,2,historica,6,0.4277,0.3919,0.4666,492.0,1649.0,0.4276,0.4092,0.4499,1991,1161,6773,4,,4,True
2007,2,historica,7,0.4678,0.4346,0.5002,511.0,1741.0,0.4832,0.4627,0.504,1984,1173,7110,4,,4,True
2007,2,historica,8,0.4821,0.4503,0.5147,546.0,2003.0,0.5106,0.4918,0.5281,2152,1248,7864,4,,4,True
2007,2,historica,9,0.4051,0.3782,0.4298,458.0,1518.0,0.4373,0.4145,0.4569,1833,1097,6094,4,,4,True
2007,2,historica,10,0.4261,0.3983,0.453,672.0,2205.0,0.4301,0.4138,0.4437,2720,1556,9017,4,,4,True
2007,2,historica,12,0.4628,0.4344,0.4916,511.0,1854.0,0.4885,0.4677,0.5046,2058,1157,7848,4,,4,True
2007,2,historica,13,0.4367,0.4069,0.4681,825.0,2684.0,0.4473,0.429,0.4662,3251,1919,10652,4,,4,True
2007,2,historica,14,0.4575,0.424,0.4864,511.0,1851.0,0.4658,0.4444,0.4859,2090,1220,7382,4,,4,True
2007,2,historica,15,0.4359,0.4091,0.4622,506.0,2047.0,0.4488,0.4307,0.4675,1990,1148,8070,4,,4,True
2007,2,historica,17,0.4358,0.4032,0.4637,407.0,1423.0,0.455,0.4351,0.4758,1281,905,4456,4,,4,True
2007,2,historica,18,0.443,0.4162,0.4638,518.0,2163.0,0.4651,0.4498,0.4829,2038,1172,8431,4,,4,True
2007,2,historica,19,0.4632,0.4267,0.494,479.0,1829.0,0.4699,0.4491,0.4901,1966,1106,7733,4,,4,True
2007,2,historica,20,0.3811,0.3545,0.4059,504.0,1660.0,0.4016,0.3841,0.4178,1984,1158,6517,4,,4,True
2007,2,historica,22,0.4569,0.4282,0.4817,501.0,2013.0,0.4745,0.4582,0.4898,2047,1157,8251,4,,4,True
2007,2,historica,23,0.4656,0.4417,0.4869,560.0,2269.0,0.4724,0.4567,0.4896,2271,1283,9172,4,,4,True
2007,2,historica,25,0.4433,0.4158,0.4699,523.0,2079.0,0.4473,0.4296,0.4628,2116,1191,8475,4,,4,True
2007,2,historica,26,0.4085,0.3809,0.4348,483.0,1748.0,0.4091,0.3926,0.4264,1904,1133,6885,4,,4,True
2007,2,historica,27,0.4393,0.4122,0.4678,499.0,1877.0,0.4732,0.438,0.5128,1989,1155,7643,4,,4,True
2007,2,historica,29,0.4935,0.4416,0.5651,666.0,2597.0,0.5604,0.4728,0.6708,2784,1597,10781,4,,4,True
2007,2,historica,30,0.4465,0.4108,0.4736,466.0,1336.0,0.4427,0.4203,0.4622,1892,1123,5446,4,,4,True
2007,2,historica,31,0.3974,0.3624,0.4322,426.0,1486.0,0.4225,0.4026,0.4428,1724,1094,6091,4,,4,True
2007,2,historica,32,0.4285,0.4033,0.4577,854.0,2097.0,0.4373,0.4217,0.4509,3549,2149,9148,4,,4,True
2007,2,historica,33,0.4264,0.4117,0.4409,1898.0,6401.0,0.4426,0.4333,0.4525,8015,4906,27123,4,,4,True
2007,2,historica,34,0.4056,0.3751,0.4312,539.0,1628.0,0.4286,0.4065,0.4473,2155,1313,6499,4,,4,True
2007,2,historica,36,0.4238,0.3873,0.4519,498.0,1553.0,0.4318,0.4092,0.4557,2011,1178,6285,4,,4,True
2007,2,historica,38,0.4703,0.4291,0.5117,493.0,1589.0,0.4424,0.4192,0.4635,2000,1181,6451,4,,4,True
2007,2,historica,91,0.4251,0.3942,0.4529,492.0,1589.0,0.4509,0.4295,0.4739,1780,1121,5891,4,,4,True
2007,2,historica,93,0.4885,0.4574,0.5175,439.0,1474.0,0.4768,0.4579,0.4943,1600,1028,5409,4,,4,True
2007,4,historica,2,0.4014,0.3751,0.4222,468.0,1401.0,0.4274,0.406,0.449,1445,1145,4351,3,,3,True
2007,4,historica,3,0.4307,0.3827,0.4777,240.0,657.0,0.4347,0.4089,0.4572,1172,928,3310,3,,3,True
2007,4,historica,4,0.4256,0.4022,0.4483,708.0,2252.0,0.4198,0.4049,0.4347,2252,1718,7169,3,,3,True
2007,4,historica,5,0.4114,0.3831,0.4409,540.0,1730.0,0.4316,0.4131,0.449,1583,1208,5083,3,,3,True
2007,4,historica,6,0.3856,0.3627,0.4089,500.0,1680.0,0.4111,0.3882,0.431,1473,1134,4947,3,,3,True
2007,4,historica,7,0.4711,0.4415,0.5007,470.0,1702.0,0.4857,0.463,0.5083,1473,1122,5224,3,,3,True
2007,4,historica,8,0.4964,0.4599,0.5323,528.0,1922.0,0.5002,0.4784,0.525,1618,1219,5893,3,,3,True
2007,4,historica,9,0.4025,0.3698,0.4317,443.0,1474.0,0.4091,0.391,0.4268,1345,1035,4502,3,,3,True
2007,4,historica,10,0.4174,0.3874,0.4458,672.0,2221.0,0.4269,0.4114,0.4441,2013,1510,6618,3,,3,True
2007,4,historica,12,0.5036,0.4624,0.5423,517.0,1971.0,0.4835,0.4612,0.5078,1526,1129,5724,3,,3,True
2007,4,historica,13,0.4107,0.3875,0.431,759.0,2510.0,0.4379,0.4209,0.4548,2383,1815,7724,3,,3,True
2007,4,historica,14,0.4377,0.4027,0.4674,517.0,1808.0,0.457,0.4326,0.4779,1548,1175,5494,3,,3,True
2007,4,historica,15,0.419,0.3911,0.4459,470.0,1843.0,0.4387,0.4203,0.4575,1470,1103,5910,3,,3,True
2007,4,historica,17,0.4276,0.3974,0.4564,405.0,1397.0,0.4458,0.4267,0.4655,1116,916,3930,3,,3,True
2007,4,historica,18,0.4405,0.4118,0.4672,504.0,2120.0,0.4535,0.436,0.4725,1512,1132,6367,3,,3,True
2007,4,historica,19,0.4227,0.3914,0.4502,521.0,2047.0,0.4584,0.4373,0.4826,1489,1083,5769,3,,3,True
2007,4,historica,20,0.4129,0.3811,0.4448,480.0,1633.0,0.4041,0.3861,0.4226,1484,1137,4947,3,,3,True
2007,4,historica,22,0.4291,0.4,0.4555,487.0,1980.0,0.4602,0.4424,0.4784,1495,1104,6071,3,,3,True
2007,4,historica,23,0.4686,0.4366,0.4942,551.0,2284.0,0.4677,0.4508,0.486,1685,1242,6877,3,,3,True
2007,4,historica,25,0.4308,0.4048,0.4531,514.0,2061.0,0.4387,0.4225,0.4554,1592,1146,6309,3,,3,True
2007,4,historica,26,0.4092,0.3826,0.434,478.0,1679.0,0.4192,0.4002,0.4377,1430,1104,5183,3,,3,True
2007,4,historica,27,0.4287,0.3992,0.4549,481.0,1801.0,0.4415,0.4196,0.4598,1459,1105,5549,3,,3,True
2007,4,historica,29,0.5135,0.4549,0.5865,680.0,2565.0,0.5124,0.4774,0.5526,2047,1518,7929,3,,3,True
2007,4,historica,30,0.399,0.3746,0.4214,483.0,1410.0,0.4278,0.4072,0.4479,1408,1075,4063,3,,3,True
2007,4,historica,31,0.3948,0.3586,0.4376,431.0,1482.0,0.4121,0.3884,0.4327,1245,994,4347,3,,3,True
2007,4,historica,32,0.4584,0.4163,0.499,791.0,2014.0,0.4457,0.4257,0.4671,2519,1942,6387,3,,3,True
2007,4,historica,33,0.4462,0.417,0.4841,1862.0,6501.0,0.4353,0.423,0.452,5748,4453,19692,3,,3,True
2007,4,historica,34,0.3934,0.3603,0.4215,515.0,1594.0,0.4068,0.3895,0.4221,1565,1227,4816,3,,3,True
2007,4,historica,36,0.4233,0.3789,0.4604,489.0,1504.0,0.4222,0.3982,0.4446,1481,1141,4661,3,,3,True
2007,4,historica,38,0.4358,0.4063,0.4694,472.0,1522.0,0.4494,0.4249,0.4701,1455,1109,4612,3,,3,True
2007,4,historica,91,0.4254,0.4001,0.45,497.0,1607.0,0.4327,0.4133,0.4514,1467,1126,4717,3,,3,True
2007,4,historica,93,0.4781,0.4443,0.507,418.0,1388.0,0.48,0.4623,0.497,1279,1003,4258,3,,3,True
2008,1,historica,2,0.4627,0.4109,0.5176,394.0,1209.0,0.4284,0.4054,0.4569,1298,1062,3903,3,,3,True
2008,1,historica,3,0.401,0.3665,0.4399,455.0,1262.0,0.4282,0.402,0.4554,1201,987,3346,3,,3,True
2008,1,historica,4,0.4166,0.3953,0.4363,759.0,2421.0,0.4161,0.4018,0.4296,2249,1733,7140,3,,3,True
2008,1,historica,5,0.4285,0.4011,0.4524,549.0,1769.0,0.4298,0.4106,0.4454,1614,1223,5184,3,,3,True
2008,1,historica,6,0.3963,0.3675,0.4201,492.0,1616.0,0.4037,0.3843,0.4259,1484,1118,4945,3,,3,True
2008,1,historica,7,0.495,0.4554,0.5377,468.0,1650.0,0.4796,0.4605,0.4997,1449,1116,5093,3,,3,True
2008,1,historica,8,0.5431,0.4828,0.614,539.0,1834.0,0.5122,0.4806,0.552,1613,1209,5759,3,,3,True
2008,1,historica,9,0.3993,0.3694,0.4259,447.0,1485.0,0.4027,0.3859,0.4208,1348,1040,4477,3,,3,True
2008,1,historica,10,0.417,0.3835,0.4418,680.0,2212.0,0.4204,0.4002,0.4423,2024,1522,6638,3,,3,True
2008,1,historica,12,0.4904,0.4546,0.5304,507.0,1855.0,0.4864,0.4629,0.5096,1535,1147,5680,3,,3,True
2008,1,historica,13,0.4355,0.4115,0.459,763.0,2481.0,0.4283,0.4121,0.4433,2347,1803,7675,3,,3,True
2008,1,historica,14,0.4476,0.4183,0.4705,525.0,1890.0,0.4479,0.4278,0.4675,1553,1166,5549,3,,3,True
2008,1,historica,15,0.399,0.3744,0.4241,478.0,1880.0,0.4196,0.403,0.4357,1454,1087,5770,3,,3,True
2008,1,historica,17,0.4311,0.3976,0.4619,426.0,1438.0,0.4319,0.4113,0.4498,1238,965,4258,3,,3,True
2008,1,historica,18,0.4408,0.4156,0.4622,499.0,2025.0,0.4419,0.4257,0.4591,1521,1126,6308,3,,3,True
2008,1,historica,19,0.4647,0.4314,0.4938,501.0,1919.0,0.4509,0.4288,0.4726,1501,1108,5795,3,,3,True
2008,1,historica,20,0.4446,0.3973,0.4887,459.0,1502.0,0.4154,0.3881,0.4413,1443,1109,4795,3,,3,True
2008,1,historica,22,0.4629,0.4343,0.4924,489.0,1995.0,0.4524,0.4315,0.4698,1477,1105,5988,3,,3,True
2008,1,historica,23,0.4736,0.4469,0.4982,562.0,2292.0,0.4695,0.4528,0.4841,1673,1239,6845,3,,3,True
2008,1,historica,25,0.4058,0.3778,0.4301,521.0,2070.0,0.4269,0.4097,0.4447,1558,1152,6210,3,,3,True
2008,1,historica,26,0.436,0.41,0.4607,485.0,1713.0,0.4184,0.4002,0.435,1446,1107,5140,3,,3,True
2008,1,historica,27,0.4337,0.4052,0.463,513.0,1884.0,0.4351,0.4153,0.4534,1493,1134,5562,3,,3,True
2008,1,historica,29,0.459,0.4325,0.4832,661.0,2627.0,0.4913,0.4584,0.5329,2007,1505,7789,3,,3,True
2008,1,historica,30,0.4941,0.4261,0.5672,500.0,1423.0,0.4494,0.4181,0.4815,1449,1109,4169,3,,3,True
2008,1,historica,31,0.4353,0.394,0.4818,386.0,1384.0,0.41,0.3826,0.4409,1243,997,4352,3,,3,True
2008,1,historica,32,0.4441,0.408,0.4881,806.0,2094.0,0.444,0.4227,0.4663,2451,1928,6205,3,,3,True
2008,1,historica,33,0.4258,0.4114,0.4381,1965.0,6871.0,0.4332,0.4202,0.4489,5725,4479,19773,3,,3,True
2008,1,historica,34,0.4209,0.3793,0.4684,485.0,1507.0,0.4085,0.3852,0.4289,1539,1210,4729,3,,3,True
2008,1,historica,36,0.4218,0.3861,0.4517,478.0,1554.0,0.4233,0.3993,0.4464,1465,1131,4611,3,,3,True
2008,1,historica,38,0.4557,0.3853,0.527,467.0,1460.0,0.4546,0.4225,0.4895,1432,1097,4571,3,,3,True
2008,1,historica,91,0.4114,0.3879,0.4372,464.0,1458.0,0.4217,0.4033,0.4391,1453,1114,4654,3,,3,True
2008,1,historica,93,0.4816,0.4495,0.5077,400.0,1287.0,0.4836,0.4653,0.5021,1257,983,4149,3,,3,True
2008,2,historica,2,0.422,0.381,0.4726,485.0,1420.0,0.4303,0.3981,0.4723,1347,1020,4030,3,,3,True
2008,2,historica,3,0.4137,0.378,0.4517,495.0,1372.0,0.4161,0.3902,0.4435,1190,885,3291,3,,3,True
2008,2,historica,4,0.4311,0.3971,0.4714,779.0,2395.0,0.4248,0.4066,0.4411,2246,1565,7068,3,,3,True
2008,2,historica,5,0.4549,0.4272,0.4829,540.0,1692.0,0.4322,0.4117,0.4515,1629,1106,5191,3,,3,True
2008,2,historica,6,0.3862,0.3579,0.4088,478.0,1576.0,0.39,0.374,0.4071,1470,994,4872,3,,3,True
2008,2,historica,7,0.4556,0.4205,0.4855,465.0,1607.0,0.4754,0.4517,0.4954,1403,958,4959,3,,3,True
2008,2,historica,8,0.497,0.4685,0.5268,532.0,1835.0,0.5154,0.4836,0.5501,1599,1075,5591,3,,3,True
2008,2,historica,9,0.3928,0.3559,0.4237,450.0,1474.0,0.3991,0.379,0.4179,1340,927,4433,3,,3,True
2008,2,historica,10,0.4314,0.4002,0.4617,692.0,2232.0,0.4223,0.4003,0.4441,2044,1372,6665,3,,3,True
2008,2,historica,12,0.4681,0.4315,0.5054,516.0,1861.0,0.4879,0.4623,0.5169,1540,1040,5687,3,,3,True
2008,2,historica,13,0.4097,0.3844,0.4372,749.0,2467.0,0.4192,0.4043,0.4344,2271,1553,7458,3,,3,True
2008,2,historica,14,0.4405,0.416,0.4653,516.0,1849.0,0.4424,0.422,0.4631,1558,1055,5547,3,,3,True
2008,2,historica,15,0.4115,0.381,0.4415,465.0,1845.0,0.4102,0.3934,0.4271,1413,949,5568,3,,3,True
2008,2,historica,17,0.4435,0.4023,0.4813,308.0,1059.0,0.4347,0.4153,0.4581,1139,811,3894,3,,3,True
2008,2,historica,18,0.4427,0.4147,0.4692,503.0,1974.0,0.4416,0.4256,0.4584,1506,1003,6119,3,,3,True
2008,2,historica,19,0.4652,0.4295,0.5074,508.0,1959.0,0.4518,0.4304,0.4751,1530,1018,5925,3,,3,True
2008,2,historica,20,0.4201,0.3855,0.4558,475.0,1529.0,0.4268,0.4013,0.4517,1414,976,4664,3,,3,True
2008,2,historica,22,0.4535,0.4226,0.4847,482.0,1841.0,0.4511,0.43,0.4701,1458,983,5816,3,,3,True
2008,2,historica,23,0.4491,0.4221,0.4756,568.0,2245.0,0.464,0.447,0.4813,1681,1107,6821,3,,3,True
2008,2,historica,25,0.4081,0.3803,0.4331,519.0,2076.0,0.4152,0.3985,0.4321,1554,1032,6207,3,,3,True
2008,2,historica,26,0.4199,0.384,0.4542,494.0,1738.0,0.4222,0.4038,0.4444,1457,1012,5130,3,,3,True
2008,2,historica,27,0.417,0.3886,0.4441,515.0,1893.0,0.4277,0.4102,0.4487,1509,1033,5578,3,,3,True
2008,2,historica,29,0.4705,0.4401,0.4959,648.0,2534.0,0.4837,0.457,0.5138,1989,1340,7726,3,,3,True
2008,2,historica,30,0.4372,0.406,0.4659,465.0,1309.0,0.4459,0.4133,0.4776,1448,983,4142,3,,3,True
2008,2,historica,31,0.403,0.3678,0.4377,412.0,1487.0,0.4124,0.3852,0.4434,1229,883,4353,3,,3,True
2008,2,historica,32,0.4209,0.3969,0.4455,851.0,2156.0,0.4416,0.4199,0.4668,2448,1753,6264,3,,3,True
2008,2,historica,33,0.413,0.3984,0.4264,1951.0,6664.0,0.4285,0.4144,0.4438,5778,4090,20036,3,,3,True
2008,2,historica,34,0.415,0.3825,0.4455,481.0,1415.0,0.4113,0.3902,0.4358,1481,1055,4516,3,,3,True
2008,2,historica,36,0.4099,0.3769,0.4396,490.0,1485.0,0.4189,0.3963,0.447,1457,1013,4543,3,,3,True
2008,2,historica,38,0.4053,0.3716,0.4335,490.0,1600.0,0.433,0.4018,0.4658,1429,989,4582,3,,3,True
2008,2,historica,91,0.4028,0.3796,0.4338,473.0,1504.0,0.4144,0.3977,0.4332,1434,994,4569,3,,3,True
2008,2,historica,93,0.4843,0.4504,0.516,429.0,1437.0,0.4817,0.4589,0.5019,1247,896,4112,3,,3,True
2008,3,historica,2,0.4208,0.3842,0.4583,469.0,1376.0,0.4283,0.4004,0.461,1816,1172,5406,4,,4,True
2008,3,historica,3,0.426,0.3961,0.4584,509.0,1383.0,0.4187,0.3951,0.4395,1699,1105,4674,4,,4,True
2008,3,historica,4,0.4362,0.4106,0.4593,780.0,2453.0,0.4277,0.413,0.4452,3026,1810,9521,4,,4,True
2008,3,historica,5,0.4667,0.4326,0.4965,533.0,1685.0,0.4411,0.4228,0.4606,2162,1259,6876,4,,4,True
2008,3,historica,6,0.4333,0.3923,0.4732,458.0,1565.0,0.4019,0.3857,0.4202,1928,1135,6437,4,,4,True
2008,3,historica,7,0.4625,0.4328,0.4904,452.0,1612.0,0.4728,0.4539,0.4906,1855,1091,6571,4,,4,True
2008,3,historica,8,0.4676,0.4334,0.4932,518.0,1918.0,0.5046,0.4779,0.5322,2117,1232,7509,4,,4,True
2008,3,historica,9,0.4119,0.3845,0.4376,439.0,1450.0,0.4027,0.3859,0.4191,1779,1069,5883,4,,4,True
2008,3,historica,10,0.4096,0.3858,0.4309,660.0,2219.0,0.4192,0.3989,0.4378,2704,1554,8884,4,,4,True
2008,3,historica,12,0.4524,0.4286,0.4781,546.0,1967.0,0.4792,0.459,0.5013,2086,1198,7654,4,,4,True
2008,3,historica,13,0.4129,0.389,0.4344,725.0,2480.0,0.4177,0.403,0.4322,2996,1788,9938,4,,4,True
2008,3,historica,14,0.4532,0.426,0.4758,513.0,1810.0,0.4453,0.4287,0.459,2071,1205,7357,4,,4,True
2008,3,historica,15,0.4143,0.3818,0.4466,479.0,1821.0,0.4114,0.3934,0.4262,1892,1105,7389,4,,4,True
2008,3,historica,17,0.4413,0.4052,0.4776,432.0,1519.0,0.437,0.4182,0.4586,1571,1022,5413,4,,4,True
2008,3,historica,18,0.4519,0.4267,0.4785,510.0,1924.0,0.4443,0.4277,0.4601,2016,1147,8043,4,,4,True
2008,3,historica,19,0.4502,0.4237,0.4801,504.0,1959.0,0.4517,0.431,0.4731,2034,1155,7884,4,,4,True
2008,3,historica,20,0.4186,0.393,0.4452,483.0,1575.0,0.4251,0.404,0.4475,1897,1122,6239,4,,4,True
2008,3,historica,22,0.4414,0.4143,0.47,483.0,1803.0,0.4488,0.4314,0.464,1941,1120,7619,4,,4,True
2008,3,historica,23,0.4641,0.4323,0.4955,552.0,2192.0,0.4642,0.4477,0.4805,2233,1269,9013,4,,4,True
2008,3,historica,25,0.4198,0.397,0.4423,512.0,2050.0,0.4164,0.4013,0.4298,2066,1182,8257,4,,4,True
2008,3,historica,26,0.3962,0.3684,0.4207,506.0,1832.0,0.4158,0.3999,0.4323,1963,1166,6962,4,,4,True
2008,3,historica,27,0.4229,0.3946,0.453,505.0,1894.0,0.4271,0.409,0.445,2014,1187,7472,4,,4,True
2008,3,historica,29,0.4851,0.4463,0.5301,678.0,2588.0,0.4841,0.4597,0.5157,2667,1544,10314,4,,4,True
2008,3,historica,30,0.4018,0.3726,0.4269,478.0,1281.0,0.4362,0.41,0.4631,1926,1120,5423,4,,4,True
2008,3,historica,31,0.4194,0.3858,0.4554,405.0,1412.0,0.4144,0.3929,0.4365,1634,1037,5765,4,,4,True
2008,3,historica,32,0.4615,0.4158,0.5051,793.0,1941.0,0.447,0.4258,0.4699,3241,2047,8205,4,,4,True
2008,3,historica,33,0.4294,0.4143,0.4444,1959.0,6737.0,0.4288,0.4183,0.4413,7737,4811,26773,4,,4,True
2008,3,historica,34,0.4151,0.3824,0.4389,512.0,1484.0,0.4125,0.3918,0.4347,1993,1227,6000,4,,4,True
2008,3,historica,36,0.4153,0.3876,0.4438,489.0,1419.0,0.4183,0.3974,0.4414,1946,1167,5962,4,,4,True
2008,3,historica,38,0.3973,0.3722,0.4232,500.0,1654.0,0.4244,0.3986,0.4528,1929,1136,6236,4,,4,True
2008,3,historica,91,0.4163,0.3865,0.4406,495.0,1588.0,0.4151,0.3996,0.4299,1929,1153,6157,4,,4,True
2008,3,historica,93,0.4989,0.4651,0.5246,449.0,1524.0,0.4862,0.4687,0.5054,1696,1046,5636,4,,4,True
2008,4,historica,2,0.4229,0.393,0.4523,489.0,1464.0,0.4337,0.4053,0.4666,1837,1183,5469,4,,4,True
2008,4,historica,3,0.4047,0.3676,0.4372,493.0,1363.0,0.4121,0.3888,0.4347,1952,1176,5380,4,,4,True
2008,4,historica,4,0.427,0.3994,0.4574,759.0,2374.0,0.4281,0.4131,0.4436,3077,1850,9643,4,,4,True
2008,4,historica,5,0.4126,0.3808,0.4468,555.0,1809.0,0.4413,0.4229,0.4618,2177,1272,6955,4,,4,True
2008,4,historica,6,0.4319,0.4002,0.4611,468.0,1587.0,0.4139,0.3961,0.4336,1896,1121,6344,4,,4,True
2008,4,historica,7,0.455,0.4172,0.4875,462.0,1624.0,0.4687,0.4455,0.4885,1847,1098,6493,4,,4,True
2008,4,historica,8,0.4497,0.4206,0.477,502.0,1857.0,0.4932,0.4677,0.5228,2091,1220,7444,4,,4,True
2008,4,historica,9,0.4001,0.3661,0.4297,443.0,1507.0,0.4021,0.3854,0.4211,1779,1076,5916,4,,4,True
2008,4,historica,10,0.3987,0.3717,0.4227,656.0,2241.0,0.4145,0.3967,0.4288,2688,1558,8904,4,,4,True
2008,4,historica,12,0.4596,0.4254,0.4871,537.0,2074.0,0.4681,0.4479,0.4893,2106,1194,7757,4,,4,True
2008,4,historica,13,0.4662,0.4249,0.5163,749.0,2526.0,0.432,0.4137,0.4512,2986,1797,9954,4,,4,True
2008,4,historica,14,0.456,0.4247,0.4816,518.0,1850.0,0.4498,0.4342,0.4654,2072,1209,7399,4,,4,True
2008,4,historica,15,0.391,0.3657,0.4139,480.0,1814.0,0.4043,0.3895,0.4222,1902,1103,7360,4,,4,True
2008,4,historica,17,0.4332,0.3995,0.4656,414.0,1406.0,0.4383,0.417,0.4574,1580,1018,5422,4,,4,True
2008,4,historica,18,0.4392,0.4134,0.4676,496.0,1931.0,0.4445,0.4277,0.4588,2008,1136,7854,4,,4,True
2008,4,historica,19,0.4216,0.3942,0.4461,494.0,1886.0,0.4509,0.431,0.4691,2007,1138,7723,4,,4,True
2008,4,historica,20,0.4262,0.3981,0.455,474.0,1533.0,0.4279,0.408,0.4476,1891,1112,6139,4,,4,True
2008,4,historica,22,0.4452,0.4159,0.4747,497.0,1899.0,0.4515,0.4337,0.469,1951,1126,7538,4,,4,True
2008,4,historica,23,0.4379,0.4119,0.4628,524.0,2063.0,0.4566,0.4391,0.4719,2206,1256,8792,4,,4,True
2008,4,historica,25,0.4107,0.3816,0.4321,477.0,1926.0,0.412,0.3965,0.4281,2029,1171,8122,4,,4,True
2008,4,historica,26,0.4061,0.3789,0.4293,497.0,1828.0,0.415,0.3974,0.4325,1982,1163,7111,4,,4,True
2008,4,historica,27,0.4301,0.3995,0.4602,493.0,1850.0,0.4272,0.4086,0.4442,2026,1188,7521,4,,4,True
2008,4,historica,29,0.4391,0.4135,0.4631,689.0,2615.0,0.4646,0.4445,0.4836,2676,1556,10364,4,,4,True
2008,4,historica,30,0.4428,0.4068,0.4725,462.0,1304.0,0.4471,0.4217,0.4762,1905,1105,5317,4,,4,True
2008,4,historica,31,0.3852,0.3622,0.4082,445.0,1539.0,0.4117,0.3919,0.4337,1648,1057,5822,4,,4,True
2008,4,historica,32,0.4215,0.3852,0.4603,800.0,2004.0,0.4386,0.4187,0.4592,3250,2028,8195,4,,4,True
2008,4,historica,33,0.4247,0.4093,0.4409,1952.0,6727.0,0.4234,0.4157,0.4321,7827,4828,26999,4,,4,True
2008,4,historica,34,0.407,0.3709,0.4331,500.0,1511.0,0.4157,0.3968,0.4344,1978,1222,5917,4,,4,True
2008,4,historica,36,0.3589,0.3311,0.3797,462.0,1394.0,0.4021,0.3838,0.4184,1919,1142,5852,4,,4,True
2008,4,historica,38,0.4214,0.3887,0.4493,485.0,1531.0,0.4209,0.3935,0.4455,1942,1139,6245,4,,4,True
2008,4,historica,91,0.4111,0.3849,0.4377,492.0,1610.0,0.4113,0.3948,0.4293,1924,1139,6160,4,,4,True
2008,4,historica,93,0.5019,0.4531,0.5491,453.0,1460.0,0.4923,0.4717,0.5114,1731,1062,5708,4,,4,True
2009,1,historica,2,0.4342,0.3911,0.4756,360.0,1044.0,0.4259,0.4014,0.4542,1803,1177,5304,4,,4,True
2009,1,historica,3,0.427,0.3871,0.4586,456.0,1236.0,0.4187,0.3972,0.4395,1953,1161,5354,4,,4,True
2009,1,historica,4,0.433,0.41,0.4519,779.0,2369.0,0.4322,0.416,0.448,3097,1852,9591,4,,4,True
2009,1,historica,5,0.4284,0.3989,0.4579,546.0,1739.0,0.4413,0.4241,0.4595,2174,1262,6925,4,,4,True
2009,1,historica,6,0.4386,0.4051,0.4711,463.0,1536.0,0.4245,0.4051,0.4444,1867,1110,6264,4,,4,True
2009,1,historica,7,0.4527,0.4157,0.4865,465.0,1642.0,0.457,0.4362,0.4779,1844,1104,6485,4,,4,True
2009,1,historica,8,0.458,0.4277,0.4832,515.0,1743.0,0.4693,0.453,0.4883,2067,1215,7353,4,,4,True
2009,1,historica,9,0.3769,0.3524,0.3971,474.0,1592.0,0.3967,0.3801,0.412,1806,1101,6023,4,,4,True
2009,1,historica,10,0.4046,0.3792,0.4236,664.0,2227.0,0.4115,0.3953,0.4279,2672,1532,8919,4,,4,True
2009,1,historica,12,0.4483,0.4167,0.4738,530.0,2008.0,0.4576,0.4408,0.473,2129,1217,7910,4,,4,True
2009,1,historica,13,0.4432,0.4172,0.4687,759.0,2487.0,0.434,0.4174,0.4506,2982,1797,9960,4,,4,True
2009,1,historica,14,0.4557,0.412,0.4972,512.0,1833.0,0.4516,0.4343,0.4677,2059,1203,7342,4,,4,True
2009,1,historica,15,0.4216,0.389,0.4541,484.0,1853.0,0.4103,0.3906,0.4279,1908,1123,7333,4,,4,True
2009,1,historica,17,0.4237,0.3863,0.4619,308.0,997.0,0.4366,0.417,0.4553,1462,941,4981,4,,4,True
2009,1,historica,18,0.4377,0.4074,0.4604,488.0,1977.0,0.4444,0.4272,0.4609,1997,1130,7806,4,,4,True
2009,1,historica,19,0.4133,0.3826,0.4436,492.0,1889.0,0.4383,0.4173,0.4583,1998,1124,7693,4,,4,True
2009,1,historica,20,0.4323,0.3987,0.4562,458.0,1421.0,0.4258,0.4075,0.4456,1890,1123,6058,4,,4,True
2009,1,historica,22,0.4618,0.4285,0.4905,466.0,1851.0,0.451,0.4309,0.4678,1928,1100,7394,4,,4,True
2009,1,historica,23,0.4764,0.4307,0.5184,507.0,1999.0,0.4577,0.4378,0.478,2151,1236,8499,4,,4,True
2009,1,historica,25,0.4451,0.411,0.4786,496.0,1924.0,0.4219,0.4065,0.4359,2004,1166,7976,4,,4,True
2009,1,historica,26,0.468,0.4291,0.5005,493.0,1780.0,0.4237,0.405,0.4415,1990,1164,7178,4,,4,True
2009,1,historica,27,0.4382,0.4021,0.4724,491.0,1812.0,0.4279,0.4066,0.446,2004,1184,7449,4,,4,True
2009,1,historica,29,0.4776,0.4423,0.5179,670.0,2550.0,0.4687,0.4488,0.4899,2685,1559,10287,4,,4,True
2009,1,historica,30,0.4281,0.3964,0.463,483.0,1315.0,0.4298,0.4115,0.4452,1888,1112,5209,4,,4,True
2009,1,historica,31,0.4277,0.3923,0.4561,412.0,1478.0,0.41,0.3902,0.4259,1674,1062,5916,4,,4,True
2009,1,historica,32,0.4204,0.3944,0.4538,799.0,2008.0,0.4327,0.4113,0.4548,3243,2029,8109,4,,4,True
2009,1,historica,33,0.4163,0.4025,0.4275,1957.0,6778.0,0.421,0.4117,0.4294,7819,4801,26906,4,,4,True
2009,1,historica,34,0.4139,0.378,0.4512,435.0,1277.0,0.4136,0.3941,0.4312,1928,1181,5687,4,,4,True
2009,1,historica,36,0.4626,0.3988,0.5473,447.0,1397.0,0.4139,0.3895,0.447,1888,1136,5695,4,,4,True
2009,1,historica,38,0.4319,0.3958,0.4613,504.0,1570.0,0.4145,0.3977,0.4295,1979,1146,6355,4,,4,True
2009,1,historica,91,0.4551,0.4235,0.4831,468.0,1551.0,0.4224,0.4064,0.4379,1928,1142,6253,4,,4,True
2009,1,historica,93,0.5044,0.472,0.536,439.0,1384.0,0.4981,0.4764,0.5186,1770,1070,5805,4,,4,True
2009,2,historica,2,0.4693,0.4319,0.5026,452.0,1329.0,0.438,0.4145,0.4602,1770,1183,5213,4,,4,True
2009,2,historica,3,0.3807,0.3494,0.4165,428.0,1143.0,0.4103,0.3905,0.4312,1886,1146,5125,4,,4,True
2009,2,historica,4,0.4377,0.4113,0.4611,758.0,2408.0,0.4337,0.4189,0.4507,3076,1846,9604,4,,4,True
2009,2,historica,5,0.4478,0.4214,0.4743,518.0,1681.0,0.4395,0.4204,0.4585,2152,1253,6914,4,,4,True
2009,2,historica,6,0.4096,0.3796,0.4368,471.0,1535.0,0.4294,0.4078,0.4494,1860,1111,6223,4,,4,True
2009,2,historica,7,0.4764,0.4276,0.5246,451.0,1625.0,0.4625,0.4399,0.4848,1830,1094,6503,4,,4,True
2009,2,historica,8,0.4611,0.4348,0.487,514.0,1768.0,0.4606,0.4446,0.4753,2049,1195,7286,4,,4,True
2009,2,historica,9,0.4038,0.3698,0.433,471.0,1548.0,0.3991,0.3816,0.4138,1827,1113,6097,4,,4,True
2009,2,historica,10,0.4009,0.3796,0.4233,686.0,2253.0,0.4043,0.3906,0.4178,2666,1555,8940,4,,4,True
2009,2,historica,12,0.4425,0.4177,0.4653,525.0,1920.0,0.4509,0.4326,0.4676,2138,1214,7969,4,,4,True
2009,2,historica,13,0.4522,0.4026,0.5177,737.0,2430.0,0.4446,0.4216,0.471,2970,1796,9923,4,,4,True
2009,2,historica,14,0.4315,0.4006,0.4572,494.0,1681.0,0.4498,0.4318,0.4681,2037,1183,7174,4,,4,True
2009,2,historica,15,0.4184,0.3836,0.4432,461.0,1773.0,0.4123,0.395,0.4311,1904,1112,7261,4,,4,True
2009,2,historica,17,0.4586,0.4251,0.4882,430.0,1381.0,0.4404,0.4186,0.4612,1584,1032,5303,4,,4,True
2009,2,historica,18,0.4194,0.3948,0.443,474.0,1815.0,0.4383,0.4221,0.4531,1968,1122,7647,4,,4,True
2009,2,historica,19,0.4273,0.3948,0.4594,486.0,1931.0,0.4287,0.4097,0.4458,1976,1113,7665,4,,4,True
2009,2,historica,20,0.439,0.3923,0.4816,461.0,1454.0,0.4302,0.4106,0.4496,1876,1121,5983,4,,4,True
2009,2,historica,22,0.4513,0.4245,0.476,464.0,1821.0,0.4505,0.4346,0.467,1910,1103,7374,4,,4,True
2009,2,historica,23,0.484,0.4525,0.5164,550.0,2127.0,0.4678,0.4481,0.4873,2133,1253,8381,4,,4,True
2009,2,historica,25,0.4168,0.3906,0.4415,504.0,1926.0,0.424,0.4087,0.4378,1989,1153,7826,4,,4,True
2009,2,historica,26,0.4129,0.3796,0.4424,499.0,1746.0,0.422,0.4043,0.4419,1995,1160,7186,4,,4,True
2009,2,historica,27,0.4843,0.4374,0.5189,471.0,1770.0,0.4456,0.4246,0.4664,1960,1142,7326,4,,4,True
2009,2,historica,29,0.467,0.4407,0.4916,661.0,2529.0,0.4677,0.449,0.4877,2698,1563,10282,4,,4,True
2009,2,historica,30,0.4164,0.3854,0.4496,463.0,1247.0,0.4246,0.4051,0.4411,1886,1097,5147,4,,4,True
2009,2,historica,31,0.4498,0.4128,0.4922,431.0,1547.0,0.4216,0.4031,0.4404,1693,1066,5976,4,,4,True
2009,2,historica,32,0.4296,0.4007,0.4557,801.0,1985.0,0.435,0.415,0.4561,3193,1992,7938,4,,4,True
2009,2,historica,33,0.4319,0.4062,0.4616,1980.0,6681.0,0.4258,0.4151,0.4366,7848,4809,26923,4,,4,True
2009,2,historica,34,0.413,0.377,0.449,393.0,1128.0,0.413,0.3919,0.4322,1840,1167,5400,4,,4,True
2009,2,historica,36,0.4273,0.3967,0.4557,472.0,1370.0,0.4181,0.3917,0.4501,1870,1118,5580,4,,4,True
2009,2,historica,38,0.416,0.3837,0.4478,501.0,1625.0,0.4176,0.4002,0.4341,1990,1155,6380,4,,4,True
2009,2,historica,91,0.4362,0.4056,0.4662,470.0,1536.0,0.4307,0.4112,0.4491,1925,1141,6285,4,,4,True
2009,2,historica,93,0.4718,0.444,0.4987,427.0,1345.0,0.495,0.4754,0.5152,1768,1088,5713,4,,4,True
2009,3,historica,2,0.4112,0.3799,0.4434,486.0,1404.0,0.4356,0.4148,0.4554,1787,1177,5241,4,,4,True
2009,3,historica,3,0.394,0.3618,0.4246,506.0,1388.0,0.4023,0.3812,0.4211,1883,1149,5130,4,,4,True
2009,3,historica,4,0.447,0.4177,0.472,778.0,2436.0,0.4364,0.422,0.4512,3074,1852,9587,4,,4,True
2009,3,historica,5,0.4913,0.4375,0.5588,515.0,1658.0,0.4461,0.4249,0.4704,2134,1243,6887,4,,4,True
2009,3,historica,6,0.4254,0.3985,0.4525,496.0,1589.0,0.4276,0.4101,0.4425,1898,1136,6247,4,,4,True
2009,3,historica,7,0.483,0.4301,0.5362,440.0,1574.0,0.468,0.4406,0.4949,1818,1080,6465,4,,4,True
2009,3,historica,8,0.4642,0.4365,0.4882,516.0,1837.0,0.4595,0.4446,0.4744,2047,1190,7205,4,,4,True
2009,3,historica,9,0.4001,0.3676,0.429,458.0,1478.0,0.3964,0.3782,0.4146,1846,1106,6125,4,,4,True
2009,3,historica,10,0.4189,0.3933,0.441,699.0,2361.0,0.4065,0.3907,0.4203,2705,1558,9082,4,,4,True
2009,3,historica,12,0.4629,0.431,0.4889,516.0,1916.0,0.4536,0.4357,0.4731,2108,1194,7918,4,,4,True
2009,3,historica,13,0.4239,0.3983,0.4501,755.0,2566.0,0.4468,0.4241,0.4697,3000,1806,10009,4,,4,True
2009,3,historica,14,0.4576,0.4297,0.4866,498.0,1688.0,0.4511,0.4321,0.4694,2022,1184,7052,4,,4,True
2009,3,historica,15,0.4446,0.4176,0.4732,478.0,1829.0,0.42,0.4017,0.4373,1903,1118,7269,4,,4,True
2009,3,historica,17,0.4378,0.3989,0.4745,416.0,1388.0,0.4391,0.4216,0.4617,1568,1032,5172,4,,4,True
2009,3,historica,18,0.4468,0.4187,0.4735,463.0,1780.0,0.4362,0.4204,0.4511,1921,1103,7503,4,,4,True
2009,3,historica,19,0.4424,0.4149,0.4688,487.0,1938.0,0.4266,0.4077,0.4435,1959,1105,7644,4,,4,True
2009,3,historica,20,0.415,0.3847,0.4455,481.0,1508.0,0.4292,0.4096,0.4506,1874,1112,5916,4,,4,True
2009,3,historica,22,0.4547,0.4268,0.4784,478.0,1883.0,0.454,0.4389,0.4695,1905,1107,7454,4,,4,True
2009,3,historica,23,0.4453,0.4201,0.4702,536.0,2041.0,0.4626,0.4435,0.4824,2117,1240,8230,4,,4,True
2009,3,historica,25,0.4149,0.3888,0.4369,501.0,1964.0,0.4225,0.4056,0.4374,1978,1140,7740,4,,4,True
2009,3,historica,26,0.4323,0.4072,0.4583,509.0,1791.0,0.4313,0.4148,0.4501,1998,1158,7145,4,,4,True
2009,3,historica,27,0.4538,0.4273,0.4776,484.0,1851.0,0.4528,0.4326,0.4754,1939,1147,7283,4,,4,True
2009,3,historica,29,0.4751,0.4442,0.5003,674.0,2566.0,0.4652,0.4473,0.4807,2694,1587,10260,4,,4,True
2009,3,historica,30,0.3775,0.3513,0.4028,461.0,1239.0,0.4174,0.401,0.4369,1869,1103,5105,4,,4,True
2009,3,historica,31,0.4186,0.393,0.4455,446.0,1486.0,0.4209,0.4021,0.4393,1734,1087,6050,4,,4,True
2009,3,historica,32,0.4079,0.3813,0.4344,828.0,2064.0,0.4205,0.4017,0.4366,3228,2027,8061,4,,4,True
2009,3,historica,33,0.427,0.4112,0.4417,1884.0,6269.0,0.4252,0.4152,0.4363,7773,4815,26455,4,,4,True
2009,3,historica,34,0.4348,0.4054,0.4643,495.0,1448.0,0.4177,0.3975,0.4366,1823,1181,5364,4,,4,True
2009,3,historica,36,0.433,0.3949,0.4653,444.0,1286.0,0.4226,0.3999,0.4542,1825,1092,5447,4,,4,True
2009,3,historica,38,0.4327,0.4081,0.4616,507.0,1629.0,0.4268,0.4096,0.4413,1997,1166,6355,4,,4,True
2009,3,historica,91,0.4266,0.396,0.4539,483.0,1565.0,0.4332,0.4138,0.4508,1913,1140,6262,4,,4,True
2009,3,historica,93,0.4427,0.4114,0.4692,431.0,1393.0,0.4815,0.4619,0.5022,1750,1074,5582,4,,4,True
2009,4,historica,2,0.4128,0.3856,0.4413,485.0,1388.0,0.4331,0.4115,0.4552,1783,1153,5165,4,,4,True
2009,4,historica,3,0.4193,0.3814,0.4553,488.0,1322.0,0.406,0.3858,0.4251,1878,1137,5089,4,,4,True
2009,4,historica,4,0.4329,0.4075,0.4582,748.0,2277.0,0.438,0.4239,0.4531,3063,1820,9490,4,,4,True
2009,4,historica,5,0.4375,0.4068,0.4656,530.0,1693.0,0.4521,0.4281,0.4801,2109,1229,6771,4,,4,True
2009,4,historica,6,0.4092,0.3828,0.4346,492.0,1605.0,0.4212,0.4055,0.4392,1922,1149,6265,4,,4,True
2009,4,historica,7,0.4607,0.4245,0.4955,456.0,1591.0,0.4694,0.4438,0.5003,1812,1070,6432,4,,4,True
2009,4,historica,8,0.442,0.4064,0.4735,502.0,1774.0,0.457,0.4392,0.4726,2047,1172,7122,4,,4,True
2009,4,historica,9,0.4,0.3672,0.4356,447.0,1476.0,0.3961,0.3798,0.4137,1850,1111,6094,4,,4,True
2009,4,historica,10,0.401,0.376,0.427,668.0,2308.0,0.4069,0.3942,0.4213,2717,1563,9149,4,,4,True
2009,4,historica,12,0.4971,0.4529,0.544,512.0,1945.0,0.464,0.4433,0.4846,2083,1180,7789,4,,4,True
2009,4,historica,13,0.4085,0.3843,0.429,745.0,2498.0,0.4329,0.4116,0.4558,2996,1805,9981,4,,4,True
2009,4,historica,14,0.4233,0.3939,0.4488,507.0,1788.0,0.4428,0.4236,0.4632,2011,1184,6990,4,,4,True
2009,4,historica,15,0.4319,0.4088,0.4522,467.0,1801.0,0.4304,0.4144,0.4463,1890,1105,7256,4,,4,True
2009,4,historica,17,0.4246,0.3849,0.4611,402.0,1363.0,0.4369,0.4165,0.4588,1556,1011,5129,4,,4,True
2009,4,historica,18,0.4282,0.4018,0.4512,468.0,1846.0,0.4334,0.4166,0.4494,1893,1089,7418,4,,4,True
2009,4,historica,19,0.4718,0.4054,0.5477,485.0,1871.0,0.4411,0.4163,0.4711,1950,1108,7629,4,,4,True
2009,4,historica,20,0.394,0.3685,0.4148,475.0,1451.0,0.4215,0.4012,0.443,1875,1117,5834,4,,4,True
2009,4,historica,22,0.4159,0.3867,0.4383,472.0,1863.0,0.4468,0.4296,0.4634,1880,1088,7418,4,,4,True
2009,4,historica,23,0.4122,0.3866,0.437,531.0,2003.0,0.4554,0.4359,0.4743,2124,1244,8170,4,,4,True
2009,4,historica,25,0.3974,0.3714,0.4237,507.0,2025.0,0.419,0.4036,0.4344,2008,1153,7839,4,,4,True
2009,4,historica,26,0.422,0.3983,0.4448,496.0,1770.0,0.4353,0.4161,0.4533,1997,1155,7087,4,,4,True
2009,4,historica,27,0.4431,0.4089,0.476,468.0,1781.0,0.456,0.4353,0.4787,1914,1122,7214,4,,4,True
2009,4,historica,29,0.456,0.4125,0.4985,673.0,2551.0,0.4694,0.45,0.4893,2678,1558,10196,4,,4,True
2009,4,historica,30,0.4032,0.3762,0.4327,443.0,1223.0,0.4078,0.3908,0.4259,1850,1082,5024,4,,4,True
2009,4,historica,31,0.4151,0.3755,0.4571,426.0,1408.0,0.4285,0.4065,0.4505,1715,1076,5919,4,,4,True
2009,4,historica,32,0.4123,0.3821,0.4416,759.0,1915.0,0.4179,0.4019,0.4324,3187,1990,7972,4,,4,True
2009,4,historica,33,0.4157,0.4018,0.4307,1820.0,6036.0,0.4229,0.4123,0.4326,7641,4735,25764,4,,4,True
2009,4,historica,34,0.4007,0.3737,0.4264,475.0,1399.0,0.4161,0.3975,0.4334,1798,1159,5252,4,,4,True
2009,4,historica,36,0.4107,0.364,0.4609,455.0,1353.0,0.4344,0.406,0.4638,1818,1083,5406,4,,4,True
2009,4,historica,38,0.425,0.3965,0.4535,498.0,1549.0,0.4275,0.4085,0.4448,2010,1164,6373,4,,4,True
2009,4,historica,91,0.4005,0.3753,0.4278,480.0,1530.0,0.4306,0.4124,0.4472,1901,1132,6182,4,,4,True
2009,4,historica,93,0.4633,0.4326,0.4923,427.0,1426.0,0.4714,0.4533,0.4906,1724,1073,5548,4,,4,True
2010,1,historica,2,0.4377,0.4031,0.4678,479.0,1388.0,0.4341,0.4143,0.4509,1902,1203,5509,4,,4,True
2010,1,historica,3,0.4247,0.3897,0.4581,497.0,1376.0,0.4057,0.3858,0.4241,1919,1166,5229,4,,4,True
2010,1,historica,4,0.4326,0.4089,0.4597,644.0,1935.0,0.4379,0.4219,0.4531,2928,1773,9056,4,,4,True
2010,1,historica,5,0.4137,0.3811,0.4403,512.0,1659.0,0.4484,0.4267,0.4707,2075,1204,6691,4,,4,True
2010,1,historica,6,0.4249,0.3904,0.4581,459.0,1554.0,0.4181,0.3999,0.436,1918,1126,6283,4,,4,True
2010,1,historica,7,0.4394,0.4076,0.4694,475.0,1601.0,0.4663,0.4373,0.4941,1822,1081,6391,4,,4,True
2010,1,historica,8,0.4474,0.4204,0.4764,486.0,1712.0,0.4543,0.4369,0.4689,2018,1175,7091,4,,4,True
2010,1,historica,9,0.395,0.3694,0.42,465.0,1507.0,0.4002,0.3829,0.4179,1841,1102,6009,4,,4,True
2010,1,historica,10,0.4137,0.3906,0.4329,679.0,2277.0,0.4093,0.396,0.4233,2732,1577,9199,4,,4,True
2010,1,historica,12,0.4778,0.4436,0.511,502.0,1953.0,0.4714,0.4515,0.4924,2055,1168,7734,4,,4,True
2010,1,historica,13,0.4202,0.387,0.4577,749.0,2404.0,0.4274,0.406,0.4468,2986,1794,9898,4,,4,True
2010,1,historica,14,0.4511,0.4233,0.4861,512.0,1741.0,0.4419,0.4243,0.459,2011,1184,6898,4,,4,True
2010,1,historica,15,0.4184,0.3907,0.4432,483.0,1896.0,0.4298,0.4136,0.4445,1889,1098,7299,4,,4,True
2010,1,historica,17,0.4271,0.3931,0.4613,408.0,1359.0,0.4385,0.4185,0.4599,1656,1031,5491,4,,4,True
2010,1,historica,18,0.4065,0.3766,0.4361,468.0,1883.0,0.4256,0.4081,0.4397,1873,1069,7324,4,,4,True
2010,1,historica,19,0.4547,0.4195,0.4842,468.0,1765.0,0.4513,0.4253,0.4809,1926,1107,7505,4,,4,True
2010,1,historica,20,0.4113,0.3772,0.4394,459.0,1404.0,0.4158,0.3965,0.4403,1876,1108,5817,4,,4,True
2010,1,historica,22,0.4521,0.4239,0.4731,473.0,1894.0,0.4442,0.4277,0.4594,1887,1103,7461,4,,4,True
2010,1,historica,23,0.4492,0.411,0.4838,524.0,2030.0,0.4486,0.4297,0.4674,2141,1249,8201,4,,4,True
2010,1,historica,25,0.418,0.3893,0.4474,486.0,1922.0,0.4121,0.397,0.4261,1998,1146,7837,4,,4,True
2010,1,historica,26,0.428,0.3961,0.457,489.0,1731.0,0.4249,0.4062,0.443,1993,1134,7038,4,,4,True
2010,1,historica,27,0.4149,0.3819,0.4424,474.0,1722.0,0.4509,0.4294,0.4708,1897,1126,7124,4,,4,True
2010,1,historica,29,0.4567,0.4159,0.4972,655.0,2438.0,0.464,0.4445,0.4867,2663,1544,10084,4,,4,True
2010,1,historica,30,0.422,0.3947,0.449,436.0,1179.0,0.406,0.3887,0.4215,1803,1070,4888,4,,4,True
2010,1,historica,31,0.4047,0.3711,0.436,379.0,1305.0,0.4227,0.4012,0.4455,1682,1055,5746,4,,4,True
2010,1,historica,32,0.4186,0.3933,0.4446,746.0,1815.0,0.4175,0.3999,0.4335,3134,1964,7779,4,,4,True
2010,1,historica,33,0.4157,0.3974,0.4401,1798.0,6133.0,0.4227,0.4113,0.4332,7482,4687,25119,4,,4,True
2010,1,historica,34,0.3841,0.3441,0.4268,500.0,1458.0,0.4089,0.3887,0.431,1863,1184,5433,4,,4,True
2010,1,historica,36,0.4696,0.403,0.5413,444.0,1388.0,0.4367,0.4086,0.4663,1815,1094,5397,4,,4,True
2010,1,historica,38,0.4425,0.383,0.5033,421.0,1318.0,0.4303,0.411,0.4579,1927,1127,6121,4,,4,True
2010,1,historica,91,0.4272,0.4011,0.4559,476.0,1552.0,0.4233,0.4058,0.4392,1909,1130,6183,4,,4,True
2010,1,historica,93,0.4748,0.4427,0.5039,432.0,1424.0,0.4637,0.4435,0.4812,1717,1070,5588,4,,4,True
2010,2,historica,2,0.4318,0.4007,0.4602,476.0,1403.0,0.4242,0.4064,0.444,1926,1207,5583,4,,4,True
2010,2,historica,3,0.3752,0.344,0.409,503.0,1405.0,0.4043,0.3856,0.4247,1994,1177,5491,4,,4,True
2010,2,historica,4,0.4459,0.4225,0.467,796.0,2431.0,0.4401,0.4244,0.4536,2966,1827,9079,4,,4,True
2010,2,historica,5,0.4274,0.4008,0.4545,524.0,1637.0,0.4435,0.4204,0.4664,2081,1223,6647,4,,4,True
2010,2,historica,6,0.4189,0.395,0.446,487.0,1576.0,0.4203,0.4026,0.4361,1934,1150,6324,4,,4,True
2010,2,historica,7,0.4411,0.4094,0.4651,466.0,1585.0,0.4576,0.4323,0.4809,1837,1074,6351,4,,4,True
2010,2,historica,8,0.4462,0.4224,0.4702,498.0,1756.0,0.4506,0.4345,0.4672,2002,1161,7079,4,,4,True
2010,2,historica,9,0.4327,0.4007,0.4627,446.0,1444.0,0.4078,0.3901,0.4258,1816,1091,5905,4,,4,True
2010,2,historica,10,0.4211,0.3918,0.4486,670.0,2257.0,0.4143,0.3984,0.4286,2716,1584,9203,4,,4,True
2010,2,historica,12,0.4364,0.4057,0.4641,515.0,1953.0,0.4701,0.4474,0.4922,2045,1155,7767,4,,4,True
2010,2,historica,13,0.4198,0.3805,0.4691,726.0,2349.0,0.4191,0.404,0.4352,2975,1791,9817,4,,4,True
2010,2,historica,14,0.4396,0.4076,0.4719,495.0,1677.0,0.4436,0.4234,0.4598,2012,1176,6894,4,,4,True
2010,2,historica,15,0.4304,0.4067,0.4524,468.0,1847.0,0.4324,0.4174,0.4498,1896,1103,7373,4,,4,True
2010,2,historica,17,0.4074,0.3758,0.4376,429.0,1425.0,0.4257,0.4049,0.4479,1655,1026,5535,4,,4,True
2010,2,historica,18,0.3911,0.3645,0.412,472.0,1876.0,0.4186,0.4016,0.4354,1871,1076,7385,4,,4,True
2010,2,historica,19,0.4094,0.3827,0.4392,443.0,1720.0,0.4465,0.4193,0.475,1883,1089,7294,4,,4,True
2010,2,historica,20,0.4105,0.3829,0.4434,461.0,1411.0,0.4085,0.3916,0.4241,1876,1113,5774,4,,4,True
2010,2,historica,22,0.4288,0.3998,0.4546,470.0,1864.0,0.4387,0.4201,0.4555,1893,1104,7504,4,,4,True
2010,2,historica,23,0.4637,0.4167,0.5221,552.0,2177.0,0.4441,0.4213,0.465,2143,1255,8251,4,,4,True
2010,2,historica,25,0.4131,0.3828,0.4395,456.0,1758.0,0.4112,0.3952,0.428,1950,1118,7669,4,,4,True
2010,2,historica,26,0.4216,0.3927,0.4465,499.0,1713.0,0.4265,0.4079,0.4423,1993,1157,7005,4,,4,True
2010,2,historica,27,0.4044,0.3724,0.4367,479.0,1740.0,0.4305,0.413,0.4491,1905,1125,7094,4,,4,True
2010,2,historica,29,0.4397,0.4131,0.4673,652.0,2360.0,0.4572,0.4373,0.4767,2654,1552,9915,4,,4,True
2010,2,historica,30,0.3979,0.3639,0.4255,441.0,1194.0,0.4014,0.3859,0.4177,1781,1056,4835,4,,4,True
2010,2,historica,31,0.4048,0.3759,0.4301,410.0,1396.0,0.4115,0.3937,0.4314,1661,1060,5595,4,,4,True
2010,2,historica,32,0.419,0.3913,0.4458,758.0,1863.0,0.4149,0.3993,0.4321,3091,1931,7657,4,,4,True
2010,2,historica,33,0.4113,0.3968,0.4275,1842.0,6235.0,0.4175,0.4077,0.4275,7344,4609,24673,4,,4,True
2010,2,historica,34,0.4106,0.3646,0.4524,502.0,1498.0,0.4085,0.3888,0.43,1972,1215,5803,4,,4,True
2010,2,historica,36,0.4517,0.4181,0.4847,437.0,1335.0,0.4427,0.4172,0.4698,1780,1068,5362,4,,4,True
2010,2,historica,38,0.3948,0.3648,0.4275,499.0,1640.0,0.4249,0.4016,0.4493,1925,1153,6136,4,,4,True
2010,2,historica,91,0.4277,0.402,0.4518,490.0,1560.0,0.4211,0.4033,0.4378,1929,1143,6207,4,,4,True
2010,2,historica,93,0.4525,0.4204,0.4794,451.0,1414.0,0.4588,0.4404,0.4779,1741,1078,5657,4,,4,True
2010,3,historica,2,0.4279,0.3991,0.4553,489.0,1440.0,0.4282,0.4109,0.4452,1929,1202,5619,4,,4,True
2010,3,historica,3,0.3824,0.3432,0.4206,492.0,1341.0,0.4016,0.3798,0.4193,1980,1158,5444,4,,4,True
2010,3,historica,4,0.4282,0.4019,0.4524,776.0,2397.0,0.4353,0.4209,0.4496,2964,1827,9040,4,,4,True
2010,3,historica,5,0.4466,0.4188,0.473,529.0,1694.0,0.4317,0.4143,0.447,2095,1224,6683,4,,4,True
2010,3,historica,6,0.4271,0.399,0.4522,495.0,1583.0,0.4205,0.4041,0.437,1933,1146,6318,4,,4,True
2010,3,historica,7,0.4605,0.4263,0.4877,454.0,1632.0,0.4518,0.4348,0.4694,1851,1088,6409,4,,4,True
2010,3,historica,8,0.454,0.4271,0.4782,514.0,1787.0,0.4481,0.4314,0.4632,2000,1176,7029,4,,4,True
2010,3,historica,9,0.4536,0.4069,0.4897,455.0,1432.0,0.4222,0.4034,0.4396,1813,1095,5859,4,,4,True
2010,3,historica,10,0.4168,0.3932,0.4398,677.0,2278.0,0.4138,0.3999,0.4272,2694,1578,9120,4,,4,True
2010,3,historica,12,0.4697,0.4376,0.4971,536.0,1987.0,0.4717,0.4515,0.492,2065,1177,7838,4,,4,True
2010,3,historica,13,0.4073,0.3841,0.4314,714.0,2300.0,0.4142,0.3977,0.4365,2934,1772,9551,4,,4,True
2010,3,historica,14,0.4434,0.4138,0.4666,524.0,1850.0,0.44,0.4225,0.4556,2038,1190,7056,4,,4,True
2010,3,historica,15,0.4415,0.4122,0.4627,475.0,1873.0,0.4311,0.4155,0.4452,1893,1104,7417,4,,4,True
2010,3,historica,17,0.4789,0.4064,0.5421,419.0,1335.0,0.4374,0.4095,0.4678,1658,1026,5482,4,,4,True
2010,3,historica,18,0.3942,0.3662,0.422,466.0,1872.0,0.4053,0.3899,0.4199,1874,1082,7477,4,,4,True
2010,3,historica,19,0.4171,0.3804,0.4673,468.0,1797.0,0.44,0.4137,0.4718,1864,1091,7153,4,,4,True
2010,3,historica,20,0.4039,0.3766,0.4333,468.0,1403.0,0.4055,0.388,0.423,1863,1120,5669,4,,4,True
2010,3,historica,22,0.4587,0.4289,0.4861,481.0,1898.0,0.4396,0.4216,0.4579,1896,1110,7519,4,,4,True
2010,3,historica,23,0.4504,0.4205,0.4771,560.0,2085.0,0.4455,0.4273,0.4681,2167,1255,8295,4,,4,True
2010,3,historica,25,0.3875,0.3609,0.4084,463.0,1762.0,0.4044,0.3899,0.4188,1912,1104,7467,4,,4,True
2010,3,historica,26,0.4281,0.4002,0.451,497.0,1684.0,0.4256,0.4073,0.4421,1981,1151,6898,4,,4,True
2010,3,historica,27,0.4457,0.4206,0.4709,479.0,1754.0,0.4276,0.4096,0.4465,1900,1124,6997,4,,4,True
2010,3,historica,29,0.4485,0.422,0.4723,681.0,2472.0,0.4507,0.4319,0.4717,2661,1554,9821,4,,4,True
2010,3,historica,30,0.4033,0.3757,0.4343,417.0,1162.0,0.4078,0.3912,0.4253,1737,1040,4758,4,,4,True
2010,3,historica,31,0.4045,0.3747,0.4312,435.0,1498.0,0.4082,0.3882,0.4268,1650,1036,5607,4,,4,True
2010,3,historica,32,0.4212,0.397,0.4448,810.0,2022.0,0.4181,0.4017,0.4354,3073,1916,7615,4,,4,True
2010,3,historica,33,0.42,0.4039,0.4364,1893.0,6338.0,0.4157,0.4063,0.4245,7353,4633,24742,4,,4,True
2010,3,historica,34,0.4058,0.3682,0.4382,507.0,1521.0,0.4013,0.3804,0.4256,1984,1225,5876,4,,4,True
2010,3,historica,36,0.4068,0.3705,0.4424,438.0,1280.0,0.437,0.4053,0.4654,1774,1075,5356,4,,4,True
2010,3,historica,38,0.4009,0.3724,0.428,492.0,1552.0,0.4168,0.3931,0.4423,1910,1145,6059,4,,4,True
2010,3,historica,91,0.4231,0.3939,0.4528,490.0,1503.0,0.4204,0.4046,0.4355,1936,1146,6145,4,,4,True
2010,3,historica,93,0.4694,0.4389,0.4956,451.0,1403.0,0.4658,0.4469,0.4849,1761,1094,5667,4,,4,True
2010,4,historica,2,0.4283,0.3973,0.4575,489.0,1435.0,0.432,0.4118,0.4502,1933,1196,5666,4,,4,True
2010,4,historica,3,0.3916,0.3597,0.4272,487.0,1304.0,0.3946,0.3747,0.4175,1979,1163,5426,4,,4,True
2010,4,historica,4,0.4115,0.3852,0.4381,722.0,2221.0,0.43,0.4145,0.443,2938,1800,8984,4,,4,True
2010,4,historica,5,0.4426,0.4106,0.4668,514.0,1658.0,0.4332,0.4171,0.4482,2079,1227,6648,4,,4,True
2010,4,historica,6,0.4193,0.3939,0.4439,491.0,1617.0,0.4232,0.4066,0.44,1932,1151,6330,4,,4,True
2010,4,historica,7,0.4634,0.4331,0.4906,461.0,1575.0,0.4526,0.435,0.47,1856,1099,6393,4,,4,True
2010,4,historica,8,0.4135,0.3869,0.4338,475.0,1681.0,0.4416,0.426,0.4558,1973,1138,6936,4,,4,True
2010,4,historica,9,0.4154,0.3847,0.443,472.0,1464.0,0.4264,0.4073,0.4457,1838,1111,5847,4,,4,True
2010,4,historica,10,0.3995,0.3743,0.4196,675.0,2263.0,0.4142,0.3989,0.4285,2701,1582,9075,4,,4,True
2010,4,historica,12,0.4476,0.421,0.4731,512.0,1899.0,0.4589,0.4394,0.4756,2065,1144,7792,4,,4,True
2010,4,historica,13,0.4196,0.396,0.4428,683.0,2257.0,0.4172,0.3989,0.4372,2872,1757,9310,4,,4,True
2010,4,historica,14,0.4014,0.3735,0.4319,532.0,1791.0,0.435,0.4176,0.4545,2063,1200,7059,4,,4,True
2010,4,historica,15,0.3924,0.3653,0.4186,457.0,1739.0,0.4216,0.4044,0.4374,1883,1113,7355,4,,4,True
2010,4,historica,17,0.4589,0.4021,0.5203,406.0,1339.0,0.4461,0.413,0.4878,1662,1032,5458,4,,4,True
2010,4,historica,18,0.399,0.3709,0.4292,464.0,1817.0,0.398,0.3816,0.4118,1870,1082,7448,4,,4,True
2010,4,historica,19,0.4007,0.3657,0.4354,478.0,1766.0,0.4217,0.4016,0.445,1857,1084,7048,4,,4,True
2010,4,historica,20,0.3959,0.3671,0.4222,499.0,1552.0,0.406,0.3883,0.4228,1887,1115,5770,4,,4,True
2010,4,historica,22,0.4259,0.4002,0.4527,459.0,1809.0,0.442,0.4262,0.4577,1883,1124,7465,4,,4,True
2010,4,historica,23,0.4281,0.4,0.4513,564.0,2096.0,0.4489,0.4289,0.4686,2200,1254,8388,4,,4,True
2010,4,historica,25,0.4054,0.3772,0.4295,455.0,1767.0,0.4064,0.3898,0.4215,1860,1087,7209,4,,4,True
2010,4,historica,26,0.4287,0.3898,0.4743,505.0,1716.0,0.4271,0.4086,0.4463,1990,1148,6844,4,,4,True
2010,4,historica,27,0.4336,0.4008,0.4614,481.0,1826.0,0.4253,0.4082,0.4434,1913,1111,7042,4,,4,True
2010,4,historica,29,0.449,0.4058,0.4888,672.0,2510.0,0.449,0.4289,0.4694,2660,1553,9780,4,,4,True
2010,4,historica,30,0.4087,0.3798,0.4397,427.0,1207.0,0.4089,0.3929,0.425,1721,1031,4742,4,,4,True
2010,4,historica,31,0.3821,0.3474,0.4208,429.0,1456.0,0.3997,0.3823,0.4166,1653,1030,5655,4,,4,True
2010,4,historica,32,0.4164,0.3855,0.442,797.0,1991.0,0.4193,0.4022,0.4333,3111,1955,7691,4,,4,True
2010,4,historica,33,0.3944,0.38,0.409,1897.0,6154.0,0.4105,0.4017,0.42,7430,4645,24860,4,,4,True
2010,4,historica,34,0.386,0.3578,0.4103,514.0,1488.0,0.3974,0.3749,0.423,2023,1249,5965,4,,4,True
2010,4,historica,36,0.4319,0.376,0.4859,422.0,1290.0,0.4423,0.4095,0.4748,1741,1057,5293,4,,4,True
2010,4,historica,38,0.4157,0.3866,0.4375,465.0,1398.0,0.4145,0.3931,0.4402,1877,1116,5908,4,,4,True
2010,4,historica,91,0.4173,0.3827,0.4478,476.0,1456.0,0.4245,0.408,0.4392,1932,1146,6071,4,,4,True
2010,4,historica,93,0.4358,0.407,0.461,432.0,1356.0,0.4591,0.4413,0.478,1766,1085,5597,4,,4,True
2011,1,historica,2,0.4217,0.3842,0.4573,399.0,1162.0,0.4282,0.4113,0.4466,1853,1171,5440,4,,4,True
2011,1,historica,3,0.364,0.3319,0.4002,461.0,1270.0,0.3791,0.3572,0.3984,1943,1156,5320,4,,4,True
2011,1,historica,4,0.418,0.3953,0.4389,746.0,2217.0,0.4264,0.4133,0.4397,3040,1850,9266,4,,4,True
2011,1,historica,5,0.4357,0.406,0.4647,514.0,1587.0,0.4399,0.4229,0.457,2081,1211,6576,4,,4,True
2011,1,historica,6,0.4386,0.4119,0.4615,485.0,1639.0,0.4265,0.4105,0.4415,1958,1177,6415,4,,4,True
2011,1,historica,7,0.4528,0.4168,0.484,473.0,1541.0,0.4552,0.4392,0.4726,1854,1095,6333,4,,4,True
2011,1,historica,8,0.455,0.4287,0.4803,483.0,1720.0,0.4431,0.4282,0.4569,1970,1147,6944,4,,4,True
2011,1,historica,9,0.4349,0.4025,0.4678,427.0,1335.0,0.4356,0.4135,0.4548,1800,1080,5675,4,,4,True
2011,1,historica,10,0.3818,0.3604,0.4015,682.0,2238.0,0.4059,0.3915,0.4209,2704,1580,9036,4,,4,True
2011,1,historica,12,0.4451,0.4142,0.4694,519.0,1886.0,0.4505,0.4325,0.4682,2082,1168,7725,4,,4,True
2011,1,historica,13,0.4247,0.3948,0.4569,667.0,2154.0,0.4187,0.3997,0.4384,2790,1706,9060,4,,4,True
2011,1,historica,14,0.4343,0.4023,0.4634,513.0,1660.0,0.4306,0.413,0.4482,2064,1202,6978,4,,4,True
2011,1,historica,15,0.386,0.3563,0.4082,462.0,1734.0,0.4135,0.3979,0.4277,1862,1098,7193,4,,4,True
2011,1,historica,17,0.4141,0.3839,0.4417,415.0,1348.0,0.4422,0.41,0.4829,1669,1028,5447,4,,4,True
2011,1,historica,18,0.3985,0.3722,0.4303,463.0,1781.0,0.3961,0.3796,0.411,1865,1075,7346,4,,4,True
2011,1,historica,19,0.4196,0.389,0.445,465.0,1718.0,0.4123,0.3913,0.4333,1854,1064,7001,4,,4,True
2011,1,historica,20,0.3891,0.3616,0.4219,472.0,1515.0,0.4009,0.3825,0.4195,1900,1118,5881,4,,4,True
2011,1,historica,22,0.4362,0.4109,0.46,492.0,1883.0,0.4382,0.4217,0.4539,1902,1131,7454,4,,4,True
2011,1,historica,23,0.4293,0.4018,0.4547,556.0,2103.0,0.4441,0.4237,0.4641,2232,1278,8461,4,,4,True
2011,1,historica,25,0.4249,0.3977,0.4516,467.0,1787.0,0.4084,0.3926,0.424,1841,1076,7074,4,,4,True
2011,1,historica,26,0.4149,0.3926,0.4376,496.0,1715.0,0.424,0.4066,0.4418,1997,1172,6828,4,,4,True
2011,1,historica,27,0.4227,0.3867,0.4518,464.0,1760.0,0.4272,0.4087,0.4458,1903,1118,7080,4,,4,True
2011,1,historica,29,0.4084,0.3827,0.4301,655.0,2420.0,0.437,0.4189,0.454,2660,1550,9762,4,,4,True
2011,1,historica,30,0.447,0.4109,0.4767,413.0,1148.0,0.4154,0.3928,0.4313,1698,1013,4711,4,,4,True
2011,1,historica,31,0.369,0.3411,0.3928,388.0,1251.0,0.3914,0.3748,0.4081,1662,1032,5601,4,,4,True
2011,1,historica,32,0.3964,0.3718,0.4198,777.0,1925.0,0.4138,0.3999,0.4281,3142,1969,7801,4,,4,True
2011,1,historica,33,0.4058,0.3911,0.4209,1876.0,6101.0,0.408,0.4,0.4178,7508,4670,24828,4,,4,True
2011,1,historica,34,0.3855,0.3605,0.4115,531.0,1509.0,0.3974,0.3777,0.4198,2054,1256,6016,4,,4,True
2011,1,historica,36,0.3841,0.3543,0.4081,451.0,1329.0,0.421,0.3965,0.4442,1748,1065,5234,4,,4,True
2011,1,historica,38,0.4011,0.3753,0.4232,478.0,1521.0,0.4037,0.3875,0.4188,1934,1139,6111,4,,4,True
2011,1,historica,91,0.4148,0.3892,0.4472,488.0,1496.0,0.4214,0.3999,0.4406,1944,1165,6015,4,,4,True
2011,1,historica,93,0.4441,0.4153,0.47,429.0,1331.0,0.4516,0.4356,0.4664,1763,1081,5504,4,,4,True
2011,2,historica,2,0.422,0.3968,0.4468,478.0,1402.0,0.4261,0.4074,0.4463,1855,1183,5439,4,,4,True
2011,2,historica,3,0.3599,0.3303,0.3857,506.0,1357.0,0.3763,0.3557,0.3989,1946,1168,5272,4,,4,True
2011,2,historica,4,0.3942,0.3725,0.4156,767.0,2320.0,0.4133,0.3998,0.4259,3011,1835,9155,4,,4,True
2011,2,historica,5,0.4162,0.3879,0.4399,513.0,1561.0,0.4369,0.4204,0.4519,2070,1209,6500,4,,4,True
2011,2,historica,6,0.4297,0.3894,0.4647,454.0,1503.0,0.4292,0.4114,0.4463,1925,1156,6342,4,,4,True
2011,2,historica,7,0.4419,0.4132,0.4712,475.0,1518.0,0.4552,0.4354,0.4737,1863,1104,6266,4,,4,True
2011,2,historica,8,0.4405,0.4084,0.4684,502.0,1671.0,0.4415,0.4254,0.4574,1974,1135,6859,4,,4,True
2011,2,historica,9,0.4382,0.4058,0.4707,410.0,1294.0,0.4358,0.4173,0.4539,1764,1076,5525,4,,4,True
2011,2,historica,10,0.3674,0.3446,0.3873,677.0,2262.0,0.3922,0.3785,0.4067,2711,1580,9041,4,,4,True
2011,2,historica,12,0.4483,0.4168,0.4754,544.0,2028.0,0.4533,0.4368,0.4717,2111,1169,7800,4,,4,True
2011,2,historica,13,0.3957,0.3673,0.4255,695.0,2303.0,0.4128,0.3962,0.4298,2759,1699,9014,4,,4,True
2011,2,historica,14,0.4265,0.3968,0.4516,526.0,1734.0,0.4274,0.4114,0.442,2095,1215,7035,4,,4,True
2011,2,historica,15,0.3768,0.3528,0.4002,456.0,1681.0,0.4001,0.3855,0.4133,1850,1100,7027,4,,4,True
2011,2,historica,17,0.416,0.3775,0.4483,412.0,1334.0,0.4439,0.4117,0.4807,1652,1036,5356,4,,4,True
2011,2,historica,18,0.4059,0.3777,0.4328,488.0,1833.0,0.3997,0.3839,0.4139,1881,1087,7303,4,,4,True
2011,2,historica,19,0.4018,0.3725,0.435,460.0,1708.0,0.4106,0.39,0.4304,1871,1077,6989,4,,4,True
2011,2,historica,20,0.3824,0.3544,0.4065,478.0,1485.0,0.3949,0.379,0.4127,1917,1138,5955,4,,4,True
2011,2,historica,22,0.4539,0.416,0.4933,513.0,1910.0,0.4442,0.4264,0.4606,1945,1150,7500,4,,4,True
2011,2,historica,23,0.4462,0.4164,0.4792,539.0,1996.0,0.4391,0.4224,0.456,2219,1265,8280,4,,4,True
2011,2,historica,25,0.4011,0.3787,0.4235,463.0,1754.0,0.4054,0.3914,0.4204,1848,1079,7070,4,,4,True
2011,2,historica,26,0.374,0.3444,0.4042,500.0,1782.0,0.413,0.3942,0.4323,1998,1166,6897,4,,4,True
2011,2,historica,27,0.4019,0.3721,0.4264,462.0,1732.0,0.4276,0.4095,0.4465,1886,1103,7072,4,,4,True
2011,2,historica,29,0.4289,0.3996,0.4572,660.0,2403.0,0.4345,0.4149,0.4525,2668,1540,9805,4,,4,True
2011,2,historica,30,0.4315,0.3978,0.4586,457.0,1242.0,0.4239,0.4042,0.4409,1714,1027,4759,4,,4,True
2011,2,historica,31,0.3863,0.3545,0.418,431.0,1387.0,0.3863,0.3689,0.4033,1683,1053,5592,4,,4,True
2011,2,historica,32,0.3998,0.3764,0.4248,823.0,1947.0,0.4089,0.3944,0.4248,3207,2029,7885,4,,4,True
2011,2,historica,33,0.4042,0.389,0.4188,1911.0,6303.0,0.4063,0.3964,0.4153,7577,4716,24896,4,,4,True
2011,2,historica,34,0.3703,0.3406,0.3958,526.0,1541.0,0.3876,0.3677,0.4062,2078,1264,6059,4,,4,True
2011,2,historica,36,0.398,0.371,0.4232,440.0,1271.0,0.4062,0.3831,0.4303,1751,1062,5170,4,,4,True
2011,2,historica,38,0.4012,0.3747,0.4215,503.0,1562.0,0.4054,0.3903,0.4208,1938,1148,6033,4,,4,True
2011,2,historica,91,0.4058,0.3809,0.4314,497.0,1532.0,0.416,0.397,0.4315,1951,1166,5987,4,,4,True
2011,2,historica,93,0.439,0.4122,0.4653,435.0,1370.0,0.4484,0.4331,0.4638,1747,1086,5460,4,,4,True
2011,3,historica,2,0.4139,0.3823,0.4397,510.0,1500.0,0.4226,0.4059,0.4374,1876,1217,5499,4,,4,True
2011,3,historica,3,0.4221,0.3767,0.4629,504.0,1322.0,0.3862,0.3632,0.4101,1958,1167,5253,4,,4,True
2011,3,historica,4,0.3939,0.3713,0.4153,754.0,2345.0,0.405,0.3916,0.4173,2989,1820,9103,4,,4,True
2011,3,historica,5,0.44,0.4122,0.4693,526.0,1631.0,0.4353,0.4195,0.4503,2067,1217,6437,4,,4,True
2011,3,historica,6,0.4353,0.4047,0.4615,453.0,1399.0,0.4319,0.4136,0.4492,1883,1146,6158,4,,4,True
2011,3,historica,7,0.4706,0.4294,0.5041,455.0,1566.0,0.4576,0.4353,0.4768,1864,1101,6200,4,,4,True
2011,3,historica,8,0.4728,0.4405,0.5032,481.0,1612.0,0.4466,0.4297,0.4625,1941,1139,6684,4,,4,True
2011,3,historica,9,0.4182,0.3871,0.4495,391.0,1232.0,0.4272,0.4111,0.445,1700,1048,5325,4,,4,True
2011,3,historica,10,0.3929,0.3719,0.4122,689.0,2256.0,0.3862,0.3743,0.399,2723,1583,9019,4,,4,True
2011,3,historica,12,0.4813,0.4411,0.5194,532.0,1972.0,0.4565,0.4371,0.4744,2107,1174,7785,4,,4,True
2011,3,historica,13,0.4513,0.4118,0.497,682.0,2168.0,0.4243,0.4044,0.4441,2727,1680,8882,4,,4,True
2011,3,historica,14,0.4138,0.3912,0.436,506.0,1747.0,0.4198,0.4039,0.4352,2077,1221,6932,4,,4,True
2011,3,historica,15,0.4121,0.3875,0.4358,453.0,1756.0,0.3932,0.3785,0.4067,1828,1088,6910,4,,4,True
2011,3,historica,17,0.4365,0.4024,0.4648,402.0,1284.0,0.4324,0.4116,0.46,1635,1015,5305,4,,4,True
2011,3,historica,18,0.4185,0.3867,0.4476,478.0,1797.0,0.406,0.3889,0.4213,1893,1086,7228,4,,4,True
2011,3,historica,19,0.4227,0.3909,0.4525,481.0,1776.0,0.4119,0.3931,0.431,1884,1090,6968,4,,4,True
2011,3,historica,20,0.4186,0.3901,0.4455,481.0,1445.0,0.3978,0.3793,0.4144,1930,1141,5997,4,,4,True
2011,3,historica,22,0.4465,0.4215,0.4734,491.0,1910.0,0.4413,0.4231,0.4588,1955,1156,7512,4,,4,True
2011,3,historica,23,0.4553,0.4259,0.4821,539.0,1916.0,0.4403,0.4226,0.4557,2198,1265,8111,4,,4,True
2011,3,historica,25,0.3933,0.3701,0.4162,448.0,1648.0,0.4067,0.3914,0.4223,1833,1059,6956,4,,4,True
2011,3,historica,26,0.3866,0.3603,0.4102,486.0,1654.0,0.4035,0.3865,0.4207,1987,1154,6867,4,,4,True
2011,3,historica,27,0.4374,0.4119,0.4626,442.0,1627.0,0.4254,0.4068,0.4409,1849,1095,6945,4,,4,True
2011,3,historica,29,0.4318,0.4059,0.4576,664.0,2457.0,0.4303,0.4103,0.4502,2651,1533,9790,4,,4,True
2011,3,historica,30,0.3961,0.3685,0.4248,455.0,1246.0,0.4214,0.4034,0.4395,1752,1042,4843,4,,4,True
2011,3,historica,31,0.3866,0.359,0.4178,420.0,1377.0,0.3818,0.3633,0.3999,1668,1045,5471,4,,4,True
2011,3,historica,32,0.394,0.3731,0.4171,803.0,1941.0,0.402,0.3877,0.4176,3200,1993,7804,4,,4,True
2011,3,historica,33,0.4015,0.385,0.4182,1843.0,6138.0,0.4016,0.3929,0.4114,7527,4671,24696,4,,4,True
2011,3,historica,34,0.3987,0.3642,0.4366,520.0,1510.0,0.3857,0.3702,0.4021,2091,1265,6048,4,,4,True
2011,3,historica,36,0.4165,0.3849,0.4416,416.0,1210.0,0.4087,0.3898,0.4306,1729,1048,5100,4,,4,True
2011,3,historica,38,0.404,0.3692,0.4359,507.0,1559.0,0.4062,0.3902,0.4213,1953,1149,6040,4,,4,True
2011,3,historica,91,0.4136,0.3809,0.4469,499.0,1559.0,0.4137,0.3963,0.4322,1960,1175,6043,4,,4,True
2011,3,historica,93,0.4637,0.4264,0.4988,450.0,1417.0,0.447,0.4292,0.4651,1746,1077,5474,4,,4,True
2011,4,historica,2,0.4122,0.3864,0.4406,528.0,1534.0,0.4187,0.4012,0.4345,1915,1194,5598,4,,4,True
2011,4,historica,3,0.4095,0.3756,0.4411,497.0,1290.0,0.3908,0.3684,0.4151,1968,1165,5239,4,,4,True
2011,4,historica,4,0.4002,0.3695,0.4247,757.0,2312.0,0.4023,0.388,0.4175,3024,1824,9194,4,,4,True
2011,4,historica,5,0.4175,0.3887,0.4468,534.0,1692.0,0.4286,0.4111,0.4444,2087,1220,6471,4,,4,True
2011,4,historica,6,0.3809,0.3487,0.4133,474.0,1523.0,0.4222,0.4029,0.4428,1866,1133,6064,4,,4,True
2011,4,historica,7,0.4458,0.4117,0.4737,463.0,1499.0,0.4532,0.433,0.4741,1866,1111,6124,4,,4,True
2011,4,historica,8,0.3771,0.3508,0.4004,470.0,1600.0,0.4405,0.4241,0.4586,1936,1129,6603,4,,4,True
2011,4,historica,9,0.4061,0.3709,0.4337,393.0,1220.0,0.425,0.4044,0.4419,1621,1023,5081,4,,4,True
2011,4,historica,10,0.3876,0.3627,0.4142,686.0,2202.0,0.3828,0.3686,0.3963,2734,1583,8958,4,,4,True
2011,4,historica,12,0.4453,0.4134,0.4758,515.0,1819.0,0.4555,0.4363,0.473,2110,1175,7705,4,,4,True
2011,4,historica,13,0.4142,0.392,0.4347,705.0,2165.0,0.4228,0.4008,0.4419,2749,1693,8790,4,,4,True
2011,4,historica,14,0.4127,0.386,0.4402,505.0,1730.0,0.4222,0.4056,0.4386,2050,1202,6871,4,,4,True
2011,4,historica,15,0.3833,0.3541,0.4113,436.0,1631.0,0.391,0.3748,0.4056,1807,1092,6802,4,,4,True
2011,4,historica,17,0.3975,0.3633,0.4251,404.0,1295.0,0.4169,0.3965,0.4358,1633,1020,5261,4,,4,True
2011,4,historica,18,0.3764,0.3444,0.4035,442.0,1668.0,0.4007,0.3839,0.4159,1871,1079,7079,4,,4,True
2011,4,historica,19,0.4769,0.3995,0.5646,481.0,1769.0,0.432,0.401,0.4707,1887,1084,6971,4,,4,True
2011,4,historica,20,0.3693,0.3432,0.3937,471.0,1408.0,0.3912,0.3746,0.4101,1902,1120,5853,4,,4,True
2011,4,historica,22,0.4262,0.4002,0.4525,493.0,1840.0,0.4413,0.4243,0.4569,1989,1143,7543,4,,4,True
2011,4,historica,23,0.4398,0.4122,0.4643,552.0,2018.0,0.4431,0.4252,0.4574,2186,1248,8033,4,,4,True
2011,4,historica,25,0.3695,0.346,0.393,440.0,1565.0,0.3978,0.3812,0.4127,1818,1058,6754,4,,4,True
2011,4,historica,26,0.3952,0.3681,0.4205,478.0,1618.0,0.3946,0.3785,0.4113,1960,1133,6769,4,,4,True
2011,4,historica,27,0.3849,0.3551,0.4171,454.0,1732.0,0.4136,0.3964,0.4298,1822,1078,6851,4,,4,True
2011,4,historica,29,0.3977,0.371,0.4259,632.0,2359.0,0.4176,0.404,0.4343,2611,1510,9639,4,,4,True
2011,4,historica,30,0.4,0.3711,0.4243,434.0,1184.0,0.4193,0.4003,0.4367,1759,1035,4820,4,,4,True
2011,4,historica,31,0.3751,0.3441,0.4015,406.0,1346.0,0.38,0.3633,0.3972,1645,1035,5361,4,,4,True
2011,4,historica,32,0.4066,0.383,0.434,806.0,1902.0,0.3994,0.3855,0.4129,3209,1988,7715,4,,4,True
2011,4,historica,33,0.3965,0.3826,0.4106,1878.0,6125.0,0.4021,0.3931,0.4114,7508,4671,24667,4,,4,True
2011,4,historica,34,0.3914,0.362,0.4152,522.0,1460.0,0.3871,0.3705,0.4031,2099,1277,6020,4,,4,True
2011,4,historica,36,0.3863,0.3557,0.4099,417.0,1237.0,0.3973,0.3803,0.4148,1724,1029,5047,4,,4,True
2011,4,historica,38,0.4068,0.3643,0.451,468.0,1469.0,0.4043,0.3864,0.421,1956,1146,6111,4,,4,True
2011,4,historica,91,0.4099,0.3775,0.4448,485.0,1526.0,0.412,0.394,0.4312,1969,1171,6113,4,,4,True
2011,4,historica,93,0.4552,0.4164,0.4974,460.0,1432.0,0.4512,0.4321,0.4675,1774,1079,5550,4,,4,True
2012,1,historica,2,0.4121,0.3797,0.4409,486.0,1378.0,0.4159,0.3988,0.4309,2002,1219,5814,4,,4,True
2012,1,historica,3,0.4373,0.4019,0.4712,470.0,1227.0,0.4121,0.3909,0.4303,1977,1156,5196,4,,4,True
2012,1,historica,4,0.3934,0.3714,0.4172,715.0,2100.0,0.396,0.382,0.4091,2993,1808,9077,4,,4,True
2012,1,historica,5,0.4268,0.3994,0.4479,514.0,1613.0,0.4264,0.4093,0.4404,2087,1214,6497,4,,4,True
2012,1,historica,6,0.3961,0.3633,0.4262,467.0,1548.0,0.4115,0.3918,0.4324,1848,1111,5973,4,,4,True
2012,1,historica,7,0.4405,0.4106,0.4673,451.0,1444.0,0.4501,0.4303,0.4727,1844,1110,6027,4,,4,True
2012,1,historica,8,0.3913,0.3664,0.4142,473.0,1596.0,0.4238,0.4068,0.4403,1926,1133,6479,4,,4,True
2012,1,historica,9,0.3732,0.3424,0.3991,353.0,1074.0,0.4097,0.3893,0.4274,1547,960,4820,4,,4,True
2012,1,historica,10,0.3559,0.335,0.3745,662.0,2174.0,0.3764,0.3619,0.3905,2714,1570,8894,4,,4,True
2012,1,historica,12,0.4333,0.4081,0.4607,524.0,1829.0,0.4524,0.433,0.4724,2115,1182,7648,4,,4,True
2012,1,historica,13,0.4133,0.3883,0.438,676.0,2135.0,0.4197,0.401,0.4368,2758,1684,8771,4,,4,True
2012,1,historica,14,0.4311,0.3999,0.4609,506.0,1696.0,0.4214,0.4073,0.4378,2043,1210,6907,4,,4,True
2012,1,historica,15,0.3655,0.3387,0.3898,442.0,1586.0,0.386,0.3703,0.4008,1787,1081,6654,4,,4,True
2012,1,historica,17,0.4096,0.3757,0.4417,401.0,1323.0,0.4167,0.3978,0.4352,1619,1017,5236,4,,4,True
2012,1,historica,18,0.3877,0.3604,0.4121,452.0,1672.0,0.3981,0.383,0.4152,1860,1063,6970,4,,4,True
2012,1,historica,19,0.4188,0.3878,0.4493,478.0,1779.0,0.4317,0.4036,0.4688,1900,1079,7032,4,,4,True
2012,1,historica,20,0.4177,0.3788,0.4581,480.0,1413.0,0.3985,0.38,0.4161,1910,1122,5751,4,,4,True
2012,1,historica,22,0.4897,0.4328,0.5539,473.0,1668.0,0.4556,0.4329,0.4841,1970,1141,7328,4,,4,True
2012,1,historica,23,0.455,0.4249,0.4846,541.0,2075.0,0.4494,0.4321,0.4655,2171,1247,8005,4,,4,True
2012,1,historica,25,0.3975,0.37,0.4247,435.0,1625.0,0.3915,0.3774,0.4052,1786,1053,6592,4,,4,True
2012,1,historica,26,0.4212,0.3899,0.4506,484.0,1696.0,0.3961,0.3773,0.413,1948,1121,6750,4,,4,True
2012,1,historica,27,0.4029,0.3738,0.4295,450.0,1697.0,0.4083,0.3904,0.4228,1808,1081,6788,4,,4,True
2012,1,historica,29,0.4041,0.3805,0.4284,605.0,2309.0,0.4167,0.4004,0.4321,2561,1472,9528,4,,4,True
2012,1,historica,30,0.439,0.3961,0.4973,423.0,1139.0,0.4176,0.3995,0.4361,1769,1039,4811,4,,4,True
2012,1,historica,31,0.387,0.3522,0.4187,379.0,1284.0,0.3842,0.3673,0.4031,1636,1014,5394,4,,4,True
2012,1,historica,32,0.4034,0.3779,0.4274,792.0,1882.0,0.4012,0.388,0.4152,3224,1999,7672,4,,4,True
2012,1,historica,33,0.4132,0.3972,0.4288,1838.0,5850.0,0.404,0.395,0.414,7470,4646,24416,4,,4,True
2012,1,historica,34,0.3831,0.3567,0.4081,503.0,1436.0,0.3866,0.3712,0.4035,2071,1254,5947,4,,4,True
2012,1,historica,36,0.3906,0.3602,0.4241,422.0,1242.0,0.3986,0.3821,0.4163,1695,1034,4960,4,,4,True
2012,1,historica,38,0.4346,0.3994,0.469,460.0,1453.0,0.4128,0.3919,0.4328,1938,1148,6043,4,,4,True
2012,1,historica,91,0.3993,0.3701,0.4268,480.0,1535.0,0.4075,0.3892,0.4255,1961,1158,6152,4,,4,True
2012,1,historica,93,0.4539,0.4278,0.4813,467.0,1379.0,0.4538,0.4346,0.4711,1812,1094,5598,4,,4,True
2012,2,historica,2,0.3631,0.338,0.3848,532.0,1485.0,0.401,0.3864,0.4171,2056,1254,5897,4,,4,True
2012,2,historica,3,0.3878,0.3594,0.4155,474.0,1261.0,0.417,0.3932,0.436,1945,1153,5100,4,,4,True
2012,2,historica,4,0.3597,0.3377,0.3779,738.0,2118.0,0.3876,0.3748,0.4,2964,1829,8875,4,,4,True
2012,2,historica,5,0.4284,0.3981,0.4592,506.0,1541.0,0.4303,0.4144,0.4468,2080,1207,6477,4,,4,True
2012,2,historica,6,0.3892,0.3587,0.4121,504.0,1650.0,0.4012,0.3833,0.4187,1898,1140,6120,4,,4,True
2012,2,historica,7,0.4094,0.3783,0.4383,454.0,1532.0,0.4421,0.4237,0.4611,1823,1080,6041,4,,4,True
2012,2,historica,8,0.3754,0.3526,0.3964,467.0,1564.0,0.408,0.3911,0.4226,1891,1091,6372,4,,4,True
2012,2,historica,9,0.379,0.3426,0.4223,368.0,1146.0,0.3947,0.3744,0.4153,1505,925,4672,4,,4,True
2012,2,historica,10,0.3697,0.3471,0.3918,646.0,2182.0,0.3772,0.364,0.391,2683,1559,8814,4,,4,True
2012,2,historica,12,0.4039,0.3768,0.4299,518.0,1901.0,0.4416,0.4228,0.4587,2089,1175,7521,4,,4,True
2012,2,historica,13,0.3816,0.3568,0.4015,669.0,2185.0,0.4162,0.3998,0.4342,2732,1684,8653,4,,4,True
2012,2,historica,14,0.426,0.4021,0.4496,522.0,1771.0,0.4214,0.4059,0.4366,2039,1195,6944,4,,4,True
2012,2,historica,15,0.3694,0.3425,0.3918,447.0,1627.0,0.384,0.3693,0.3988,1778,1074,6600,4,,4,True
2012,2,historica,17,0.4379,0.3894,0.4761,422.0,1308.0,0.4238,0.4016,0.4455,1629,999,5210,4,,4,True
2012,2,historica,18,0.3937,0.359,0.4309,465.0,1747.0,0.3958,0.3781,0.4105,1837,1054,6884,4,,4,True
2012,2,historica,19,0.3847,0.3586,0.4054,469.0,1694.0,0.4271,0.3982,0.4616,1909,1091,7018,4,,4,True
2012,2,historica,20,0.4263,0.3923,0.4634,480.0,1420.0,0.4092,0.3899,0.4285,1912,1123,5686,4,,4,True
2012,2,historica,22,0.4549,0.4281,0.4796,500.0,1833.0,0.4557,0.4337,0.4779,1957,1143,7251,4,,4,True
2012,2,historica,23,0.417,0.3925,0.4442,535.0,1921.0,0.4422,0.425,0.46,2167,1241,7930,4,,4,True
2012,2,historica,25,0.3775,0.3459,0.4093,432.0,1668.0,0.3852,0.3697,0.4017,1755,1042,6506,4,,4,True
2012,2,historica,26,0.3873,0.3644,0.4096,493.0,1749.0,0.3997,0.3829,0.4162,1941,1126,6717,4,,4,True
2012,2,historica,27,0.4097,0.382,0.4399,447.0,1596.0,0.41,0.3942,0.4271,1793,1047,6652,4,,4,True
2012,2,historica,29,0.4098,0.3849,0.4341,660.0,2403.0,0.4113,0.3969,0.4236,2561,1493,9528,4,,4,True
2012,2,historica,30,0.3844,0.3549,0.4107,449.0,1195.0,0.4061,0.3863,0.4277,1761,1044,4764,4,,4,True
2012,2,historica,31,0.3781,0.3371,0.416,416.0,1335.0,0.3821,0.363,0.4012,1621,1032,5342,4,,4,True
2012,2,historica,32,0.3909,0.3683,0.4115,803.0,1932.0,0.3992,0.3853,0.4132,3204,1988,7657,4,,4,True
2012,2,historica,33,0.4062,0.3908,0.4203,1865.0,6076.0,0.4044,0.3965,0.413,7424,4596,24189,4,,4,True
2012,2,historica,34,0.3517,0.3196,0.3776,488.0,1397.0,0.3831,0.3662,0.401,2033,1245,5803,4,,4,True
2012,2,historica,36,0.3897,0.3497,0.4208,423.0,1238.0,0.3977,0.3786,0.4177,1678,1018,4927,4,,4,True
2012,2,historica,38,0.3828,0.3549,0.4138,488.0,1488.0,0.4079,0.3884,0.429,1923,1150,5969,4,,4,True
2012,2,historica,91,0.4168,0.3936,0.4425,491.0,1531.0,0.4105,0.3937,0.4272,1955,1169,6151,4,,4,True
2012,2,historica,93,0.4521,0.4189,0.4809,465.0,1421.0,0.4571,0.4398,0.4768,1842,1099,5649,4,,4,True
2012,3,historica,2,0.4085,0.3736,0.4397,469.0,1299.0,0.3996,0.3822,0.4144,2015,1221,5696,4,,4,True
2012,3,historica,3,0.4077,0.3737,0.4405,485.0,1284.0,0.4129,0.393,0.4318,1926,1141,5062,4,,4,True
2012,3,historica,4,0.3823,0.3599,0.401,746.0,2255.0,0.3844,0.3725,0.3974,2956,1793,8785,4,,4,True
2012,3,historica,5,0.4367,0.4073,0.4654,522.0,1603.0,0.4295,0.4122,0.4473,2076,1211,6449,4,,4,True
2012,3,historica,6,0.3949,0.368,0.4198,484.0,1528.0,0.3905,0.3715,0.4059,1929,1136,6249,4,,4,True
2012,3,historica,7,0.4321,0.3963,0.462,444.0,1468.0,0.4324,0.4134,0.4507,1812,1083,5943,4,,4,True
2012,3,historica,8,0.3974,0.3683,0.4287,454.0,1511.0,0.3869,0.372,0.4028,1864,1072,6271,4,,4,True
2012,3,historica,9,0.4122,0.3781,0.4398,408.0,1267.0,0.3934,0.3752,0.41,1522,949,4707,4,,4,True
2012,3,historica,10,0.394,0.3702,0.416,668.0,2176.0,0.3777,0.3649,0.3911,2662,1555,8734,4,,4,True
2012,3,historica,12,0.4465,0.4113,0.4708,483.0,1806.0,0.4327,0.415,0.4492,2040,1143,7355,4,,4,True
2012,3,historica,13,0.4157,0.3845,0.4535,720.0,2246.0,0.4067,0.3898,0.4216,2770,1704,8731,4,,4,True
2012,3,historica,14,0.4461,0.4133,0.4809,515.0,1798.0,0.4296,0.4119,0.4453,2048,1197,6995,4,,4,True
2012,3,historica,15,0.3885,0.3534,0.4149,460.0,1681.0,0.3776,0.3607,0.3929,1785,1082,6525,4,,4,True
2012,3,historica,17,0.461,0.4351,0.4879,409.0,1296.0,0.4297,0.4094,0.4519,1636,1024,5222,4,,4,True
2012,3,historica,18,0.4381,0.4124,0.4632,483.0,1793.0,0.4032,0.3874,0.4181,1842,1066,6880,4,,4,True
2012,3,historica,19,0.4453,0.4031,0.4842,460.0,1714.0,0.433,0.4028,0.4715,1888,1069,6956,4,,4,True
2012,3,historica,20,0.4145,0.3847,0.4438,459.0,1380.0,0.4079,0.3889,0.4267,1890,1117,5621,4,,4,True
2012,3,historica,22,0.4967,0.4588,0.5321,510.0,1939.0,0.4684,0.4459,0.4933,1976,1151,7280,4,,4,True
2012,3,historica,23,0.4314,0.402,0.457,540.0,1921.0,0.4362,0.4199,0.4524,2168,1248,7935,4,,4,True
2012,3,historica,25,0.3348,0.3099,0.3594,428.0,1604.0,0.3715,0.3555,0.3872,1735,1031,6462,4,,4,True
2012,3,historica,26,0.3764,0.3514,0.4017,493.0,1729.0,0.396,0.3784,0.4116,1948,1130,6792,4,,4,True
2012,3,historica,27,0.4021,0.368,0.4352,427.0,1562.0,0.4008,0.3828,0.416,1778,1042,6587,4,,4,True
2012,3,historica,29,0.4034,0.3763,0.4304,651.0,2341.0,0.4041,0.3897,0.4174,2548,1473,9412,4,,4,True
2012,3,historica,30,0.3797,0.3561,0.4039,451.0,1170.0,0.4022,0.3823,0.4281,1757,1014,4688,4,,4,True
2012,3,historica,31,0.3958,0.362,0.4206,415.0,1347.0,0.3845,0.365,0.4039,1616,995,5312,4,,4,True
2012,3,historica,32,0.3963,0.3715,0.4169,760.0,1893.0,0.3998,0.3872,0.4129,3161,1971,7609,4,,4,True
2012,3,historica,33,0.4165,0.3992,0.4341,1753.0,5708.0,0.4083,0.3989,0.4181,7334,4548,23759,4,,4,True
2012,3,historica,34,0.3946,0.3567,0.4311,456.0,1317.0,0.3826,0.3648,0.3986,1969,1209,5610,4,,4,True
2012,3,historica,36,0.3922,0.3616,0.4212,406.0,1146.0,0.3916,0.3725,0.4125,1668,1018,4863,4,,4,True
2012,3,historica,38,0.4344,0.3942,0.469,507.0,1548.0,0.4155,0.3939,0.436,1923,1140,5958,4,,4,True
2012,3,historica,91,0.4034,0.3824,0.4235,492.0,1540.0,0.408,0.3925,0.4241,1948,1159,6132,4,,4,True
2012,3,historica,93,0.4505,0.4185,0.4749,445.0,1391.0,0.4538,0.4335,0.4701,1837,1105,5623,4,,4,True
2012,4,historica,2,0.3743,0.3443,0.399,480.0,1301.0,0.3913,0.3766,0.4067,1967,1226,5463,4,,4,True
2012,4,historica,3,0.3959,0.3585,0.4378,488.0,1249.0,0.4093,0.3886,0.4257,1917,1132,5021,4,,4,True
2012,4,historica,4,0.3872,0.3603,0.4099,663.0,1947.0,0.3813,0.369,0.3944,2862,1762,8420,4,,4,True
2012,4,historica,5,0.4109,0.386,0.4358,523.0,1651.0,0.4261,0.41,0.4416,2065,1204,6408,4,,4,True
2012,4,historica,6,0.3602,0.3354,0.389,456.0,1466.0,0.3856,0.3702,0.4018,1911,1119,6192,4,,4,True
2012,4,historica,7,0.4037,0.373,0.4308,431.0,1419.0,0.4219,0.4016,0.4376,1780,1057,5863,4,,4,True
2012,4,historica,8,0.3754,0.3453,0.4009,419.0,1393.0,0.3857,0.37,0.4024,1813,1036,6064,4,,4,True
2012,4,historica,9,0.3894,0.3613,0.4178,411.0,1236.0,0.3891,0.3701,0.4094,1540,943,4723,4,,4,True
2012,4,historica,10,0.3781,0.3565,0.3988,670.0,2159.0,0.3753,0.3618,0.388,2646,1540,8691,4,,4,True
2012,4,historica,12,0.4205,0.3951,0.4461,494.0,1769.0,0.4266,0.4072,0.4435,2019,1124,7305,4,,4,True
2012,4,historica,13,0.4,0.3743,0.4252,685.0,2131.0,0.4031,0.388,0.4181,2750,1699,8697,4,,4,True
2012,4,historica,14,0.4075,0.3791,0.4321,508.0,1718.0,0.4285,0.4125,0.4441,2051,1200,6983,4,,4,True
2012,4,historica,15,0.385,0.3562,0.4112,466.0,1733.0,0.3776,0.3617,0.3925,1815,1081,6627,4,,4,True
2012,4,historica,17,0.4065,0.3729,0.4431,423.0,1330.0,0.432,0.4097,0.4532,1655,1031,5257,4,,4,True
2012,4,historica,18,0.3965,0.3717,0.4248,466.0,1804.0,0.4065,0.3894,0.4221,1866,1075,7016,4,,4,True
2012,4,historica,19,0.4216,0.3821,0.4653,458.0,1670.0,0.4188,0.3968,0.4393,1865,1059,6857,4,,4,True
2012,4,historica,20,0.3692,0.3463,0.3956,457.0,1310.0,0.4085,0.3881,0.4302,1876,1108,5523,4,,4,True
2012,4,historica,22,0.4426,0.4107,0.4699,488.0,1877.0,0.472,0.4484,0.4977,1971,1157,7317,4,,4,True
2012,4,historica,23,0.4174,0.3905,0.4393,537.0,1948.0,0.4306,0.4145,0.4454,2153,1242,7865,4,,4,True
2012,4,historica,25,0.3283,0.305,0.3482,415.0,1518.0,0.3616,0.3466,0.3761,1710,1007,6415,4,,4,True
2012,4,historica,26,0.3819,0.3512,0.4078,487.0,1666.0,0.3924,0.3753,0.4076,1957,1127,6840,4,,4,True
2012,4,historica,27,0.3539,0.3277,0.3791,442.0,1659.0,0.393,0.3747,0.4111,1766,1025,6514,4,,4,True
2012,4,historica,29,0.3934,0.3637,0.4216,633.0,2281.0,0.4032,0.3875,0.4179,2549,1477,9334,4,,4,True
2012,4,historica,30,0.383,0.3579,0.4082,425.0,1093.0,0.398,0.3779,0.4207,1748,1011,4597,4,,4,True
2012,4,historica,31,0.3569,0.3208,0.3922,397.0,1308.0,0.3805,0.3593,0.4018,1607,968,5274,4,,4,True
2012,4,historica,32,0.391,0.3678,0.4145,712.0,1662.0,0.3958,0.3811,0.4086,3067,1920,7369,4,,4,True
2012,4,historica,33,0.3799,0.3662,0.3941,1743.0,5733.0,0.4041,0.395,0.4123,7199,4484,23367,4,,4,True
2012,4,historica,34,0.363,0.3308,0.3946,472.0,1365.0,0.3755,0.3576,0.394,1919,1192,5515,4,,4,True
2012,4,historica,36,0.3437,0.3193,0.3667,389.0,1124.0,0.381,0.3617,0.399,1640,996,4750,4,,4,True
2012,4,historica,38,0.3725,0.3434,0.3986,385.0,1180.0,0.4071,0.386,0.4277,1840,1100,5669,4,,4,True
2012,4,historica,91,0.408,0.3718,0.4396,488.0,1495.0,0.4073,0.3913,0.4233,1951,1156,6101,4,,4,True
2012,4,historica,93,0.4545,0.4199,0.4862,442.0,1394.0,0.4536,0.4347,0.4701,1819,1095,5585,4,,4,True
2013,1,historica,2,0.394,0.3645,0.4183,438.0,1199.0,0.3868,0.3709,0.4014,1919,1199,5284,4,,4,True
2013,1,historica,3,0.3869,0.3506,0.4296,464.0,1169.0,0.3956,0.3738,0.4161,1911,1127,4963,4,,4,True
2013,1,historica,4,0.3927,0.3692,0.4162,764.0,2311.0,0.3811,0.3674,0.3944,2911,1829,8631,4,,4,True
2013,1,historica,5,0.423,0.395,0.4522,498.0,1531.0,0.4253,0.4082,0.4449,2049,1192,6326,4,,4,True
2013,1,historica,6,0.3928,0.3683,0.4173,462.0,1513.0,0.3848,0.3674,0.3991,1906,1125,6157,4,,4,True
2013,1,historica,7,0.4502,0.4101,0.4869,413.0,1349.0,0.4245,0.4026,0.4411,1742,1061,5768,4,,4,True
2013,1,historica,8,0.3735,0.346,0.3975,394.0,1283.0,0.3813,0.3652,0.3942,1734,1013,5751,4,,4,True
2013,1,historica,9,0.3866,0.3528,0.4131,403.0,1160.0,0.3931,0.3749,0.4127,1590,953,4809,4,,4,True
2013,1,historica,10,0.3682,0.3474,0.3869,657.0,2174.0,0.3778,0.364,0.3903,2641,1530,8691,4,,4,True
2013,1,historica,12,0.4415,0.4011,0.4789,501.0,1700.0,0.4293,0.4105,0.4483,1996,1134,7176,4,,4,True
2013,1,historica,13,0.4008,0.3774,0.422,699.0,2190.0,0.3999,0.3833,0.4133,2773,1720,8752,4,,4,True
2013,1,historica,14,0.4513,0.4166,0.4841,519.0,1711.0,0.4336,0.4142,0.4522,2064,1194,6998,4,,4,True
2013,1,historica,15,0.3747,0.3471,0.4044,470.0,1688.0,0.3798,0.3634,0.3942,1843,1100,6729,4,,4,True
2013,1,historica,17,0.418,0.3787,0.4571,413.0,1305.0,0.4341,0.4117,0.4535,1667,1039,5239,4,,4,True
2013,1,historica,18,0.3802,0.3537,0.4057,438.0,1721.0,0.4036,0.3862,0.4193,1852,1067,7065,4,,4,True
2013,1,historica,19,0.355,0.3277,0.3785,468.0,1699.0,0.4038,0.3838,0.4261,1855,1054,6777,4,,4,True
2013,1,historica,20,0.3921,0.3662,0.4135,419.0,1229.0,0.4019,0.385,0.42,1815,1091,5339,4,,4,True
2013,1,historica,22,0.4519,0.4273,0.4779,480.0,1772.0,0.4622,0.4434,0.479,1978,1163,7421,4,,4,True
2013,1,historica,23,0.4294,0.4021,0.458,535.0,2007.0,0.4242,0.4086,0.4395,2147,1245,7797,4,,4,True
2013,1,historica,25,0.389,0.3618,0.4208,457.0,1670.0,0.3589,0.3432,0.3766,1732,1035,6460,4,,4,True
2013,1,historica,26,0.3982,0.3612,0.4294,477.0,1590.0,0.3868,0.3685,0.4017,1950,1124,6734,4,,4,True
2013,1,historica,27,0.3934,0.353,0.428,449.0,1676.0,0.3908,0.3727,0.408,1765,1034,6493,4,,4,True
2013,1,historica,29,0.4301,0.4007,0.4566,644.0,2263.0,0.4098,0.3945,0.4238,2588,1497,9288,4,,4,True
2013,1,historica,30,0.3951,0.3669,0.4197,430.0,1136.0,0.3863,0.3682,0.4016,1755,995,4594,4,,4,True
2013,1,historica,31,0.3782,0.3451,0.4076,400.0,1285.0,0.3782,0.3572,0.3978,1628,971,5275,4,,4,True
2013,1,historica,32,0.4229,0.3957,0.4495,673.0,1628.0,0.4011,0.3879,0.4137,2948,1866,7115,4,,4,True
2013,1,historica,33,0.3937,0.3785,0.4105,1776.0,5879.0,0.3993,0.3898,0.4082,7137,4468,23396,4,,4,True
2013,1,historica,34,0.3991,0.3693,0.4272,451.0,1331.0,0.3796,0.3604,0.3967,1867,1155,5410,4,,4,True
2013,1,historica,36,0.3535,0.3237,0.3842,410.0,1180.0,0.3716,0.3536,0.3888,1628,996,4688,4,,4,True
2013,1,historica,38,0.3984,0.3713,0.4238,497.0,1539.0,0.3979,0.3815,0.4158,1877,1151,5755,4,,4,True
2013,1,historica,91,0.4039,0.3774,0.4315,469.0,1483.0,0.4085,0.3917,0.4238,1940,1142,6049,4,,4,True
2013,1,historica,93,0.4586,0.4258,0.4915,445.0,1368.0,0.4543,0.4367,0.4731,1797,1091,5574,4,,4,True
2013,2,historica,2,0.3764,0.3496,0.4042,514.0,1359.0,0.3909,0.3728,0.4086,1901,1224,5158,4,,4,True
2013,2,historica,3,0.3971,0.365,0.427,499.0,1283.0,0.3979,0.3756,0.4177,1936,1157,4985,4,,4,True
2013,2,historica,4,0.376,0.3533,0.3976,764.0,2294.0,0.3851,0.3733,0.3994,2937,1810,8807,4,,4,True
2013,2,historica,5,0.4092,0.3845,0.4344,475.0,1474.0,0.4206,0.4027,0.4373,2018,1157,6259,4,,4,True
2013,2,historica,6,0.393,0.3662,0.4168,491.0,1612.0,0.3862,0.3688,0.3992,1893,1120,6119,4,,4,True
2013,2,historica,7,0.4513,0.4076,0.496,445.0,1424.0,0.436,0.4135,0.4572,1733,1052,5660,4,,4,True
2013,2,historica,8,0.395,0.3604,0.4275,418.0,1373.0,0.3859,0.3683,0.4032,1685,1008,5560,4,,4,True
2013,2,historica,9,0.399,0.3588,0.4326,372.0,1086.0,0.3985,0.3795,0.4162,1594,949,4749,4,,4,True
2013,2,historica,10,0.3698,0.3488,0.3926,649.0,2017.0,0.3778,0.3644,0.391,2644,1537,8526,4,,4,True
2013,2,historica,12,0.4062,0.3762,0.4304,505.0,1844.0,0.4299,0.4113,0.4464,1983,1124,7119,4,,4,True
2013,2,historica,13,0.3828,0.3634,0.4053,736.0,2298.0,0.4003,0.3852,0.4143,2840,1735,8865,4,,4,True
2013,2,historica,14,0.4444,0.3947,0.5053,519.0,1664.0,0.4383,0.4127,0.4646,2061,1197,6891,4,,4,True
2013,2,historica,15,0.3577,0.3325,0.3838,490.0,1682.0,0.3774,0.3577,0.3925,1886,1124,6784,4,,4,True
2013,2,historica,17,0.4015,0.371,0.4245,402.0,1244.0,0.4235,0.4049,0.4427,1647,1019,5175,4,,4,True
2013,2,historica,18,0.4266,0.3827,0.4612,449.0,1689.0,0.412,0.3937,0.4307,1836,1071,7007,4,,4,True
2013,2,historica,19,0.3866,0.3521,0.4124,478.0,1745.0,0.4042,0.3837,0.4249,1864,1048,6828,4,,4,True
2013,2,historica,20,0.3995,0.3779,0.4222,480.0,1460.0,0.3948,0.3793,0.4095,1815,1106,5379,4,,4,True
2013,2,historica,22,0.428,0.4003,0.4543,488.0,1854.0,0.4557,0.4366,0.4728,1966,1159,7442,4,,4,True
2013,2,historica,23,0.3917,0.3563,0.4286,546.0,1997.0,0.4179,0.4016,0.4347,2158,1235,7873,4,,4,True
2013,2,historica,25,0.3506,0.3283,0.3723,458.0,1722.0,0.3531,0.3387,0.3673,1758,1042,6514,4,,4,True
2013,2,historica,26,0.3848,0.3578,0.408,478.0,1635.0,0.3862,0.3675,0.4036,1935,1097,6620,4,,4,True
2013,2,historica,27,0.3659,0.3413,0.386,434.0,1570.0,0.3798,0.3621,0.3971,1752,1027,6467,4,,4,True
2013,2,historica,29,0.4159,0.3829,0.4488,665.0,2297.0,0.4114,0.3952,0.4264,2593,1504,9182,4,,4,True
2013,2,historica,30,0.3882,0.3567,0.4176,459.0,1162.0,0.3874,0.371,0.4059,1765,1015,4561,4,,4,True
2013,2,historica,31,0.4054,0.3739,0.4321,397.0,1250.0,0.3856,0.3645,0.4033,1609,989,5190,4,,4,True
2013,2,historica,32,0.3868,0.3535,0.427,711.0,1724.0,0.4002,0.3847,0.417,2856,1823,6907,4,,4,True
2013,2,historica,33,0.3848,0.3709,0.399,1763.0,5734.0,0.3941,0.3855,0.4027,7035,4453,23054,4,,4,True
2013,2,historica,34,0.4033,0.3729,0.4314,469.0,1405.0,0.3924,0.3731,0.4093,1848,1142,5418,4,,4,True
2013,2,historica,36,0.3708,0.3461,0.3955,425.0,1219.0,0.367,0.349,0.3844,1630,1008,4669,4,,4,True
2013,2,historica,38,0.3961,0.3578,0.4314,493.0,1515.0,0.4012,0.3797,0.4227,1882,1156,5782,4,,4,True
2013,2,historica,91,0.4154,0.3865,0.4366,463.0,1426.0,0.4081,0.3892,0.4257,1912,1115,5944,4,,4,True
2013,2,historica,93,0.4404,0.409,0.4656,444.0,1359.0,0.4518,0.4339,0.4689,1776,1069,5512,4,,4,True
2013,3,historica,2,0.3934,0.363,0.4212,503.0,1380.0,0.3872,0.3709,0.4024,1935,1230,5239,4,,4,True
2013,3,historica,3,0.3874,0.357,0.4146,499.0,1285.0,0.3923,0.3734,0.4167,1950,1171,4986,4,,4,True
2013,3,historica,4,0.4007,0.3737,0.4293,755.0,2224.0,0.3895,0.3746,0.4044,2946,1795,8776,4,,4,True
2013,3,historica,5,0.4436,0.4122,0.4757,495.0,1541.0,0.4225,0.4045,0.4364,1991,1157,6197,4,,4,True
2013,3,historica,6,0.3814,0.3568,0.4073,474.0,1502.0,0.3832,0.3686,0.3988,1883,1107,6093,4,,4,True
2013,3,historica,7,0.4222,0.39,0.4561,418.0,1430.0,0.4334,0.4083,0.4545,1707,1038,5622,4,,4,True
2013,3,historica,8,0.4242,0.3882,0.4604,394.0,1302.0,0.3934,0.3766,0.412,1625,973,5351,4,,4,True
2013,3,historica,9,0.3814,0.3486,0.4097,377.0,1182.0,0.3906,0.3722,0.4079,1563,953,4664,4,,4,True
2013,3,historica,10,0.3934,0.369,0.4154,668.0,2081.0,0.3777,0.3661,0.3904,2644,1537,8431,4,,4,True
2013,3,historica,12,0.4203,0.3928,0.448,485.0,1818.0,0.4229,0.4056,0.4385,1985,1116,7131,4,,4,True
2013,3,historica,13,0.415,0.3896,0.4432,776.0,2411.0,0.4006,0.3866,0.4151,2896,1783,9030,4,,4,True
2013,3,historica,14,0.4105,0.3826,0.4399,483.0,1646.0,0.4296,0.4016,0.4585,2029,1165,6739,4,,4,True
2013,3,historica,15,0.3768,0.3513,0.3993,476.0,1707.0,0.3746,0.3585,0.3916,1902,1123,6810,4,,4,True
2013,3,historica,17,0.3974,0.3711,0.4264,387.0,1247.0,0.4074,0.3904,0.4263,1625,1011,5126,4,,4,True
2013,3,historica,18,0.43,0.3916,0.4732,448.0,1662.0,0.4097,0.3899,0.43,1801,1044,6876,4,,4,True
2013,3,historica,19,0.3868,0.3571,0.4215,466.0,1700.0,0.3886,0.3705,0.4082,1870,1064,6814,4,,4,True
2013,3,historica,20,0.3972,0.368,0.4269,437.0,1364.0,0.3902,0.3746,0.4055,1793,1076,5363,4,,4,True
2013,3,historica,22,0.4717,0.4187,0.5252,500.0,1896.0,0.4505,0.4297,0.4723,1956,1156,7399,4,,4,True
2013,3,historica,23,0.4177,0.391,0.4443,540.0,1971.0,0.4145,0.3986,0.4294,2158,1270,7923,4,,4,True
2013,3,historica,25,0.3595,0.3309,0.3882,458.0,1727.0,0.3601,0.3442,0.3758,1788,1052,6637,4,,4,True
2013,3,historica,26,0.3831,0.3588,0.4084,481.0,1687.0,0.3875,0.3685,0.4067,1923,1110,6578,4,,4,True
2013,3,historica,27,0.3975,0.3674,0.4194,425.0,1552.0,0.3792,0.3642,0.3952,1750,1033,6457,4,,4,True
2013,3,historica,29,0.3985,0.3726,0.4243,679.0,2383.0,0.4103,0.3929,0.4258,2621,1514,9224,4,,4,True
2013,3,historica,30,0.4118,0.3783,0.4397,421.0,1066.0,0.3953,0.3775,0.4132,1735,986,4457,4,,4,True
2013,3,historica,31,0.4025,0.3611,0.4413,389.0,1264.0,0.3877,0.3663,0.4073,1583,984,5107,4,,4,True
2013,3,historica,32,0.4136,0.3817,0.4482,740.0,1793.0,0.4045,0.3858,0.4226,2836,1832,6807,4,,4,True
2013,3,historica,33,0.4034,0.3896,0.4161,1881.0,6280.0,0.3907,0.383,0.3981,7163,4604,23626,4,,4,True
2013,3,historica,34,0.3631,0.3271,0.3947,442.0,1291.0,0.3846,0.3656,0.3999,1834,1121,5392,4,,4,True
2013,3,historica,36,0.3836,0.3585,0.4068,432.0,1241.0,0.3648,0.3474,0.3792,1656,1004,4764,4,,4,True
2013,3,historica,38,0.3972,0.365,0.4244,506.0,1486.0,0.3918,0.3724,0.4114,1881,1125,5720,4,,4,True
2013,3,historica,91,0.4305,0.4014,0.4569,491.0,1451.0,0.415,0.3955,0.4332,1911,1134,5855,4,,4,True
2013,3,historica,93,0.4391,0.3889,0.493,452.0,1306.0,0.4492,0.4264,0.4728,1783,1079,5427,4,,4,True
2013,4,historica,2,0.396,0.373,0.4186,515.0,1433.0,0.3906,0.3729,0.4062,1970,1224,5371,4,,4,True
2013,4,historica,3,0.3811,0.3557,0.4041,524.0,1361.0,0.3887,0.3707,0.4078,1986,1192,5098,4,,4,True
2013,4,historica,4,0.3617,0.3401,0.3797,722.0,2145.0,0.383,0.3696,0.3951,3005,1791,8974,4,,4,True
2013,4,historica,5,0.4036,0.3754,0.426,488.0,1535.0,0.4207,0.4006,0.4397,1956,1121,6081,4,,4,True
2013,4,historica,6,0.3501,0.3267,0.3737,458.0,1450.0,0.3803,0.3653,0.3953,1885,1112,6077,4,,4,True
2013,4,historica,7,0.4148,0.3827,0.4449,411.0,1332.0,0.4359,0.4132,0.4571,1687,1023,5535,4,,4,True
2013,4,historica,8,0.4033,0.3774,0.4309,389.0,1273.0,0.4007,0.3841,0.4183,1595,958,5231,4,,4,True
2013,4,historica,9,0.3787,0.3488,0.4067,409.0,1284.0,0.3878,0.3663,0.4058,1561,945,4712,4,,4,True
2013,4,historica,10,0.3809,0.3567,0.4064,691.0,2245.0,0.3785,0.3643,0.3902,2665,1552,8517,4,,4,True
2013,4,historica,12,0.428,0.3934,0.4571,468.0,1622.0,0.4246,0.4039,0.4448,1959,1093,6984,4,,4,True
2013,4,historica,13,0.4281,0.4004,0.4535,722.0,2277.0,0.408,0.3935,0.4219,2933,1770,9176,4,,4,True
2013,4,historica,14,0.4019,0.3758,0.4262,471.0,1608.0,0.428,0.4032,0.4544,1992,1136,6629,4,,4,True
2013,4,historica,15,0.4,0.3716,0.425,470.0,1622.0,0.3782,0.3616,0.3941,1906,1132,6699,4,,4,True
2013,4,historica,17,0.3928,0.3641,0.4237,410.0,1256.0,0.4035,0.3857,0.4215,1612,1001,5052,4,,4,True
2013,4,historica,18,0.3876,0.3448,0.43,433.0,1662.0,0.4075,0.3818,0.431,1768,1028,6734,4,,4,True
2013,4,historica,19,0.3729,0.3447,0.3993,466.0,1787.0,0.376,0.3563,0.3915,1878,1083,6931,4,,4,True
2013,4,historica,20,0.3679,0.3371,0.4017,373.0,1099.0,0.3896,0.3746,0.4037,1709,1036,5152,4,,4,True
2013,4,historica,22,0.4221,0.3932,0.4485,494.0,1808.0,0.4452,0.4259,0.4686,1962,1135,7330,4,,4,True
2013,4,historica,23,0.4413,0.411,0.4644,559.0,2089.0,0.4208,0.404,0.4365,2180,1309,8064,4,,4,True
2013,4,historica,25,0.3427,0.3163,0.3656,447.0,1635.0,0.3625,0.3447,0.3785,1820,1064,6754,4,,4,True
2013,4,historica,26,0.3535,0.3317,0.3777,485.0,1657.0,0.3805,0.3638,0.3987,1921,1113,6569,4,,4,True
2013,4,historica,27,0.3993,0.3569,0.4383,451.0,1586.0,0.3902,0.3723,0.4091,1759,1048,6384,4,,4,True
2013,4,historica,29,0.3901,0.3625,0.4109,643.0,2387.0,0.4094,0.3936,0.4242,2631,1517,9330,4,,4,True
2013,4,historica,30,0.3863,0.3585,0.4137,409.0,1021.0,0.3962,0.3778,0.4137,1719,981,4385,4,,4,True
2013,4,historica,31,0.363,0.3275,0.3929,385.0,1200.0,0.3888,0.3669,0.4108,1571,993,4999,4,,4,True
2013,4,historica,32,0.3883,0.3606,0.4135,789.0,1898.0,0.4039,0.3874,0.4211,2913,1859,7043,4,,4,True
2013,4,historica,33,0.3891,0.3753,0.403,2076.0,7127.0,0.3929,0.3847,0.4004,7496,4832,25020,4,,4,True
2013,4,historica,34,0.3703,0.3392,0.3965,426.0,1212.0,0.3864,0.3697,0.4013,1788,1104,5239,4,,4,True
2013,4,historica,36,0.364,0.3333,0.3924,431.0,1262.0,0.3693,0.3514,0.3861,1698,1025,4902,4,,4,True
2013,4,historica,38,0.3995,0.3629,0.4459,500.0,1463.0,0.3985,0.3794,0.4212,1996,1160,6003,4,,4,True
2013,4,historica,91,0.4017,0.3723,0.4285,486.0,1491.0,0.4133,0.3964,0.431,1909,1130,5851,4,,4,True
2013,4,historica,93,0.4282,0.3976,0.4572,485.0,1371.0,0.4423,0.4216,0.4622,1826,1102,5404,4,,4,True
2014,1,historica,2,0.4018,0.3765,0.4273,505.0,1496.0,0.3932,0.3773,0.4084,2037,1343,5668,4,,4,True
2014,1,historica,3,0.3726,0.3409,0.4022,489.0,1281.0,0.3852,0.3661,0.3993,2011,1301,5210,4,,4,True
2014,1,historica,4,0.3701,0.3451,0.3906,706.0,2105.0,0.3772,0.3644,0.3917,2947,1935,8768,4,,4,True
2014,1,historica,5,0.4316,0.3884,0.4856,454.0,1446.0,0.423,0.4026,0.442,1912,1210,5996,4,,4,True
2014,1,historica,6,0.3882,0.3612,0.4116,523.0,1674.0,0.3795,0.3647,0.3943,1946,1274,6238,4,,4,True
2014,1,historica,7,0.42,0.395,0.4448,439.0,1427.0,0.4275,0.4069,0.4458,1713,1146,5613,4,,4,True
2014,1,historica,8,0.4255,0.3851,0.4614,370.0,1265.0,0.4135,0.3979,0.4315,1571,1048,5213,4,,4,True
2014,1,historica,9,0.4139,0.3766,0.4469,405.0,1225.0,0.3956,0.3757,0.4138,1563,1027,4777,4,,4,True
2014,1,historica,10,0.3986,0.3737,0.4228,696.0,2318.0,0.3862,0.3715,0.3989,2704,1718,8661,4,,4,True
2014,1,historica,12,0.418,0.3875,0.4466,464.0,1532.0,0.4204,0.4008,0.4381,1922,1200,6816,4,,4,True
2014,1,historica,13,0.4322,0.4078,0.4533,751.0,2388.0,0.4154,0.4009,0.4291,2985,1992,9374,4,,4,True
2014,1,historica,14,0.4294,0.4017,0.4568,461.0,1467.0,0.4237,0.4023,0.4497,1934,1242,6385,4,,4,True
2014,1,historica,15,0.3951,0.368,0.4212,453.0,1632.0,0.3848,0.368,0.3991,1889,1222,6643,4,,4,True
2014,1,historica,17,0.4356,0.3998,0.4645,365.0,1095.0,0.4084,0.3897,0.425,1564,1060,4842,4,,4,True
2014,1,historica,18,0.3915,0.3674,0.415,445.0,1723.0,0.4102,0.3865,0.4326,1775,1142,6736,4,,4,True
2014,1,historica,19,0.4061,0.3692,0.4405,460.0,1798.0,0.3899,0.3718,0.408,1870,1178,7030,4,,4,True
2014,1,historica,20,0.3897,0.3618,0.421,369.0,1077.0,0.3891,0.3724,0.4047,1659,1099,5000,4,,4,True
2014,1,historica,22,0.4217,0.3928,0.4485,496.0,1768.0,0.4375,0.4135,0.4578,1978,1262,7326,4,,4,True
2014,1,historica,23,0.4435,0.4188,0.4687,614.0,2464.0,0.4247,0.4083,0.4415,2259,1496,8521,4,,4,True
2014,1,historica,25,0.3787,0.3551,0.4041,468.0,1681.0,0.3607,0.3457,0.3743,1831,1167,6765,4,,4,True
2014,1,historica,26,0.3736,0.3489,0.3949,486.0,1631.0,0.3742,0.358,0.3905,1930,1232,6610,4,,4,True
2014,1,historica,27,0.4187,0.3801,0.454,501.0,1831.0,0.3976,0.3771,0.4144,1811,1196,6539,4,,4,True
2014,1,historica,29,0.3807,0.3573,0.4,659.0,2535.0,0.3975,0.3826,0.4114,2646,1670,9602,4,,4,True
2014,1,historica,30,0.4089,0.3802,0.4342,420.0,1061.0,0.3996,0.3822,0.416,1709,1079,4310,4,,4,True
2014,1,historica,31,0.3961,0.3727,0.4208,421.0,1343.0,0.3928,0.3739,0.4123,1592,1101,5057,4,,4,True
2014,1,historica,32,0.4011,0.3712,0.4271,848.0,2077.0,0.398,0.3818,0.416,3088,2142,7492,4,,4,True
2014,1,historica,33,0.4005,0.3854,0.4133,2258.0,7599.0,0.3947,0.3869,0.403,7978,5531,26740,4,,4,True
2014,1,historica,34,0.3605,0.335,0.3843,405.0,1056.0,0.3755,0.3601,0.3927,1742,1172,4964,4,,4,True
2014,1,historica,36,0.4202,0.3876,0.4484,425.0,1235.0,0.3863,0.3689,0.403,1713,1112,4957,4,,4,True
2014,1,historica,38,0.4029,0.3723,0.4397,500.0,1533.0,0.3996,0.3795,0.4196,1999,1279,5997,4,,4,True
2014,1,historica,91,0.4139,0.3816,0.4417,468.0,1473.0,0.4161,0.4007,0.4318,1908,1235,5841,4,,4,True
2014,1,historica,93,0.4295,0.3989,0.4562,473.0,1356.0,0.435,0.4164,0.4547,1854,1232,5392,4,,4,True
2014,2,historica,2,0.3945,0.3688,0.422,497.0,1447.0,0.3975,0.3824,0.4129,2020,1342,5756,4,,4,True
2014,2,historica,3,0.378,0.3515,0.4043,554.0,1431.0,0.3804,0.3651,0.396,2066,1364,5358,4,,4,True
2014,2,historica,4,0.388,0.3639,0.4082,740.0,2150.0,0.3803,0.3667,0.392,2923,1953,8624,4,,4,True
2014,2,historica,5,0.3904,0.363,0.4177,485.0,1551.0,0.4185,0.3956,0.4402,1922,1232,6073,4,,4,True
2014,2,historica,6,0.3948,0.3665,0.4253,516.0,1591.0,0.3803,0.3654,0.3965,1971,1273,6217,4,,4,True
2014,2,historica,7,0.4139,0.3881,0.4365,469.0,1553.0,0.4185,0.4012,0.4358,1737,1153,5742,4,,4,True
2014,2,historica,8,0.3892,0.3567,0.4147,405.0,1448.0,0.4117,0.3927,0.4291,1558,1057,5288,4,,4,True
2014,2,historica,9,0.4083,0.377,0.4355,393.0,1243.0,0.3986,0.3801,0.4196,1584,1036,4934,4,,4,True
2014,2,historica,10,0.3922,0.3705,0.4135,740.0,2540.0,0.3916,0.3768,0.4065,2795,1765,9184,4,,4,True
2014,2,historica,12,0.3841,0.3568,0.4076,491.0,1626.0,0.4147,0.3958,0.4326,1908,1202,6598,4,,4,True
2014,2,historica,13,0.4109,0.3887,0.4312,756.0,2471.0,0.4219,0.4077,0.4349,3005,2001,9547,4,,4,True
2014,2,historica,14,0.4193,0.3874,0.4463,454.0,1415.0,0.4174,0.3997,0.435,1869,1184,6136,4,,4,True
2014,2,historica,15,0.3697,0.3479,0.3938,460.0,1823.0,0.3872,0.3722,0.401,1859,1228,6784,4,,4,True
2014,2,historica,17,0.4186,0.3861,0.4448,385.0,1199.0,0.4126,0.3956,0.4292,1547,1052,4797,4,,4,True
2014,2,historica,18,0.4164,0.3893,0.4449,482.0,1823.0,0.4073,0.3866,0.4297,1808,1179,6870,4,,4,True
2014,2,historica,19,0.3978,0.3654,0.4305,457.0,1798.0,0.3939,0.3759,0.4112,1849,1182,7083,4,,4,True
2014,2,historica,20,0.3909,0.3615,0.4155,381.0,1253.0,0.3869,0.3698,0.4036,1560,1044,4793,4,,4,True
2014,2,historica,22,0.3838,0.3561,0.4088,513.0,1850.0,0.4265,0.4078,0.4475,2003,1291,7322,4,,4,True
2014,2,historica,23,0.4421,0.4009,0.4872,694.0,2748.0,0.4371,0.4192,0.4543,2407,1566,9272,4,,4,True
2014,2,historica,25,0.3483,0.3236,0.372,510.0,1792.0,0.3603,0.3454,0.3756,1883,1206,6835,4,,4,True
2014,2,historica,26,0.3865,0.3609,0.4118,475.0,1613.0,0.3751,0.358,0.3907,1927,1229,6588,4,,4,True
2014,2,historica,27,0.3714,0.3483,0.3938,506.0,1870.0,0.3981,0.3778,0.4183,1883,1198,6839,4,,4,True
2014,2,historica,29,0.3918,0.369,0.4156,688.0,2545.0,0.391,0.3782,0.4041,2669,1706,9850,4,,4,True
2014,2,historica,30,0.3768,0.3521,0.4018,428.0,1099.0,0.3965,0.3758,0.4166,1678,1088,4247,4,,4,True
2014,2,historica,31,0.3954,0.3602,0.434,444.0,1356.0,0.3905,0.367,0.4078,1639,1116,5163,4,,4,True
2014,2,historica,32,0.3834,0.3596,0.4084,940.0,2324.0,0.397,0.3808,0.4138,3317,2269,8092,4,,4,True
2014,2,historica,33,0.3991,0.3856,0.4151,2471.0,8389.0,0.3982,0.3909,0.4067,8686,5967,29395,4,,4,True
2014,2,historica,34,0.3968,0.3621,0.4251,438.0,1170.0,0.3748,0.3581,0.3895,1711,1173,4729,4,,4,True
2014,2,historica,36,0.4334,0.4037,0.4672,513.0,1451.0,0.4025,0.3856,0.4209,1801,1208,5189,4,,4,True
2014,2,historica,38,0.4005,0.3756,0.4251,515.0,1626.0,0.4005,0.3822,0.4187,2021,1294,6108,4,,4,True
2014,2,historica,91,0.4143,0.3796,0.4453,468.0,1430.0,0.4158,0.3992,0.4313,1913,1254,5845,4,,4,True
2014,2,historica,93,0.4263,0.3981,0.4523,512.0,1487.0,0.4314,0.4123,0.4505,1922,1275,5520,4,,4,True
2014,3,historica,2,0.4297,0.4031,0.455,535.0,1525.0,0.4066,0.3898,0.4231,2052,1238,5901,4,,4,True
2014,3,historica,3,0.4047,0.3788,0.4283,545.0,1436.0,0.3849,0.3691,0.4008,2112,1277,5509,4,,4,True
2014,3,historica,4,0.3711,0.3514,0.3903,726.0,2163.0,0.3736,0.3607,0.3868,2894,1757,8563,4,,4,True
2014,3,historica,5,0.4036,0.3806,0.4265,527.0,1608.0,0.4079,0.3903,0.4275,1954,1159,6140,4,,4,True
2014,3,historica,6,0.3745,0.3497,0.3975,507.0,1514.0,0.3788,0.3636,0.3942,2004,1172,6229,4,,4,True
2014,3,historica,7,0.4074,0.3781,0.4343,478.0,1584.0,0.4147,0.3984,0.4318,1797,1084,5896,4,,4,True
2014,3,historica,8,0.401,0.3729,0.4279,405.0,1396.0,0.4063,0.3871,0.424,1569,967,5382,4,,4,True
2014,3,historica,9,0.4042,0.3789,0.4287,426.0,1437.0,0.4041,0.3848,0.4201,1633,1004,5189,4,,4,True
2014,3,historica,10,0.3913,0.3685,0.4136,724.0,2378.0,0.3912,0.3765,0.4057,2851,1640,9481,4,,4,True
2014,3,historica,12,0.4215,0.3952,0.4466,487.0,1585.0,0.4148,0.3957,0.4324,1910,1104,6365,4,,4,True
2014,3,historica,13,0.4241,0.4005,0.4444,785.0,2592.0,0.4242,0.4113,0.4378,3014,1829,9728,4,,4,True
2014,3,historica,14,0.4034,0.3711,0.4324,438.0,1415.0,0.4145,0.3948,0.4349,1824,1052,5905,4,,4,True
2014,3,historica,15,0.3896,0.3596,0.4143,467.0,1755.0,0.3899,0.3753,0.4046,1850,1119,6832,4,,4,True
2014,3,historica,17,0.436,0.3993,0.463,407.0,1279.0,0.4218,0.4041,0.4373,1567,1010,4829,4,,4,True
2014,3,historica,18,0.3927,0.3698,0.415,464.0,1775.0,0.3989,0.3819,0.4158,1824,1078,6983,4,,4,True
2014,3,historica,19,0.4152,0.3813,0.4469,478.0,1800.0,0.4002,0.3806,0.4199,1861,1076,7183,4,,4,True
2014,3,historica,20,0.4085,0.3749,0.4355,394.0,1240.0,0.3925,0.3718,0.4105,1517,920,4669,4,,4,True
2014,3,historica,22,0.4279,0.4028,0.449,532.0,1984.0,0.4158,0.4008,0.4296,2035,1180,7410,4,,4,True
2014,3,historica,23,0.4255,0.4042,0.4456,710.0,2673.0,0.4387,0.4222,0.4554,2577,1507,9974,4,,4,True
2014,3,historica,25,0.367,0.3409,0.3913,528.0,1823.0,0.3603,0.3456,0.3761,1953,1108,6931,4,,4,True
2014,3,historica,26,0.3857,0.3593,0.4115,483.0,1654.0,0.3757,0.36,0.394,1929,1133,6555,4,,4,True
2014,3,historica,27,0.4155,0.3855,0.4407,508.0,1806.0,0.4026,0.3842,0.418,1966,1157,7093,4,,4,True
2014,3,historica,29,0.3746,0.3547,0.3947,730.0,2652.0,0.3851,0.3726,0.3972,2720,1575,10119,4,,4,True
2014,3,historica,30,0.3773,0.3474,0.4035,413.0,1106.0,0.3881,0.3694,0.4067,1670,968,4287,4,,4,True
2014,3,historica,31,0.3876,0.3534,0.4196,440.0,1359.0,0.3865,0.3678,0.4062,1690,1044,5258,4,,4,True
2014,3,historica,32,0.4351,0.4056,0.4633,951.0,2393.0,0.4028,0.3868,0.418,3528,2273,8692,4,,4,True
2014,3,historica,33,0.407,0.3952,0.4189,2467.0,8341.0,0.3992,0.3914,0.407,9272,5930,31456,4,,4,True
2014,3,historica,34,0.4222,0.382,0.455,451.0,1284.0,0.3894,0.3694,0.4028,1720,1096,4722,4,,4,True
2014,3,historica,36,0.4055,0.3771,0.4364,509.0,1413.0,0.4078,0.3886,0.4231,1878,1136,5361,4,,4,True
2014,3,historica,38,0.4105,0.3799,0.4442,524.0,1620.0,0.4039,0.3849,0.4224,2039,1182,6242,4,,4,True
2014,3,historica,91,0.405,0.3781,0.4276,472.0,1404.0,0.4098,0.3928,0.4252,1894,1142,5798,4,,4,True
2014,3,historica,93,0.3817,0.3568,0.4098,530.0,1524.0,0.4171,0.4006,0.4325,2000,1220,5738,4,,4,True
2014,4,historica,2,0.4066,0.3821,0.4338,529.0,1533.0,0.4089,0.3938,0.4243,2066,1250,6001,4,,4,True
2014,4,historica,3,0.3732,0.3438,0.3983,556.0,1426.0,0.3828,0.3688,0.3986,2144,1288,5574,4,,4,True
2014,4,historica,4,0.3617,0.3435,0.3785,727.0,2195.0,0.3734,0.3614,0.3841,2899,1773,8613,4,,4,True
2014,4,historica,5,0.402,0.3739,0.4304,522.0,1614.0,0.4074,0.3907,0.428,1988,1177,6219,4,,4,True
2014,4,historica,6,0.3604,0.3333,0.3879,497.0,1496.0,0.38,0.3659,0.3943,2043,1178,6275,4,,4,True
2014,4,historica,7,0.4099,0.3794,0.4371,475.0,1512.0,0.4134,0.398,0.4267,1861,1102,6076,4,,4,True
2014,4,historica,8,0.3975,0.3676,0.4252,398.0,1284.0,0.4045,0.3861,0.4228,1578,963,5393,4,,4,True
2014,4,historica,9,0.3784,0.3522,0.4046,454.0,1486.0,0.4019,0.3838,0.4183,1678,1026,5391,4,,4,True
2014,4,historica,10,0.3871,0.3646,0.4087,706.0,2237.0,0.3926,0.3754,0.4057,2866,1655,9473,4,,4,True
2014,4,historica,12,0.4273,0.4,0.4556,503.0,1626.0,0.4148,0.3988,0.4311,1945,1114,6369,4,,4,True
2014,4,historica,13,0.4261,0.4017,0.4484,739.0,2380.0,0.4238,0.4107,0.4372,3031,1830,9831,4,,4,True
2014,4,historica,14,0.4018,0.3678,0.4385,436.0,1453.0,0.4145,0.3945,0.4345,1789,1031,5750,4,,4,True
2014,4,historica,15,0.347,0.3228,0.3692,464.0,1602.0,0.3766,0.363,0.3906,1844,1103,6812,4,,4,True
2014,4,historica,17,0.3837,0.3517,0.408,403.0,1214.0,0.419,0.4005,0.4351,1560,998,4787,4,,4,True
2014,4,historica,18,0.4155,0.3674,0.4677,465.0,1792.0,0.4059,0.3864,0.423,1856,1087,7113,4,,4,True
2014,4,historica,19,0.3802,0.3556,0.404,473.0,1757.0,0.4004,0.3831,0.4189,1868,1079,7153,4,,4,True
2014,4,historica,20,0.3698,0.3401,0.3949,399.0,1225.0,0.3922,0.3751,0.4099,1543,920,4795,4,,4,True
2014,4,historica,22,0.4012,0.373,0.4332,515.0,1978.0,0.4105,0.3959,0.427,2056,1192,7580,4,,4,True
2014,4,historica,23,0.4485,0.4119,0.4849,731.0,2854.0,0.4404,0.4236,0.4575,2749,1579,10739,4,,4,True
2014,4,historica,25,0.3711,0.3461,0.3996,524.0,1907.0,0.3667,0.3529,0.381,2030,1142,7203,4,,4,True
2014,4,historica,26,0.3849,0.3592,0.4083,475.0,1605.0,0.3833,0.3667,0.3981,1919,1126,6503,4,,4,True
2014,4,historica,27,0.4109,0.3764,0.4438,523.0,1855.0,0.4054,0.3864,0.4237,2038,1195,7362,4,,4,True
2014,4,historica,29,0.3909,0.3669,0.4156,723.0,2709.0,0.3854,0.372,0.3992,2800,1593,10441,4,,4,True
2014,4,historica,30,0.3559,0.3291,0.3775,434.0,1149.0,0.3814,0.364,0.3982,1695,980,4415,4,,4,True
2014,4,historica,31,0.3862,0.3567,0.407,402.0,1285.0,0.3919,0.3722,0.4112,1707,1041,5343,4,,4,True
2014,4,historica,32,0.3855,0.3587,0.4076,913.0,2236.0,0.4021,0.386,0.4178,3652,2324,9030,4,,4,True
2014,4,historica,33,0.3962,0.3846,0.4095,2479.0,8433.0,0.4009,0.3945,0.408,9675,6165,32762,4,,4,True
2014,4,historica,34,0.4104,0.3783,0.4384,444.0,1231.0,0.3989,0.3822,0.4153,1738,1095,4741,4,,4,True
2014,4,historica,36,0.4214,0.3681,0.4884,505.0,1466.0,0.4213,0.4009,0.4418,1952,1162,5565,4,,4,True
2014,4,historica,38,0.41,0.381,0.4335,521.0,1574.0,0.4068,0.3896,0.4231,2060,1190,6353,4,,4,True
2014,4,historica,91,0.4182,0.3886,0.4512,446.0,1353.0,0.4137,0.3956,0.4287,1854,1117,5660,4,,4,True
2014,4,historica,93,0.4028,0.3749,0.4292,528.0,1492.0,0.411,0.3948,0.4278,2043,1237,5859,4,,4,True
2015,1,historica,2,0.3971,0.3712,0.4212,496.0,1451.0,0.4079,0.3914,0.4234,2057,1238,5956,4,,4,True
2015,1,historica,3,0.3828,0.352,0.4153,532.0,1354.0,0.385,0.3706,0.3998,2187,1304,5647,4,,4,True
2015,1,historica,4,0.3764,0.3523,0.4018,733.0,2174.0,0.3749,0.3634,0.3859,2926,1777,8682,4,,4,True
2015,1,historica,5,0.4104,0.384,0.4329,579.0,1715.0,0.4022,0.3873,0.4189,2113,1254,6488,4,,4,True
2015,1,historica,6,0.3768,0.3487,0.3993,513.0,1513.0,0.3772,0.3609,0.3906,2033,1185,6114,4,,4,True
2015,1,historica,7,0.4144,0.3843,0.4429,453.0,1429.0,0.4119,0.3964,0.4275,1875,1124,6078,4,,4,True
2015,1,historica,8,0.3553,0.3276,0.3805,375.0,1192.0,0.3889,0.3731,0.406,1583,960,5320,4,,4,True
2015,1,historica,9,0.4083,0.3791,0.4402,440.0,1325.0,0.4009,0.3829,0.4172,1713,1044,5491,4,,4,True
2015,1,historica,10,0.394,0.3681,0.4185,706.0,2346.0,0.392,0.3775,0.4059,2876,1683,9501,4,,4,True
2015,1,historica,12,0.4115,0.3862,0.4357,510.0,1681.0,0.4117,0.3936,0.4283,1991,1132,6518,4,,4,True
2015,1,historica,13,0.4329,0.4108,0.456,697.0,2217.0,0.424,0.4095,0.4379,2977,1807,9660,4,,4,True
2015,1,historica,14,0.4045,0.3806,0.4294,441.0,1408.0,0.4079,0.3886,0.4258,1769,1016,5691,4,,4,True
2015,1,historica,15,0.3751,0.3501,0.3985,440.0,1542.0,0.3714,0.3559,0.3865,1831,1111,6722,4,,4,True
2015,1,historica,17,0.4003,0.3741,0.4253,411.0,1263.0,0.4111,0.3946,0.428,1606,1033,4955,4,,4,True
2015,1,historica,18,0.4265,0.3954,0.4559,479.0,1903.0,0.4146,0.394,0.4353,1890,1116,7293,4,,4,True
2015,1,historica,19,0.3558,0.3368,0.3755,464.0,1750.0,0.388,0.3728,0.4043,1872,1090,7105,4,,4,True
2015,1,historica,20,0.3682,0.3364,0.3964,368.0,1143.0,0.3867,0.3685,0.4058,1542,904,4861,4,,4,True
2015,1,historica,22,0.4007,0.3693,0.4245,516.0,1803.0,0.4054,0.3907,0.421,2076,1193,7615,4,,4,True
2015,1,historica,23,0.4063,0.3834,0.4305,720.0,2909.0,0.4311,0.4111,0.4487,2855,1653,11184,4,,4,True
2015,1,historica,25,0.3816,0.3575,0.4062,502.0,1844.0,0.3674,0.3531,0.3817,2064,1157,7366,4,,4,True
2015,1,historica,26,0.3752,0.3529,0.398,494.0,1663.0,0.3835,0.3674,0.4018,1927,1129,6535,4,,4,True
2015,1,historica,27,0.4029,0.375,0.4316,550.0,1966.0,0.4013,0.3835,0.4168,2087,1242,7497,4,,4,True
2015,1,historica,29,0.3902,0.3671,0.4128,672.0,2534.0,0.387,0.3736,0.3991,2813,1606,10440,4,,4,True
2015,1,historica,30,0.3841,0.3505,0.4132,435.0,1100.0,0.376,0.3588,0.3926,1710,969,4454,4,,4,True
2015,1,historica,31,0.3879,0.3604,0.4168,392.0,1188.0,0.3897,0.3723,0.4076,1678,1039,5188,4,,4,True
2015,1,historica,32,0.4009,0.3747,0.4261,874.0,2160.0,0.4022,0.3858,0.4189,3678,2368,9113,4,,4,True
2015,1,historica,33,0.4034,0.3916,0.4146,2553.0,8588.0,0.4016,0.3951,0.4089,9970,6465,33751,4,,4,True
2015,1,historica,34,0.3755,0.3464,0.4022,432.0,1140.0,0.4024,0.3826,0.4194,1765,1098,4825,4,,4,True
2015,1,historica,36,0.4165,0.3865,0.4454,503.0,1450.0,0.4202,0.3991,0.4447,2030,1177,5780,4,,4,True
2015,1,historica,38,0.4061,0.3757,0.4333,523.0,1664.0,0.4075,0.3907,0.4251,2083,1208,6484,4,,4,True
2015,1,historica,91,0.4745,0.4279,0.5322,424.0,1256.0,0.4304,0.4088,0.4537,1810,1099,5443,4,,4,True
2015,1,historica,93,0.4208,0.388,0.4512,516.0,1474.0,0.4086,0.3918,0.4252,2086,1247,5977,4,,4,True
2015,2,historica,2,0.3751,0.3473,0.4028,420.0,1147.0,0.403,0.3857,0.4209,1980,1234,5656,4,,4,True
2015,2,historica,3,0.3658,0.34,0.3891,565.0,1409.0,0.3819,0.3656,0.3971,2198,1304,5625,4,,4,True
2015,2,historica,4,0.3728,0.352,0.3913,706.0,2055.0,0.3713,0.3598,0.383,2892,1745,8587,4,,4,True
2015,2,historica,5,0.3942,0.3697,0.4201,588.0,1793.0,0.4029,0.3877,0.4153,2216,1299,6730,4,,4,True
2015,2,historica,6,0.384,0.3564,0.4133,514.0,1466.0,0.3743,0.3585,0.3877,2031,1197,5989,4,,4,True
2015,2,historica,7,0.4212,0.3922,0.4532,461.0,1529.0,0.4138,0.3971,0.4306,1867,1102,6054,4,,4,True
2015,2,historica,8,0.3684,0.3404,0.3947,422.0,1413.0,0.3832,0.3673,0.3978,1600,969,5285,4,,4,True
2015,2,historica,9,0.3906,0.3651,0.4174,435.0,1315.0,0.3963,0.3778,0.4132,1755,1050,5563,4,,4,True
2015,2,historica,10,0.3924,0.3696,0.4163,720.0,2389.0,0.392,0.3783,0.4075,2856,1670,9350,4,,4,True
2015,2,historica,12,0.3783,0.3552,0.4022,500.0,1614.0,0.4102,0.3944,0.4262,2000,1116,6506,4,,4,True
2015,2,historica,13,0.42,0.3972,0.4394,751.0,2346.0,0.4262,0.4123,0.4388,2972,1814,9535,4,,4,True
2015,2,historica,14,0.397,0.3695,0.4239,440.0,1354.0,0.4024,0.3836,0.419,1755,1006,5630,4,,4,True
2015,2,historica,15,0.3463,0.3247,0.367,449.0,1614.0,0.3656,0.3514,0.3811,1820,1114,6513,4,,4,True
2015,2,historica,17,0.3935,0.3653,0.4233,385.0,1174.0,0.4048,0.3892,0.4231,1606,1011,4930,4,,4,True
2015,2,historica,18,0.3793,0.3513,0.401,461.0,1743.0,0.405,0.3847,0.4267,1869,1083,7213,4,,4,True
2015,2,historica,19,0.3577,0.3316,0.3851,463.0,1772.0,0.378,0.3601,0.3937,1878,1089,7079,4,,4,True
2015,2,historica,20,0.3865,0.3504,0.4145,396.0,1231.0,0.3852,0.3669,0.4024,1557,935,4839,4,,4,True
2015,2,historica,22,0.3742,0.3486,0.3978,508.0,1780.0,0.4033,0.3884,0.4177,2071,1198,7545,4,,4,True
2015,2,historica,23,0.4031,0.3785,0.4279,720.0,2798.0,0.4214,0.4061,0.4383,2881,1687,11234,4,,4,True
2015,2,historica,25,0.3601,0.3367,0.3808,517.0,1910.0,0.3705,0.3574,0.3864,2071,1168,7484,4,,4,True
2015,2,historica,26,0.371,0.3427,0.4003,486.0,1682.0,0.3797,0.3645,0.3949,1938,1118,6604,4,,4,True
2015,2,historica,27,0.3855,0.3619,0.4116,558.0,1946.0,0.4043,0.3882,0.42,2139,1280,7573,4,,4,True
2015,2,historica,29,0.3857,0.364,0.4072,667.0,2412.0,0.3856,0.3739,0.3976,2792,1598,10307,4,,4,True
2015,2,historica,30,0.3885,0.3643,0.4123,426.0,1115.0,0.3775,0.3614,0.3958,1708,968,4470,4,,4,True
2015,2,historica,31,0.371,0.3407,0.4002,411.0,1204.0,0.3837,0.3649,0.402,1645,1027,5036,4,,4,True
2015,2,historica,32,0.3972,0.3753,0.4201,924.0,2288.0,0.4058,0.3899,0.4208,3662,2362,9077,4,,4,True
2015,2,historica,33,0.3866,0.3744,0.3989,2566.0,8649.0,0.3985,0.3917,0.4051,10065,6491,34011,4,,4,True
2015,2,historica,34,0.3919,0.3647,0.4216,421.0,1121.0,0.4009,0.3833,0.416,1748,1087,4776,4,,4,True
2015,2,historica,36,0.4175,0.3916,0.4431,503.0,1355.0,0.4158,0.3936,0.4415,2020,1187,5684,4,,4,True
2015,2,historica,38,0.4061,0.3749,0.4444,528.0,1646.0,0.4088,0.3904,0.4299,2096,1215,6504,4,,4,True
2015,2,historica,91,0.4301,0.4005,0.4545,465.0,1326.0,0.4337,0.4124,0.456,1807,1088,5339,4,,4,True
2015,2,historica,93,0.3849,0.3605,0.4117,499.0,1432.0,0.3982,0.3818,0.4143,2073,1251,5922,4,,4,True
2016,2,regular,2,0.4255,0.378,0.4635,297.0,1308.0,,,,297,0,784,1,menos de 400 hogares en la ventana,1,False
2016,2,regular,3,0.3777,0.3365,0.4083,332.0,1412.0,,,,332,0,814,1,menos de 400 hogares en la ventana,1,False
2016,2,regular,4,0.4343,0.3882,0.472,337.0,1945.0,,,,337,0,865,1,menos de 400 hogares en la ventana,1,False
2016,2,regular,5,0.3634,0.336,0.3851,520.0,1658.0,0.3634,0.336,0.3851,520,519,1525,1,,1,False
2016,2,regular,6,0.3241,0.2998,0.3445,429.0,1467.0,0.3241,0.2998,0.3445,429,429,1080,1,,1,False
2016,2,regular,7,0.4323,0.3965,0.4639,414.0,1562.0,0.4323,0.3965,0.4639,414,412,1368,1,,1,False
2016,2,regular,8,0.3566,0.3209,0.3874,363.0,1441.0,,,,363,0,1236,1,menos de 400 hogares en la ventana,1,False
2016,2,regular,9,0.3708,0.3433,0.3985,330.0,1351.0,,,,330,0,994,1,menos de 400 hogares en la ventana,1,False
2016,2,regular,10,0.3806,0.3551,0.4043,592.0,2260.0,0.3806,0.3551,0.4043,592,590,1915,1,,1,False
2016,2,regular,12,0.4021,0.37,0.4359,327.0,1572.0,,,,327,0,1065,1,menos de 400 hogares en la ventana,1,False
2016,2,regular,13,0.4096,0.3815,0.4368,539.0,2304.0,0.4096,0.3815,0.4368,539,537,1623,1,,1,False
2016,2,regular,14,0.3942,0.3584,0.4307,393.0,1446.0,,,,393,0,1280,1,menos de 400 hogares en la ventana,1,False
2016,2,regular,15,0.3646,0.3301,0.3925,312.0,1356.0,,,,312,0,1086,1,menos de 400 hogares en la ventana,1,False
2016,2,regular,17,0.3748,0.3204,0.4222,172.0,1086.0,,,,172,0,472,1,menos de 400 hogares en la ventana,1,False
2016,2,regular,18,0.3357,0.3098,0.3568,398.0,1725.0,,,,398,0,1471,1,menos de 400 hogares en la ventana,1,False
2016,2,regular,19,0.3442,0.321,0.3644,510.0,1827.0,0.3442,0.321,0.3644,510,492,1821,1,,1,False
2016,2,regular,20,0.3833,0.3494,0.4152,303.0,1090.0,,,,303,0,885,1,menos de 400 hogares en la ventana,1,False
2016,2,regular,22,0.4108,0.3857,0.4349,481.0,1899.0,0.4108,0.3857,0.4349,481,476,1706,1,,1,False
2016,2,regular,23,0.4078,0.3811,0.4378,690.0,2838.0,0.4078,0.3811,0.4378,690,670,2786,1,,1,False
2016,2,regular,25,0.3111,0.2868,0.3294,371.0,1866.0,,,,371,0,1294,1,menos de 400 hogares en la ventana,1,False
2016,2,regular,26,0.3671,0.3426,0.3908,480.0,1612.0,0.3671,0.3426,0.3908,480,480,1595,1,,1,False
2016,2,regular,27,0.4087,0.3765,0.4372,456.0,1635.0,0.4087,0.3765,0.4372,456,452,1539,1,,1,False
2016,2,regular,29,0.3952,0.3652,0.4193,530.0,2538.0,0.3952,0.3652,0.4193,530,523,1933,1,,1,False
2016,2,regular,30,0.4127,0.3762,0.442,303.0,1054.0,,,,303,0,803,1,menos de 400 hogares en la ventana,1,False
2016,2,regular,31,0.3724,0.3372,0.4014,396.0,1333.0,,,,396,0,1197,1,menos de 400 hogares en la ventana,1,False
2016,2,regular,32,0.395,0.368,0.4218,671.0,2396.0,0.395,0.368,0.4218,671,663,1572,1,,1,False
2016,2,regular,33,0.4137,0.3953,0.4312,1934.0,8810.0,0.4137,0.3953,0.4312,1934,1929,6123,1,,1,False
2016,2,regular,34,0.3935,0.353,0.4268,276.0,1283.0,,,,276,0,705,1,menos de 400 hogares en la ventana,1,False
2016,2,regular,36,0.3963,0.3642,0.4231,399.0,1417.0,,,,399,0,1065,1,menos de 400 hogares en la ventana,1,False
2016,2,regular,38,0.3841,0.3544,0.4142,418.0,1668.0,0.3841,0.3544,0.4142,418,417,1264,1,,1,False
2016,2,regular,91,0.4245,0.3925,0.4516,402.0,1374.0,0.4245,0.3925,0.4516,402,401,1152,1,,1,False
2016,2,regular,93,0.3774,0.3364,0.4128,256.0,1278.0,,,,256,0,749,1,menos de 400 hogares en la ventana,1,False
2016,3,regular,2,0.4364,0.392,0.4802,273.0,1238.0,0.4326,0.3957,0.4668,570,479,1475,2,,2,False
2016,3,regular,3,0.3784,0.3408,0.4094,352.0,1458.0,0.3785,0.3525,0.4047,684,546,1673,2,,2,False
2016,3,regular,4,0.4225,0.3907,0.4551,339.0,2045.0,0.4291,0.4013,0.4554,676,584,1758,2,,2,False
2016,3,regular,5,0.3787,0.3538,0.4078,507.0,1704.0,0.3716,0.351,0.3933,1027,790,3085,2,,2,False
2016,3,regular,6,0.3652,0.3339,0.3887,343.0,1481.0,0.3462,0.3253,0.3652,772,624,1926,2,,2,False
2016,3,regular,7,0.4471,0.414,0.4807,391.0,1460.0,0.4402,0.4135,0.4663,805,627,2633,2,,2,False
2016,3,regular,8,0.3611,0.3382,0.3835,380.0,1469.0,0.3593,0.3376,0.38,743,586,2532,2,,2,False
2016,3,regular,9,0.3884,0.3457,0.423,291.0,1308.0,0.3799,0.3529,0.4039,621,484,1886,2,,2,False
2016,3,regular,10,0.3911,0.3632,0.415,571.0,2153.0,0.386,0.3666,0.4055,1163,927,3734,2,,2,False
2016,3,regular,12,0.3975,0.3618,0.4278,312.0,1524.0,0.4004,0.371,0.4258,639,498,2043,2,,2,False
2016,3,regular,13,0.4574,0.4278,0.4858,524.0,2380.0,0.4341,0.4099,0.4572,1063,868,3247,2,,2,False
2016,3,regular,14,0.446,0.4088,0.4777,390.0,1463.0,0.4218,0.3952,0.451,783,614,2550,2,,2,False
2016,3,regular,15,0.3992,0.3717,0.4299,364.0,1387.0,0.384,0.3601,0.4074,676,557,2357,2,,2,False
2016,3,regular,17,0.4001,0.3357,0.4549,155.0,1047.0,,,,327,0,899,2,menos de 400 hogares en la ventana,2,False
2016,3,regular,18,0.39,0.3612,0.4155,334.0,1537.0,0.3641,0.3463,0.3835,732,595,2686,2,,2,False
2016,3,regular,19,0.3896,0.3652,0.4133,491.0,1752.0,0.3688,0.3482,0.3883,1001,745,3568,2,,2,False
2016,3,regular,20,0.3848,0.346,0.4217,282.0,1107.0,0.3845,0.3553,0.4091,585,451,1742,2,,2,False
2016,3,regular,22,0.4099,0.3867,0.4318,505.0,1974.0,0.411,0.3897,0.4289,986,746,3562,2,,2,False
2016,3,regular,23,0.4491,0.4251,0.4749,705.0,2789.0,0.4297,0.4085,0.4509,1395,1038,5502,2,,2,False
2016,3,regular,25,0.3049,0.2831,0.3264,367.0,1849.0,0.3083,0.2896,0.3245,738,567,2556,2,,2,False
2016,3,regular,26,0.3765,0.3522,0.3972,487.0,1648.0,0.372,0.3514,0.3907,967,749,3236,2,,2,False
2016,3,regular,27,0.4087,0.3817,0.4286,464.0,1726.0,0.4094,0.3874,0.4297,920,742,3143,2,,2,False
2016,3,regular,29,0.3841,0.3601,0.4064,603.0,2497.0,0.3898,0.3693,0.4105,1133,881,4106,2,,2,False
2016,3,regular,30,0.4694,0.4253,0.514,208.0,1101.0,0.4435,0.4152,0.4755,511,436,1354,2,,2,False
2016,3,regular,31,0.3766,0.3486,0.4038,431.0,1350.0,0.3747,0.3499,0.3962,827,649,2499,2,,2,False
2016,3,regular,32,0.4321,0.399,0.4608,659.0,2367.0,0.4143,0.3928,0.4392,1330,1107,3073,2,,2,False
2016,3,regular,33,0.4288,0.4135,0.4457,1890.0,8815.0,0.4214,0.4085,0.4358,3824,3147,11988,2,,2,False
2016,3,regular,34,0.4335,0.3939,0.4688,267.0,1305.0,0.4149,0.3841,0.4425,543,453,1384,2,,2,False
2016,3,regular,36,0.4315,0.3985,0.4595,406.0,1457.0,0.4148,0.3915,0.4364,805,640,2154,2,,2,False
2016,3,regular,38,0.422,0.3865,0.4553,380.0,1560.0,0.4039,0.3776,0.4262,798,646,2362,2,,2,False
2016,3,regular,91,0.4345,0.3994,0.4692,421.0,1314.0,0.4298,0.4029,0.4576,823,637,2347,2,,2,False
2016,3,regular,93,0.3633,0.3274,0.3954,296.0,1285.0,0.373,0.3448,0.3981,552,473,1591,2,,2,False
2016,4,regular,2,0.4001,0.3555,0.4394,263.0,1272.0,0.4223,0.3931,0.4504,833,672,2191,3,,3,False
2016,4,regular,3,0.3819,0.348,0.4118,310.0,1462.0,0.3799,0.3579,0.4005,994,737,2483,3,,3,False
2016,4,regular,4,0.387,0.3366,0.4348,338.0,1880.0,0.4158,0.3905,0.4398,1014,822,2664,3,,3,False
2016,4,regular,5,0.3667,0.3401,0.392,489.0,1651.0,0.3703,0.3528,0.387,1516,1051,4541,3,,3,False
2016,4,regular,6,0.3384,0.3067,0.3675,332.0,1521.0,0.3438,0.3288,0.3628,1104,830,2813,3,,3,False
2016,4,regular,7,0.396,0.3621,0.4258,435.0,1483.0,0.426,0.4055,0.4473,1240,894,4005,3,,3,False
2016,4,regular,8,0.3624,0.3352,0.3907,371.0,1333.0,0.3608,0.344,0.3746,1114,781,3729,3,,3,False
2016,4,regular,9,0.361,0.3312,0.3906,330.0,1393.0,0.3745,0.3554,0.3938,951,706,2928,3,,3,False
2016,4,regular,10,0.3929,0.3647,0.4214,570.0,2161.0,0.3885,0.3727,0.4054,1733,1246,5516,3,,3,False
2016,4,regular,12,0.4025,0.3642,0.4354,318.0,1552.0,0.4013,0.3783,0.4227,957,685,3023,3,,3,False
2016,4,regular,13,0.4469,0.414,0.4816,488.0,2432.0,0.4386,0.4207,0.4564,1551,1180,4817,3,,3,False
2016,4,regular,14,0.4448,0.414,0.4721,400.0,1451.0,0.43,0.4086,0.4545,1183,828,3863,3,,3,False
2016,4,regular,15,0.3332,0.3063,0.3562,372.0,1356.0,0.3688,0.3518,0.3863,1048,788,3619,3,,3,False
2016,4,regular,17,0.3465,0.3088,0.3835,173.0,1111.0,0.3761,0.3453,0.409,500,439,1364,3,,3,False
2016,4,regular,18,0.4281,0.358,0.4738,275.0,1528.0,0.388,0.3608,0.414,1007,775,3689,3,,3,False
2016,4,regular,19,0.3827,0.3578,0.4058,486.0,1782.0,0.3739,0.3558,0.3903,1487,1013,5342,3,,3,False
2016,4,regular,20,0.3596,0.3265,0.3903,275.0,1059.0,0.3768,0.355,0.3973,860,623,2601,3,,3,False
2016,4,regular,22,0.4058,0.3723,0.4388,516.0,1970.0,0.4095,0.3928,0.4258,1502,1021,5482,3,,3,False
2016,4,regular,23,0.4178,0.3916,0.4475,666.0,2551.0,0.4259,0.4088,0.4447,2061,1381,7975,3,,3,False
2016,4,regular,25,0.3299,0.3063,0.3498,362.0,1772.0,0.3161,0.3011,0.3292,1100,783,3820,3,,3,False
2016,4,regular,26,0.3566,0.331,0.3771,491.0,1614.0,0.367,0.3495,0.3819,1458,998,4828,3,,3,False
2016,4,regular,27,0.3569,0.3301,0.3828,440.0,1664.0,0.3946,0.3792,0.4103,1360,978,4691,3,,3,False
2016,4,regular,29,0.3925,0.3669,0.4175,643.0,2451.0,0.3908,0.3732,0.4059,1776,1268,6392,3,,3,False
2016,4,regular,30,0.4199,0.3727,0.4585,200.0,1125.0,0.4359,0.4073,0.4611,711,573,1885,3,,3,False
2016,4,regular,31,0.3542,0.3278,0.3811,392.0,1146.0,0.3692,0.3499,0.3886,1219,863,3573,3,,3,False
2016,4,regular,32,0.4086,0.3738,0.4406,634.0,2327.0,0.4125,0.3924,0.4324,1964,1520,4525,3,,3,False
2016,4,regular,33,0.4066,0.3918,0.4224,1765.0,8468.0,0.4166,0.4054,0.4271,5589,4347,17394,3,,3,False
2016,4,regular,34,0.4335,0.3662,0.5011,261.0,1253.0,0.4217,0.39,0.4508,804,630,2035,3,,3,False
2016,4,regular,36,0.4328,0.3952,0.4815,388.0,1362.0,0.4218,0.3991,0.4421,1193,864,3157,3,,3,False
2016,4,regular,38,0.4039,0.3668,0.4323,354.0,1595.0,0.4076,0.387,0.4288,1152,868,3346,3,,3,False
2016,4,regular,91,0.4233,0.3909,0.4497,389.0,1318.0,0.4279,0.404,0.449,1212,850,3496,3,,3,False
2016,4,regular,93,0.3992,0.3623,0.4368,252.0,1111.0,0.3832,0.3594,0.4052,804,631,2291,3,,3,False
2017,1,regular,2,0.3701,0.3235,0.4168,215.0,1276.0,0.4136,0.388,0.4371,1048,779,2733,4,,4,False
2017,1,regular,3,0.4184,0.3791,0.4547,281.0,1428.0,0.391,0.3704,0.413,1275,873,3214,4,,4,False
2017,1,regular,4,0.426,0.3839,0.4647,405.0,2024.0,0.4187,0.3934,0.4395,1419,1081,3792,4,,4,False
2017,1,regular,5,0.3884,0.362,0.4137,510.0,1649.0,0.3754,0.3611,0.3923,2026,1226,6054,4,,4,False
2017,1,regular,6,0.4034,0.3559,0.4553,367.0,1626.0,0.3602,0.341,0.3792,1471,994,3827,4,,4,False
2017,1,regular,7,0.4186,0.3881,0.4498,406.0,1489.0,0.4243,0.4023,0.4432,1646,1024,5324,4,,4,False
2017,1,regular,8,0.3864,0.3529,0.4178,346.0,1224.0,0.3673,0.3499,0.3852,1460,917,4872,4,,4,False
2017,1,regular,9,0.3833,0.3526,0.4114,321.0,1269.0,0.377,0.3587,0.3929,1272,843,3927,4,,4,False
2017,1,regular,10,0.4159,0.3885,0.443,594.0,2177.0,0.3957,0.3787,0.4097,2327,1458,7401,4,,4,False
2017,1,regular,12,0.4442,0.3894,0.4884,321.0,1584.0,0.4128,0.3878,0.4363,1278,813,4049,4,,4,False
2017,1,regular,13,0.4358,0.3987,0.4702,509.0,2451.0,0.4385,0.4224,0.4545,2060,1427,6426,4,,4,False
2017,1,regular,14,0.4466,0.4169,0.4738,425.0,1415.0,0.4343,0.4147,0.4549,1608,984,5232,4,,4,False
2017,1,regular,15,0.3417,0.3144,0.3664,415.0,1510.0,0.3623,0.345,0.3768,1463,990,5054,4,,4,False
2017,1,regular,17,0.34,0.2961,0.3798,163.0,1112.0,0.3676,0.3411,0.3951,663,544,1829,4,,4,False
2017,1,regular,18,0.3809,0.3382,0.4263,332.0,1733.0,0.3881,0.3592,0.4126,1339,916,4928,4,,4,False
2017,1,regular,19,0.4182,0.3765,0.4768,495.0,1758.0,0.3862,0.366,0.4074,1982,1165,7100,4,,4,False
2017,1,regular,20,0.3721,0.3298,0.406,252.0,963.0,0.3762,0.357,0.3945,1112,712,3337,4,,4,False
2017,1,regular,22,0.4305,0.4019,0.4553,461.0,1907.0,0.4158,0.3985,0.4304,1963,1167,7170,4,,4,False
2017,1,regular,23,0.414,0.3908,0.4325,715.0,2743.0,0.4241,0.4075,0.44,2776,1611,10661,4,,4,False
2017,1,regular,25,0.3744,0.3435,0.4001,335.0,1767.0,0.3335,0.3186,0.3471,1435,928,4960,4,,4,False
2017,1,regular,26,0.3732,0.3493,0.3977,473.0,1622.0,0.3686,0.352,0.3853,1931,1134,6374,4,,4,False
2017,1,regular,27,0.3824,0.3567,0.4089,492.0,1725.0,0.392,0.3766,0.4071,1852,1181,6345,4,,4,False
2017,1,regular,29,0.3952,0.3745,0.418,610.0,2507.0,0.392,0.3794,0.4063,2386,1485,8600,4,,4,False
2017,1,regular,30,0.478,0.4266,0.5212,205.0,1088.0,0.4486,0.4234,0.4743,916,690,2414,4,,4,False
2017,1,regular,31,0.3632,0.3347,0.3861,373.0,1148.0,0.3683,0.3529,0.3861,1592,987,4678,4,,4,False
2017,1,regular,32,0.3917,0.3615,0.4195,619.0,2254.0,0.4078,0.3898,0.4257,2583,1837,5932,4,,4,False
2017,1,regular,33,0.4294,0.4116,0.445,1790.0,8587.0,0.4198,0.4109,0.4294,7379,5256,23008,4,,4,False
2017,1,regular,34,0.4147,0.3616,0.4533,281.0,1217.0,0.4203,0.3914,0.4458,1085,784,2738,4,,4,False
2017,1,regular,36,0.4432,0.4078,0.4691,393.0,1359.0,0.4274,0.4083,0.4478,1586,1029,4191,4,,4,False
2017,1,regular,38,0.4055,0.3697,0.4373,349.0,1583.0,0.4074,0.388,0.4265,1501,1009,4308,4,,4,False
2017,1,regular,91,0.4311,0.3954,0.4617,362.0,1280.0,0.4292,0.4086,0.4508,1574,987,4560,4,,4,False
2017,1,regular,93,0.379,0.3453,0.4086,311.0,1200.0,0.3823,0.3623,0.4035,1115,789,3184,4,,4,False
2017,2,regular,2,0.4229,0.3798,0.4631,274.0,1420.0,0.4136,0.3843,0.439,1025,790,2686,4,,4,False
2017,2,regular,3,0.3596,0.3241,0.3897,295.0,1352.0,0.3863,0.365,0.4064,1238,869,3132,4,,4,False
2017,2,regular,4,0.3963,0.3609,0.4331,432.0,2118.0,0.4091,0.3837,0.4306,1514,1120,4103,4,,4,False
2017,2,regular,5,0.3703,0.3472,0.3934,531.0,1740.0,0.3771,0.3634,0.3909,2037,1235,6113,4,,4,False
2017,2,regular,6,0.4015,0.3611,0.4474,408.0,1588.0,0.3797,0.3536,0.4087,1450,963,3815,4,,4,False
2017,2,regular,7,0.3986,0.3638,0.4269,416.0,1484.0,0.4159,0.397,0.4336,1648,1023,5281,4,,4,False
2017,2,regular,8,0.3471,0.3211,0.3711,348.0,1234.0,0.3649,0.348,0.3793,1445,908,4814,4,,4,False
2017,2,regular,9,0.3509,0.3151,0.3889,321.0,1295.0,0.373,0.3519,0.3919,1263,840,3926,4,,4,False
2017,2,regular,10,0.3974,0.3682,0.4285,594.0,2259.0,0.3998,0.3828,0.4148,2329,1458,7416,4,,4,False
2017,2,regular,12,0.4043,0.3547,0.4518,301.0,1509.0,0.4133,0.385,0.4403,1252,789,3944,4,,4,False
2017,2,regular,13,0.4051,0.3706,0.4458,719.0,2528.0,0.4377,0.4197,0.458,2240,1514,7062,4,,4,False
2017,2,regular,14,0.4058,0.3804,0.4307,431.0,1429.0,0.4372,0.4196,0.4576,1646,981,5319,4,,4,False
2017,2,regular,15,0.364,0.3349,0.3914,384.0,1425.0,0.3621,0.3456,0.3771,1535,1000,5297,4,,4,False
2017,2,regular,17,0.3786,0.3457,0.4069,313.0,1177.0,0.3684,0.3465,0.3902,804,651,2276,4,,4,False
2017,2,regular,18,0.419,0.387,0.446,384.0,1754.0,0.4084,0.3833,0.4322,1325,902,4895,4,,4,False
2017,2,regular,19,0.365,0.3419,0.3896,505.0,1712.0,0.3897,0.3701,0.407,1977,1152,6991,4,,4,False
2017,2,regular,20,0.3532,0.3151,0.385,240.0,949.0,0.3687,0.3475,0.3882,1049,680,3132,4,,4,False
2017,2,regular,22,0.4084,0.381,0.4321,502.0,1899.0,0.4152,0.3996,0.4316,1984,1193,7249,4,,4,False
2017,2,regular,23,0.4318,0.4057,0.458,698.0,2751.0,0.4291,0.4147,0.443,2784,1630,10534,4,,4,False
2017,2,regular,25,0.3135,0.2904,0.3369,348.0,1677.0,0.3333,0.315,0.3462,1412,895,4849,4,,4,False
2017,2,regular,26,0.3995,0.3528,0.4561,475.0,1627.0,0.3775,0.3576,0.3984,1926,1131,6355,4,,4,False
2017,2,regular,27,0.341,0.3143,0.3685,547.0,1928.0,0.3762,0.3609,0.391,1943,1232,6687,4,,4,False
2017,2,regular,29,0.3475,0.3245,0.3681,595.0,2570.0,0.3808,0.3672,0.3935,2451,1514,8877,4,,4,False
2017,2,regular,30,0.4322,0.3793,0.4766,214.0,1022.0,0.4524,0.425,0.4789,827,624,2115,4,,4,False
2017,2,regular,31,0.3886,0.3631,0.4127,401.0,1307.0,0.3727,0.354,0.389,1597,998,4676,4,,4,False
2017,2,regular,32,0.4103,0.3726,0.4457,645.0,2354.0,0.4116,0.3953,0.4282,2557,1835,5888,4,,4,False
2017,2,regular,33,0.4202,0.4049,0.4352,1942.0,8900.0,0.4214,0.4125,0.4304,7387,5286,23082,4,,4,False
2017,2,regular,34,0.4152,0.3681,0.4506,249.0,1129.0,0.4251,0.3975,0.454,1058,765,2626,4,,4,False
2017,2,regular,36,0.4199,0.3863,0.4487,408.0,1447.0,0.4331,0.4129,0.4536,1595,1057,4201,4,,4,False
2017,2,regular,38,0.3906,0.3442,0.423,352.0,1533.0,0.4079,0.3874,0.4271,1435,980,4048,4,,4,False
2017,2,regular,91,0.4308,0.3966,0.4553,406.0,1338.0,0.431,0.4114,0.4495,1578,1002,4579,4,,4,False
2017,2,regular,93,0.3603,0.3257,0.3874,320.0,1300.0,0.3778,0.3554,0.399,1179,808,3403,4,,4,False
2017,3,regular,2,0.3895,0.3541,0.4188,279.0,1368.0,0.3986,0.3748,0.4219,1031,769,2722,4,,4,False
2017,3,regular,3,0.372,0.3354,0.4125,313.0,1446.0,0.3845,0.3627,0.405,1199,834,3070,4,,4,False
2017,3,regular,4,0.4271,0.3872,0.4681,538.0,2062.0,0.4098,0.3851,0.4322,1713,1251,4702,4,,4,False
2017,3,regular,5,0.3732,0.35,0.3947,523.0,1698.0,0.3758,0.3608,0.392,2053,1228,6123,4,,4,False
2017,3,regular,6,0.3939,0.3632,0.4267,417.0,1605.0,0.3873,0.3611,0.4158,1524,1013,4052,4,,4,False
2017,3,regular,7,0.3994,0.3727,0.4228,391.0,1408.0,0.4035,0.3831,0.4244,1648,1024,5223,4,,4,False
2017,3,regular,8,0.3693,0.3398,0.396,334.0,1284.0,0.3672,0.3511,0.3848,1399,904,4665,4,,4,False
2017,3,regular,9,0.3459,0.3114,0.3707,319.0,1275.0,0.3618,0.3416,0.3794,1291,833,3977,4,,4,False
2017,3,regular,10,0.3971,0.373,0.4212,575.0,2119.0,0.4012,0.3837,0.416,2333,1479,7411,4,,4,False
2017,3,regular,12,0.4036,0.3538,0.4634,287.0,1521.0,0.4149,0.3837,0.4454,1227,777,3868,4,,4,False
2017,3,regular,13,0.4304,0.4066,0.4521,744.0,2500.0,0.4307,0.4126,0.4456,2460,1603,7770,4,,4,False
2017,3,regular,14,0.4296,0.3919,0.4661,437.0,1427.0,0.433,0.4125,0.4508,1693,1010,5432,4,,4,False
2017,3,regular,15,0.3668,0.3434,0.3867,381.0,1409.0,0.354,0.3405,0.3681,1552,1003,5335,4,,4,False
2017,3,regular,17,0.3972,0.3569,0.4331,293.0,1102.0,0.3692,0.3491,0.3848,942,722,2708,4,,4,False
2017,3,regular,18,0.4511,0.4088,0.4972,364.0,1547.0,0.4242,0.3956,0.4528,1355,892,4983,4,,4,False
2017,3,regular,19,0.393,0.3717,0.4128,490.0,1759.0,0.3906,0.3733,0.4119,1976,1144,6964,4,,4,False
2017,3,regular,20,0.3917,0.3532,0.4222,255.0,984.0,0.3717,0.3493,0.3916,1022,656,3022,4,,4,False
2017,3,regular,22,0.4362,0.4112,0.4588,503.0,1904.0,0.4216,0.4053,0.4379,1982,1185,7228,4,,4,False
2017,3,regular,23,0.4354,0.4095,0.462,731.0,2752.0,0.4258,0.4096,0.4385,2810,1612,10501,4,,4,False
2017,3,regular,25,0.3252,0.2962,0.3515,344.0,1612.0,0.3376,0.3216,0.3541,1389,883,4725,4,,4,False
2017,3,regular,26,0.3836,0.3576,0.4059,471.0,1603.0,0.3793,0.3603,0.3996,1910,1145,6256,4,,4,False
2017,3,regular,27,0.4223,0.3931,0.4516,569.0,2019.0,0.38,0.3632,0.3943,2048,1292,7044,4,,4,False
2017,3,regular,29,0.374,0.3492,0.3982,556.0,2419.0,0.3783,0.365,0.3915,2404,1485,8658,4,,4,False
2017,3,regular,30,0.4579,0.4183,0.4971,254.0,1100.0,0.4497,0.4246,0.4802,873,661,2222,4,,4,False
2017,3,regular,31,0.3803,0.3535,0.4099,387.0,1233.0,0.3743,0.3598,0.3896,1553,975,4533,4,,4,False
2017,3,regular,32,0.4085,0.3843,0.4287,683.0,2467.0,0.4056,0.3894,0.4252,2581,1851,6043,4,,4,False
2017,3,regular,33,0.4134,0.3969,0.4276,1857.0,8459.0,0.4176,0.4095,0.427,7354,5239,22851,4,,4,False
2017,3,regular,34,0.4046,0.3569,0.4455,245.0,1210.0,0.4183,0.3926,0.4462,1036,748,2541,4,,4,False
2017,3,regular,36,0.4048,0.3701,0.4428,469.0,1379.0,0.4263,0.4038,0.4502,1658,1083,4364,4,,4,False
2017,3,regular,38,0.4134,0.3777,0.4455,390.0,1434.0,0.4044,0.3812,0.4252,1445,993,4011,4,,4,False
2017,3,regular,91,0.4169,0.3836,0.4494,424.0,1360.0,0.4266,0.4072,0.4457,1581,1010,4593,4,,4,False
2017,3,regular,93,0.3625,0.3344,0.3879,328.0,1256.0,0.3764,0.3554,0.3983,1211,806,3485,4,,4,False
2017,4,regular,2,0.4489,0.3993,0.4914,224.0,1316.0,0.4148,0.3886,0.4386,992,758,2578,4,,4,False
2017,4,regular,3,0.3643,0.3303,0.3924,300.0,1493.0,0.38,0.3584,0.4011,1189,835,3052,4,,4,False
2017,4,regular,4,0.3532,0.3255,0.3774,488.0,1864.0,0.4017,0.3793,0.429,1863,1303,5113,4,,4,False
2017,4,regular,5,0.3741,0.3479,0.3989,532.0,1676.0,0.3777,0.3625,0.3933,2096,1253,6221,4,,4,False
2017,4,regular,6,0.3536,0.3275,0.3789,442.0,1677.0,0.3899,0.3666,0.4201,1634,1073,4346,4,,4,False
2017,4,regular,7,0.3797,0.3528,0.4034,421.0,1449.0,0.3997,0.3831,0.416,1634,1026,5180,4,,4,False
2017,4,regular,8,0.411,0.3748,0.4409,362.0,1302.0,0.3794,0.3608,0.3971,1390,904,4696,4,,4,False
2017,4,regular,9,0.3325,0.3016,0.3591,339.0,1280.0,0.3553,0.3345,0.3748,1300,828,3962,4,,4,False
2017,4,regular,10,0.3976,0.367,0.4232,612.0,2064.0,0.4026,0.3872,0.4171,2375,1487,7482,4,,4,False
2017,4,regular,12,0.3851,0.3488,0.4159,312.0,1564.0,0.4105,0.3807,0.4395,1221,779,3879,4,,4,False
2017,4,regular,13,0.4735,0.4204,0.542,721.0,2428.0,0.4377,0.413,0.4646,2693,1672,8421,4,,4,False
2017,4,regular,14,0.4286,0.3859,0.4727,423.0,1409.0,0.4291,0.4097,0.4513,1716,1009,5440,4,,4,False
2017,4,regular,15,0.3461,0.3151,0.3691,403.0,1498.0,0.3562,0.3413,0.37,1583,1023,5445,4,,4,False
2017,4,regular,17,0.3758,0.3404,0.4077,287.0,1102.0,0.3758,0.3559,0.396,1056,777,3097,4,,4,False
2017,4,regular,18,0.3883,0.3387,0.4374,357.0,1514.0,0.4135,0.3893,0.4357,1437,947,5212,4,,4,False
2017,4,regular,19,0.4022,0.3738,0.4274,522.0,1820.0,0.3955,0.3774,0.4145,2012,1155,7007,4,,4,False
2017,4,regular,20,0.3642,0.3269,0.4029,265.0,989.0,0.3734,0.3538,0.3937,1012,667,2917,4,,4,False
2017,4,regular,22,0.405,0.3798,0.4312,502.0,1888.0,0.4212,0.4076,0.4345,1968,1170,7170,4,,4,False
2017,4,regular,23,0.4167,0.3945,0.4375,752.0,2778.0,0.4249,0.4117,0.439,2896,1661,10758,4,,4,False
2017,4,regular,25,0.3383,0.3118,0.3637,353.0,1629.0,0.3391,0.3229,0.355,1380,863,4584,4,,4,False
2017,4,regular,26,0.3389,0.3101,0.3654,479.0,1618.0,0.3749,0.3545,0.3975,1898,1141,6192,4,,4,False
2017,4,regular,27,0.3674,0.3397,0.3943,549.0,1957.0,0.3796,0.3635,0.3938,2157,1318,7390,4,,4,False
2017,4,regular,29,0.3712,0.3443,0.3978,520.0,2356.0,0.3729,0.3591,0.3856,2281,1431,8121,4,,4,False
2017,4,regular,30,0.4419,0.3968,0.474,319.0,1097.0,0.4545,0.4267,0.4791,992,743,2511,4,,4,False
2017,4,regular,31,0.3808,0.3516,0.4052,375.0,1137.0,0.3787,0.3637,0.3927,1536,972,4541,4,,4,False
2017,4,regular,32,0.3697,0.3431,0.3983,606.0,2210.0,0.3963,0.3793,0.4133,2553,1818,5984,4,,4,False
2017,4,regular,33,0.4046,0.3869,0.4211,1746.0,8413.0,0.4171,0.4082,0.427,7335,5239,22796,4,,4,False
2017,4,regular,34,0.4181,0.3663,0.4828,267.0,1233.0,0.4148,0.3862,0.4403,1042,758,2587,4,,4,False
2017,4,regular,36,0.3973,0.3688,0.4245,492.0,1341.0,0.4177,0.398,0.4356,1762,1118,4676,4,,4,False
2017,4,regular,38,0.3766,0.3455,0.4035,415.0,1481.0,0.3975,0.3773,0.4182,1506,1018,4170,4,,4,False
2017,4,regular,91,0.4267,0.395,0.4574,425.0,1369.0,0.4271,0.4072,0.4445,1617,1037,4660,4,,4,False
2017,4,regular,93,0.3653,0.3289,0.3967,353.0,1229.0,0.3677,0.3506,0.3852,1312,881,3716,4,,4,False
2018,1,regular,2,0.4267,0.3921,0.4599,289.0,1290.0,0.4258,0.4024,0.4459,1066,819,2850,4,,4,False
2018,1,regular,3,0.3897,0.3512,0.4263,283.0,1328.0,0.3723,0.3526,0.3913,1191,848,3063,4,,4,False
2018,1,regular,4,0.3665,0.3383,0.3881,514.0,1991.0,0.3872,0.3662,0.4067,1972,1371,5413,4,,4,False
2018,1,regular,5,0.3892,0.3608,0.4134,459.0,1651.0,0.3773,0.3628,0.3935,2045,1226,6054,4,,4,False
2018,1,regular,6,0.3838,0.355,0.4057,399.0,1700.0,0.3848,0.3675,0.4027,1666,1090,4391,4,,4,False
2018,1,regular,7,0.4248,0.3887,0.4557,396.0,1410.0,0.4014,0.383,0.4157,1624,1021,5120,4,,4,False
2018,1,regular,8,0.3945,0.3624,0.4265,428.0,1437.0,0.3831,0.3644,0.4037,1472,966,4954,4,,4,False
2018,1,regular,9,0.3533,0.3238,0.3832,310.0,1208.0,0.3463,0.327,0.3646,1289,820,3883,4,,4,False
2018,1,regular,10,0.4129,0.3868,0.4404,595.0,2131.0,0.402,0.3856,0.4184,2376,1490,7437,4,,4,False
2018,1,regular,12,0.4236,0.3776,0.4648,236.0,1318.0,0.4053,0.3792,0.4361,1136,749,3522,4,,4,False
2018,1,regular,13,0.4404,0.4135,0.4677,714.0,2458.0,0.4385,0.417,0.4635,2898,1777,9005,4,,4,False
2018,1,regular,14,0.4306,0.4006,0.4575,427.0,1389.0,0.425,0.4041,0.4472,1718,1011,5386,4,,4,False
2018,1,regular,15,0.3664,0.3424,0.3906,400.0,1524.0,0.3616,0.3461,0.3749,1568,1013,5321,4,,4,False
2018,1,regular,17,0.374,0.3388,0.4012,293.0,1097.0,0.384,0.3643,0.4,1186,853,3503,4,,4,False
2018,1,regular,18,0.385,0.3563,0.4141,389.0,1713.0,0.4137,0.3903,0.4344,1494,957,5446,4,,4,False
2018,1,regular,19,0.4016,0.3773,0.4232,542.0,1830.0,0.3915,0.3769,0.4083,2059,1165,7064,4,,4,False
2018,1,regular,20,0.4032,0.3676,0.4334,281.0,950.0,0.38,0.3586,0.4009,1041,681,2965,4,,4,False
2018,1,regular,22,0.3957,0.3751,0.4186,495.0,1813.0,0.4124,0.3973,0.4279,2002,1184,7211,4,,4,False
2018,1,regular,23,0.4409,0.4157,0.4609,770.0,2870.0,0.4316,0.4167,0.4463,2951,1662,10877,4,,4,False
2018,1,regular,25,0.3611,0.3314,0.3903,400.0,1697.0,0.3355,0.3183,0.3512,1445,923,4760,4,,4,False
2018,1,regular,26,0.3722,0.3421,0.401,479.0,1611.0,0.3747,0.3555,0.394,1904,1147,6166,4,,4,False
2018,1,regular,27,0.3848,0.3564,0.4142,499.0,1735.0,0.3802,0.3642,0.3983,2164,1327,7417,4,,4,False
2018,1,regular,29,0.4003,0.3721,0.4297,608.0,2547.0,0.3742,0.3583,0.3876,2279,1441,8045,4,,4,False
2018,1,regular,30,0.4465,0.4069,0.4793,323.0,1031.0,0.4457,0.42,0.4652,1110,794,2826,4,,4,False
2018,1,regular,31,0.3422,0.3156,0.3656,316.0,973.0,0.3765,0.3613,0.3904,1479,955,4338,4,,4,False
2018,1,regular,32,0.4067,0.3701,0.4394,595.0,2099.0,0.3998,0.3828,0.4148,2529,1819,5921,4,,4,False
2018,1,regular,33,0.437,0.4188,0.4553,1688.0,8357.0,0.4192,0.4101,0.4287,7233,5160,22437,4,,4,False
2018,1,regular,34,0.3951,0.3357,0.4454,258.0,1213.0,0.41,0.3842,0.4352,1019,758,2539,4,,4,False
2018,1,regular,36,0.4336,0.4028,0.4638,491.0,1404.0,0.4148,0.3953,0.4339,1860,1145,4993,4,,4,False
2018,1,regular,38,0.4271,0.3849,0.4606,436.0,1566.0,0.403,0.383,0.4206,1593,1053,4454,4,,4,False
2018,1,regular,91,0.4306,0.3985,0.4593,422.0,1329.0,0.4274,0.4076,0.4456,1677,1061,4882,4,,4,False
2018,1,regular,93,0.3534,0.3198,0.3795,327.0,1281.0,0.3611,0.3427,0.3783,1328,895,3736,4,,4,False
2018,2,regular,2,0.4102,0.3674,0.4473,302.0,1306.0,0.423,0.3986,0.445,1094,827,2957,4,,4,False
2018,2,regular,3,0.3747,0.3369,0.4024,304.0,1297.0,0.3759,0.3574,0.3953,1200,869,3105,4,,4,False
2018,2,regular,4,0.3802,0.3526,0.4034,516.0,2037.0,0.3831,0.367,0.4004,2056,1432,5719,4,,4,False
2018,2,regular,5,0.3728,0.346,0.3976,474.0,1656.0,0.378,0.3622,0.3951,1988,1201,5910,4,,4,False
2018,2,regular,6,0.4329,0.3879,0.4792,409.0,1625.0,0.3929,0.3752,0.4134,1667,1111,4443,4,,4,False
2018,2,regular,7,0.3956,0.3616,0.4306,401.0,1379.0,0.4007,0.3829,0.418,1609,1008,5035,4,,4,False
2018,2,regular,8,0.3847,0.3518,0.4111,397.0,1417.0,0.3928,0.3725,0.4117,1521,993,5095,4,,4,False
2018,2,regular,9,0.3535,0.3141,0.3913,336.0,1166.0,0.3476,0.3291,0.3668,1304,827,3860,4,,4,False
2018,2,regular,10,0.3907,0.3633,0.416,576.0,2163.0,0.4003,0.386,0.4165,2358,1466,7362,4,,4,False
2018,2,regular,12,0.4039,0.3381,0.4483,240.0,1355.0,0.4061,0.372,0.4384,1075,710,3256,4,,4,False
2018,2,regular,13,0.4321,0.3913,0.4761,785.0,2471.0,0.445,0.4218,0.4694,2964,1814,9130,4,,4,False
2018,2,regular,14,0.4098,0.3826,0.4374,414.0,1292.0,0.4253,0.4036,0.4461,1701,1009,5219,4,,4,False
2018,2,regular,15,0.3593,0.3351,0.3822,349.0,1470.0,0.3603,0.3474,0.3724,1533,1016,5175,4,,4,False
2018,2,regular,17,0.3939,0.3573,0.4303,315.0,1093.0,0.3878,0.37,0.4064,1188,846,3513,4,,4,False
2018,2,regular,18,0.3885,0.351,0.4231,394.0,1798.0,0.4064,0.3815,0.4289,1504,963,5466,4,,4,False
2018,2,regular,19,0.4142,0.3886,0.4376,519.0,1755.0,0.4038,0.3888,0.417,2073,1171,7087,4,,4,False
2018,2,regular,20,0.3764,0.3362,0.4117,242.0,906.0,0.3851,0.3663,0.4066,1043,682,2972,4,,4,False
2018,2,regular,22,0.3978,0.3694,0.4252,506.0,1793.0,0.4097,0.3929,0.4249,2006,1184,7141,4,,4,False
2018,2,regular,23,0.4147,0.3922,0.435,746.0,2721.0,0.4274,0.4103,0.4418,2999,1664,10876,4,,4,False
2018,2,regular,25,0.3621,0.3301,0.3888,396.0,1739.0,0.3475,0.3296,0.3618,1493,960,4910,4,,4,False
2018,2,regular,26,0.3527,0.3132,0.3956,457.0,1616.0,0.3628,0.3445,0.3823,1886,1128,6055,4,,4,False
2018,2,regular,27,0.3874,0.3516,0.425,487.0,1731.0,0.3912,0.3739,0.4085,2104,1288,7234,4,,4,False
2018,2,regular,29,0.3988,0.3745,0.4209,689.0,2521.0,0.3868,0.3722,0.4008,2373,1512,8272,4,,4,False
2018,2,regular,30,0.4119,0.3792,0.4399,282.0,965.0,0.4404,0.4207,0.4637,1178,827,3078,4,,4,False
2018,2,regular,31,0.3485,0.3241,0.3713,372.0,1176.0,0.3658,0.3511,0.3798,1450,944,4234,4,,4,False
2018,2,regular,32,0.4237,0.3806,0.4769,601.0,2195.0,0.4033,0.3845,0.4232,2485,1806,5764,4,,4,False
2018,2,regular,33,0.3995,0.3807,0.4166,1774.0,8392.0,0.4141,0.4044,0.4256,7065,5104,21757,4,,4,False
2018,2,regular,34,0.3886,0.3501,0.4281,282.0,1243.0,0.4038,0.3749,0.4305,1052,776,2639,4,,4,False
2018,2,regular,36,0.4037,0.3762,0.4299,482.0,1384.0,0.4105,0.3903,0.4274,1934,1157,5253,4,,4,False
2018,2,regular,38,0.4024,0.3672,0.4348,400.0,1491.0,0.4055,0.3875,0.4245,1641,1074,4567,4,,4,False
2018,2,regular,91,0.4101,0.3842,0.4346,432.0,1313.0,0.4216,0.4032,0.4396,1703,1073,4965,4,,4,False
2018,2,regular,93,0.3224,0.2916,0.35,357.0,1369.0,0.3516,0.3356,0.3674,1365,934,3781,4,,4,False
2018,3,regular,2,0.4042,0.3644,0.4405,258.0,1226.0,0.4271,0.4001,0.4484,1073,798,2962,4,,4,False
2018,3,regular,3,0.3842,0.3535,0.412,321.0,1274.0,0.3787,0.3614,0.3972,1208,863,3103,4,,4,False
2018,3,regular,4,0.3683,0.3422,0.3981,454.0,1915.0,0.3678,0.3537,0.3842,1972,1364,5524,4,,4,False
2018,3,regular,5,0.3856,0.362,0.4084,476.0,1574.0,0.3811,0.3655,0.3955,1941,1191,5717,4,,4,False
2018,3,regular,6,0.4059,0.3761,0.4337,386.0,1568.0,0.3952,0.3733,0.4147,1636,1111,4391,4,,4,False
2018,3,regular,7,0.385,0.3532,0.4095,403.0,1403.0,0.397,0.3788,0.4157,1621,1020,5068,4,,4,False
2018,3,regular,8,0.3972,0.362,0.4238,378.0,1279.0,0.3987,0.3794,0.418,1565,1028,5169,4,,4,False
2018,3,regular,9,0.4092,0.3462,0.4652,300.0,1072.0,0.3664,0.3349,0.3959,1285,812,3797,4,,4,False
2018,3,regular,10,0.3854,0.3621,0.4068,586.0,2135.0,0.3974,0.381,0.4128,2369,1467,7406,4,,4,False
2018,3,regular,12,0.3918,0.3427,0.4338,273.0,1518.0,0.4042,0.3752,0.428,1061,710,3235,4,,4,False
2018,3,regular,13,0.4206,0.3965,0.4449,756.0,2499.0,0.4427,0.4193,0.4672,2976,1825,9117,4,,4,False
2018,3,regular,14,0.4081,0.3737,0.4372,379.0,1285.0,0.4198,0.4008,0.4384,1643,984,4928,4,,4,False
2018,3,regular,15,0.3846,0.3534,0.4167,372.0,1350.0,0.3648,0.3498,0.3796,1524,1014,5083,4,,4,False
2018,3,regular,17,0.4116,0.3728,0.4424,304.0,1173.0,0.393,0.3721,0.4127,1199,850,3570,4,,4,False
2018,3,regular,18,0.4033,0.3701,0.4281,400.0,1747.0,0.3934,0.3717,0.4178,1540,966,5691,4,,4,False
2018,3,regular,19,0.42,0.3931,0.4443,508.0,1739.0,0.4108,0.3933,0.4257,2091,1174,7097,4,,4,False
2018,3,regular,20,0.363,0.3219,0.3987,249.0,840.0,0.3781,0.3556,0.3992,1037,679,2929,4,,4,False
2018,3,regular,22,0.4477,0.4171,0.4808,506.0,1804.0,0.4129,0.3972,0.4317,2009,1183,7066,4,,4,False
2018,3,regular,23,0.4216,0.4003,0.4437,741.0,2695.0,0.4237,0.408,0.4365,3009,1685,10866,4,,4,False
2018,3,regular,25,0.3543,0.3259,0.3797,382.0,1643.0,0.3544,0.3374,0.3688,1531,983,5031,4,,4,False
2018,3,regular,26,0.3629,0.3366,0.3881,452.0,1556.0,0.3578,0.3391,0.3756,1867,1135,5909,4,,4,False
2018,3,regular,27,0.4236,0.3962,0.4522,535.0,1892.0,0.392,0.3716,0.4083,2070,1282,7155,4,,4,False
2018,3,regular,29,0.4081,0.3718,0.4461,650.0,2470.0,0.3952,0.3775,0.4122,2467,1514,8678,4,,4,False
2018,3,regular,30,0.4411,0.4045,0.4723,230.0,907.0,0.436,0.4143,0.4586,1154,811,3048,4,,4,False
2018,3,regular,31,0.3711,0.3406,0.4028,382.0,1253.0,0.3639,0.349,0.3787,1445,934,4239,4,,4,False
2018,3,regular,32,0.4006,0.373,0.4299,580.0,2176.0,0.4014,0.3806,0.4186,2382,1735,5471,4,,4,False
2018,3,regular,33,0.4141,0.3994,0.4309,1745.0,8148.0,0.4142,0.4027,0.4241,6953,5003,21436,4,,4,False
2018,3,regular,34,0.4284,0.379,0.4678,330.0,1190.0,0.4096,0.3818,0.4341,1137,826,2855,4,,4,False
2018,3,regular,36,0.4097,0.3783,0.4377,497.0,1357.0,0.412,0.3935,0.4295,1962,1173,5320,4,,4,False
2018,3,regular,38,0.3912,0.356,0.4241,379.0,1479.0,0.4,0.3804,0.4203,1630,1073,4530,4,,4,False
2018,3,regular,91,0.4237,0.4003,0.4483,446.0,1305.0,0.4233,0.406,0.4396,1725,1077,5022,4,,4,False
2018,3,regular,93,0.3695,0.3386,0.3978,372.0,1407.0,0.3539,0.3383,0.3712,1409,984,3817,4,,4,False
2018,4,regular,2,0.4018,0.3649,0.4415,243.0,1289.0,0.4122,0.3891,0.433,1092,800,3092,4,,4,False
2018,4,regular,3,0.3566,0.3213,0.3842,307.0,1345.0,0.3773,0.3572,0.3958,1215,849,3129,4,,4,False
2018,4,regular,4,0.4068,0.3737,0.4342,457.0,1833.0,0.3812,0.3657,0.3967,1941,1362,5482,4,,4,False
2018,4,regular,5,0.3645,0.3416,0.3879,454.0,1588.0,0.3789,0.3631,0.3928,1863,1127,5454,4,,4,False
2018,4,regular,6,0.3963,0.3686,0.4198,415.0,1632.0,0.4055,0.3848,0.4238,1609,1085,4292,4,,4,False
2018,4,regular,7,0.3847,0.3578,0.4077,395.0,1390.0,0.3983,0.3799,0.4178,1595,1007,4964,4,,4,False
2018,4,regular,8,0.4324,0.389,0.4787,406.0,1375.0,0.403,0.3832,0.4213,1609,1053,5264,4,,4,False
2018,4,regular,9,0.3533,0.3156,0.4005,338.0,1099.0,0.3704,0.3426,0.4062,1284,821,3749,4,,4,False
2018,4,regular,10,0.4345,0.403,0.4648,528.0,2055.0,0.4078,0.3911,0.4237,2285,1434,7136,4,,4,False
2018,4,regular,12,0.4515,0.4147,0.4876,384.0,1566.0,0.4211,0.394,0.4461,1133,771,3523,4,,4,False
2018,4,regular,13,0.4265,0.403,0.4485,791.0,2505.0,0.4305,0.4122,0.4483,3046,1845,9309,4,,4,False
2018,4,regular,14,0.4043,0.3725,0.4364,371.0,1360.0,0.4143,0.3971,0.4293,1591,970,4745,4,,4,False
2018,4,regular,15,0.4101,0.3755,0.4476,433.0,1552.0,0.3809,0.363,0.3959,1554,1020,5216,4,,4,False
2018,4,regular,17,0.401,0.3689,0.4319,335.0,1133.0,0.4003,0.3793,0.4179,1247,871,3689,4,,4,False
2018,4,regular,18,0.378,0.3523,0.4028,450.0,1681.0,0.3946,0.3783,0.4129,1633,1011,6119,4,,4,False
2018,4,regular,19,0.3921,0.3643,0.4177,530.0,1842.0,0.4082,0.3903,0.4213,2099,1166,7103,4,,4,False
2018,4,regular,20,0.4212,0.3782,0.4644,290.0,969.0,0.3927,0.3695,0.4167,1062,705,3029,4,,4,False
2018,4,regular,22,0.4195,0.3915,0.4456,481.0,1802.0,0.4164,0.4004,0.4344,1988,1161,6947,4,,4,False
2018,4,regular,23,0.434,0.4093,0.4528,753.0,2737.0,0.4283,0.4158,0.4395,3010,1681,10807,4,,4,False
2018,4,regular,25,0.3474,0.3221,0.3701,388.0,1568.0,0.3566,0.3409,0.3707,1566,978,5128,4,,4,False
2018,4,regular,26,0.3681,0.3425,0.3925,456.0,1492.0,0.3651,0.3459,0.3861,1844,1122,5735,4,,4,False
2018,4,regular,27,0.3803,0.3435,0.4101,511.0,1772.0,0.3954,0.3755,0.4151,2032,1229,7029,4,,4,False
2018,4,regular,29,0.3968,0.3659,0.4302,641.0,2474.0,0.4014,0.3847,0.418,2588,1566,9223,4,,4,False
2018,4,regular,30,0.4128,0.3782,0.4448,297.0,959.0,0.4293,0.4083,0.448,1132,816,3023,4,,4,False
2018,4,regular,31,0.3993,0.3624,0.435,372.0,1213.0,0.3673,0.3491,0.3837,1442,914,4279,4,,4,False
2018,4,regular,32,0.3994,0.3677,0.4267,617.0,2150.0,0.4084,0.3876,0.4277,2393,1729,5490,4,,4,False
2018,4,regular,33,0.43,0.4076,0.4579,1772.0,8288.0,0.4205,0.4091,0.4331,6979,5006,21530,4,,4,False
2018,4,regular,34,0.4481,0.3925,0.4998,330.0,1217.0,0.4173,0.3928,0.4438,1200,844,2975,4,,4,False
2018,4,regular,36,0.3997,0.3712,0.4271,502.0,1359.0,0.4122,0.3949,0.428,1972,1175,5319,4,,4,False
2018,4,regular,38,0.4157,0.3749,0.4553,373.0,1559.0,0.4099,0.388,0.4293,1588,1061,4407,4,,4,False
2018,4,regular,91,0.4337,0.3999,0.4631,423.0,1264.0,0.425,0.4084,0.4416,1723,1050,5033,4,,4,False
2018,4,regular,93,0.359,0.3337,0.3801,375.0,1350.0,0.3528,0.3374,0.3684,1431,1003,3778,4,,4,False
2019,1,regular,2,0.4266,0.3795,0.4699,300.0,1454.0,0.4122,0.3893,0.4319,1103,818,3136,4,,4,False
2019,1,regular,3,0.3864,0.3511,0.4225,277.0,1242.0,0.3763,0.3585,0.3912,1209,839,3104,4,,4,False
2019,1,regular,4,0.4238,0.3834,0.467,503.0,1895.0,0.3956,0.3775,0.4146,1930,1380,5479,4,,4,False
2019,1,regular,5,0.3939,0.3674,0.4208,430.0,1587.0,0.3798,0.3648,0.3922,1834,1116,5351,4,,4,False
2019,1,regular,6,0.4124,0.3844,0.4409,536.0,2056.0,0.4127,0.391,0.4328,1746,1215,4615,4,,4,False
2019,1,regular,7,0.4255,0.3968,0.4512,363.0,1402.0,0.3989,0.3847,0.4173,1562,987,4850,4,,4,False
2019,1,regular,8,0.4307,0.4033,0.4639,472.0,1415.0,0.414,0.3931,0.4355,1653,1110,5270,4,,4,False
2019,1,regular,9,0.3646,0.3356,0.3924,352.0,1150.0,0.3725,0.3444,0.4046,1326,826,3840,4,,4,False
2019,1,regular,10,0.4571,0.4156,0.5035,565.0,2286.0,0.4199,0.4008,0.4386,2255,1454,7044,4,,4,False
2019,1,regular,12,0.4404,0.4023,0.4823,354.0,1425.0,0.4254,0.3999,0.4485,1251,857,4047,4,,4,False
2019,1,regular,13,0.4237,0.4013,0.4453,795.0,2513.0,0.4263,0.4101,0.445,3127,1877,9529,4,,4,False
2019,1,regular,14,0.4211,0.3895,0.4491,464.0,1897.0,0.4161,0.3989,0.4327,1628,1062,4869,4,,4,False
2019,1,regular,15,0.409,0.3828,0.4316,384.0,1384.0,0.3919,0.3737,0.409,1538,985,5216,4,,4,False
2019,1,regular,17,0.3755,0.3405,0.4031,313.0,1037.0,0.3973,0.3786,0.4174,1267,898,3664,4,,4,False
2019,1,regular,18,0.3613,0.3394,0.3823,459.0,1841.0,0.3869,0.3709,0.4033,1703,1061,6293,4,,4,False
2019,1,regular,19,0.4119,0.3627,0.4583,537.0,1831.0,0.41,0.3893,0.4322,2094,1164,7099,4,,4,False
2019,1,regular,20,0.4077,0.3617,0.4547,270.0,976.0,0.3939,0.3685,0.4149,1051,678,3018,4,,4,False
2019,1,regular,22,0.3951,0.372,0.4183,480.0,1768.0,0.4165,0.4011,0.4337,1973,1160,6879,4,,4,False
2019,1,regular,23,0.4429,0.4153,0.4702,736.0,2694.0,0.4291,0.414,0.4434,2976,1655,10662,4,,4,False
2019,1,regular,25,0.3308,0.302,0.3554,398.0,1695.0,0.349,0.3337,0.3629,1564,990,5084,4,,4,False
2019,1,regular,26,0.3713,0.3416,0.4003,467.0,1521.0,0.3647,0.347,0.3836,1832,1119,5591,4,,4,False
2019,1,regular,27,0.3992,0.367,0.4303,596.0,2024.0,0.3989,0.3809,0.417,2129,1290,7368,4,,4,False
2019,1,regular,29,0.423,0.4,0.4439,661.0,2499.0,0.4074,0.3927,0.4238,2641,1581,9432,4,,4,False
2019,1,regular,30,0.4933,0.4326,0.545,287.0,1021.0,0.4422,0.4205,0.4674,1096,788,2926,4,,4,False
2019,1,regular,31,0.3884,0.3591,0.4169,338.0,1119.0,0.3799,0.3628,0.3983,1464,936,4381,4,,4,False
2019,1,regular,32,0.4032,0.3748,0.4283,627.0,2151.0,0.4077,0.3885,0.4267,2425,1736,5585,4,,4,False
2019,1,regular,33,0.4389,0.419,0.4582,1737.0,8201.0,0.4211,0.4107,0.4317,7028,5057,21562,4,,4,False
2019,1,regular,34,0.4404,0.4015,0.4801,308.0,1300.0,0.429,0.401,0.4521,1250,859,3069,4,,4,False
2019,1,regular,36,0.4206,0.3879,0.4508,479.0,1365.0,0.409,0.3908,0.4261,1960,1163,5283,4,,4,False
2019,1,regular,38,0.4372,0.405,0.4672,425.0,1726.0,0.4129,0.3931,0.4311,1577,1079,4431,4,,4,False
2019,1,regular,91,0.4226,0.3926,0.449,479.0,1491.0,0.4233,0.4078,0.4382,1780,1102,5198,4,,4,False
2019,1,regular,93,0.3517,0.3243,0.3752,406.0,1403.0,0.3528,0.3369,0.3681,1510,1041,3902,4,,4,False
2019,2,regular,2,0.4115,0.3784,0.4432,339.0,1499.0,0.4122,0.3925,0.4348,1140,857,3239,4,,4,False
2019,2,regular,3,0.3779,0.3427,0.4079,310.0,1298.0,0.3771,0.3568,0.3952,1215,852,3110,4,,4,False
2019,2,regular,4,0.3905,0.3612,0.4255,495.0,1904.0,0.3981,0.3792,0.4177,1909,1335,5422,4,,4,False
2019,2,regular,5,0.3809,0.3484,0.4052,408.0,1604.0,0.3818,0.3674,0.397,1768,1111,5111,4,,4,False
2019,2,regular,6,0.4159,0.3677,0.4743,617.0,1978.0,0.4092,0.3899,0.432,1954,1275,5136,4,,4,False
2019,2,regular,7,0.4205,0.3887,0.4585,387.0,1383.0,0.405,0.3883,0.4218,1548,986,4812,4,,4,False
2019,2,regular,8,0.4072,0.381,0.4336,517.0,1728.0,0.419,0.4009,0.4381,1773,1151,5677,4,,4,False
2019,2,regular,9,0.4032,0.3742,0.4329,355.0,1145.0,0.3857,0.3566,0.4161,1345,839,3964,4,,4,False
2019,2,regular,10,0.3981,0.3702,0.4238,623.0,2193.0,0.4215,0.4034,0.4427,2302,1462,7176,4,,4,False
2019,2,regular,12,0.4448,0.4007,0.4813,382.0,1459.0,0.4387,0.4128,0.4606,1393,929,4677,4,,4,False
2019,2,regular,13,0.4188,0.3999,0.4405,767.0,2420.0,0.4226,0.4093,0.4354,3109,1869,9449,4,,4,False
2019,2,regular,14,0.407,0.3813,0.4285,514.0,1850.0,0.414,0.3951,0.4303,1728,1084,5236,4,,4,False
2019,2,regular,15,0.3796,0.3498,0.4055,389.0,1431.0,0.3969,0.3803,0.4135,1578,999,5397,4,,4,False
2019,2,regular,17,0.4245,0.386,0.462,349.0,1144.0,0.4051,0.3849,0.4244,1301,901,3707,4,,4,False
2019,2,regular,18,0.3426,0.3192,0.3628,485.0,1939.0,0.3745,0.3588,0.39,1794,1092,6680,4,,4,False
2019,2,regular,19,0.3967,0.3633,0.4329,513.0,1734.0,0.4057,0.3881,0.4242,2088,1162,7098,4,,4,False
2019,2,regular,20,0.3759,0.3347,0.4137,284.0,933.0,0.3945,0.3716,0.4192,1093,700,3165,4,,4,False
2019,2,regular,22,0.4056,0.3782,0.4292,509.0,1736.0,0.4187,0.4022,0.4359,1976,1167,6867,4,,4,False
2019,2,regular,23,0.4279,0.3958,0.4598,714.0,2667.0,0.4322,0.4164,0.4496,2944,1649,10630,4,,4,False
2019,2,regular,25,0.3262,0.3003,0.35,440.0,1857.0,0.3405,0.3244,0.3548,1608,1017,5345,4,,4,False
2019,2,regular,26,0.3674,0.3362,0.399,448.0,1593.0,0.368,0.3509,0.3872,1823,1107,5507,4,,4,False
2019,2,regular,27,0.3714,0.3395,0.3992,562.0,1935.0,0.3949,0.3761,0.4135,2204,1308,7605,4,,4,False
2019,2,regular,29,0.3887,0.3666,0.4115,682.0,2538.0,0.4048,0.3878,0.4206,2634,1596,9449,4,,4,False
2019,2,regular,30,0.5623,0.4853,0.6233,286.0,923.0,0.4881,0.4494,0.5259,1100,766,2908,4,,4,False
2019,2,regular,31,0.3588,0.3304,0.3853,365.0,1164.0,0.3816,0.3624,0.4,1457,931,4361,4,,4,False
2019,2,regular,32,0.4075,0.3789,0.4324,634.0,2209.0,0.404,0.3885,0.4204,2458,1770,5695,4,,4,False
2019,2,regular,33,0.4169,0.3988,0.4351,1766.0,7824.0,0.4253,0.4142,0.4349,7020,5068,21311,4,,4,False
2019,2,regular,34,0.4264,0.3703,0.4745,323.0,1326.0,0.4367,0.4072,0.4611,1291,900,3197,4,,4,False
2019,2,regular,36,0.4062,0.382,0.4295,495.0,1376.0,0.4095,0.3928,0.428,1973,1185,5281,4,,4,False
2019,2,regular,38,0.4104,0.3691,0.4543,486.0,1696.0,0.415,0.3955,0.4336,1663,1098,4766,4,,4,False
2019,2,regular,91,0.4362,0.4125,0.4651,471.0,1412.0,0.4299,0.4146,0.4471,1819,1106,5289,4,,4,False
2019,2,regular,93,0.3501,0.326,0.3727,524.0,1360.0,0.3595,0.3432,0.3738,1677,1134,4218,4,,4,False
2019,3,regular,2,0.4142,0.3643,0.4569,276.0,1401.0,0.414,0.3917,0.4369,1158,860,3238,4,,4,False
2019,3,regular,3,0.3952,0.3575,0.4237,277.0,1300.0,0.3803,0.3571,0.3985,1171,833,3038,4,,4,False
2019,3,regular,4,0.4211,0.3832,0.4615,483.0,1816.0,0.4111,0.3926,0.4303,1938,1357,5514,4,,4,False
2019,3,regular,5,0.3811,0.3518,0.4049,452.0,1580.0,0.3807,0.366,0.3972,1744,1118,4993,4,,4,False
2019,3,regular,6,0.414,0.3646,0.4769,507.0,1940.0,0.4113,0.3876,0.4418,2075,1374,5417,4,,4,False
2019,3,regular,7,0.3911,0.3605,0.4202,367.0,1350.0,0.4072,0.3878,0.4223,1512,986,4697,4,,4,False
2019,3,regular,8,,,,,,0.4252,0.4035,0.4463,1395,1006,4456,4,,3,False
2019,3,regular,9,0.4158,0.38,0.4519,325.0,1077.0,0.3862,0.365,0.4064,1370,835,4067,4,,4,False
2019,3,regular,10,0.4264,0.4024,0.4467,671.0,2354.0,0.4313,0.4112,0.4477,2387,1565,7414,4,,4,False
2019,3,regular,12,0.4143,0.3799,0.4459,419.0,1499.0,0.4401,0.417,0.4611,1539,999,5239,4,,4,False
2019,3,regular,13,0.4234,0.3985,0.4506,802.0,2464.0,0.4233,0.4106,0.4362,3155,1893,9528,4,,4,False
2019,3,regular,14,0.4081,0.3813,0.4303,532.0,1930.0,0.4119,0.3929,0.4265,1881,1238,5827,4,,4,False
2019,3,regular,15,0.432,0.3985,0.4588,374.0,1446.0,0.4089,0.392,0.4265,1580,1022,5486,4,,4,False
2019,3,regular,17,0.404,0.3742,0.4334,374.0,1190.0,0.403,0.3821,0.4203,1371,942,3875,4,,4,False
2019,3,regular,18,0.3445,0.3264,0.3653,493.0,1880.0,0.3603,0.3464,0.3723,1887,1127,7010,4,,4,False
2019,3,regular,19,0.4163,0.3889,0.4403,512.0,1672.0,0.4048,0.3846,0.4232,2092,1176,7030,4,,4,False
2019,3,regular,20,0.3604,0.3264,0.3956,248.0,905.0,0.3943,0.3696,0.4169,1092,692,3167,4,,4,False
2019,3,regular,22,0.4145,0.3872,0.4408,486.0,1720.0,0.4092,0.3938,0.4221,1956,1146,6747,4,,4,False
2019,3,regular,23,0.4455,0.4239,0.4649,735.0,2737.0,0.4379,0.4206,0.4533,2938,1637,10646,4,,4,False
2019,3,regular,25,0.3329,0.3088,0.3552,438.0,1816.0,0.3363,0.3224,0.3497,1664,1055,5661,4,,4,False
2019,3,regular,26,0.3702,0.3472,0.3924,425.0,1569.0,0.3698,0.3522,0.3884,1796,1116,5414,4,,4,False
2019,3,regular,27,0.394,0.3705,0.4182,572.0,2027.0,0.3869,0.3677,0.4052,2241,1366,7736,4,,4,False
2019,3,regular,29,0.4159,0.3928,0.4354,656.0,2493.0,0.4067,0.3916,0.4217,2640,1584,9460,4,,4,False
2019,3,regular,30,0.4953,0.4544,0.5363,290.0,980.0,0.5004,0.4603,0.5472,1160,825,3067,4,,4,False
2019,3,regular,31,0.4576,0.3932,0.5172,356.0,1151.0,0.4042,0.3804,0.428,1431,921,4219,4,,4,False
2019,3,regular,32,0.4145,0.3852,0.4414,621.0,2128.0,0.4071,0.3907,0.4234,2499,1791,5769,4,,4,False
2019,3,regular,33,0.4448,0.4198,0.4698,1775.0,7969.0,0.4329,0.4217,0.4448,7050,5025,21326,4,,4,False
2019,3,regular,34,0.431,0.3837,0.4748,313.0,1175.0,0.4374,0.4045,0.4671,1274,892,3162,4,,4,False
2019,3,regular,36,0.4295,0.3953,0.4615,481.0,1368.0,0.4146,0.3974,0.4337,1957,1167,5256,4,,4,False
2019,3,regular,38,0.4352,0.3978,0.4707,480.0,1657.0,0.4255,0.404,0.4473,1764,1167,5175,4,,4,False
2019,3,regular,91,0.4355,0.4097,0.4581,441.0,1296.0,0.433,0.4173,0.4505,1814,1109,5268,4,,4,False
2019,3,regular,93,0.3312,0.3057,0.3534,535.0,1339.0,0.3498,0.336,0.3638,1840,1181,4574,4,,4,False
2019,4,regular,2,0.4042,0.3615,0.4411,291.0,1402.0,0.4145,0.3917,0.436,1206,889,3280,4,,4,False
2019,4,regular,3,0.3761,0.3391,0.4072,284.0,1260.0,0.3849,0.363,0.4028,1148,821,2921,4,,4,False
2019,4,regular,4,0.4024,0.3736,0.4293,486.0,1973.0,0.41,0.3874,0.4284,1967,1358,5727,4,,4,False
2019,4,regular,5,0.3676,0.3394,0.3991,443.0,1539.0,0.3817,0.3666,0.3986,1733,1119,4925,4,,4,False
2019,4,regular,6,0.3518,0.3269,0.3735,522.0,2016.0,0.3997,0.3721,0.4303,2182,1389,5720,4,,4,False
2019,4,regular,7,0.3815,0.3537,0.4114,382.0,1345.0,0.4074,0.3887,0.4265,1499,968,4663,4,,4,False
2019,4,regular,8,0.453,0.4163,0.4976,511.0,1809.0,0.4319,0.4114,0.4534,1500,1193,4925,4,,3,False
2019,4,regular,9,0.4164,0.356,0.4753,350.0,1132.0,0.4027,0.3786,0.4303,1382,853,4116,4,,4,False
2019,4,regular,10,0.4293,0.4025,0.4582,654.0,2340.0,0.4291,0.4097,0.4504,2513,1584,7880,4,,4,False
2019,4,regular,12,0.452,0.3779,0.5375,433.0,1484.0,0.4398,0.412,0.4645,1588,992,5427,4,,4,False
2019,4,regular,13,0.4023,0.3709,0.4367,763.0,2401.0,0.4173,0.4027,0.431,3127,1890,9414,4,,4,False
2019,4,regular,14,0.4008,0.369,0.4333,485.0,1897.0,0.4098,0.3912,0.4261,1995,1234,6236,4,,4,False
2019,4,regular,15,0.3681,0.3421,0.3925,398.0,1506.0,0.3981,0.382,0.413,1545,1014,5347,4,,4,False
2019,4,regular,17,0.4103,0.3788,0.4423,359.0,1163.0,0.4052,0.386,0.4255,1395,943,3973,4,,4,False
2019,4,regular,18,0.3898,0.3488,0.4399,488.0,1873.0,0.3604,0.3431,0.376,1925,1123,7188,4,,4,False
2019,4,regular,19,0.3919,0.3532,0.4256,518.0,1728.0,0.405,0.3849,0.4268,2080,1172,6935,4,,4,False
2019,4,regular,20,0.3833,0.3484,0.4115,313.0,1071.0,0.3838,0.358,0.4037,1115,730,3263,4,,4,False
2019,4,regular,22,0.3879,0.3638,0.4092,474.0,1649.0,0.4012,0.3856,0.4164,1949,1139,6622,4,,4,False
2019,4,regular,23,0.433,0.4074,0.4526,749.0,2748.0,0.4377,0.4202,0.4547,2934,1639,10666,4,,4,False
2019,4,regular,25,0.3349,0.3119,0.3558,436.0,1674.0,0.3328,0.3177,0.3473,1712,1050,5906,4,,4,False
2019,4,regular,26,0.361,0.3351,0.3822,412.0,1519.0,0.3681,0.3508,0.3846,1752,1097,5276,4,,4,False
2019,4,regular,27,0.3599,0.3318,0.3894,600.0,2096.0,0.3818,0.3643,0.3977,2330,1385,8042,4,,4,False
2019,4,regular,29,0.4157,0.3869,0.4428,632.0,2379.0,0.4115,0.3958,0.426,2631,1567,9365,4,,4,False
2019,4,regular,30,0.4673,0.4299,0.5038,248.0,904.0,0.5097,0.4752,0.545,1111,791,2962,4,,4,False
2019,4,regular,31,0.4268,0.3843,0.4671,329.0,1082.0,0.4099,0.3866,0.4352,1388,893,4071,4,,4,False
2019,4,regular,32,0.3923,0.3555,0.4312,605.0,2039.0,0.4048,0.3877,0.4227,2487,1786,5722,4,,4,False
2019,4,regular,33,0.4367,0.418,0.4551,1676.0,7918.0,0.4345,0.423,0.4464,6954,5015,20855,4,,4,False
2019,4,regular,34,0.4211,0.3763,0.4627,304.0,1098.0,0.431,0.4026,0.4579,1248,870,3062,4,,4,False
2019,4,regular,36,0.4494,0.3842,0.5279,480.0,1296.0,0.4278,0.4038,0.4562,1935,1164,5179,4,,4,False
2019,4,regular,38,0.3969,0.3694,0.4187,479.0,1633.0,0.4209,0.4021,0.4416,1870,1168,5526,4,,4,False
2019,4,regular,91,0.4672,0.4386,0.4938,426.0,1263.0,0.4419,0.4246,0.4592,1817,1109,5269,4,,4,False
2019,4,regular,93,0.3932,0.3626,0.4254,435.0,1282.0,0.3578,0.3434,0.3714,1900,1190,4798,4,,4,False
2020,1,regular,2,0.4338,0.3915,0.475,253.0,1420.0,0.4165,0.3926,0.4362,1159,854,3078,4,,4,False
2020,1,regular,3,0.3888,0.354,0.4212,240.0,1084.0,0.3859,0.3648,0.4052,1111,786,2769,4,,4,False
2020,1,regular,4,0.4143,0.3875,0.4379,456.0,1886.0,0.4078,0.388,0.4243,1920,1318,5658,4,,4,False
2020,1,regular,5,0.4067,0.3783,0.4349,425.0,1526.0,0.385,0.3672,0.4024,1728,1116,4965,4,,4,False
2020,1,regular,6,0.3626,0.3392,0.3856,489.0,1626.0,0.3873,0.3607,0.4186,2135,1413,5591,4,,4,False
2020,1,regular,7,0.3932,0.3626,0.42,340.0,1187.0,0.3983,0.38,0.4167,1476,961,4596,4,,4,False
2020,1,regular,8,0.4457,0.4097,0.4794,315.0,1175.0,0.4366,0.4117,0.4589,1343,1158,4592,4,,3,False
2020,1,regular,9,0.4041,0.3678,0.4373,300.0,1032.0,0.4117,0.3881,0.4327,1330,839,3990,4,,4,False
2020,1,regular,10,0.4554,0.4187,0.4895,600.0,2238.0,0.4288,0.4107,0.4471,2548,1655,8022,4,,4,False
2020,1,regular,12,0.449,0.4055,0.4861,358.0,1289.0,0.4415,0.4142,0.4729,1592,980,5429,4,,4,False
2020,1,regular,13,0.4366,0.4079,0.4672,712.0,2164.0,0.4207,0.4047,0.4386,3044,1856,9096,4,,4,False
2020,1,regular,14,0.4193,0.3899,0.4428,358.0,1483.0,0.4097,0.3934,0.4238,1889,1290,5893,4,,4,False
2020,1,regular,15,0.3658,0.3377,0.3925,368.0,1399.0,0.3876,0.3718,0.4047,1529,984,5270,4,,4,False
2020,1,regular,17,0.4268,0.3759,0.4781,314.0,990.0,0.4172,0.3957,0.4392,1396,941,3999,4,,4,False
2020,1,regular,18,0.4012,0.3554,0.4412,453.0,1722.0,0.3708,0.3514,0.3908,1919,1125,7252,4,,4,False
2020,1,regular,19,0.3884,0.358,0.423,515.0,1777.0,0.3992,0.3797,0.4241,2058,1160,6901,4,,4,False
2020,1,regular,20,0.4009,0.3624,0.4371,264.0,936.0,0.3823,0.3617,0.4012,1109,710,3283,4,,4,False
2020,1,regular,22,0.3977,0.3733,0.4217,469.0,1626.0,0.402,0.3859,0.4178,1938,1134,6566,4,,4,False
2020,1,regular,23,0.4553,0.4258,0.4803,661.0,2439.0,0.4409,0.4243,0.4569,2859,1600,10358,4,,4,False
2020,1,regular,25,0.3361,0.3119,0.3582,367.0,1430.0,0.3343,0.3197,0.3481,1681,1047,5889,4,,4,False
2020,1,regular,26,0.3793,0.348,0.4027,307.0,1161.0,0.3699,0.3547,0.3848,1592,1036,4801,4,,4,False
2020,1,regular,27,0.3801,0.347,0.4058,545.0,1836.0,0.377,0.3592,0.393,2279,1424,7842,4,,4,False
2020,1,regular,29,0.4012,0.372,0.4262,556.0,2083.0,0.4061,0.3902,0.419,2526,1519,8975,4,,4,False
2020,1,regular,30,0.5031,0.4177,0.5844,251.0,939.0,0.5116,0.4748,0.5539,1075,784,2899,4,,4,False
2020,1,regular,31,0.4194,0.3825,0.4525,302.0,928.0,0.4211,0.3931,0.4487,1352,864,3952,4,,4,False
2020,1,regular,32,0.3981,0.3678,0.4244,513.0,1747.0,0.4036,0.3855,0.4195,2373,1694,5428,4,,4,False
2020,1,regular,33,0.4297,0.4102,0.4464,1413.0,6631.0,0.4322,0.4206,0.4427,6630,4737,19719,4,,4,False
2020,1,regular,34,0.4076,0.3569,0.4516,269.0,1057.0,0.4228,0.395,0.4477,1209,856,2945,4,,4,False
2020,1,regular,36,0.4204,0.3708,0.4695,437.0,1183.0,0.4279,0.3941,0.4625,1893,1121,4971,4,,4,False
2020,1,regular,38,0.3808,0.3544,0.4086,473.0,1501.0,0.4065,0.3868,0.4271,1918,1210,5631,4,,4,False
2020,1,regular,91,0.5175,0.4652,0.558,377.0,1101.0,0.4681,0.4459,0.491,1715,1073,4891,4,,4,False
2020,1,regular,93,0.3759,0.3478,0.4047,349.0,1047.0,0.3635,0.3469,0.3775,1843,1175,4651,4,,4,False
2020,2,regular,2,0.4464,0.3878,0.4902,155.0,840.0,0.4271,0.4018,0.4501,975,711,2551,4,,4,False
2020,2,regular,3,0.3889,0.3433,0.4251,151.0,667.0,0.3892,0.3684,0.4081,952,684,2355,4,,4,False
2020,2,regular,4,0.4461,0.4124,0.4829,425.0,1743.0,0.4229,0.4036,0.4399,1850,1306,5516,4,,4,False
2020,2,regular,5,0.403,0.3683,0.4361,362.0,1332.0,0.3906,0.3733,0.4083,1682,1095,4854,4,,4,False
2020,2,regular,6,0.3783,0.3466,0.4079,261.0,1022.0,0.3777,0.3569,0.4021,1779,1134,4693,4,,4,False
2020,2,regular,7,0.419,0.3653,0.4573,220.0,761.0,0.4018,0.379,0.4253,1309,864,4080,4,,4,False
2020,2,regular,8,0.3962,0.3389,0.4458,134.0,502.0,0.4334,0.4076,0.4594,960,739,3352,4,,3,False
2020,2,regular,9,0.3941,0.3454,0.4331,184.0,620.0,0.4102,0.3826,0.4395,1159,727,3452,4,,4,False
2020,2,regular,10,0.4027,0.3753,0.4233,566.0,2033.0,0.4295,0.4108,0.4487,2491,1566,7764,4,,4,False
2020,2,regular,12,0.3824,0.3354,0.4309,325.0,1263.0,0.426,0.3965,0.4567,1535,965,5267,4,,4,False
2020,2,regular,13,0.4126,0.3853,0.437,550.0,1675.0,0.4193,0.4028,0.4382,2827,1713,8409,4,,4,False
2020,2,regular,14,0.3486,0.3114,0.378,262.0,1148.0,0.3955,0.3775,0.4128,1637,1073,5180,4,,4,False
2020,2,regular,15,0.3922,0.3583,0.4256,398.0,1445.0,0.3909,0.3751,0.4071,1538,987,5238,4,,4,False
2020,2,regular,17,0.4446,0.3559,0.5112,167.0,543.0,0.4229,0.3958,0.4519,1214,859,3483,4,,4,False
2020,2,regular,18,0.3532,0.3129,0.3917,349.0,1368.0,0.3755,0.3543,0.3955,1783,1039,6748,4,,4,False
2020,2,regular,19,0.344,0.3165,0.3756,499.0,1650.0,0.3863,0.3659,0.4061,2044,1160,6817,4,,4,False
2020,2,regular,20,0.4002,0.3583,0.4486,234.0,835.0,0.3888,0.3669,0.4096,1059,685,3151,4,,4,False
2020,2,regular,22,0.3556,0.3266,0.3841,415.0,1498.0,0.3906,0.3768,0.4049,1844,1111,6287,4,,4,False
2020,2,regular,23,0.4456,0.4093,0.4758,522.0,1981.0,0.4459,0.4309,0.46,2667,1569,9626,4,,4,False
2020,2,regular,25,0.2945,0.2689,0.3162,347.0,1324.0,0.3287,0.3156,0.3405,1588,1065,5492,4,,4,False
2020,2,regular,26,0.3561,0.3201,0.3899,282.0,1118.0,0.3678,0.3524,0.3839,1426,968,4246,4,,4,False
2020,2,regular,27,0.4256,0.3496,0.5226,572.0,2007.0,0.3928,0.3622,0.4314,2289,1371,7891,4,,4,False
2020,2,regular,29,0.4329,0.3696,0.4776,237.0,904.0,0.4193,0.395,0.4418,2081,1295,7334,4,,4,False
2020,2,regular,30,0.4888,0.4307,0.5369,170.0,576.0,0.4915,0.4576,0.5272,959,706,2642,4,,4,False
2020,2,regular,31,0.3937,0.3431,0.4375,189.0,564.0,0.4292,0.4018,0.4553,1176,747,3423,4,,4,False
2020,2,regular,32,0.4454,0.398,0.4916,268.0,863.0,0.4137,0.3937,0.4332,2007,1422,4541,4,,4,False
2020,2,regular,33,0.438,0.4117,0.4634,740.0,3072.0,0.4376,0.4254,0.4513,5604,4037,16627,4,,4,False
2020,2,regular,34,0.4679,0.4079,0.522,148.0,634.0,0.4344,0.4065,0.4609,1034,718,2491,4,,4,False
2020,2,regular,36,0.426,0.3843,0.4611,390.0,1032.0,0.4329,0.4012,0.473,1788,1079,4640,4,,4,False
2020,2,regular,38,0.4173,0.3751,0.459,236.0,773.0,0.4082,0.3891,0.4258,1668,1029,4863,4,,4,False
2020,2,regular,91,0.465,0.3989,0.5122,219.0,625.0,0.475,0.4508,0.4968,1463,911,4159,4,,4,False
2020,2,regular,93,0.3986,0.3544,0.4454,189.0,714.0,0.377,0.358,0.3933,1508,1061,3805,4,,4,False
2020,3,regular,2,0.4235,0.3426,0.4956,102.0,550.0,0.4296,0.4032,0.4571,801,603,2092,4,,4,False
2020,3,regular,3,0.3605,0.294,0.4188,143.0,773.0,0.3807,0.3559,0.4078,818,603,1983,4,,4,False
2020,3,regular,4,0.3954,0.3615,0.4287,418.0,1643.0,0.4167,0.3995,0.4354,1785,1222,5353,4,,4,False
2020,3,regular,5,0.3837,0.3539,0.4113,402.0,1470.0,0.3913,0.3738,0.409,1632,1089,4785,4,,4,False
2020,3,regular,6,0.3903,0.3565,0.424,277.0,1045.0,0.3713,0.3541,0.3871,1549,1091,4089,4,,4,False
2020,3,regular,7,0.3745,0.3462,0.4004,365.0,1297.0,0.3971,0.3732,0.4143,1307,901,4104,4,,4,False
2020,3,regular,8,0.4143,0.376,0.4467,378.0,1376.0,0.4289,0.4061,0.4508,1338,999,4720,4,,4,False
2020,3,regular,9,0.3848,0.3504,0.4169,296.0,1004.0,0.4023,0.3737,0.4271,1130,769,3357,4,,4,False
2020,3,regular,10,0.3824,0.3559,0.405,588.0,2161.0,0.4186,0.4035,0.4385,2408,1618,7447,4,,4,False
2020,3,regular,12,0.4201,0.3656,0.4742,419.0,1542.0,0.4274,0.3926,0.4654,1535,994,5291,4,,4,False
2020,3,regular,13,0.3968,0.368,0.4255,471.0,1402.0,0.4129,0.3947,0.4321,2496,1536,7354,4,,4,False
2020,3,regular,14,0.3413,0.3162,0.3662,396.0,1607.0,0.379,0.3619,0.3936,1501,1178,4781,4,,4,False
2020,3,regular,15,0.3811,0.3399,0.4181,380.0,1477.0,0.378,0.3578,0.3946,1544,982,5200,4,,4,False
2020,3,regular,17,0.4288,0.3741,0.4739,222.0,900.0,0.4294,0.3969,0.4589,1062,781,3024,4,,4,False
2020,3,regular,18,0.3076,0.2801,0.3326,443.0,1684.0,0.3656,0.3415,0.3895,1733,1082,6541,4,,4,False
2020,3,regular,19,0.3197,0.2937,0.3451,505.0,1636.0,0.3617,0.3431,0.3824,2037,1149,6790,4,,4,False
2020,3,regular,20,0.3755,0.2908,0.4561,148.0,533.0,0.3923,0.3578,0.424,959,623,2851,4,,4,False
2020,3,regular,22,0.3867,0.3572,0.4162,420.0,1519.0,0.3842,0.3674,0.3993,1778,1073,6099,4,,4,False
2020,3,regular,23,0.4183,0.3974,0.4365,616.0,2227.0,0.4398,0.4243,0.4539,2548,1560,9125,4,,4,False
2020,3,regular,25,0.317,0.2864,0.3455,416.0,1580.0,0.3235,0.3079,0.3385,1566,1046,5313,4,,4,False
2020,3,regular,26,0.3307,0.3013,0.3583,375.0,1534.0,0.358,0.3404,0.3729,1376,967,4167,4,,4,False
2020,3,regular,27,0.3596,0.3365,0.3849,541.0,1889.0,0.3839,0.357,0.4235,2258,1439,7740,4,,4,False
2020,3,regular,29,0.4001,0.3575,0.4341,191.0,757.0,0.4156,0.3921,0.4375,1616,1065,5592,4,,4,False
2020,3,regular,30,0.4765,0.4289,0.5119,241.0,833.0,0.4867,0.4489,0.5203,910,677,2495,4,,4,False
2020,3,regular,31,,,,,,0.4178,0.392,0.4446,820,582,2401,4,,3,False
2020,3,regular,32,0.4083,0.3705,0.4418,274.0,891.0,0.4127,0.3907,0.4343,1660,1208,3703,4,,4,False
2020,3,regular,33,0.4633,0.4342,0.4875,772.0,3368.0,0.4424,0.4288,0.4546,4601,3393,13542,4,,4,False
2020,3,regular,34,0.3995,0.3246,0.4624,134.0,532.0,0.4272,0.3938,0.4552,855,608,2039,4,,4,False
2020,3,regular,36,0.4077,0.3756,0.433,366.0,1039.0,0.4278,0.3942,0.4804,1673,1024,4351,4,,4,False
2020,3,regular,38,0.4312,0.3653,0.505,298.0,1111.0,0.4075,0.3813,0.4316,1486,999,4341,4,,4,False
2020,3,regular,91,0.4048,0.376,0.4323,430.0,1174.0,0.467,0.4381,0.4914,1452,1013,4069,4,,4,False
2020,3,regular,93,0.3777,0.3302,0.4109,266.0,1131.0,0.3899,0.3674,0.4092,1239,909,3185,4,,4,False
2020,4,regular,2,0.3987,0.3518,0.4394,181.0,1170.0,0.4284,0.4017,0.4571,691,543,1834,4,,4,False
2020,4,regular,3,0.3465,0.3026,0.3817,220.0,1088.0,0.3738,0.3505,0.3989,754,591,1794,4,,4,False
2020,4,regular,4,0.3706,0.3426,0.3987,370.0,1687.0,0.4087,0.3919,0.4259,1669,1168,4909,4,,4,False
2020,4,regular,5,0.3736,0.3469,0.401,437.0,1524.0,0.3927,0.3723,0.4098,1626,1084,4795,4,,4,False
2020,4,regular,6,0.345,0.3047,0.3901,273.0,916.0,0.3698,0.3491,0.389,1300,919,3361,4,,4,False
2020,4,regular,7,0.3455,0.3184,0.3679,365.0,1305.0,0.3856,0.3637,0.409,1290,873,4024,4,,4,False
2020,4,regular,8,0.3935,0.3541,0.4261,396.0,1413.0,0.414,0.3915,0.4368,1223,892,4325,4,,4,False
2020,4,regular,9,0.4208,0.3629,0.4858,307.0,1068.0,0.4033,0.3777,0.4306,1087,721,3231,4,,4,False
2020,4,regular,10,0.4158,0.3885,0.4428,598.0,2245.0,0.4153,0.3984,0.4298,2352,1533,7210,4,,4,False
2020,4,regular,12,0.3946,0.3652,0.4218,391.0,1342.0,0.4129,0.389,0.4399,1493,934,5097,4,,4,False
2020,4,regular,13,0.3961,0.3622,0.4237,385.0,1133.0,0.4113,0.3914,0.4272,2118,1329,6131,4,,4,False
2020,4,regular,14,0.3625,0.3318,0.387,427.0,1596.0,0.3691,0.3553,0.3851,1443,1011,4580,4,,4,False
2020,4,regular,15,0.3301,0.3047,0.3553,395.0,1537.0,0.3688,0.3509,0.3872,1541,1003,5140,4,,4,False
2020,4,regular,17,0.4262,0.3736,0.4691,212.0,829.0,0.4334,0.3962,0.466,915,696,2566,4,,4,False
2020,4,regular,18,0.3223,0.2872,0.3495,415.0,1629.0,0.3485,0.3252,0.3704,1660,1019,6272,4,,4,False
2020,4,regular,19,0.345,0.3082,0.3832,509.0,1655.0,0.35,0.3327,0.3695,2028,1151,6714,4,,4,False
2020,4,regular,20,0.3951,0.3517,0.4348,233.0,728.0,0.3947,0.3621,0.4287,879,611,2547,4,,4,False
2020,4,regular,22,0.3588,0.3324,0.3822,429.0,1460.0,0.3765,0.3582,0.3927,1733,1069,5920,4,,4,False
2020,4,regular,23,0.4194,0.3957,0.4459,598.0,2165.0,0.4358,0.4202,0.451,2397,1521,8524,4,,4,False
2020,4,regular,25,0.3168,0.2872,0.3474,426.0,1567.0,0.3172,0.3006,0.3335,1556,1036,5216,4,,4,False
2020,4,regular,26,0.3749,0.3457,0.4011,332.0,1444.0,0.3616,0.3468,0.3754,1296,924,3964,4,,4,False
2020,4,regular,27,0.3478,0.3125,0.3854,535.0,1852.0,0.3803,0.3526,0.4101,2193,1328,7502,4,,4,False
2020,4,regular,29,0.4056,0.368,0.4407,443.0,1722.0,0.413,0.3882,0.4343,1427,1023,4949,4,,4,False
2020,4,regular,30,0.4381,0.3813,0.4855,241.0,802.0,0.4786,0.4398,0.5157,903,680,2415,4,,4,False
2020,4,regular,31,0.3733,0.318,0.4435,168.0,500.0,0.4003,0.3715,0.4337,659,489,1906,4,,3,False
2020,4,regular,32,0.3712,0.333,0.409,305.0,925.0,0.4078,0.3875,0.4279,1360,978,2958,4,,4,False
2020,4,regular,33,0.4533,0.416,0.4802,706.0,3050.0,0.4466,0.4322,0.4602,3631,2634,10509,4,,4,False
2020,4,regular,34,0.4532,0.3961,0.4976,188.0,764.0,0.4345,0.4012,0.4636,739,554,1760,4,,4,False
2020,4,regular,36,0.4071,0.371,0.4398,326.0,890.0,0.4166,0.3922,0.4414,1519,957,3979,4,,4,False
2020,4,regular,38,0.4071,0.3654,0.4428,418.0,1456.0,0.4101,0.3791,0.437,1425,994,4231,4,,4,False
2020,4,regular,91,0.4224,0.3866,0.4552,418.0,1194.0,0.4556,0.4314,0.4777,1444,983,4023,4,,4,False
2020,4,regular,93,0.3883,0.3353,0.4313,252.0,1111.0,0.3894,0.3659,0.4083,1056,832,2727,4,,4,False
2021,1,regular,2,0.4197,0.3701,0.4697,187.0,1232.0,0.4242,0.3926,0.4538,625,513,1699,4,,4,False
2021,1,regular,3,0.4121,0.3679,0.4536,218.0,1070.0,0.3798,0.3558,0.4038,732,574,1736,4,,4,False
2021,1,regular,4,0.4203,0.3901,0.4503,425.0,1836.0,0.4093,0.3906,0.4254,1638,1173,4691,4,,4,False
2021,1,regular,5,0.4027,0.3705,0.4312,406.0,1520.0,0.392,0.3735,0.4096,1607,1070,4688,4,,4,False
2021,1,regular,6,0.3388,0.3099,0.3657,427.0,1367.0,0.3646,0.3446,0.3843,1238,893,3097,4,,4,False
2021,1,regular,7,0.386,0.3553,0.4177,365.0,1314.0,0.3834,0.3619,0.4052,1315,887,4057,4,,4,False
2021,1,regular,8,0.3895,0.3587,0.4139,272.0,961.0,0.4007,0.3769,0.4262,1180,849,4156,4,,4,False
2021,1,regular,9,0.3543,0.3251,0.3807,325.0,1101.0,0.391,0.3642,0.4208,1112,761,3277,4,,4,False
2021,1,regular,10,0.4229,0.3974,0.4479,642.0,2343.0,0.4066,0.3925,0.4197,2394,1567,7258,4,,4,False
2021,1,regular,12,0.4365,0.3938,0.4752,352.0,1252.0,0.4099,0.3832,0.4346,1487,929,5040,4,,4,False
2021,1,regular,13,0.4281,0.3998,0.4604,544.0,1667.0,0.4094,0.3916,0.4258,1950,1287,5668,4,,4,False
2021,1,regular,14,0.4185,0.3861,0.4511,415.0,1680.0,0.3686,0.3513,0.385,1500,1019,4794,4,,4,False
2021,1,regular,15,0.3919,0.3609,0.4205,381.0,1482.0,0.3759,0.3583,0.3927,1554,1002,5198,4,,4,False
2021,1,regular,17,0.4065,0.3648,0.4402,273.0,1120.0,0.4298,0.3948,0.464,874,643,2495,4,,4,False
2021,1,regular,18,0.3962,0.3553,0.4409,446.0,1721.0,0.3473,0.3223,0.3711,1653,1038,6239,4,,4,False
2021,1,regular,19,0.363,0.3364,0.3932,532.0,1812.0,0.3435,0.3242,0.3637,2045,1159,6749,4,,4,False
2021,1,regular,20,0.4093,0.3695,0.4441,282.0,992.0,0.3969,0.3613,0.4302,897,618,2589,4,,4,False
2021,1,regular,22,0.3744,0.348,0.3986,426.0,1517.0,0.3711,0.352,0.3882,1690,1040,5761,4,,4,False
2021,1,regular,23,0.4432,0.418,0.4714,709.0,2563.0,0.4324,0.4159,0.4484,2445,1521,8706,4,,4,False
2021,1,regular,25,0.3193,0.2973,0.339,433.0,1601.0,0.3145,0.2987,0.3322,1622,1018,5433,4,,4,False
2021,1,regular,26,0.3791,0.3474,0.4071,349.0,1333.0,0.3621,0.3454,0.3777,1338,933,4023,4,,4,False
2021,1,regular,27,0.3776,0.3497,0.4047,542.0,1791.0,0.3805,0.3542,0.4204,2190,1316,7452,4,,4,False
2021,1,regular,29,0.4215,0.391,0.447,538.0,2035.0,0.4174,0.3899,0.4394,1409,1013,4845,4,,4,False
2021,1,regular,30,0.4472,0.3829,0.4935,144.0,511.0,0.4648,0.4354,0.4947,796,590,2083,4,,4,False
2021,1,regular,31,0.4148,0.3762,0.4479,310.0,978.0,0.3954,0.3676,0.4281,667,554,1900,4,,3,False
2021,1,regular,32,0.4157,0.3727,0.4513,282.0,997.0,0.4123,0.387,0.4333,1129,817,2435,4,,4,False
2021,1,regular,33,0.4412,0.4114,0.4699,692.0,3085.0,0.4496,0.4329,0.466,2910,2080,8291,4,,4,False
2021,1,regular,34,0.422,0.3681,0.471,204.0,945.0,0.4384,0.4057,0.4664,674,520,1614,4,,4,False
2021,1,regular,36,0.376,0.3456,0.4032,388.0,1025.0,0.4053,0.3866,0.4259,1470,973,3847,4,,4,False
2021,1,regular,38,0.4125,0.3772,0.4535,456.0,1501.0,0.4185,0.3919,0.4482,1408,958,4200,4,,4,False
2021,1,regular,91,0.4273,0.4,0.4514,435.0,1246.0,0.4313,0.409,0.4503,1502,991,4177,4,,4,False
2021,1,regular,93,0.3582,0.3164,0.3957,272.0,1095.0,0.383,0.3562,0.4042,979,759,2528,4,,4,False
2021,2,regular,2,0.466,0.3881,0.5473,169.0,1239.0,0.4298,0.399,0.459,639,528,1715,4,,4,False
2021,2,regular,3,0.3912,0.3285,0.4418,215.0,1084.0,0.3793,0.3503,0.4056,796,622,1861,4,,4,False
2021,2,regular,4,0.3811,0.3469,0.4139,431.0,1814.0,0.3928,0.375,0.4088,1644,1195,4577,4,,4,False
2021,2,regular,5,0.4321,0.3999,0.4622,364.0,1467.0,0.3998,0.385,0.4143,1609,1054,4639,4,,4,False
2021,2,regular,6,0.3412,0.3088,0.3679,422.0,1318.0,0.3554,0.3369,0.3749,1399,946,3314,4,,4,False
2021,2,regular,7,0.3795,0.3483,0.4071,339.0,1245.0,0.3722,0.3511,0.3872,1434,901,4388,4,,4,False
2021,2,regular,8,0.3872,0.3496,0.4238,295.0,1066.0,0.3985,0.3773,0.4185,1341,939,4637,4,,4,False
2021,2,regular,9,0.33,0.2961,0.3636,308.0,1035.0,0.3741,0.3478,0.4023,1236,798,3584,4,,4,False
2021,2,regular,10,0.4253,0.394,0.453,603.0,2208.0,0.4123,0.3966,0.4275,2431,1568,7278,4,,4,False
2021,2,regular,12,0.3888,0.3449,0.4279,392.0,1326.0,0.4113,0.3883,0.4348,1554,928,5156,4,,4,False
2021,2,regular,13,0.4531,0.4245,0.4818,692.0,2089.0,0.4198,0.4026,0.4359,2092,1409,6087,4,,4,False
2021,2,regular,14,0.3978,0.3596,0.4288,318.0,1350.0,0.3813,0.3651,0.3975,1556,1004,4964,4,,4,False
2021,2,regular,15,0.3569,0.3285,0.3849,351.0,1336.0,0.3691,0.3487,0.3857,1507,993,4978,4,,4,False
2021,2,regular,17,0.4163,0.3543,0.477,309.0,1186.0,0.4217,0.3893,0.4497,1016,728,2901,4,,4,False
2021,2,regular,18,0.3623,0.3222,0.4073,455.0,1695.0,0.3493,0.3235,0.3753,1759,1056,6578,4,,4,False
2021,2,regular,19,0.3458,0.3212,0.3715,545.0,1862.0,0.3447,0.3259,0.3635,2091,1176,6961,4,,4,False
2021,2,regular,20,0.3796,0.342,0.4158,241.0,942.0,0.3926,0.3631,0.4233,904,608,2600,4,,4,False
2021,2,regular,22,0.3944,0.3642,0.4206,427.0,1523.0,0.3819,0.3653,0.3993,1702,1028,5793,4,,4,False
2021,2,regular,23,0.4206,0.3969,0.4457,708.0,2541.0,0.4266,0.4132,0.4403,2631,1574,9340,4,,4,False
2021,2,regular,25,0.3033,0.2775,0.3281,423.0,1643.0,0.3156,0.2992,0.3306,1698,1055,5713,4,,4,False
2021,2,regular,26,0.3457,0.3172,0.3737,330.0,1254.0,0.3596,0.3431,0.3755,1386,942,4077,4,,4,False
2021,2,regular,27,0.3458,0.3206,0.3712,550.0,1812.0,0.3598,0.3423,0.3784,2168,1287,7274,4,,4,False
2021,2,regular,29,0.4114,0.3723,0.4464,559.0,2147.0,0.4127,0.3915,0.4329,1731,1181,5980,4,,4,False
2021,2,regular,30,0.4585,0.4123,0.5023,191.0,758.0,0.4575,0.429,0.4804,817,608,2149,4,,4,False
2021,2,regular,31,0.4159,0.3728,0.4559,351.0,1109.0,0.4027,0.3752,0.4295,829,624,2366,4,,3,False
2021,2,regular,32,0.3883,0.3438,0.4332,243.0,883.0,0.3975,0.3731,0.4213,1104,790,2350,4,,4,False
2021,2,regular,33,0.4062,0.3787,0.4315,693.0,3031.0,0.4417,0.4249,0.4581,2863,2081,8082,4,,4,False
2021,2,regular,34,0.5301,0.3693,0.663,181.0,991.0,0.4565,0.4058,0.524,707,556,1672,4,,4,False
2021,2,regular,36,0.3906,0.358,0.4221,449.0,1246.0,0.3968,0.3767,0.4148,1529,997,4005,4,,4,False
2021,2,regular,38,0.3813,0.3512,0.4086,426.0,1418.0,0.4104,0.3826,0.4429,1598,1044,4738,4,,4,False
2021,2,regular,91,0.4351,0.3945,0.4737,441.0,1261.0,0.424,0.4059,0.4432,1724,1050,4782,4,,4,False
2021,2,regular,93,0.3362,0.3044,0.3665,332.0,1206.0,0.3686,0.3447,0.3923,1122,841,2956,4,,4,False
2021,3,regular,2,0.4516,0.3751,0.5124,149.0,1227.0,0.4367,0.4028,0.4659,686,543,1842,4,,4,False
2021,3,regular,3,0.4196,0.3729,0.458,194.0,1058.0,0.3943,0.3689,0.4175,847,645,1977,4,,4,False
2021,3,regular,4,0.4106,0.3823,0.435,446.0,1855.0,0.397,0.3802,0.4137,1672,1218,4589,4,,4,False
2021,3,regular,5,0.4022,0.3681,0.4306,348.0,1493.0,0.4042,0.3844,0.4233,1555,1022,4426,4,,4,False
2021,3,regular,6,0.3431,0.3145,0.3721,407.0,1383.0,0.3426,0.3231,0.3616,1529,1007,3560,4,,4,False
2021,3,regular,7,0.3699,0.3366,0.398,310.0,1240.0,0.3708,0.3549,0.3868,1379,889,4159,4,,4,False
2021,3,regular,8,0.3917,0.3565,0.4225,358.0,1220.0,0.3931,0.3717,0.4123,1321,938,4417,4,,4,False
2021,3,regular,9,0.3767,0.3429,0.4062,305.0,1010.0,0.3727,0.3474,0.4019,1245,812,3593,4,,4,False
2021,3,regular,10,0.4163,0.3846,0.4488,555.0,2157.0,0.4206,0.4043,0.4361,2398,1566,7138,4,,4,False
2021,3,regular,12,0.3587,0.3254,0.3952,379.0,1256.0,0.3958,0.3748,0.4167,1514,921,4935,4,,4,False
2021,3,regular,13,0.4169,0.395,0.4356,706.0,2149.0,0.4246,0.4098,0.4409,2327,1554,6791,4,,4,False
2021,3,regular,14,0.3975,0.3668,0.4311,345.0,1601.0,0.3952,0.3781,0.415,1505,1015,4768,4,,4,False
2021,3,regular,15,0.4296,0.3915,0.4633,334.0,1286.0,0.3812,0.3636,0.3973,1461,962,4726,4,,4,False
2021,3,regular,17,0.4035,0.3676,0.4342,292.0,1101.0,0.4154,0.3882,0.4415,1086,752,3087,4,,4,False
2021,3,regular,18,0.3238,0.2983,0.3443,481.0,1705.0,0.3527,0.3315,0.3799,1797,1064,6632,4,,4,False
2021,3,regular,19,0.3513,0.3237,0.3781,537.0,1789.0,0.3524,0.3337,0.3718,2123,1185,7115,4,,4,False
2021,3,regular,20,0.4303,0.3897,0.4672,247.0,905.0,0.4056,0.3814,0.429,1003,648,2905,4,,4,False
2021,3,regular,22,0.4176,0.39,0.4456,428.0,1472.0,0.388,0.3724,0.4031,1710,1030,5763,4,,4,False
2021,3,regular,23,0.4245,0.4037,0.449,704.0,2536.0,0.4275,0.413,0.4423,2719,1579,9661,4,,4,False
2021,3,regular,25,0.3012,0.2799,0.3218,445.0,1626.0,0.3115,0.2971,0.3255,1727,1094,5813,4,,4,False
2021,3,regular,26,0.3861,0.3606,0.4149,342.0,1430.0,0.3728,0.3544,0.389,1353,920,3844,4,,4,False
2021,3,regular,27,0.4083,0.3556,0.4617,578.0,1881.0,0.3721,0.3487,0.3942,2205,1317,7288,4,,4,False
2021,3,regular,29,0.3719,0.3476,0.3968,544.0,2227.0,0.4054,0.3885,0.4238,2084,1324,7306,4,,4,False
2021,3,regular,30,0.4921,0.4312,0.5472,205.0,835.0,0.4613,0.4317,0.4888,781,602,2009,4,,4,False
2021,3,regular,31,0.4143,0.3696,0.4564,350.0,1052.0,0.4059,0.3817,0.4289,1179,827,3330,4,,4,False
2021,3,regular,32,0.4478,0.392,0.4982,350.0,1227.0,0.4076,0.382,0.429,1180,902,2498,4,,4,False
2021,3,regular,33,0.4319,0.4049,0.4576,755.0,3599.0,0.4337,0.4176,0.4483,2846,2149,8013,4,,4,False
2021,3,regular,34,0.3875,0.3378,0.432,200.0,1018.0,0.4565,0.4038,0.5089,773,573,1806,4,,4,False
2021,3,regular,36,0.4149,0.3825,0.4364,462.0,1339.0,0.3988,0.3823,0.4173,1625,1032,4227,4,,4,False
2021,3,regular,38,0.3996,0.3697,0.4274,453.0,1532.0,0.4019,0.3839,0.4187,1753,1127,5086,4,,4,False
2021,3,regular,91,0.4155,0.3881,0.4415,458.0,1294.0,0.4272,0.4085,0.4434,1752,1066,4875,4,,4,False
2021,3,regular,93,0.3637,0.3284,0.3983,363.0,1165.0,0.3647,0.3416,0.3842,1219,886,3271,4,,4,False
2021,4,regular,2,0.3846,0.3376,0.4246,163.0,1185.0,0.4326,0.4024,0.4693,668,541,1795,4,,4,False
2021,4,regular,3,0.4027,0.3534,0.4426,198.0,1028.0,0.4083,0.3837,0.4324,825,636,1936,4,,4,False
2021,4,regular,4,0.3941,0.3484,0.4427,505.0,1871.0,0.4029,0.3846,0.4225,1807,1289,4871,4,,4,False
2021,4,regular,5,0.3875,0.3503,0.4189,327.0,1439.0,0.4068,0.3876,0.4244,1445,983,4110,4,,4,False
2021,4,regular,6,0.3196,0.2881,0.349,407.0,1351.0,0.3361,0.3192,0.352,1663,1046,3777,4,,4,False
2021,4,regular,7,0.3736,0.3409,0.4089,322.0,1355.0,0.3778,0.3599,0.3953,1336,870,4006,4,,4,False
2021,4,regular,8,0.3698,0.3421,0.3947,401.0,1361.0,0.3865,0.3689,0.4027,1326,936,4315,4,,4,False
2021,4,regular,9,0.3471,0.3131,0.3831,329.0,1001.0,0.3537,0.3337,0.3731,1267,829,3652,4,,4,False
2021,4,regular,10,0.3979,0.3701,0.4233,542.0,2208.0,0.4165,0.4011,0.4332,2342,1525,6862,4,,4,False
2021,4,regular,12,0.366,0.3313,0.4,372.0,1194.0,0.3887,0.3649,0.4109,1495,903,4846,4,,4,False
2021,4,regular,13,0.4084,0.3807,0.4341,739.0,2182.0,0.4273,0.4111,0.4405,2681,1690,7800,4,,4,False
2021,4,regular,14,0.3901,0.3544,0.4246,311.0,1520.0,0.4018,0.3829,0.4198,1389,962,4337,4,,4,False
2021,4,regular,15,0.3479,0.3102,0.3857,385.0,1342.0,0.3837,0.3643,0.4027,1451,971,4601,4,,4,False
2021,4,regular,17,0.3736,0.3385,0.4114,322.0,1154.0,0.4017,0.3744,0.4257,1196,823,3328,4,,4,False
2021,4,regular,18,0.3329,0.3096,0.354,486.0,1733.0,0.3551,0.332,0.3799,1868,1074,6780,4,,4,False
2021,4,regular,19,0.3344,0.3064,0.3622,528.0,1786.0,0.3495,0.3344,0.3642,2142,1181,7249,4,,4,False
2021,4,regular,20,0.3897,0.3519,0.4323,253.0,892.0,0.4044,0.3794,0.4248,1023,642,2985,4,,4,False
2021,4,regular,22,0.3767,0.3484,0.4053,404.0,1453.0,0.3924,0.3762,0.4074,1685,1003,5687,4,,4,False
2021,4,regular,23,0.3943,0.3638,0.4285,653.0,2314.0,0.4213,0.4043,0.435,2774,1590,9811,4,,4,False
2021,4,regular,25,0.2914,0.2679,0.3153,415.0,1471.0,0.3046,0.2887,0.319,1716,1046,5781,4,,4,False
2021,4,regular,26,0.4123,0.3817,0.442,353.0,1465.0,0.3823,0.3639,0.4002,1374,941,3896,4,,4,False
2021,4,regular,27,0.3659,0.3306,0.4071,580.0,1863.0,0.3759,0.3535,0.3964,2250,1333,7301,4,,4,False
2021,4,regular,29,0.3713,0.3454,0.4035,534.0,2151.0,0.3957,0.3781,0.4123,2175,1330,7611,4,,4,False
2021,4,regular,30,0.3972,0.3506,0.4397,229.0,824.0,0.4519,0.4213,0.4811,769,586,1957,4,,4,False
2021,4,regular,31,0.3949,0.3563,0.4327,362.0,1066.0,0.4112,0.3892,0.4358,1373,904,3808,4,,4,False
2021,4,regular,32,0.3996,0.3616,0.4314,449.0,1723.0,0.414,0.3905,0.4358,1324,1040,2813,4,,4,False
2021,4,regular,33,0.3955,0.3741,0.4157,1044.0,4877.0,0.4191,0.4048,0.4342,3184,2555,8986,4,,4,False
2021,4,regular,34,0.3839,0.3309,0.4216,207.0,1041.0,0.4386,0.3804,0.5004,792,595,1904,4,,4,False
2021,4,regular,36,0.3644,0.338,0.3857,457.0,1306.0,0.3872,0.3697,0.4029,1756,1061,4581,4,,4,False
2021,4,regular,38,0.3788,0.3538,0.4027,443.0,1552.0,0.3936,0.3774,0.4092,1778,1121,5087,4,,4,False
2021,4,regular,91,0.3865,0.3544,0.4192,483.0,1352.0,0.4188,0.4008,0.437,1817,1095,5017,4,,4,False
2021,4,regular,93,0.3726,0.3434,0.399,345.0,1094.0,0.3602,0.3431,0.3776,1312,917,3516,4,,4,False
2022,1,regular,2,0.419,0.3554,0.4725,170.0,1250.0,0.4326,0.3939,0.4679,651,522,1748,4,,4,False
2022,1,regular,3,0.4562,0.3898,0.5163,220.0,1050.0,0.4195,0.3927,0.4476,827,636,1929,4,,4,False
2022,1,regular,4,0.3888,0.3619,0.4114,516.0,1925.0,0.3947,0.3762,0.4143,1898,1343,5068,4,,4,False
2022,1,regular,5,0.4109,0.3731,0.4458,308.0,1441.0,0.4098,0.3883,0.4264,1347,932,3728,4,,4,False
2022,1,regular,6,0.3678,0.3329,0.399,383.0,1245.0,0.3435,0.3243,0.36,1619,1088,3565,4,,4,False
2022,1,regular,7,0.4011,0.3624,0.4345,329.0,1270.0,0.3823,0.3619,0.4013,1300,868,3817,4,,4,False
2022,1,regular,8,0.3927,0.3643,0.4166,385.0,1312.0,0.3873,0.3683,0.4064,1439,993,4631,4,,4,False
2022,1,regular,9,0.3824,0.3393,0.4197,331.0,993.0,0.3605,0.3409,0.3806,1273,830,3679,4,,4,False
2022,1,regular,10,0.4357,0.3822,0.5053,555.0,2163.0,0.4201,0.3974,0.4444,2255,1529,6532,4,,4,False
2022,1,regular,12,0.3901,0.3493,0.4237,333.0,1075.0,0.3765,0.3557,0.3959,1476,908,4774,4,,4,False
2022,1,regular,13,0.4112,0.3836,0.4344,705.0,2188.0,0.4231,0.407,0.4369,2842,1737,8218,4,,4,False
2022,1,regular,14,0.4319,0.3882,0.4687,357.0,1523.0,0.4062,0.3826,0.4273,1331,1001,4052,4,,4,False
2022,1,regular,15,0.3626,0.328,0.3938,374.0,1398.0,0.3771,0.3568,0.394,1444,969,4475,4,,4,False
2022,1,regular,17,0.3979,0.358,0.4357,317.0,1186.0,0.3997,0.3731,0.4273,1240,823,3413,4,,4,False
2022,1,regular,18,0.3562,0.3293,0.3835,464.0,1681.0,0.3447,0.3289,0.36,1886,1085,6769,4,,4,False
2022,1,regular,19,0.3751,0.3365,0.4154,516.0,1782.0,0.3534,0.3341,0.374,2126,1185,7215,4,,4,False
2022,1,regular,20,0.4188,0.3803,0.458,241.0,863.0,0.4068,0.3847,0.4309,982,637,2821,4,,4,False
2022,1,regular,22,0.3689,0.3366,0.3954,416.0,1509.0,0.3913,0.3745,0.411,1675,1012,5660,4,,4,False
2022,1,regular,23,0.4316,0.4064,0.4568,649.0,2307.0,0.419,0.403,0.436,2714,1572,9545,4,,4,False
2022,1,regular,25,0.2985,0.2708,0.325,399.0,1469.0,0.2994,0.2853,0.3142,1682,1047,5579,4,,4,False
2022,1,regular,26,0.3716,0.3375,0.4037,358.0,1401.0,0.3807,0.3632,0.3973,1383,945,3958,4,,4,False
2022,1,regular,27,0.3731,0.3462,0.3999,554.0,1864.0,0.3749,0.3545,0.3973,2262,1419,7381,4,,4,False
2022,1,regular,29,0.3836,0.3581,0.4114,563.0,2126.0,0.386,0.3685,0.4027,2200,1365,7648,4,,4,False
2022,1,regular,30,0.4859,0.4264,0.5301,217.0,839.0,0.4622,0.4313,0.4891,842,633,2145,4,,4,False
2022,1,regular,31,0.3744,0.3452,0.399,377.0,1051.0,0.4004,0.3781,0.4227,1440,922,3927,4,,4,False
2022,1,regular,32,0.4327,0.3883,0.4672,450.0,1684.0,0.4182,0.3946,0.439,1492,1155,3151,4,,4,False
2022,1,regular,33,0.41,0.3841,0.432,1026.0,5022.0,0.4113,0.3973,0.4244,3518,2762,9931,4,,4,False
2022,1,regular,34,0.3695,0.3201,0.4069,217.0,1001.0,0.4247,0.3667,0.493,805,601,1942,4,,4,False
2022,1,regular,36,0.3797,0.3513,0.406,447.0,1218.0,0.3881,0.3706,0.4022,1815,1096,4762,4,,4,False
2022,1,regular,38,0.3991,0.3682,0.4295,413.0,1512.0,0.3905,0.3738,0.4074,1735,1125,4896,4,,4,False
2022,1,regular,91,0.4035,0.375,0.4332,433.0,1276.0,0.4114,0.3936,0.4305,1815,1128,4973,4,,4,False
2022,1,regular,93,0.3429,0.3116,0.3737,359.0,1082.0,0.358,0.3413,0.375,1399,955,3744,4,,4,False
2022,2,regular,2,0.427,0.372,0.4765,259.0,1273.0,0.423,0.3902,0.4534,741,593,2021,4,,4,False
2022,2,regular,3,0.4295,0.3881,0.4664,251.0,1121.0,0.4289,0.4022,0.4553,863,650,1994,4,,4,False
2022,2,regular,4,0.3778,0.3445,0.4112,520.0,1987.0,0.3935,0.3723,0.4129,1987,1402,5234,4,,4,False
2022,2,regular,5,0.4118,0.3714,0.4493,302.0,1482.0,0.4043,0.3817,0.4257,1285,896,3508,4,,4,False
2022,2,regular,6,0.3313,0.2976,0.3628,371.0,1216.0,0.3412,0.3212,0.3606,1568,965,3396,4,,4,False
2022,2,regular,7,0.3691,0.3262,0.4122,309.0,1219.0,0.3795,0.3598,0.3989,1270,858,3639,4,,4,False
2022,2,regular,8,0.3547,0.3246,0.3816,407.0,1344.0,0.3788,0.3622,0.3949,1551,1029,4935,4,,4,False
2022,2,regular,9,0.3656,0.3344,0.396,326.0,1029.0,0.3696,0.3461,0.3887,1291,807,3755,4,,4,False
2022,2,regular,10,0.3933,0.3662,0.4223,595.0,2121.0,0.4121,0.3892,0.44,2247,1483,6474,4,,4,False
2022,2,regular,12,0.388,0.3456,0.4304,357.0,1187.0,0.3767,0.3571,0.3981,1441,899,4672,4,,4,False
2022,2,regular,13,0.4192,0.3958,0.4455,714.0,2150.0,0.4145,0.3999,0.4301,2864,1759,8177,4,,4,False
2022,2,regular,14,0.3595,0.3228,0.3929,340.0,1556.0,0.3966,0.3767,0.4146,1353,949,4007,4,,4,False
2022,2,regular,15,0.3282,0.2983,0.3553,378.0,1397.0,0.3697,0.3503,0.3893,1471,984,4570,4,,4,False
2022,2,regular,17,0.3632,0.326,0.3899,265.0,1140.0,0.3864,0.3655,0.4069,1196,813,3308,4,,4,False
2022,2,regular,18,0.3246,0.301,0.3476,459.0,1670.0,0.335,0.3202,0.3494,1890,1068,6732,4,,4,False
2022,2,regular,19,0.353,0.3296,0.3775,518.0,1762.0,0.3547,0.3358,0.3715,2099,1157,7112,4,,4,False
2022,2,regular,20,0.3849,0.3433,0.4228,216.0,819.0,0.4077,0.3786,0.4292,957,628,2675,4,,4,False
2022,2,regular,22,0.3622,0.33,0.3921,407.0,1478.0,0.3831,0.367,0.3999,1655,1016,5564,4,,4,False
2022,2,regular,23,0.3716,0.3474,0.3913,662.0,2339.0,0.4069,0.3907,0.4256,2668,1541,9343,4,,4,False
2022,2,regular,25,0.3145,0.2892,0.3394,407.0,1569.0,0.302,0.2889,0.3167,1666,1040,5521,4,,4,False
2022,2,regular,26,0.3575,0.3245,0.3875,371.0,1297.0,0.3832,0.3638,0.4018,1424,954,4086,4,,4,False
2022,2,regular,27,0.3221,0.3018,0.3441,544.0,1825.0,0.3689,0.3468,0.3913,2256,1332,7398,4,,4,False
2022,2,regular,29,0.3633,0.3395,0.3901,591.0,2225.0,0.3743,0.3585,0.39,2232,1393,7697,4,,4,False
2022,2,regular,30,0.4325,0.3889,0.4754,233.0,840.0,0.4555,0.422,0.4888,884,661,2174,4,,4,False
2022,2,regular,31,0.3845,0.3434,0.4209,348.0,1039.0,0.3926,0.3727,0.4132,1437,925,3849,4,,4,False
2022,2,regular,32,0.3665,0.3401,0.3898,540.0,1887.0,0.4138,0.3917,0.4359,1789,1379,3758,4,,4,False
2022,2,regular,33,0.4222,0.3916,0.4475,1149.0,5576.0,0.4153,0.4021,0.4291,3974,3088,11198,4,,4,False
2022,2,regular,34,0.3298,0.2903,0.3714,240.0,989.0,0.3724,0.3496,0.3961,864,647,2067,4,,4,False
2022,2,regular,36,0.3813,0.3348,0.4235,422.0,1253.0,0.3858,0.3663,0.4058,1788,1079,4685,4,,4,False
2022,2,regular,38,0.3982,0.3623,0.4277,416.0,1544.0,0.3948,0.3766,0.4106,1725,1112,4847,4,,4,False
2022,2,regular,91,0.4187,0.3862,0.4453,406.0,1190.0,0.4072,0.3922,0.4233,1780,1103,4873,4,,4,False
2022,2,regular,93,0.3472,0.3133,0.378,370.0,1090.0,0.3617,0.3442,0.3779,1437,964,3779,4,,4,False
2022,3,regular,2,0.4066,0.3723,0.4411,281.0,1149.0,0.4108,0.384,0.4354,873,675,2353,4,,4,False
2022,3,regular,3,0.3928,0.3456,0.4351,285.0,1048.0,0.422,0.3942,0.4494,954,707,2185,4,,4,False
2022,3,regular,4,0.3749,0.3464,0.402,425.0,1854.0,0.3845,0.3655,0.4051,1966,1378,5085,4,,4,False
2022,3,regular,5,0.3886,0.3508,0.4185,281.0,1412.0,0.4011,0.3806,0.4233,1218,871,3273,4,,4,False
2022,3,regular,6,0.3358,0.2947,0.371,240.0,1065.0,0.3392,0.3187,0.3583,1401,962,3015,4,,4,False
2022,3,regular,7,0.3636,0.3341,0.3911,350.0,1279.0,0.3774,0.3565,0.3951,1310,870,3653,4,,4,False
2022,3,regular,8,0.3737,0.3368,0.4075,372.0,1320.0,0.3743,0.3557,0.3927,1565,1073,4931,4,,4,False
2022,3,regular,9,0.3915,0.3292,0.4705,311.0,937.0,0.3752,0.3478,0.4041,1297,819,3742,4,,4,False
2022,3,regular,10,0.4131,0.3843,0.4445,532.0,2065.0,0.4112,0.3884,0.4337,2224,1492,6351,4,,4,False
2022,3,regular,12,0.3778,0.3418,0.4096,386.0,1238.0,0.3815,0.3603,0.4027,1448,908,4629,4,,4,False
2022,3,regular,13,0.3974,0.3766,0.418,719.0,2083.0,0.4096,0.3935,0.4238,2877,1775,8088,4,,4,False
2022,3,regular,14,0.3667,0.3268,0.3978,351.0,1515.0,0.389,0.3691,0.4105,1359,995,3921,4,,4,False
2022,3,regular,15,0.3512,0.3149,0.3823,342.0,1316.0,0.3487,0.3304,0.3662,1479,980,4616,4,,4,False
2022,3,regular,17,0.3432,0.3092,0.3786,243.0,1032.0,0.3717,0.3496,0.3906,1147,794,3146,4,,4,False
2022,3,regular,18,0.3682,0.3389,0.3967,455.0,1640.0,0.3463,0.3324,0.3628,1864,1107,6639,4,,4,False
2022,3,regular,19,0.3571,0.3326,0.3832,505.0,1697.0,0.3556,0.3379,0.3761,2067,1143,7020,4,,4,False
2022,3,regular,20,0.4341,0.3887,0.4732,208.0,713.0,0.4093,0.3856,0.4351,918,625,2503,4,,4,False
2022,3,regular,22,0.3726,0.3325,0.411,397.0,1477.0,0.3708,0.351,0.3911,1624,995,5434,4,,4,False
2022,3,regular,23,0.3764,0.3563,0.3944,635.0,2228.0,0.3948,0.38,0.4132,2599,1519,9030,4,,4,False
2022,3,regular,25,0.3104,0.2868,0.3318,395.0,1571.0,0.3043,0.2893,0.3189,1616,1013,5379,4,,4,False
2022,3,regular,26,0.3873,0.3569,0.4111,388.0,1388.0,0.3831,0.3634,0.4006,1470,970,4235,4,,4,False
2022,3,regular,27,0.3607,0.3383,0.3822,529.0,1730.0,0.3567,0.3408,0.3698,2207,1371,7247,4,,4,False
2022,3,regular,29,0.3731,0.343,0.3997,562.0,2229.0,0.3741,0.3582,0.3889,2250,1400,7618,4,,4,False
2022,3,regular,30,0.4817,0.4401,0.518,240.0,932.0,0.4534,0.4243,0.4797,919,676,2283,4,,4,False
2022,3,regular,31,0.4952,0.4147,0.5774,339.0,1024.0,0.4169,0.3816,0.4517,1426,932,3794,4,,4,False
2022,3,regular,32,0.3995,0.3618,0.4411,527.0,1735.0,0.4015,0.3806,0.4193,1966,1471,4076,4,,4,False
2022,3,regular,33,0.4152,0.3928,0.4362,1193.0,5609.0,0.4112,0.3972,0.425,4412,3369,12183,4,,4,False
2022,3,regular,34,0.3539,0.3177,0.3858,253.0,1018.0,0.3637,0.3391,0.3881,917,683,2231,4,,4,False
2022,3,regular,36,0.4297,0.3792,0.4813,400.0,1198.0,0.3899,0.3675,0.4118,1726,1068,4499,4,,4,False
2022,3,regular,38,0.3906,0.3584,0.4185,391.0,1458.0,0.3924,0.3732,0.4095,1663,1124,4624,4,,4,False
2022,3,regular,91,0.4305,0.3887,0.4663,390.0,1108.0,0.4112,0.3945,0.4307,1712,1110,4652,4,,4,False
2022,3,regular,93,0.3269,0.2977,0.3526,352.0,1164.0,0.3531,0.3388,0.3675,1426,958,3764,4,,4,False
2022,4,regular,2,0.3944,0.3485,0.4378,271.0,1250.0,0.413,0.3842,0.4373,981,730,2630,4,,4,False
2022,4,regular,3,0.3902,0.3546,0.4223,294.0,1064.0,0.4185,0.391,0.4429,1050,753,2429,4,,4,False
2022,4,regular,4,0.374,0.3434,0.409,419.0,1750.0,0.3797,0.3632,0.3971,1880,1365,4792,4,,4,False
2022,4,regular,5,0.3889,0.3526,0.4197,311.0,1415.0,0.401,0.3783,0.4223,1202,845,3157,4,,4,False
2022,4,regular,6,0.3657,0.3297,0.3951,286.0,1095.0,0.3509,0.329,0.3719,1280,877,2801,4,,4,False
2022,4,regular,7,0.3839,0.3508,0.413,326.0,1361.0,0.3801,0.3612,0.3997,1314,881,3646,4,,4,False
2022,4,regular,8,0.3767,0.3459,0.4031,355.0,1298.0,0.3753,0.3575,0.392,1519,1023,4736,4,,4,False
2022,4,regular,9,0.3723,0.3257,0.409,304.0,937.0,0.3801,0.3546,0.4108,1272,792,3665,4,,4,False
2022,4,regular,10,0.3786,0.3521,0.4023,496.0,1995.0,0.4065,0.3848,0.4299,2178,1437,6235,4,,4,False
2022,4,regular,12,0.3509,0.3156,0.3847,343.0,1131.0,0.3793,0.3578,0.4003,1419,878,4500,4,,4,False
2022,4,regular,13,0.3844,0.3576,0.4067,734.0,2218.0,0.4036,0.389,0.4193,2872,1763,8060,4,,4,False
2022,4,regular,14,0.3639,0.3248,0.4064,301.0,1379.0,0.3832,0.3608,0.4022,1349,939,3888,4,,4,False
2022,4,regular,15,0.3448,0.3004,0.3866,373.0,1309.0,0.3483,0.3286,0.3696,1467,985,4540,4,,4,False
2022,4,regular,17,0.3465,0.306,0.3831,254.0,1079.0,0.3644,0.3439,0.3837,1079,761,2928,4,,4,False
2022,4,regular,18,0.3309,0.3015,0.3568,453.0,1628.0,0.3467,0.3296,0.363,1831,1050,6530,4,,4,False
2022,4,regular,19,0.3432,0.3166,0.3692,483.0,1580.0,0.3583,0.3403,0.376,2022,1110,6814,4,,4,False
2022,4,regular,20,0.4043,0.3619,0.4411,179.0,693.0,0.4126,0.3888,0.4361,844,586,2271,4,,4,False
2022,4,regular,22,0.3839,0.3505,0.4115,376.0,1531.0,0.3726,0.3537,0.3918,1596,994,5330,4,,4,False
2022,4,regular,23,0.3905,0.3624,0.415,647.0,2205.0,0.3943,0.3798,0.4086,2593,1519,8944,4,,4,False
2022,4,regular,25,0.2982,0.2675,0.3239,440.0,1565.0,0.3064,0.2901,0.3226,1641,1026,5411,4,,4,False
2022,4,regular,26,0.3601,0.3326,0.3876,413.0,1398.0,0.3699,0.3543,0.3887,1530,1002,4372,4,,4,False
2022,4,regular,27,0.3195,0.2994,0.3407,546.0,1740.0,0.3453,0.3312,0.3619,2173,1303,7138,4,,4,False
2022,4,regular,29,0.3742,0.3451,0.4064,541.0,2141.0,0.3745,0.3585,0.3915,2257,1385,7547,4,,4,False
2022,4,regular,30,0.4723,0.417,0.5211,241.0,906.0,0.4707,0.4398,0.4932,931,696,2316,4,,4,False
2022,4,regular,31,0.4742,0.384,0.5818,351.0,957.0,0.4379,0.3883,0.5058,1415,928,3737,4,,4,False
2022,4,regular,32,0.3859,0.3553,0.4112,474.0,1778.0,0.3981,0.3777,0.4157,1991,1484,4177,4,,4,False
2022,4,regular,33,0.3996,0.3701,0.4268,1157.0,5481.0,0.4121,0.3967,0.428,4525,3458,12503,4,,4,False
2022,4,regular,34,0.3728,0.3201,0.4174,227.0,939.0,0.3606,0.3358,0.3822,937,688,2267,4,,4,False
2022,4,regular,36,0.3608,0.3241,0.3932,378.0,1151.0,0.3891,0.3641,0.4124,1647,1025,4268,4,,4,False
2022,4,regular,38,0.3832,0.3543,0.4096,413.0,1455.0,0.3933,0.3747,0.4112,1633,1087,4551,4,,4,False
2022,4,regular,91,0.3943,0.3611,0.4249,365.0,1008.0,0.4149,0.3943,0.4335,1594,1017,4294,4,,4,False
2022,4,regular,93,0.3718,0.3366,0.4096,322.0,1108.0,0.3494,0.3318,0.3671,1403,955,3705,4,,4,False
2023,1,regular,2,0.3855,0.3409,0.4226,229.0,1214.0,0.4047,0.3797,0.4276,1040,755,2744,4,,4,False
2023,1,regular,3,0.3964,0.3583,0.4289,261.0,1024.0,0.4031,0.3776,0.4251,1091,773,2525,4,,4,False
2023,1,regular,4,0.3981,0.3674,0.4282,466.0,1807.0,0.3822,0.3659,0.3972,1830,1319,4587,4,,4,False
2023,1,regular,5,0.3894,0.3563,0.4228,278.0,1320.0,0.3955,0.3742,0.4156,1172,811,3080,4,,4,False
2023,1,regular,6,0.3539,0.3195,0.3837,247.0,931.0,0.3489,0.3289,0.3669,1144,860,2630,4,,4,False
2023,1,regular,7,0.4014,0.3697,0.4328,323.0,1319.0,0.3803,0.3606,0.3995,1308,886,3641,4,,4,False
2023,1,regular,8,0.3684,0.3345,0.3974,372.0,1352.0,0.3702,0.352,0.3879,1506,1032,4620,4,,4,False
2023,1,regular,9,0.4047,0.3393,0.4674,303.0,981.0,0.3857,0.3559,0.4194,1244,806,3572,4,,4,False
2023,1,regular,10,0.3939,0.3622,0.4205,498.0,2091.0,0.3956,0.3781,0.4107,2121,1417,6058,4,,4,False
2023,1,regular,12,0.3683,0.3364,0.396,348.0,1137.0,0.3728,0.3534,0.3947,1434,886,4525,4,,4,False
2023,1,regular,13,0.3856,0.3621,0.4101,741.0,2257.0,0.3971,0.3827,0.4106,2908,1785,8099,4,,4,False
2023,1,regular,14,0.368,0.3319,0.3931,292.0,1382.0,0.3662,0.3466,0.385,1284,893,3680,4,,4,False
2023,1,regular,15,0.3187,0.2871,0.3464,402.0,1354.0,0.3375,0.3171,0.3595,1495,1002,4619,4,,4,False
2023,1,regular,17,0.371,0.3379,0.3995,303.0,1183.0,0.3572,0.3389,0.3754,1065,749,2802,4,,4,False
2023,1,regular,18,0.3428,0.315,0.3688,420.0,1475.0,0.3429,0.325,0.3595,1787,1031,6323,4,,4,False
2023,1,regular,19,0.3575,0.3298,0.381,499.0,1578.0,0.3535,0.337,0.3676,2005,1114,6606,4,,4,False
2023,1,regular,20,0.3666,0.3224,0.4029,208.0,685.0,0.4012,0.3795,0.4232,811,557,2125,4,,4,False
2023,1,regular,22,0.3506,0.3166,0.3862,370.0,1501.0,0.3683,0.3474,0.3879,1550,970,5152,4,,4,False
2023,1,regular,23,0.4122,0.3731,0.4523,623.0,2151.0,0.3884,0.3718,0.4056,2567,1477,8791,4,,4,False
2023,1,regular,25,0.2982,0.2739,0.3217,437.0,1520.0,0.3062,0.2912,0.3199,1679,1031,5517,4,,4,False
2023,1,regular,26,0.3748,0.3515,0.3962,415.0,1300.0,0.3711,0.3542,0.3878,1587,1040,4507,4,,4,False
2023,1,regular,27,0.3612,0.3332,0.3891,529.0,1731.0,0.3421,0.3269,0.3564,2148,1276,7010,4,,4,False
2023,1,regular,29,0.3709,0.3495,0.391,532.0,2066.0,0.3712,0.3546,0.3863,2226,1372,7354,4,,4,False
2023,1,regular,30,0.4239,0.3716,0.4756,276.0,960.0,0.4543,0.4288,0.4815,990,731,2430,4,,4,False
2023,1,regular,31,0.3881,0.3501,0.4189,325.0,840.0,0.4395,0.3894,0.4991,1363,891,3544,4,,4,False
2023,1,regular,32,0.4151,0.3723,0.4501,445.0,1743.0,0.3933,0.3768,0.4112,1986,1472,4177,4,,4,False
2023,1,regular,33,0.4682,0.4,0.5506,1185.0,5876.0,0.4273,0.4045,0.4554,4684,3564,12910,4,,4,False
2023,1,regular,34,0.3845,0.3385,0.4213,219.0,1020.0,0.3638,0.3411,0.385,939,691,2258,4,,4,False
2023,1,regular,36,0.387,0.3505,0.4169,411.0,1165.0,0.3912,0.3673,0.4197,1611,1022,4178,4,,4,False
2023,1,regular,38,0.3903,0.3624,0.4146,412.0,1537.0,0.3911,0.3718,0.4075,1632,1095,4608,4,,4,False
2023,1,regular,91,0.4143,0.3705,0.4618,371.0,1059.0,0.4161,0.3923,0.4359,1532,998,4084,4,,4,False
2023,1,regular,93,0.3456,0.3111,0.377,315.0,1079.0,0.3525,0.333,0.3686,1359,914,3592,4,,4,False
2023,2,regular,2,0.4181,0.3787,0.4561,249.0,1222.0,0.4022,0.3796,0.4252,1030,759,2639,4,,4,False
2023,2,regular,3,0.3776,0.3352,0.4112,284.0,1038.0,0.3903,0.3673,0.4112,1124,803,2597,4,,4,False
2023,2,regular,4,0.3975,0.3664,0.4217,486.0,1881.0,0.3874,0.3723,0.4022,1796,1295,4494,4,,4,False
2023,2,regular,5,0.3846,0.348,0.415,295.0,1463.0,0.3891,0.3684,0.4091,1165,818,3055,4,,4,False
2023,2,regular,6,0.3765,0.3477,0.3989,358.0,1334.0,0.3604,0.3405,0.3763,1131,861,2761,4,,4,False
2023,2,regular,7,0.3736,0.3376,0.4062,311.0,1259.0,0.3815,0.3624,0.3967,1310,877,3587,4,,4,False
2023,2,regular,8,0.3901,0.3475,0.4265,383.0,1422.0,0.3789,0.359,0.3979,1482,1002,4500,4,,4,False
2023,2,regular,9,0.3738,0.3354,0.4057,322.0,1050.0,0.3876,0.354,0.4202,1240,796,3602,4,,4,False
2023,2,regular,10,0.3743,0.3453,0.4009,517.0,2056.0,0.3908,0.3744,0.4056,2043,1351,5830,4,,4,False
2023,2,regular,12,0.3573,0.3237,0.3896,344.0,1170.0,0.3666,0.3461,0.3863,1421,876,4445,4,,4,False
2023,2,regular,13,0.3952,0.3733,0.414,737.0,2135.0,0.391,0.377,0.4038,2931,1778,8105,4,,4,False
2023,2,regular,14,0.4162,0.3712,0.4557,287.0,1422.0,0.3806,0.3596,0.3998,1231,882,3505,4,,4,False
2023,2,regular,15,0.3271,0.2945,0.3589,371.0,1337.0,0.3372,0.3163,0.3568,1488,997,4563,4,,4,False
2023,2,regular,17,0.3406,0.3118,0.3725,335.0,1273.0,0.3526,0.3318,0.371,1135,788,2952,4,,4,False
2023,2,regular,18,0.3415,0.3159,0.3631,443.0,1579.0,0.3471,0.3301,0.3658,1771,1010,6242,4,,4,False
2023,2,regular,19,0.3738,0.3444,0.405,500.0,1623.0,0.3587,0.3426,0.3731,1987,1114,6461,4,,4,False
2023,2,regular,20,0.3519,0.3054,0.3946,209.0,706.0,0.3934,0.3678,0.4175,804,552,2073,4,,4,False
2023,2,regular,22,0.3675,0.3379,0.3949,419.0,1494.0,0.3698,0.3493,0.3906,1562,988,5186,4,,4,False
2023,2,regular,23,0.3754,0.3546,0.3966,608.0,2065.0,0.3895,0.3727,0.4065,2513,1464,8501,4,,4,False
2023,2,regular,25,0.2803,0.2562,0.2988,419.0,1524.0,0.2973,0.2834,0.3112,1691,1036,5408,4,,4,False
2023,2,regular,26,0.3553,0.3293,0.3799,409.0,1322.0,0.3706,0.3548,0.3869,1625,1042,4698,4,,4,False
2023,2,regular,27,0.3377,0.3138,0.3633,520.0,1745.0,0.3459,0.3309,0.3605,2124,1271,6932,4,,4,False
2023,2,regular,29,0.3608,0.3371,0.3856,533.0,2036.0,0.3702,0.3534,0.3853,2168,1354,7052,4,,4,False
2023,2,regular,30,0.4561,0.4165,0.491,294.0,955.0,0.4601,0.4328,0.486,1051,761,2564,4,,4,False
2023,2,regular,31,0.4163,0.366,0.4625,348.0,897.0,0.4463,0.399,0.5088,1363,886,3480,4,,4,False
2023,2,regular,32,0.3989,0.3619,0.4411,443.0,1575.0,0.4004,0.3799,0.4196,1889,1424,3967,4,,4,False
2023,2,regular,33,0.4153,0.3956,0.4359,1185.0,5726.0,0.4256,0.4032,0.4519,4720,3615,12997,4,,4,False
2023,2,regular,34,0.3256,0.2868,0.3615,215.0,969.0,0.3625,0.3408,0.3853,914,682,2224,4,,4,False
2023,2,regular,36,0.4349,0.3713,0.4948,389.0,1168.0,0.4047,0.3772,0.4293,1578,1017,4078,4,,4,False
2023,2,regular,38,0.3905,0.3616,0.4213,423.0,1477.0,0.3893,0.3725,0.4055,1639,1086,4664,4,,4,False
2023,2,regular,91,0.4125,0.3632,0.4483,397.0,1072.0,0.4141,0.3902,0.4356,1523,976,3991,4,,4,False
2023,2,regular,93,0.3524,0.3131,0.3909,321.0,1077.0,0.354,0.3331,0.374,1310,882,3505,4,,4,False
2023,3,regular,2,0.426,0.3839,0.4626,265.0,1205.0,0.4072,0.3817,0.4334,1014,757,2515,4,,4,False
2023,3,regular,3,0.4066,0.3682,0.4369,266.0,1070.0,0.3937,0.3742,0.4148,1105,788,2569,4,,4,False
2023,3,regular,4,0.4089,0.382,0.4318,476.0,1802.0,0.3958,0.3818,0.4113,1847,1311,4615,4,,4,False
2023,3,regular,5,0.393,0.3599,0.4262,283.0,1415.0,0.3902,0.3706,0.4087,1167,811,3079,4,,4,False
2023,3,regular,6,0.4212,0.3794,0.4606,308.0,1439.0,0.3829,0.3646,0.4014,1199,911,2994,4,,4,False
2023,3,regular,7,0.3738,0.3342,0.4173,291.0,1217.0,0.3843,0.3655,0.4013,1251,837,3400,4,,4,False
2023,3,regular,8,0.352,0.3207,0.3762,332.0,1249.0,0.3766,0.3569,0.394,1442,939,4359,4,,4,False
2023,3,regular,9,0.384,0.3499,0.4095,305.0,968.0,0.3854,0.3578,0.4119,1234,783,3618,4,,4,False
2023,3,regular,10,0.4043,0.3751,0.4278,480.0,1930.0,0.3882,0.3718,0.4033,1991,1321,5622,4,,4,False
2023,3,regular,12,0.386,0.3511,0.4123,329.0,1087.0,0.3708,0.3524,0.3865,1364,857,4272,4,,4,False
2023,3,regular,13,0.4148,0.3862,0.4446,723.0,1987.0,0.3955,0.3805,0.4095,2935,1798,8007,4,,4,False
2023,3,regular,14,0.37,0.3402,0.3965,263.0,1389.0,0.3814,0.361,0.4016,1143,809,3312,4,,4,False
2023,3,regular,15,0.3566,0.313,0.3954,364.0,1315.0,0.3386,0.3155,0.3651,1510,1002,4621,4,,4,False
2023,3,regular,17,0.3884,0.3551,0.4172,345.0,1265.0,0.3636,0.3432,0.382,1237,841,3213,4,,4,False
2023,3,regular,18,0.3619,0.3347,0.3855,454.0,1680.0,0.3452,0.3289,0.3597,1770,1008,6297,4,,4,False
2023,3,regular,19,0.3854,0.3554,0.4109,504.0,1621.0,0.3664,0.35,0.3795,1986,1096,6378,4,,4,False
2023,3,regular,20,0.3474,0.3,0.3858,174.0,679.0,0.3689,0.3437,0.3899,770,524,1962,4,,4,False
2023,3,regular,22,0.376,0.3407,0.4026,395.0,1501.0,0.3703,0.353,0.3886,1560,974,5217,4,,4,False
2023,3,regular,23,0.3762,0.3541,0.3988,562.0,1940.0,0.3895,0.3705,0.4075,2440,1415,8143,4,,4,False
2023,3,regular,25,0.2862,0.2649,0.3066,398.0,1543.0,0.2933,0.2782,0.3075,1694,1032,5383,4,,4,False
2023,3,regular,26,0.3869,0.3575,0.4143,412.0,1389.0,0.3705,0.3543,0.3865,1649,1058,4794,4,,4,False
2023,3,regular,27,0.3518,0.3231,0.3775,478.0,1662.0,0.3434,0.3281,0.3578,2073,1246,6791,4,,4,False
2023,3,regular,29,0.3686,0.3463,0.3941,584.0,2122.0,0.3691,0.3543,0.3843,2190,1381,7045,4,,4,False
2023,3,regular,30,0.5071,0.437,0.5813,267.0,919.0,0.4682,0.4366,0.5019,1078,773,2611,4,,4,False
2023,3,regular,31,0.432,0.3859,0.4745,340.0,919.0,0.4297,0.387,0.4728,1364,867,3428,4,,4,False
2023,3,regular,32,0.4294,0.3748,0.4818,431.0,1554.0,0.4082,0.3872,0.4318,1793,1341,3814,4,,4,False
2023,3,regular,33,0.428,0.4064,0.4489,1187.0,5729.0,0.4288,0.4056,0.4544,4714,3545,13140,4,,4,False
2023,3,regular,34,0.3454,0.2978,0.389,210.0,1032.0,0.3607,0.3342,0.3837,871,662,2092,4,,4,False
2023,3,regular,36,0.464,0.4177,0.4993,360.0,1179.0,0.4155,0.3895,0.4427,1538,992,3944,4,,4,False
2023,3,regular,38,0.4173,0.3842,0.4465,395.0,1450.0,0.396,0.3792,0.4118,1643,1088,4654,4,,4,False
2023,3,regular,91,0.3802,0.3476,0.4089,372.0,1058.0,0.4015,0.3757,0.4264,1505,957,3965,4,,4,False
2023,3,regular,93,0.346,0.3136,0.3777,328.0,1020.0,0.3588,0.3406,0.3796,1286,847,3384,4,,4,False
2023,4,regular,2,0.4844,0.4352,0.531,242.0,1147.0,0.4305,0.4059,0.4539,985,747,2395,4,,4,False
2023,4,regular,3,0.3766,0.329,0.4158,240.0,962.0,0.391,0.3689,0.4114,1051,758,2394,4,,4,False
2023,4,regular,4,0.4135,0.3823,0.4402,464.0,1675.0,0.4048,0.3875,0.4215,1892,1319,4740,4,,4,False
2023,4,regular,5,0.4094,0.3664,0.4469,278.0,1373.0,0.3951,0.3743,0.4156,1134,803,3012,4,,4,False
2023,4,regular,6,0.4057,0.355,0.4631,327.0,1439.0,0.3917,0.3688,0.4136,1240,923,3183,4,,4,False
2023,4,regular,7,0.4436,0.3981,0.4855,293.0,1221.0,0.3998,0.374,0.4182,1218,832,3180,4,,4,False
2023,4,regular,8,0.3838,0.3486,0.4169,328.0,1287.0,0.3767,0.3559,0.3965,1415,906,4248,4,,4,False
2023,4,regular,9,0.4147,0.3661,0.4543,262.0,873.0,0.3966,0.3713,0.4208,1192,759,3526,4,,4,False
2023,4,regular,10,0.3841,0.3568,0.4094,499.0,1913.0,0.3898,0.3736,0.4044,1994,1315,5635,4,,4,False
2023,4,regular,12,0.3687,0.3294,0.4158,325.0,1060.0,0.372,0.3527,0.3915,1346,840,4270,4,,4,False
2023,4,regular,13,0.4003,0.3715,0.4314,717.0,2060.0,0.3994,0.3841,0.4142,2918,1800,7862,4,,4,False
2023,4,regular,14,0.3742,0.3393,0.4044,347.0,1341.0,0.3842,0.364,0.4038,1189,859,3471,4,,4,False
2023,4,regular,15,0.3091,0.2608,0.3506,299.0,1131.0,0.33,0.3055,0.3525,1436,976,4402,4,,4,False
2023,4,regular,17,0.4247,0.3704,0.4741,303.0,1181.0,0.3867,0.3593,0.4107,1286,860,3338,4,,4,False
2023,4,regular,18,0.3323,0.3008,0.3578,415.0,1499.0,0.3459,0.3298,0.3594,1732,977,6166,4,,4,False
2023,4,regular,19,0.3879,0.3427,0.4464,481.0,1532.0,0.3773,0.3588,0.397,1984,1106,6322,4,,4,False
2023,4,regular,20,0.3866,0.3419,0.4207,205.0,747.0,0.3642,0.3366,0.3856,796,537,1990,4,,4,False
2023,4,regular,22,0.3841,0.3528,0.4125,409.0,1524.0,0.3703,0.3524,0.3886,1593,981,5344,4,,4,False
2023,4,regular,23,0.3992,0.3598,0.4368,506.0,2062.0,0.3917,0.3756,0.4073,2299,1388,7562,4,,4,False
2023,4,regular,25,0.2953,0.2664,0.319,368.0,1407.0,0.2925,0.2794,0.3044,1622,995,5129,4,,4,False
2023,4,regular,26,0.3674,0.3291,0.396,396.0,1288.0,0.3791,0.3625,0.3956,1632,1049,4670,4,,4,False
2023,4,regular,27,0.3375,0.3088,0.3642,448.0,1556.0,0.348,0.3316,0.3641,1975,1195,6534,4,,4,False
2023,4,regular,29,0.3534,0.3179,0.393,613.0,2270.0,0.3641,0.3473,0.3795,2262,1421,7258,4,,4,False
2023,4,regular,30,0.4809,0.4417,0.515,258.0,886.0,0.4705,0.4361,0.5082,1095,765,2638,4,,4,False
2023,4,regular,31,0.4659,0.3817,0.5413,302.0,886.0,0.4277,0.3955,0.4609,1315,827,3262,4,,4,False
2023,4,regular,32,0.4383,0.3769,0.4984,482.0,1576.0,0.4214,0.393,0.4506,1801,1335,3780,4,,4,False
2023,4,regular,33,0.4182,0.3885,0.455,1259.0,5804.0,0.4333,0.4108,0.464,4816,3642,13329,4,,4,False
2023,4,regular,34,0.3481,0.3043,0.3882,200.0,965.0,0.3538,0.3288,0.3767,844,640,2008,4,,4,False
2023,4,regular,36,0.461,0.4057,0.5129,347.0,1214.0,0.4393,0.4127,0.4677,1507,994,3871,4,,4,False
2023,4,regular,38,0.4088,0.3749,0.4376,388.0,1439.0,0.4023,0.3847,0.4188,1618,1069,4526,4,,4,False
2023,4,regular,91,0.4674,0.3948,0.5385,361.0,980.0,0.4207,0.3907,0.4526,1501,936,3953,4,,4,False
2023,4,regular,93,0.3302,0.3007,0.3581,322.0,1039.0,0.346,0.324,0.367,1286,860,3371,4,,4,False
2024,1,regular,2,0.4585,0.4154,0.4982,207.0,1040.0,0.4479,0.4204,0.4711,963,723,2333,4,,4,False
2024,1,regular,3,0.413,0.3589,0.46,262.0,1008.0,0.395,0.3701,0.4193,1052,754,2416,4,,4,False
2024,1,regular,4,0.4529,0.4179,0.4897,477.0,1679.0,0.4187,0.4013,0.436,1903,1351,4835,4,,4,False
2024,1,regular,5,0.4473,0.3918,0.4977,312.0,1332.0,0.4103,0.3839,0.4332,1168,832,3065,4,,4,False
2024,1,regular,6,0.3965,0.3529,0.4367,312.0,1401.0,0.4021,0.3786,0.4236,1305,999,3397,4,,4,False
2024,1,regular,7,0.4004,0.363,0.438,300.0,1193.0,0.4004,0.3787,0.4227,1195,817,3048,4,,4,False
2024,1,regular,8,0.3691,0.3259,0.4078,351.0,1339.0,0.3779,0.3569,0.3975,1394,914,4195,4,,4,False
2024,1,regular,9,0.4029,0.3612,0.4481,264.0,871.0,0.3958,0.3717,0.4194,1153,754,3447,4,,4,False
2024,1,regular,10,0.3979,0.3655,0.4345,463.0,1849.0,0.3908,0.3749,0.4077,1959,1332,5551,4,,4,False
2024,1,regular,12,0.3739,0.3368,0.4097,332.0,1038.0,0.3729,0.3542,0.3913,1330,847,4204,4,,4,False
2024,1,regular,13,0.4027,0.3769,0.4257,725.0,2169.0,0.4036,0.3869,0.4192,2902,1800,7770,4,,4,False
2024,1,regular,14,0.3802,0.341,0.4149,313.0,1373.0,0.386,0.3658,0.4082,1210,929,3596,4,,4,False
2024,1,regular,15,0.3448,0.2984,0.3918,370.0,1280.0,0.3375,0.3138,0.3636,1404,951,4225,4,,4,False
2024,1,regular,17,0.4111,0.3669,0.4519,289.0,1160.0,0.3956,0.3704,0.4192,1272,841,3304,4,,4,False
2024,1,regular,18,0.3485,0.3156,0.3817,388.0,1356.0,0.3488,0.3325,0.364,1700,998,6018,4,,4,False
2024,1,regular,19,0.3838,0.348,0.4232,461.0,1464.0,0.3837,0.3625,0.4093,1946,1093,6216,4,,4,False
2024,1,regular,20,0.3787,0.3251,0.4187,179.0,635.0,0.3689,0.3433,0.3901,767,520,1897,4,,4,False
2024,1,regular,22,0.366,0.3329,0.3917,388.0,1436.0,0.374,0.3578,0.391,1611,972,5402,4,,4,False
2024,1,regular,23,0.4164,0.3645,0.4799,536.0,1968.0,0.3927,0.3717,0.4167,2212,1387,7178,4,,4,False
2024,1,regular,25,0.316,0.2777,0.3572,338.0,1366.0,0.2967,0.2815,0.3129,1523,967,4798,4,,4,False
2024,1,regular,26,0.3609,0.3339,0.3919,407.0,1190.0,0.3734,0.3527,0.3913,1624,1029,4605,4,,4,False
2024,1,regular,27,0.3827,0.3474,0.4133,416.0,1474.0,0.3535,0.3369,0.3734,1862,1200,6190,4,,4,False
2024,1,regular,29,0.3818,0.3542,0.4113,552.0,2109.0,0.3671,0.3494,0.3813,2282,1425,7348,4,,4,False
2024,1,regular,30,0.4164,0.3726,0.46,281.0,868.0,0.4684,0.441,0.4988,1100,774,2609,4,,4,False
2024,1,regular,31,0.4433,0.4062,0.4778,338.0,861.0,0.4424,0.4076,0.4764,1328,860,3256,4,,4,False
2024,1,regular,32,0.4685,0.3997,0.5297,451.0,1422.0,0.4356,0.3972,0.4672,1807,1329,3711,4,,4,False
2024,1,regular,33,0.4698,0.4418,0.4987,1171.0,5629.0,0.4337,0.4191,0.447,4802,3584,13219,4,,4,False
2024,1,regular,34,0.358,0.3165,0.3928,210.0,971.0,0.3454,0.3229,0.3687,835,636,1998,4,,4,False
2024,1,regular,36,0.3875,0.3548,0.4173,366.0,1099.0,0.4403,0.4101,0.4726,1462,975,3719,4,,4,False
2024,1,regular,38,0.4485,0.3903,0.5005,378.0,1470.0,0.4175,0.3966,0.4388,1584,1076,4413,4,,4,False
2024,1,regular,91,0.4406,0.3625,0.5343,372.0,989.0,0.4271,0.3862,0.4705,1502,961,3923,4,,4,False
2024,1,regular,93,0.3498,0.3099,0.3824,338.0,1011.0,0.3455,0.3254,0.3656,1309,868,3405,4,,4,False
2024,2,regular,2,0.437,0.3949,0.4772,290.0,1235.0,0.4525,0.426,0.4783,1004,764,2514,4,,4,False
2024,2,regular,3,0.4471,0.4026,0.4859,272.0,1011.0,0.413,0.3878,0.4372,1040,760,2411,4,,4,False
2024,2,regular,4,0.439,0.3897,0.4835,420.0,1679.0,0.4293,0.4072,0.4483,1837,1290,4686,4,,4,False
2024,2,regular,5,0.3751,0.3392,0.4055,314.0,1408.0,0.4082,0.3845,0.429,1187,843,3087,4,,4,False
2024,2,regular,6,0.3491,0.3215,0.3759,338.0,1408.0,0.3959,0.3734,0.4185,1285,908,3373,4,,4,False
2024,2,regular,7,0.3938,0.3575,0.4237,296.0,1256.0,0.4054,0.3814,0.4252,1180,821,3053,4,,4,False
2024,2,regular,8,0.4136,0.3738,0.4467,331.0,1311.0,0.3821,0.3589,0.4037,1342,877,3998,4,,4,False
2024,2,regular,9,0.4452,0.3631,0.5099,290.0,970.0,0.4133,0.3809,0.4419,1121,722,3315,4,,4,False
2024,2,regular,10,0.3668,0.3359,0.39,454.0,1841.0,0.3889,0.3704,0.4049,1896,1292,5325,4,,4,False
2024,2,regular,12,0.3403,0.3115,0.3687,347.0,1067.0,0.3691,0.3512,0.3882,1333,830,4158,4,,4,False
2024,2,regular,13,0.3812,0.3574,0.4024,716.0,2063.0,0.4001,0.3842,0.4161,2881,1784,7665,4,,4,False
2024,2,regular,14,0.3781,0.345,0.4062,264.0,1336.0,0.3764,0.3567,0.3946,1187,859,3603,4,,4,False
2024,2,regular,15,0.2844,0.2591,0.3073,411.0,1298.0,0.3278,0.307,0.3502,1444,966,4234,4,,4,False
2024,2,regular,17,0.4173,0.3696,0.4639,251.0,1178.0,0.4127,0.3861,0.4416,1188,814,3021,4,,4,False
2024,2,regular,18,0.3535,0.3133,0.3896,398.0,1412.0,0.3517,0.3307,0.3711,1655,938,5844,4,,4,False
2024,2,regular,19,0.3557,0.3207,0.3887,469.0,1531.0,0.3801,0.3575,0.4024,1915,1086,6127,4,,4,False
2024,2,regular,20,0.337,0.2902,0.398,185.0,632.0,0.3669,0.3372,0.3927,743,510,1828,4,,4,False
2024,2,regular,22,0.3627,0.3255,0.3974,429.0,1550.0,0.373,0.3544,0.3897,1621,1019,5417,4,,4,False
2024,2,regular,23,0.3831,0.3515,0.4148,568.0,1896.0,0.3943,0.3742,0.419,2172,1375,7003,4,,4,False
2024,2,regular,25,0.2727,0.249,0.2951,354.0,1413.0,0.2939,0.2772,0.3088,1458,942,4589,4,,4,False
2024,2,regular,26,0.3622,0.3242,0.3968,365.0,1259.0,0.3755,0.355,0.3941,1580,993,4439,4,,4,False
2024,2,regular,27,0.3933,0.333,0.4568,486.0,1630.0,0.3681,0.3459,0.3952,1828,1142,5997,4,,4,False
2024,2,regular,29,0.3579,0.3308,0.3878,553.0,2153.0,0.3664,0.3487,0.386,2302,1441,7439,4,,4,False
2024,2,regular,30,0.4643,0.3997,0.5175,280.0,918.0,0.4708,0.4379,0.504,1086,755,2531,4,,4,False
2024,2,regular,31,0.4152,0.3833,0.448,356.0,981.0,0.444,0.4073,0.4809,1336,860,3269,4,,4,False
2024,2,regular,32,0.4303,0.3856,0.4659,414.0,1387.0,0.4429,0.4137,0.4765,1778,1321,3640,4,,4,False
2024,2,regular,33,0.4304,0.4072,0.4529,1263.0,5888.0,0.4373,0.4224,0.4521,4880,3677,13337,4,,4,False
2024,2,regular,34,0.3835,0.3003,0.4695,206.0,945.0,0.3633,0.3338,0.3988,826,621,1965,4,,4,False
2024,2,regular,36,0.3951,0.3578,0.4279,328.0,1069.0,0.4313,0.4049,0.4582,1401,936,3525,4,,4,False
2024,2,regular,38,0.4633,0.4167,0.5062,388.0,1452.0,0.4358,0.4128,0.4605,1549,1038,4283,4,,4,False
2024,2,regular,91,0.4204,0.3844,0.452,378.0,1008.0,0.4292,0.3904,0.481,1483,934,3843,4,,4,False
2024,2,regular,93,0.361,0.3203,0.3967,310.0,966.0,0.3472,0.3272,0.3656,1298,852,3350,4,,4,False
2024,3,regular,2,0.4116,0.3771,0.4365,328.0,1261.0,0.4495,0.428,0.4748,1067,791,2696,4,,4,False
2024,3,regular,3,0.371,0.3274,0.4033,273.0,1012.0,0.4042,0.3813,0.4286,1047,761,2412,4,,4,False
2024,3,regular,4,0.4157,0.3852,0.4433,465.0,1647.0,0.4312,0.4096,0.4506,1826,1261,4656,4,,4,False
2024,3,regular,5,0.4437,0.373,0.5089,262.0,1362.0,0.421,0.3926,0.4527,1166,835,2958,4,,4,False
2024,3,regular,6,0.3946,0.3543,0.431,351.0,1390.0,0.3876,0.3627,0.4106,1328,988,3517,4,,4,False
2024,3,regular,7,0.4053,0.3668,0.431,277.0,1212.0,0.4132,0.3922,0.4328,1166,811,3034,4,,4,False
2024,3,regular,8,0.4087,0.371,0.4405,305.0,1214.0,0.3958,0.3716,0.4167,1315,897,3839,4,,4,False
2024,3,regular,9,0.4142,0.3668,0.471,243.0,897.0,0.4213,0.3911,0.4527,1059,691,3113,4,,4,False
2024,3,regular,10,0.4098,0.3729,0.445,456.0,1904.0,0.3905,0.3742,0.4085,1872,1331,5243,4,,4,False
2024,3,regular,12,0.3211,0.293,0.3449,350.0,1070.0,0.3544,0.3347,0.3729,1354,845,4190,4,,4,False
2024,3,regular,13,0.4069,0.382,0.4293,696.0,1964.0,0.3982,0.3815,0.4138,2854,1778,7603,4,,4,False
2024,3,regular,14,0.3992,0.362,0.4267,234.0,1352.0,0.3839,0.3651,0.4025,1158,910,3501,4,,4,False
2024,3,regular,15,0.3154,0.2849,0.3441,408.0,1290.0,0.3163,0.2956,0.3391,1488,974,4280,4,,4,False
2024,3,regular,17,0.4344,0.3852,0.4767,281.0,1183.0,0.4234,0.3947,0.4488,1124,797,2833,4,,4,False
2024,3,regular,18,0.3809,0.3523,0.4052,406.0,1500.0,0.3565,0.336,0.3736,1607,954,5603,4,,4,False
2024,3,regular,19,0.3734,0.3338,0.409,488.0,1523.0,0.3768,0.35,0.3998,1899,1080,6036,4,,4,False
2024,3,regular,20,0.3607,0.312,0.4087,191.0,759.0,0.3692,0.3429,0.3951,760,523,1911,4,,4,False
2024,3,regular,22,0.3774,0.3475,0.4061,445.0,1599.0,0.3734,0.355,0.3906,1671,1027,5597,4,,4,False
2024,3,regular,23,0.4043,0.3732,0.4344,567.0,1945.0,0.4012,0.38,0.423,2177,1371,7068,4,,4,False
2024,3,regular,25,0.2747,0.2475,0.2941,335.0,1388.0,0.2916,0.2746,0.3055,1395,900,4333,4,,4,False
2024,3,regular,26,0.353,0.3272,0.377,387.0,1357.0,0.3693,0.3497,0.3885,1555,995,4338,4,,4,False
2024,3,regular,27,0.3767,0.3454,0.4035,444.0,1536.0,0.3745,0.3536,0.3955,1794,1175,5853,4,,4,False
2024,3,regular,29,0.3707,0.34,0.3996,546.0,2170.0,0.3671,0.3507,0.3846,2264,1412,7266,4,,4,False
2024,3,regular,30,0.448,0.4015,0.4921,269.0,920.0,0.4549,0.426,0.4826,1088,746,2512,4,,4,False
2024,3,regular,31,0.4322,0.3839,0.4823,390.0,1074.0,0.4432,0.4085,0.4775,1386,906,3431,4,,4,False
2024,3,regular,32,0.4108,0.3776,0.4402,447.0,1485.0,0.4384,0.4085,0.4648,1794,1333,3633,4,,4,False
2024,3,regular,33,0.4135,0.391,0.4351,1343.0,6258.0,0.4336,0.4196,0.4457,5036,3734,13736,4,,4,False
2024,3,regular,34,0.3493,0.3102,0.3845,201.0,925.0,0.3638,0.3344,0.3966,817,615,1961,4,,4,False
2024,3,regular,36,0.4378,0.3723,0.4892,203.0,1079.0,0.4236,0.3967,0.452,1244,867,3089,4,,4,False
2024,3,regular,38,0.4763,0.4249,0.5257,396.0,1403.0,0.4508,0.4247,0.4778,1550,1060,4272,4,,4,False
2024,3,regular,91,0.4106,0.3702,0.4449,341.0,944.0,0.4362,0.4002,0.4817,1452,955,3708,4,,4,False
2024,3,regular,93,0.3491,0.3018,0.3937,240.0,941.0,0.3481,0.3271,0.3695,1210,809,3144,4,,4,False
2024,4,regular,2,0.4456,0.3922,0.499,294.0,1006.0,0.4396,0.4174,0.4634,1119,818,2801,4,,4,False
2024,4,regular,3,0.3793,0.3422,0.4153,248.0,985.0,0.4044,0.3804,0.4296,1055,766,2453,4,,4,False
2024,4,regular,4,0.394,0.366,0.4208,449.0,1595.0,0.4263,0.405,0.4479,1811,1278,4613,4,,4,False
2024,4,regular,5,0.3769,0.3251,0.4192,253.0,1389.0,0.413,0.3797,0.4463,1141,810,2825,4,,4,False
2024,4,regular,6,0.3857,0.3523,0.4162,396.0,1426.0,0.3831,0.3635,0.4046,1397,958,3746,4,,4,False
2024,4,regular,7,0.3813,0.3389,0.421,245.0,1216.0,0.3964,0.3765,0.4128,1118,793,2959,4,,4,False
2024,4,regular,8,0.3726,0.3401,0.4034,250.0,1299.0,0.393,0.3735,0.4141,1237,827,3544,4,,4,False
2024,4,regular,9,0.4364,0.3949,0.4708,222.0,833.0,0.4268,0.3952,0.4583,1019,658,2982,4,,4,False
2024,4,regular,10,0.4164,0.3786,0.4483,416.0,1899.0,0.399,0.3793,0.4193,1789,1248,4950,4,,4,False
2024,4,regular,12,0.3306,0.2978,0.3643,342.0,1050.0,0.3443,0.325,0.3618,1371,841,4177,4,,4,False
2024,4,regular,13,0.4032,0.377,0.4258,744.0,2070.0,0.3989,0.3847,0.4133,2881,1783,7577,4,,4,False
2024,4,regular,14,0.367,0.3253,0.401,237.0,1346.0,0.3821,0.3637,0.4006,1048,807,3170,4,,4,False
2024,4,regular,15,0.3462,0.3095,0.3738,406.0,1186.0,0.3248,0.3019,0.343,1595,1031,4546,4,,4,False
2024,4,regular,17,0.3918,0.3599,0.4216,289.0,1210.0,0.4153,0.3909,0.4383,1110,778,2816,4,,4,False
2024,4,regular,18,0.3554,0.3282,0.3771,419.0,1438.0,0.362,0.3444,0.3813,1611,924,5525,4,,4,False
2024,4,regular,19,0.4178,0.3796,0.449,484.0,1490.0,0.384,0.3622,0.4073,1902,1083,6002,4,,4,False
2024,4,regular,20,0.3527,0.3126,0.385,208.0,764.0,0.3612,0.3374,0.3901,763,541,1937,4,,4,False
2024,4,regular,22,0.3681,0.3382,0.3961,427.0,1535.0,0.3692,0.3518,0.3858,1689,1037,5646,4,,4,False
2024,4,regular,23,0.3893,0.3628,0.4169,589.0,2023.0,0.3989,0.3775,0.4214,2260,1385,7474,4,,4,False
2024,4,regular,25,0.2855,0.2607,0.3062,343.0,1332.0,0.2893,0.2721,0.306,1370,892,4223,4,,4,False
2024,4,regular,26,0.324,0.2929,0.3514,365.0,1202.0,0.352,0.3333,0.3705,1524,988,4281,4,,4,False
2024,4,regular,27,0.3598,0.3267,0.3875,431.0,1533.0,0.3802,0.3572,0.4039,1777,1105,5781,4,,4,False
2024,4,regular,29,0.3661,0.3402,0.3909,503.0,2211.0,0.3705,0.3557,0.3876,2154,1382,6748,4,,4,False
2024,4,regular,30,0.4374,0.3867,0.4923,268.0,834.0,0.4425,0.4143,0.4734,1098,761,2533,4,,4,False
2024,4,regular,31,0.4252,0.3762,0.4703,391.0,1087.0,0.4302,0.4034,0.4581,1475,936,3702,4,,4,False
2024,4,regular,32,0.4191,0.3822,0.4528,479.0,1567.0,0.4337,0.409,0.4596,1791,1339,3617,4,,4,False
2024,4,regular,33,0.4188,0.394,0.4387,1268.0,6061.0,0.4336,0.4203,0.4463,5045,3753,13778,4,,4,False
2024,4,regular,34,0.3742,0.3067,0.4389,169.0,906.0,0.3701,0.3375,0.4032,786,585,1873,4,,4,False
2024,4,regular,36,0.4564,0.3748,0.5214,208.0,1066.0,0.4219,0.392,0.4524,1105,817,2656,4,,4,False
2024,4,regular,38,0.4023,0.3655,0.4304,355.0,1436.0,0.4489,0.4233,0.4751,1517,1036,4109,4,,4,False
2024,4,regular,91,0.3926,0.3589,0.4183,353.0,931.0,0.4175,0.3934,0.4524,1444,931,3639,4,,4,False
2024,4,regular,93,0.419,0.352,0.4776,247.0,934.0,0.3713,0.344,0.3993,1135,763,2954,4,,4,False
2025,1,regular,2,0.4418,0.3984,0.4808,257.0,960.0,0.4355,0.4128,0.4583,1169,865,2911,4,,4,False
2025,1,regular,3,0.4001,0.3509,0.4468,191.0,767.0,0.4008,0.3757,0.4209,984,724,2298,4,,4,False
2025,1,regular,4,0.4165,0.3853,0.4538,436.0,1562.0,0.4172,0.3902,0.4403,1770,1231,4501,4,,4,False
2025,1,regular,5,0.397,0.3479,0.4384,252.0,1346.0,0.3998,0.3685,0.4327,1081,767,2623,4,,4,False
2025,1,regular,6,0.3718,0.3397,0.4008,371.0,1479.0,0.3771,0.3569,0.3948,1456,995,3922,4,,4,False
2025,1,regular,7,0.417,0.3712,0.4564,228.0,1159.0,0.4014,0.3801,0.4203,1046,754,2782,4,,4,False
2025,1,regular,8,0.3845,0.3296,0.4264,226.0,1450.0,0.3962,0.3773,0.4149,1112,774,3147,4,,4,False
2025,1,regular,9,0.3952,0.3499,0.4428,207.0,861.0,0.4249,0.3911,0.458,962,650,2780,4,,4,False
2025,1,regular,10,0.3786,0.348,0.412,439.0,1897.0,0.3945,0.3757,0.4136,1765,1241,4857,4,,4,False
2025,1,regular,12,0.3336,0.3077,0.3599,340.0,1065.0,0.3338,0.3178,0.3497,1379,855,4202,4,,4,False
2025,1,regular,13,0.4138,0.3909,0.434,713.0,2034.0,0.4016,0.3876,0.4157,2869,1766,7415,4,,4,False
2025,1,regular,14,0.3878,0.3535,0.4158,304.0,1405.0,0.3838,0.3675,0.4001,1039,802,3122,4,,4,False
2025,1,regular,15,0.3411,0.3047,0.372,334.0,1072.0,0.3256,0.3057,0.3458,1559,998,4507,4,,4,False
2025,1,regular,17,0.3963,0.3584,0.4298,341.0,1155.0,0.4111,0.3852,0.434,1162,816,2940,4,,4,False
2025,1,regular,18,0.3714,0.3432,0.3987,386.0,1307.0,0.3682,0.3494,0.3858,1609,938,5453,4,,4,False
2025,1,regular,19,0.4159,0.3684,0.4614,470.0,1495.0,0.3932,0.3667,0.4193,1911,1086,6031,4,,4,False
2025,1,regular,20,0.3913,0.3436,0.4294,183.0,653.0,0.3652,0.3389,0.388,767,540,1936,4,,4,False
2025,1,regular,22,0.3898,0.3561,0.4256,411.0,1451.0,0.3762,0.3569,0.3947,1712,1036,5666,4,,4,False
2025,1,regular,23,0.3819,0.3552,0.4054,583.0,1973.0,0.3903,0.3744,0.4062,2307,1373,7675,4,,4,False
2025,1,regular,25,0.3123,0.2878,0.3391,372.0,1318.0,0.2899,0.2756,0.3057,1404,892,4252,4,,4,False
2025,1,regular,26,0.3689,0.3357,0.407,371.0,1187.0,0.3533,0.3359,0.3713,1488,985,4181,4,,4,False
2025,1,regular,27,0.3997,0.3513,0.4503,380.0,1510.0,0.385,0.3574,0.4156,1741,1096,5691,4,,4,False
2025,1,regular,29,0.3943,0.3646,0.4221,537.0,2198.0,0.3736,0.3571,0.3904,2139,1377,6616,4,,4,False
2025,1,regular,30,0.4872,0.4232,0.5543,323.0,890.0,0.4621,0.4309,0.4962,1140,801,2680,4,,4,False
2025,1,regular,31,0.4264,0.3873,0.4662,378.0,1006.0,0.4272,0.4021,0.4528,1515,950,3853,4,,4,False
2025,1,regular,32,0.4179,0.3809,0.4529,443.0,1463.0,0.4214,0.3984,0.4412,1783,1334,3664,4,,4,False
2025,1,regular,33,0.4377,0.4137,0.463,1239.0,5718.0,0.4256,0.4136,0.4378,5113,3774,14007,4,,4,False
2025,1,regular,34,0.3942,0.3292,0.4349,133.0,804.0,0.3784,0.3473,0.4128,709,544,1684,4,,4,False
2025,1,regular,36,0.3931,0.3547,0.423,332.0,1077.0,0.4229,0.3913,0.451,1071,820,2560,4,,4,False
2025,1,regular,38,0.4298,0.3847,0.4735,364.0,1479.0,0.4446,0.4198,0.4704,1503,1023,3990,4,,4,False
2025,1,regular,91,0.4186,0.3589,0.4816,325.0,838.0,0.414,0.3921,0.4403,1397,922,3493,4,,4,False
2025,1,regular,93,0.3708,0.3109,0.4204,238.0,846.0,0.3764,0.351,0.4046,1035,726,2670,4,,4,False
2025,2,regular,2,0.4168,0.3713,0.4534,285.0,991.0,0.4307,0.4081,0.455,1164,880,2861,4,,4,False
2025,2,regular,3,0.3925,0.3533,0.4266,212.0,762.0,0.3865,0.3628,0.4071,924,708,2212,4,,4,False
2025,2,regular,4,0.4124,0.378,0.4373,459.0,1690.0,0.4103,0.3916,0.4284,1809,1280,4558,4,,4,False
2025,2,regular,5,0.4252,0.3719,0.4676,266.0,1332.0,0.4133,0.383,0.4474,1033,741,2419,4,,4,False
2025,2,regular,6,0.3598,0.3259,0.3877,389.0,1402.0,0.3793,0.3603,0.4005,1507,1025,4026,4,,4,False
2025,2,regular,7,0.395,0.3558,0.4301,201.0,1182.0,0.4023,0.3814,0.4236,951,699,2546,4,,4,False
2025,2,regular,8,0.3974,0.342,0.4364,231.0,1340.0,0.3941,0.3693,0.413,1012,696,2829,4,,4,False
2025,2,regular,9,0.375,0.3252,0.4208,208.0,891.0,0.4072,0.379,0.4351,880,615,2513,4,,4,False
2025,2,regular,10,0.3869,0.3555,0.4183,436.0,1951.0,0.3993,0.3807,0.4174,1747,1205,4860,4,,4,False
2025,2,regular,12,0.3586,0.3257,0.3856,325.0,1003.0,0.3382,0.3221,0.3568,1357,828,4143,4,,4,False
2025,2,regular,13,0.3785,0.3586,0.3985,690.0,1998.0,0.4011,0.3873,0.4163,2843,1745,7325,4,,4,False
2025,2,regular,14,0.3984,0.3592,0.4377,314.0,1563.0,0.3889,0.3693,0.4073,1089,804,3215,4,,4,False
2025,2,regular,15,0.3064,0.2795,0.3352,365.0,1165.0,0.3295,0.3116,0.3499,1513,973,4486,4,,4,False
2025,2,regular,17,0.4181,0.3703,0.4707,318.0,1023.0,0.4115,0.3879,0.4343,1229,820,3089,4,,4,False
2025,2,regular,18,0.3698,0.3286,0.4091,382.0,1332.0,0.3725,0.351,0.3895,1593,942,5330,4,,4,False
2025,2,regular,19,0.3782,0.3372,0.4121,467.0,1533.0,0.3982,0.374,0.4232,1909,1103,6039,4,,4,False
2025,2,regular,20,0.3861,0.3439,0.4142,194.0,691.0,0.3751,0.3487,0.3991,776,538,1970,4,,4,False
2025,2,regular,22,0.3546,0.3261,0.385,429.0,1539.0,0.3743,0.3555,0.3929,1712,1045,5702,4,,4,False
2025,2,regular,23,0.3672,0.34,0.3905,588.0,2095.0,0.3863,0.371,0.4016,2327,1406,7890,4,,4,False
2025,2,regular,25,0.2794,0.2541,0.3028,372.0,1350.0,0.2911,0.2765,0.3073,1422,888,4320,4,,4,False
2025,2,regular,26,0.354,0.3179,0.3889,372.0,1206.0,0.3514,0.3312,0.3709,1495,983,4119,4,,4,False
2025,2,regular,27,0.3523,0.3201,0.3811,410.0,1554.0,0.3731,0.3551,0.3945,1665,1065,5476,4,,4,False
2025,2,regular,29,0.3512,0.3251,0.3747,550.0,2161.0,0.3719,0.3559,0.3857,2136,1385,6594,4,,4,False
2025,2,regular,30,0.4395,0.3917,0.476,366.0,977.0,0.4561,0.4235,0.4851,1226,836,2900,4,,4,False
2025,2,regular,31,0.4066,0.3739,0.4378,395.0,1069.0,0.4243,0.3966,0.4469,1554,961,3966,4,,4,False
2025,2,regular,32,0.4023,0.3659,0.4351,435.0,1497.0,0.4143,0.3939,0.4363,1804,1340,3729,4,,4,False
2025,2,regular,33,0.4196,0.3962,0.4399,1218.0,5709.0,0.4229,0.4075,0.4372,5068,3815,13963,4,,4,False
2025,2,regular,34,0.4664,0.3904,0.5405,180.0,912.0,0.4007,0.3638,0.4361,683,541,1634,4,,4,False
2025,2,regular,36,0.3912,0.3582,0.4219,398.0,1076.0,0.4216,0.3939,0.4474,1141,847,2728,4,,4,False
2025,2,regular,38,0.4124,0.3775,0.4414,384.0,1422.0,0.4318,0.4085,0.4556,1499,1022,3878,4,,4,False
2025,2,regular,91,0.4129,0.3778,0.4425,339.0,896.0,0.4114,0.3855,0.4362,1358,888,3369,4,,4,False
2025,2,regular,93,0.3175,0.2805,0.3511,219.0,774.0,0.3659,0.3374,0.3943,944,654,2366,4,,4,False
2025,3,regular,2,0.4412,0.4014,0.4776,280.0,1003.0,0.438,0.4143,0.4624,1116,847,2732,4,,4,False
2025,3,regular,3,0.461,0.4186,0.5057,251.0,907.0,0.4122,0.3904,0.4361,902,712,2140,4,,4,False
2025,3,regular,4,0.3992,0.368,0.4335,480.0,1695.0,0.406,0.3896,0.4219,1824,1289,4600,4,,4,False
2025,3,regular,5,0.423,0.3605,0.477,214.0,1293.0,0.408,0.377,0.4363,985,711,2287,4,,4,False
2025,3,regular,6,0.4283,0.3827,0.4658,382.0,1325.0,0.3882,0.3689,0.4076,1538,1025,4070,4,,4,False
2025,3,regular,7,0.3429,0.3052,0.3703,175.0,1122.0,0.3873,0.3649,0.411,849,636,2267,4,,4,False
2025,3,regular,8,0.3724,0.3224,0.4189,184.0,1173.0,0.384,0.3588,0.4084,891,624,2473,4,,4,False
2025,3,regular,9,0.3804,0.3299,0.4285,187.0,793.0,0.399,0.3703,0.4248,824,568,2333,4,,4,False
2025,3,regular,10,0.408,0.3765,0.4354,396.0,1844.0,0.4,0.3818,0.4155,1687,1178,4695,4,,4,False
2025,3,regular,12,0.3457,0.3129,0.3733,298.0,923.0,0.3444,0.327,0.3613,1305,808,3989,4,,4,False
2025,3,regular,13,0.3806,0.3597,0.4024,678.0,1987.0,0.3944,0.3817,0.4069,2825,1741,7339,4,,4,False
2025,3,regular,14,0.4111,0.3721,0.4413,293.0,1527.0,0.3918,0.3708,0.4104,1148,849,3393,4,,4,False
2025,3,regular,15,0.3602,0.3248,0.3934,314.0,997.0,0.3395,0.3208,0.3574,1419,898,4310,4,,4,False
2025,3,regular,17,0.4158,0.3771,0.4544,307.0,1045.0,0.4064,0.3807,0.4285,1255,840,3118,4,,4,False
2025,3,regular,18,0.3635,0.3308,0.3938,405.0,1457.0,0.3675,0.3459,0.3866,1592,938,5302,4,,4,False
2025,3,regular,19,0.3903,0.3538,0.4231,485.0,1557.0,0.4022,0.3786,0.4278,1906,1092,6069,4,,4,False
2025,3,regular,20,0.4215,0.3694,0.4653,164.0,689.0,0.3909,0.3675,0.414,749,534,1858,4,,4,False
2025,3,regular,22,0.4482,0.3828,0.4895,429.0,1573.0,0.3934,0.3664,0.4121,1696,1031,5656,4,,4,False
2025,3,regular,23,0.4133,0.3826,0.4432,544.0,1882.0,0.3885,0.3724,0.4044,2304,1391,7853,4,,4,False
2025,3,regular,25,0.3154,0.28,0.3479,380.0,1281.0,0.3,0.2836,0.3151,1467,897,4369,4,,4,False
2025,3,regular,26,0.3487,0.3139,0.38,349.0,1159.0,0.3497,0.3304,0.3693,1457,957,3950,4,,4,False
2025,3,regular,27,0.3993,0.3431,0.4471,399.0,1474.0,0.3787,0.355,0.4035,1620,1052,5340,4,,4,False
2025,3,regular,29,0.4063,0.3727,0.438,506.0,2046.0,0.3818,0.3661,0.3986,2096,1368,6476,4,,4,False
2025,3,regular,30,0.4824,0.443,0.5233,324.0,863.0,0.4638,0.435,0.4909,1281,866,3013,4,,4,False
2025,3,regular,31,0.4317,0.3905,0.4661,389.0,1054.0,0.4237,0.3986,0.4468,1553,951,3942,4,,4,False
2025,3,regular,32,0.3928,0.3564,0.4217,370.0,1399.0,0.4087,0.3891,0.4278,1727,1290,3598,4,,4,False
2025,3,regular,33,0.4207,0.3974,0.4435,1191.0,6048.0,0.4247,0.4124,0.4368,4916,3724,13474,4,,4,False
2025,3,regular,34,0.4329,0.3634,0.5044,193.0,855.0,0.4207,0.3829,0.4549,675,523,1584,4,,4,False
2025,3,regular,36,0.3898,0.3581,0.4205,392.0,1037.0,0.4104,0.3843,0.4374,1330,902,3176,4,,4,False
2025,3,regular,38,0.4496,0.4119,0.481,374.0,1368.0,0.4252,0.3993,0.4447,1477,1020,3846,4,,4,False
2025,3,regular,91,0.4032,0.3589,0.4383,325.0,891.0,0.4106,0.389,0.437,1342,870,3314,4,,4,False
2025,3,regular,93,0.3242,0.2843,0.367,181.0,679.0,0.3596,0.3317,0.3877,885,627,2106,4,,4,False
2025,4,regular,2,0.4101,0.366,0.4479,234.0,1027.0,0.4285,0.4055,0.4501,1056,837,2583,4,,4,False
2025,4,regular,3,0.4067,0.358,0.4546,243.0,881.0,0.4198,0.3941,0.4419,897,696,2103,4,,4,False
2025,4,regular,4,0.4282,0.3862,0.4733,525.0,1677.0,0.4148,0.392,0.4334,1900,1329,4771,4,,4,False
2025,4,regular,5,0.4302,0.3746,0.4727,251.0,1381.0,0.4204,0.3883,0.4539,983,714,2317,4,,4,False
2025,4,regular,6,0.3893,0.3476,0.4217,348.0,1288.0,0.3893,0.3671,0.4079,1490,1006,3907,4,,4,False
2025,4,regular,7,0.3848,0.3143,0.4484,189.0,1125.0,0.388,0.3632,0.4111,793,627,2122,4,,4,False
2025,4,regular,8,0.3734,0.3193,0.4214,162.0,1229.0,0.3867,0.3566,0.4112,803,553,2198,4,,4,False
2025,4,regular,9,0.3501,0.2967,0.3979,173.0,704.0,0.3766,0.3474,0.4024,775,519,2147,4,,4,False
2025,4,regular,10,0.3933,0.3549,0.4269,384.0,1793.0,0.3943,0.3753,0.4106,1655,1156,4605,4,,4,False
2025,4,regular,12,0.3358,0.3055,0.3567,319.0,963.0,0.3449,0.3303,0.3617,1282,788,3906,4,,4,False
2025,4,regular,13,0.3868,0.3626,0.4086,640.0,1910.0,0.3903,0.3758,0.4048,2721,1691,7048,4,,4,False
2025,4,regular,14,0.4647,0.4012,0.5313,331.0,1405.0,0.4182,0.3936,0.4442,1242,899,3633,4,,4,False
2025,4,regular,15,0.3638,0.3125,0.4197,266.0,834.0,0.344,0.325,0.3637,1279,851,3970,4,,4,False
2025,4,regular,17,0.3742,0.3404,0.4037,289.0,1022.0,0.4017,0.3791,0.4238,1255,837,3108,4,,4,False
2025,4,regular,18,0.3522,0.3212,0.3841,405.0,1411.0,0.3652,0.3416,0.3821,1578,915,5268,4,,4,False
2025,4,regular,19,0.3648,0.3267,0.3951,473.0,1459.0,0.3889,0.3677,0.4159,1895,1084,6036,4,,4,False
2025,4,regular,20,0.3548,0.2999,0.4001,155.0,730.0,0.3913,0.3637,0.4159,696,513,1689,4,,4,False
2025,4,regular,22,0.4183,0.3822,0.4593,393.0,1417.0,0.4058,0.3777,0.4261,1662,1006,5518,4,,4,False
2025,4,regular,23,0.4009,0.365,0.4428,565.0,1930.0,0.3914,0.3737,0.4108,2280,1414,7766,4,,4,False
2025,4,regular,25,0.3032,0.2736,0.3293,380.0,1215.0,0.3045,0.2871,0.3231,1504,919,4455,4,,4,False
2025,4,regular,26,0.3636,0.3126,0.4063,360.0,1192.0,0.3601,0.3379,0.3814,1452,958,3920,4,,4,False
2025,4,regular,27,0.3901,0.3421,0.437,372.0,1360.0,0.3863,0.359,0.4132,1561,1031,5099,4,,4,False
2025,4,regular,29,0.3817,0.342,0.4208,537.0,1996.0,0.3847,0.3677,0.404,2130,1390,6628,4,,4,False
2025,4,regular,30,0.45,0.4079,0.4856,282.0,811.0,0.4665,0.4348,0.4959,1295,860,3026,4,,4,False
2025,4,regular,31,0.4168,0.3798,0.4516,378.0,989.0,0.4212,0.396,0.4438,1540,934,3880,4,,4,False
2025,4,regular,32,0.4157,0.3752,0.4503,373.0,1370.0,0.4086,0.3879,0.4258,1621,1218,3399,4,,4,False
2025,4,regular,33,0.405,0.383,0.4273,1098.0,5722.0,0.4216,0.4075,0.4353,4746,3619,13018,4,,4,False
2025,4,regular,34,0.3918,0.3451,0.4332,198.0,853.0,0.4242,0.3888,0.4578,704,537,1613,4,,4,False
2025,4,regular,36,0.3962,0.3636,0.4247,418.0,1102.0,0.3939,0.3772,0.4118,1540,988,3709,4,,4,False
2025,4,regular,38,0.4345,0.3975,0.4711,362.0,1282.0,0.4341,0.4104,0.4535,1484,1012,3864,4,,4,False
2025,4,regular,91,0.4125,0.3604,0.4613,310.0,791.0,0.4154,0.3892,0.4465,1299,850,3158,4,,4,False
2025,4,regular,93,0.3656,0.3255,0.4007,215.0,834.0,0.346,0.3209,0.3674,853,617,1966,4,,4,False
