tipo,anio,trimestre,variable,tipo_dato
hogar,2003,3,CODUSU,string
hogar,2003,3,NRO_HOGAR,Int16
hogar,2003,3,REALIZADA,int64
hogar,2003,3,ANO4,Int16
hogar,2003,3,TRIMESTRE,Int16
hogar,2003,3,REGION,int64
hogar,2003,3,MAS_500,str
hogar,2003,3,AGLOMERADO,Int16
hogar,2003,3,PONDERA,int64
hogar,2003,3,IV1,int64
hogar,2003,3,IV1_ESP,str
hogar,2003,3,IV2,int64
hogar,2003,3,IV3,int64
hogar,2003,3,IV3_ESP,str
hogar,2003,3,IV4,int64
hogar,2003,3,IV5,int64
hogar,2003,3,IV6,int64
hogar,2003,3,IV7,int64
hogar,2003,3,IV7_ESP,str
hogar,2003,3,IV8,int64
hogar,2003,3,IV9,int64
hogar,2003,3,IV10,int64
hogar,2003,3,IV11,int64
hogar,2003,3,IV12_1,int64
hogar,2003,3,IV12_2,int64
hogar,2003,3,IV12_3,int64
hogar,2003,3,II1,int64
hogar,2003,3,II2,int64
hogar,2003,3,II3,int64
hogar,2003,3,II3_1,int64
hogar,2003,3,II4_1,int64
hogar,2003,3,II4_2,int64
hogar,2003,3,II4_3,int64
hogar,2003,3,II5,int64
hogar,2003,3,II5_1,int64
hogar,2003,3,II6,int64
hogar,2003,3,II6_1,int64
hogar,2003,3,II7,int64
hogar,2003,3,II7_ESP,str
hogar,2003,3,II8,int64
hogar,2003,3,II8_ESP,str
hogar,2003,3,II9,int64
hogar,2003,3,V1,int64
hogar,2003,3,V2,int64
hogar,2003,3,V21,int64
hogar,2003,3,V22,int64
hogar,2003,3,V3,int64
hogar,2003,3,V4,int64
hogar,2003,3,V5,int64
hogar,2003,3,V6,int64
hogar,2003,3,V7,int64
hogar,2003,3,V8,int64
hogar,2003,3,V9,int64
hogar,2003,3,V10,int64
hogar,2003,3,V11,int64
hogar,2003,3,V12,int64
hogar,2003,3,V13,int64
hogar,2003,3,V14,int64
hogar,2003,3,V15,int64
hogar,2003,3,V16,int64
hogar,2003,3,V17,int64
hogar,2003,3,V18,int64
hogar,2003,3,V19_A,int64
hogar,2003,3,V19_B,int64
hogar,2003,3,IX_TOT,int64
hogar,2003,3,IX_MEN10,float64
hogar,2003,3,IX_MAYEQ10,int64
hogar,2003,3,ITF,float64
hogar,2003,3,DECIFR,str
hogar,2003,3,IDECIFR,str
hogar,2003,3,RDECIFR,str
hogar,2003,3,GDECIFR,str
hogar,2003,3,PDECIFR,str
hogar,2003,3,ADECIFR,str
hogar,2003,3,IPCF,float64
hogar,2003,3,DECCFR,str
hogar,2003,3,IDECCFR,str
hogar,2003,3,RDECCFR,str
hogar,2003,3,GDECCFR,str
hogar,2003,3,PDECCFR,str
hogar,2003,3,ADECCFR,str
hogar,2003,3,VII1_1,int64
hogar,2003,3,VII1_2,int64
hogar,2003,3,VII2_1,int64
hogar,2003,3,VII2_2,int64
hogar,2003,3,VII2_3,int64
hogar,2003,3,VII2_4,int64
hogar,2003,3,IDIMPH,str
individual,2003,3,CODUSU,string
individual,2003,3,NRO_HOGAR,Int16
individual,2003,3,COMPONENTE,Int16
individual,2003,3,H15,int64
individual,2003,3,ANO4,Int16
individual,2003,3,TRIMESTRE,Int16
individual,2003,3,REGION,int64
individual,2003,3,MAS_500,str
individual,2003,3,AGLOMERADO,Int16
individual,2003,3,PONDERA,int64
individual,2003,3,CH03,int64
individual,2003,3,CH04,int64
individual,2003,3,CH06,int64
individual,2003,3,CH07,int64
individual,2003,3,CH08,int64
individual,2003,3,CH09,int64
individual,2003,3,CH10,int64
individual,2003,3,CH11,int64
individual,2003,3,CH12,int64
individual,2003,3,CH13,int64
individual,2003,3,CH14,str
individual,2003,3,CH15,int64
individual,2003,3,CH15_COD,str
individual,2003,3,CH16,int64
individual,2003,3,CH16_COD,str
individual,2003,3,NIVEL_ED,int64
individual,2003,3,ESTADO,int64
individual,2003,3,CAT_OCUP,int64
individual,2003,3,CAT_INAC,int64
individual,2003,3,PP02C1,int64
individual,2003,3,PP02C2,int64
individual,2003,3,PP02C3,int64
individual,2003,3,PP02C4,int64
individual,2003,3,PP02C5,int64
individual,2003,3,PP02C6,int64
individual,2003,3,PP02C7,int64
individual,2003,3,PP02C8,int64
individual,2003,3,PP02E,int64
individual,2003,3,PP02H,int64
individual,2003,3,PP02I,int64
individual,2003,3,PP03C,int64
individual,2003,3,PP03D,int64
individual,2003,3,PP3E_TOT,int64
individual,2003,3,PP3F_TOT,int64
individual,2003,3,PP03G,int64
individual,2003,3,PP03H,int64
individual,2003,3,PP03I,int64
individual,2003,3,PP03J,int64
individual,2003,3,INTENSI,int64
individual,2003,3,PP04A,int64
individual,2003,3,PP04B_COD,str
individual,2003,3,PP04B1,int64
individual,2003,3,PP04B2,int64
individual,2003,3,PP04B3_MES,int64
individual,2003,3,PP04B3_ANO,int64
individual,2003,3,PP04B3_DIA,int64
individual,2003,3,PP04C,int64
individual,2003,3,PP04C99,int64
individual,2003,3,PP04D_COD,str
individual,2003,3,PP04G,int64
individual,2003,3,PP05B2_MES,int64
individual,2003,3,PP05B2_ANO,int64
individual,2003,3,PP05B2_DIA,int64
individual,2003,3,PP05C_1,int64
individual,2003,3,PP05C_2,int64
individual,2003,3,PP05C_3,int64
individual,2003,3,PP05E,int64
individual,2003,3,PP05F,int64
individual,2003,3,PP05H,int64
individual,2003,3,PP06A,int64
individual,2003,3,PP06C,int64
individual,2003,3,PP06D,int64
individual,2003,3,PP06E,int64
individual,2003,3,PP06H,int64
individual,2003,3,PP07A,int64
individual,2003,3,PP07C,int64
individual,2003,3,PP07D,int64
individual,2003,3,PP07E,int64
individual,2003,3,PP07F1,int64
individual,2003,3,PP07F2,int64
individual,2003,3,PP07F3,int64
individual,2003,3,PP07F4,int64
individual,2003,3,PP07F5,int64
individual,2003,3,PP07G1,int64
individual,2003,3,PP07G2,int64
individual,2003,3,PP07G3,int64
individual,2003,3,PP07G4,int64
individual,2003,3,PP07G_59,int64
individual,2003,3,PP07H,int64
individual,2003,3,PP07I,int64
individual,2003,3,PP07J,int64
individual,2003,3,PP07K,int64
individual,2003,3,PP08D1,int64
individual,2003,3,PP08D4,int64
individual,2003,3,PP08F1,int64
individual,2003,3,PP08F2,int64
individual,2003,3,PP08J1,int64
individual,2003,3,PP08J2,int64
individual,2003,3,PP08J3,int64
individual,2003,3,PP09A,int64
individual,2003,3,PP09A_ESP,str
individual,2003,3,PP09B,int64
individual,2003,3,PP09C,int64
individual,2003,3,PP09C_ESP,str
individual,2003,3,PP10A,int64
individual,2003,3,PP10C,int64
individual,2003,3,PP10D,int64
individual,2003,3,PP10E,int64
individual,2003,3,PP11A,int64
individual,2003,3,PP11B_COD,str
individual,2003,3,PP11B1,int64
individual,2003,3,PP11B2_MES,int64
individual,2003,3,PP11B2_ANO,int64
individual,2003,3,PP11B2_DIA,int64
individual,2003,3,PP11C,int64
individual,2003,3,PP11C99,int64
individual,2003,3,PP11D_COD,str
individual,2003,3,PP11G_ANO,int64
individual,2003,3,PP11G_MES,int64
individual,2003,3,PP11G_DIA,int64
individual,2003,3,PP11L,int64
individual,2003,3,PP11L1,int64
individual,2003,3,PP11M,int64
individual,2003,3,PP11N,int64
individual,2003,3,PP11O,int64
individual,2003,3,PP11P,int64
individual,2003,3,PP11Q,int64
individual,2003,3,PP11R,int64
individual,2003,3,PP11S,int64
individual,2003,3,PP11T,int64
individual,2003,3,P21,int64
individual,2003,3,DECOCUR,str
individual,2003,3,IDECOCUR,str
individual,2003,3,RDECOCUR,str
individual,2003,3,GDECOCUR,str
individual,2003,3,PDECOCUR,str
individual,2003,3,ADECOCUR,str
individual,2003,3,TOT_P12,int64
individual,2003,3,P47T,int64
individual,2003,3,DECINDR,str
individual,2003,3,IDECINDR,str
individual,2003,3,RDECINDR,str
individual,2003,3,GDECINDR,str
individual,2003,3,PDECINDR,str
individual,2003,3,ADECINDR,str
individual,2003,3,V2_M,int64
individual,2003,3,V3_M,int64
individual,2003,3,V4_M,int64
individual,2003,3,V5_M,int64
individual,2003,3,V8_M,int64
individual,2003,3,V9_M,int64
individual,2003,3,V10_M,int64
individual,2003,3,V11_M,int64
individual,2003,3,V12_M,int64
individual,2003,3,V18_M,int64
individual,2003,3,V19_AM,int64
individual,2003,3,V21_M,int64
individual,2003,3,T_VI,int64
individual,2003,3,ITF,int64
individual,2003,3,DECIFR,str
individual,2003,3,IDECIFR,str
individual,2003,3,RDECIFR,str
individual,2003,3,GDECIFR,str
individual,2003,3,PDECIFR,str
individual,2003,3,ADECIFR,str
individual,2003,3,IPCF,float64
individual,2003,3,DECCFR,str
individual,2003,3,IDECCFR,str
individual,2003,3,RDECCFR,str
individual,2003,3,GDECCFR,str
individual,2003,3,PDECCFR,str
individual,2003,3,ADECCFR,str
individual,2003,3,PJ1_1,int64
individual,2003,3,PJ2_1,int64
individual,2003,3,PJ3_1,int64
individual,2003,3,IDIMPP,str
hogar,2003,4,CODUSU,string
hogar,2003,4,NRO_HOGAR,Int16
hogar,2003,4,REALIZADA,int64
hogar,2003,4,ANO4,Int16
hogar,2003,4,TRIMESTRE,Int16
hogar,2003,4,REGION,int64
hogar,2003,4,MAS_500,str
hogar,2003,4,AGLOMERADO,Int16
hogar,2003,4,PONDERA,int64
hogar,2003,4,IV1,int64
hogar,2003,4,IV1_ESP,str
hogar,2003,4,IV2,int64
hogar,2003,4,IV3,int64
hogar,2003,4,IV3_ESP,str
hogar,2003,4,IV4,int64
hogar,2003,4,IV5,int64
hogar,2003,4,IV6,int64
hogar,2003,4,IV7,int64
hogar,2003,4,IV7_ESP,str
hogar,2003,4,IV8,int64
hogar,2003,4,IV9,int64
hogar,2003,4,IV10,int64
hogar,2003,4,IV11,int64
hogar,2003,4,IV12_1,int64
hogar,2003,4,IV12_2,int64
hogar,2003,4,IV12_3,int64
hogar,2003,4,II1,int64
hogar,2003,4,II2,int64
hogar,2003,4,II3,int64
hogar,2003,4,II3_1,int64
hogar,2003,4,II4_1,int64
hogar,2003,4,II4_2,int64
hogar,2003,4,II4_3,int64
hogar,2003,4,II5,int64
hogar,2003,4,II5_1,int64
hogar,2003,4,II6,int64
hogar,2003,4,II6_1,int64
hogar,2003,4,II7,int64
hogar,2003,4,II7_ESP,str
hogar,2003,4,II8,int64
hogar,2003,4,II8_ESP,str
hogar,2003,4,II9,int64
hogar,2003,4,V1,int64
hogar,2003,4,V2,int64
hogar,2003,4,V21,int64
hogar,2003,4,V22,int64
hogar,2003,4,V3,int64
hogar,2003,4,V4,int64
hogar,2003,4,V5,int64
hogar,2003,4,V6,int64
hogar,2003,4,V7,int64
hogar,2003,4,V8,int64
hogar,2003,4,V9,int64
hogar,2003,4,V10,int64
hogar,2003,4,V11,int64
hogar,2003,4,V12,int64
hogar,2003,4,V13,int64
hogar,2003,4,V14,int64
hogar,2003,4,V15,int64
hogar,2003,4,V16,int64
hogar,2003,4,V17,int64
hogar,2003,4,V18,int64
hogar,2003,4,V19_A,int64
hogar,2003,4,V19_B,int64
hogar,2003,4,IX_TOT,int64
hogar,2003,4,IX_MEN10,float64
hogar,2003,4,IX_MAYEQ10,int64
hogar,2003,4,ITF,float64
hogar,2003,4,DECIFR,str
hogar,2003,4,IDECIFR,str
hogar,2003,4,RDECIFR,str
hogar,2003,4,GDECIFR,str
hogar,2003,4,PDECIFR,str
hogar,2003,4,ADECIFR,str
hogar,2003,4,IPCF,float64
hogar,2003,4,DECCFR,str
hogar,2003,4,IDECCFR,str
hogar,2003,4,RDECCFR,str
hogar,2003,4,GDECCFR,str
hogar,2003,4,PDECCFR,str
hogar,2003,4,ADECCFR,str
hogar,2003,4,VII1_1,int64
hogar,2003,4,VII1_2,int64
hogar,2003,4,VII2_1,int64
hogar,2003,4,VII2_2,int64
hogar,2003,4,VII2_3,int64
hogar,2003,4,VII2_4,int64
hogar,2003,4,IDIMPH,str
individual,2003,4,CODUSU,string
individual,2003,4,NRO_HOGAR,Int16
individual,2003,4,COMPONENTE,Int16
individual,2003,4,H15,int64
individual,2003,4,ANO4,Int16
individual,2003,4,TRIMESTRE,Int16
individual,2003,4,REGION,int64
individual,2003,4,MAS_500,str
individual,2003,4,AGLOMERADO,Int16
individual,2003,4,PONDERA,int64
individual,2003,4,CH03,int64
individual,2003,4,CH04,int64
individual,2003,4,CH06,int64
individual,2003,4,CH07,int64
individual,2003,4,CH08,int64
individual,2003,4,CH09,int64
individual,2003,4,CH10,int64
individual,2003,4,CH11,int64
individual,2003,4,CH12,int64
individual,2003,4,CH13,int64
individual,2003,4,CH14,str
individual,2003,4,CH15,int64
individual,2003,4,CH15_COD,str
individual,2003,4,CH16,int64
individual,2003,4,CH16_COD,str
individual,2003,4,NIVEL_ED,int64
individual,2003,4,ESTADO,int64
individual,2003,4,CAT_OCUP,int64
individual,2003,4,CAT_INAC,int64
individual,2003,4,PP02C1,int64
individual,2003,4,PP02C2,int64
individual,2003,4,PP02C3,int64
individual,2003,4,PP02C4,int64
individual,2003,4,PP02C5,int64
individual,2003,4,PP02C6,int64
individual,2003,4,PP02C7,int64
individual,2003,4,PP02C8,int64
individual,2003,4,PP02E,int64
individual,2003,4,PP02H,int64
individual,2003,4,PP02I,int64
individual,2003,4,PP03C,int64
individual,2003,4,PP03D,int64
individual,2003,4,PP3E_TOT,int64
individual,2003,4,PP3F_TOT,int64
individual,2003,4,PP03G,int64
individual,2003,4,PP03H,int64
individual,2003,4,PP03I,int64
individual,2003,4,PP03J,int64
individual,2003,4,INTENSI,int64
individual,2003,4,PP04A,int64
individual,2003,4,PP04B_COD,str
individual,2003,4,PP04B1,int64
individual,2003,4,PP04B2,int64
individual,2003,4,PP04B3_MES,int64
individual,2003,4,PP04B3_ANO,int64
individual,2003,4,PP04B3_DIA,int64
individual,2003,4,PP04C,int64
individual,2003,4,PP04C99,int64
individual,2003,4,PP04D_COD,str
individual,2003,4,PP04G,int64
individual,2003,4,PP05B2_MES,int64
individual,2003,4,PP05B2_ANO,int64
individual,2003,4,PP05B2_DIA,int64
individual,2003,4,PP05C_1,int64
individual,2003,4,PP05C_2,int64
individual,2003,4,PP05C_3,int64
individual,2003,4,PP05E,int64
individual,2003,4,PP05F,int64
individual,2003,4,PP05H,int64
individual,2003,4,PP06A,int64
individual,2003,4,PP06C,int64
individual,2003,4,PP06D,int64
individual,2003,4,PP06E,int64
individual,2003,4,PP06H,int64
individual,2003,4,PP07A,int64
individual,2003,4,PP07C,int64
individual,2003,4,PP07D,int64
individual,2003,4,PP07E,int64
individual,2003,4,PP07F1,int64
individual,2003,4,PP07F2,int64
individual,2003,4,PP07F3,int64
individual,2003,4,PP07F4,int64
individual,2003,4,PP07F5,int64
individual,2003,4,PP07G1,int64
individual,2003,4,PP07G2,int64
individual,2003,4,PP07G3,int64
individual,2003,4,PP07G4,int64
individual,2003,4,PP07G_59,int64
individual,2003,4,PP07H,int64
individual,2003,4,PP07I,int64
individual,2003,4,PP07J,int64
individual,2003,4,PP07K,int64
individual,2003,4,PP08D1,int64
individual,2003,4,PP08D4,int64
individual,2003,4,PP08F1,int64
individual,2003,4,PP08F2,int64
individual,2003,4,PP08J1,int64
individual,2003,4,PP08J2,int64
individual,2003,4,PP08J3,int64
individual,2003,4,PP09A,int64
individual,2003,4,PP09A_ESP,str
individual,2003,4,PP09B,int64
individual,2003,4,PP09C,int64
individual,2003,4,PP09C_ESP,str
individual,2003,4,PP10A,int64
individual,2003,4,PP10C,int64
individual,2003,4,PP10D,int64
individual,2003,4,PP10E,int64
individual,2003,4,PP11A,int64
individual,2003,4,PP11B_COD,str
individual,2003,4,PP11B1,int64
individual,2003,4,PP11B2_MES,int64
individual,2003,4,PP11B2_ANO,int64
individual,2003,4,PP11B2_DIA,int64
individual,2003,4,PP11C,int64
individual,2003,4,PP11C99,int64
individual,2003,4,PP11D_COD,str
individual,2003,4,PP11G_ANO,int64
individual,2003,4,PP11G_MES,int64
individual,2003,4,PP11G_DIA,int64
individual,2003,4,PP11L,int64
individual,2003,4,PP11L1,int64
individual,2003,4,PP11M,int64
individual,2003,4,PP11N,int64
individual,2003,4,PP11O,int64
individual,2003,4,PP11P,int64
individual,2003,4,PP11Q,int64
individual,2003,4,PP11R,int64
individual,2003,4,PP11S,int64
individual,2003,4,PP11T,int64
individual,2003,4,P21,int64
individual,2003,4,DECOCUR,str
individual,2003,4,IDECOCUR,str
individual,2003,4,RDECOCUR,str
individual,2003,4,GDECOCUR,str
individual,2003,4,PDECOCUR,str
individual,2003,4,ADECOCUR,str
individual,2003,4,TOT_P12,int64
individual,2003,4,P47T,int64
individual,2003,4,DECINDR,str
individual,2003,4,IDECINDR,str
individual,2003,4,RDECINDR,str
individual,2003,4,GDECINDR,str
individual,2003,4,PDECINDR,str
individual,2003,4,ADECINDR,str
individual,2003,4,V2_M,int64
individual,2003,4,V3_M,int64
individual,2003,4,V4_M,int64
individual,2003,4,V5_M,int64
individual,2003,4,V8_M,int64
individual,2003,4,V9_M,int64
individual,2003,4,V10_M,int64
individual,2003,4,V11_M,int64
individual,2003,4,V12_M,int64
individual,2003,4,V18_M,int64
individual,2003,4,V19_AM,int64
individual,2003,4,V21_M,int64
individual,2003,4,T_VI,int64
individual,2003,4,ITF,int64
individual,2003,4,DECIFR,str
individual,2003,4,IDECIFR,str
individual,2003,4,RDECIFR,str
individual,2003,4,GDECIFR,str
individual,2003,4,PDECIFR,str
individual,2003,4,ADECIFR,str
individual,2003,4,IPCF,float64
individual,2003,4,DECCFR,str
individual,2003,4,IDECCFR,str
individual,2003,4,RDECCFR,str
individual,2003,4,GDECCFR,str
individual,2003,4,PDECCFR,str
individual,2003,4,ADECCFR,str
individual,2003,4,PJ1_1,int64
individual,2003,4,PJ2_1,int64
individual,2003,4,PJ3_1,int64
individual,2003,4,IDIMPP,str
hogar,2004,1,CODUSU,string
hogar,2004,1,NRO_HOGAR,Int16
hogar,2004,1,REALIZADA,int64
hogar,2004,1,ANO4,Int16
hogar,2004,1,TRIMESTRE,Int16
hogar,2004,1,REGION,int64
hogar,2004,1,MAS_500,str
hogar,2004,1,AGLOMERADO,Int16
hogar,2004,1,PONDERA,int64
hogar,2004,1,IV1,int64
hogar,2004,1,IV1_ESP,str
hogar,2004,1,IV2,int64
hogar,2004,1,IV3,int64
hogar,2004,1,IV3_ESP,str
hogar,2004,1,IV4,int64
hogar,2004,1,IV5,int64
hogar,2004,1,IV6,int64
hogar,2004,1,IV7,int64
hogar,2004,1,IV7_ESP,str
hogar,2004,1,IV8,int64
hogar,2004,1,IV9,int64
hogar,2004,1,IV10,int64
hogar,2004,1,IV11,int64
hogar,2004,1,IV12_1,int64
hogar,2004,1,IV12_2,int64
hogar,2004,1,IV12_3,int64
hogar,2004,1,II1,int64
hogar,2004,1,II2,int64
hogar,2004,1,II3,int64
hogar,2004,1,II3_1,int64
hogar,2004,1,II4_1,int64
hogar,2004,1,II4_2,int64
hogar,2004,1,II4_3,int64
hogar,2004,1,II5,int64
hogar,2004,1,II5_1,int64
hogar,2004,1,II6,int64
hogar,2004,1,II6_1,int64
hogar,2004,1,II7,int64
hogar,2004,1,II7_ESP,str
hogar,2004,1,II8,int64
hogar,2004,1,II8_ESP,str
hogar,2004,1,II9,int64
hogar,2004,1,V1,int64
hogar,2004,1,V2,int64
hogar,2004,1,V21,int64
hogar,2004,1,V22,int64
hogar,2004,1,V3,int64
hogar,2004,1,V4,int64
hogar,2004,1,V5,int64
hogar,2004,1,V6,int64
hogar,2004,1,V7,int64
hogar,2004,1,V8,int64
hogar,2004,1,V9,int64
hogar,2004,1,V10,int64
hogar,2004,1,V11,int64
hogar,2004,1,V12,int64
hogar,2004,1,V13,int64
hogar,2004,1,V14,int64
hogar,2004,1,V15,int64
hogar,2004,1,V16,int64
hogar,2004,1,V17,int64
hogar,2004,1,V18,int64
hogar,2004,1,V19_A,int64
hogar,2004,1,V19_B,int64
hogar,2004,1,IX_TOT,int64
hogar,2004,1,IX_MEN10,float64
hogar,2004,1,IX_MAYEQ10,int64
hogar,2004,1,ITF,float64
hogar,2004,1,DECIFR,str
hogar,2004,1,IDECIFR,str
hogar,2004,1,RDECIFR,str
hogar,2004,1,GDECIFR,str
hogar,2004,1,PDECIFR,str
hogar,2004,1,ADECIFR,str
hogar,2004,1,IPCF,float64
hogar,2004,1,DECCFR,str
hogar,2004,1,IDECCFR,str
hogar,2004,1,RDECCFR,str
hogar,2004,1,GDECCFR,str
hogar,2004,1,PDECCFR,str
hogar,2004,1,ADECCFR,str
hogar,2004,1,VII1_1,int64
hogar,2004,1,VII1_2,int64
hogar,2004,1,VII2_1,int64
hogar,2004,1,VII2_2,int64
hogar,2004,1,VII2_3,int64
hogar,2004,1,VII2_4,int64
hogar,2004,1,IDIMPH,str
individual,2004,1,CODUSU,string
individual,2004,1,NRO_HOGAR,Int16
individual,2004,1,COMPONENTE,Int16
individual,2004,1,H15,int64
individual,2004,1,ANO4,Int16
individual,2004,1,TRIMESTRE,Int16
individual,2004,1,REGION,int64
individual,2004,1,MAS_500,str
individual,2004,1,AGLOMERADO,Int16
individual,2004,1,PONDERA,int64
individual,2004,1,CH03,int64
individual,2004,1,CH04,int64
individual,2004,1,CH06,int64
individual,2004,1,CH07,int64
individual,2004,1,CH08,int64
individual,2004,1,CH09,int64
individual,2004,1,CH10,int64
individual,2004,1,CH11,int64
individual,2004,1,CH12,int64
individual,2004,1,CH13,int64
individual,2004,1,CH14,str
individual,2004,1,CH15,int64
individual,2004,1,CH15_COD,str
individual,2004,1,CH16,int64
individual,2004,1,CH16_COD,str
individual,2004,1,NIVEL_ED,int64
individual,2004,1,ESTADO,int64
individual,2004,1,CAT_OCUP,int64
individual,2004,1,CAT_INAC,int64
individual,2004,1,PP02C1,int64
individual,2004,1,PP02C2,int64
individual,2004,1,PP02C3,int64
individual,2004,1,PP02C4,int64
individual,2004,1,PP02C5,int64
individual,2004,1,PP02C6,int64
individual,2004,1,PP02C7,int64
individual,2004,1,PP02C8,int64
individual,2004,1,PP02E,int64
individual,2004,1,PP02H,int64
individual,2004,1,PP02I,int64
individual,2004,1,PP03C,int64
individual,2004,1,PP03D,int64
individual,2004,1,PP3E_TOT,int64
individual,2004,1,PP3F_TOT,int64
individual,2004,1,PP03G,int64
individual,2004,1,PP03H,int64
individual,2004,1,PP03I,int64
individual,2004,1,PP03J,int64
individual,2004,1,INTENSI,int64
individual,2004,1,PP04A,int64
individual,2004,1,PP04B_COD,str
individual,2004,1,PP04B1,int64
individual,2004,1,PP04B2,int64
individual,2004,1,PP04B3_MES,int64
individual,2004,1,PP04B3_ANO,int64
individual,2004,1,PP04B3_DIA,int64
individual,2004,1,PP04C,int64
individual,2004,1,PP04C99,int64
individual,2004,1,PP04D_COD,str
individual,2004,1,PP04G,int64
individual,2004,1,PP05B2_MES,int64
individual,2004,1,PP05B2_ANO,int64
individual,2004,1,PP05B2_DIA,int64
individual,2004,1,PP05C_1,int64
individual,2004,1,PP05C_2,int64
individual,2004,1,PP05C_3,int64
individual,2004,1,PP05E,int64
individual,2004,1,PP05F,int64
individual,2004,1,PP05H,int64
individual,2004,1,PP06A,int64
individual,2004,1,PP06C,int64
individual,2004,1,PP06D,int64
individual,2004,1,PP06E,int64
individual,2004,1,PP06H,int64
individual,2004,1,PP07A,int64
individual,2004,1,PP07C,int64
individual,2004,1,PP07D,int64
individual,2004,1,PP07E,int64
individual,2004,1,PP07F1,int64
individual,2004,1,PP07F2,int64
individual,2004,1,PP07F3,int64
individual,2004,1,PP07F4,int64
individual,2004,1,PP07F5,int64
individual,2004,1,PP07G1,int64
individual,2004,1,PP07G2,int64
individual,2004,1,PP07G3,int64
individual,2004,1,PP07G4,int64
individual,2004,1,PP07G_59,int64
individual,2004,1,PP07H,int64
individual,2004,1,PP07I,int64
individual,2004,1,PP07J,int64
individual,2004,1,PP07K,int64
individual,2004,1,PP08D1,int64
individual,2004,1,PP08D4,int64
individual,2004,1,PP08F1,int64
individual,2004,1,PP08F2,int64
individual,2004,1,PP08J1,int64
individual,2004,1,PP08J2,int64
individual,2004,1,PP08J3,int64
individual,2004,1,PP09A,int64
individual,2004,1,PP09A_ESP,str
individual,2004,1,PP09B,int64
individual,2004,1,PP09C,int64
individual,2004,1,PP09C_ESP,str
individual,2004,1,PP10A,int64
individual,2004,1,PP10C,int64
individual,2004,1,PP10D,int64
individual,2004,1,PP10E,int64
individual,2004,1,PP11A,int64
individual,2004,1,PP11B_COD,str
individual,2004,1,PP11B1,int64
individual,2004,1,PP11B2_MES,int64
individual,2004,1,PP11B2_ANO,int64
individual,2004,1,PP11B2_DIA,int64
individual,2004,1,PP11C,int64
individual,2004,1,PP11C99,int64
individual,2004,1,PP11D_COD,str
individual,2004,1,PP11G_ANO,int64
individual,2004,1,PP11G_MES,int64
individual,2004,1,PP11G_DIA,int64
individual,2004,1,PP11L,int64
individual,2004,1,PP11L1,int64
individual,2004,1,PP11M,int64
individual,2004,1,PP11N,int64
individual,2004,1,PP11O,int64
individual,2004,1,PP11P,int64
individual,2004,1,PP11Q,int64
individual,2004,1,PP11R,int64
individual,2004,1,PP11S,int64
individual,2004,1,PP11T,int64
individual,2004,1,P21,int64
individual,2004,1,DECOCUR,str
individual,2004,1,IDECOCUR,str
individual,2004,1,RDECOCUR,str
individual,2004,1,GDECOCUR,str
individual,2004,1,PDECOCUR,str
individual,2004,1,ADECOCUR,str
individual,2004,1,TOT_P12,int64
individual,2004,1,P47T,int64
individual,2004,1,DECINDR,str
individual,2004,1,IDECINDR,str
individual,2004,1,RDECINDR,str
individual,2004,1,GDECINDR,str
individual,2004,1,PDECINDR,str
individual,2004,1,ADECINDR,str
individual,2004,1,V2_M,int64
individual,2004,1,V3_M,int64
individual,2004,1,V4_M,int64
individual,2004,1,V5_M,int64
individual,2004,1,V8_M,int64
individual,2004,1,V9_M,int64
individual,2004,1,V10_M,int64
individual,2004,1,V11_M,int64
individual,2004,1,V12_M,int64
individual,2004,1,V18_M,int64
individual,2004,1,V19_AM,int64
individual,2004,1,V21_M,int64
individual,2004,1,T_VI,int64
individual,2004,1,ITF,int64
individual,2004,1,DECIFR,str
individual,2004,1,IDECIFR,str
individual,2004,1,RDECIFR,str
individual,2004,1,GDECIFR,str
individual,2004,1,PDECIFR,str
individual,2004,1,ADECIFR,str
individual,2004,1,IPCF,float64
individual,2004,1,DECCFR,str
individual,2004,1,IDECCFR,str
individual,2004,1,RDECCFR,str
individual,2004,1,GDECCFR,str
individual,2004,1,PDECCFR,str
individual,2004,1,ADECCFR,str
individual,2004,1,PJ1_1,int64
individual,2004,1,PJ2_1,int64
individual,2004,1,PJ3_1,int64
individual,2004,1,IDIMPP,str
hogar,2004,2,CODUSU,string
hogar,2004,2,NRO_HOGAR,Int16
hogar,2004,2,REALIZADA,int64
hogar,2004,2,ANO4,Int16
hogar,2004,2,TRIMESTRE,Int16
hogar,2004,2,REGION,int64
hogar,2004,2,MAS_500,str
hogar,2004,2,AGLOMERADO,Int16
hogar,2004,2,PONDERA,int64
hogar,2004,2,IV1,int64
hogar,2004,2,IV1_ESP,str
hogar,2004,2,IV2,int64
hogar,2004,2,IV3,int64
hogar,2004,2,IV3_ESP,str
hogar,2004,2,IV4,int64
hogar,2004,2,IV5,int64
hogar,2004,2,IV6,int64
hogar,2004,2,IV7,int64
hogar,2004,2,IV7_ESP,str
hogar,2004,2,IV8,int64
hogar,2004,2,IV9,int64
hogar,2004,2,IV10,int64
hogar,2004,2,IV11,int64
hogar,2004,2,IV12_1,int64
hogar,2004,2,IV12_2,int64
hogar,2004,2,IV12_3,int64
hogar,2004,2,II1,int64
hogar,2004,2,II2,int64
hogar,2004,2,II3,int64
hogar,2004,2,II3_1,int64
hogar,2004,2,II4_1,int64
hogar,2004,2,II4_2,int64
hogar,2004,2,II4_3,int64
hogar,2004,2,II5,int64
hogar,2004,2,II5_1,int64
hogar,2004,2,II6,int64
hogar,2004,2,II6_1,int64
hogar,2004,2,II7,int64
hogar,2004,2,II7_ESP,str
hogar,2004,2,II8,int64
hogar,2004,2,II8_ESP,str
hogar,2004,2,II9,int64
hogar,2004,2,V1,int64
hogar,2004,2,V2,int64
hogar,2004,2,V21,int64
hogar,2004,2,V22,int64
hogar,2004,2,V3,int64
hogar,2004,2,V4,int64
hogar,2004,2,V5,int64
hogar,2004,2,V6,int64
hogar,2004,2,V7,int64
hogar,2004,2,V8,int64
hogar,2004,2,V9,int64
hogar,2004,2,V10,int64
hogar,2004,2,V11,int64
hogar,2004,2,V12,int64
hogar,2004,2,V13,int64
hogar,2004,2,V14,int64
hogar,2004,2,V15,int64
hogar,2004,2,V16,int64
hogar,2004,2,V17,int64
hogar,2004,2,V18,int64
hogar,2004,2,V19_A,int64
hogar,2004,2,V19_B,int64
hogar,2004,2,IX_TOT,int64
hogar,2004,2,IX_MEN10,float64
hogar,2004,2,IX_MAYEQ10,int64
hogar,2004,2,ITF,float64
hogar,2004,2,DECIFR,str
hogar,2004,2,IDECIFR,str
hogar,2004,2,RDECIFR,str
hogar,2004,2,GDECIFR,str
hogar,2004,2,PDECIFR,str
hogar,2004,2,ADECIFR,str
hogar,2004,2,IPCF,float64
hogar,2004,2,DECCFR,str
hogar,2004,2,IDECCFR,str
hogar,2004,2,RDECCFR,str
hogar,2004,2,GDECCFR,str
hogar,2004,2,PDECCFR,str
hogar,2004,2,ADECCFR,str
hogar,2004,2,VII1_1,int64
hogar,2004,2,VII1_2,int64
hogar,2004,2,VII2_1,int64
hogar,2004,2,VII2_2,int64
hogar,2004,2,VII2_3,int64
hogar,2004,2,VII2_4,int64
hogar,2004,2,IDIMPH,str
individual,2004,2,CODUSU,string
individual,2004,2,NRO_HOGAR,Int16
individual,2004,2,COMPONENTE,Int16
individual,2004,2,H15,int64
individual,2004,2,ANO4,Int16
individual,2004,2,TRIMESTRE,Int16
individual,2004,2,REGION,int64
individual,2004,2,MAS_500,str
individual,2004,2,AGLOMERADO,Int16
individual,2004,2,PONDERA,int64
individual,2004,2,CH03,int64
individual,2004,2,CH04,int64
individual,2004,2,CH06,int64
individual,2004,2,CH07,int64
individual,2004,2,CH08,int64
individual,2004,2,CH09,int64
individual,2004,2,CH10,int64
individual,2004,2,CH11,int64
individual,2004,2,CH12,int64
individual,2004,2,CH13,int64
individual,2004,2,CH14,str
individual,2004,2,CH15,int64
individual,2004,2,CH15_COD,str
individual,2004,2,CH16,int64
individual,2004,2,CH16_COD,str
individual,2004,2,NIVEL_ED,int64
individual,2004,2,ESTADO,int64
individual,2004,2,CAT_OCUP,int64
individual,2004,2,CAT_INAC,int64
individual,2004,2,PP02C1,int64
individual,2004,2,PP02C2,int64
individual,2004,2,PP02C3,int64
individual,2004,2,PP02C4,int64
individual,2004,2,PP02C5,int64
individual,2004,2,PP02C6,int64
individual,2004,2,PP02C7,int64
individual,2004,2,PP02C8,int64
individual,2004,2,PP02E,int64
individual,2004,2,PP02H,int64
individual,2004,2,PP02I,int64
individual,2004,2,PP03C,int64
individual,2004,2,PP03D,int64
individual,2004,2,PP3E_TOT,int64
individual,2004,2,PP3F_TOT,int64
individual,2004,2,PP03G,int64
individual,2004,2,PP03H,int64
individual,2004,2,PP03I,int64
individual,2004,2,PP03J,int64
individual,2004,2,INTENSI,int64
individual,2004,2,PP04A,int64
individual,2004,2,PP04B_COD,str
individual,2004,2,PP04B1,int64
individual,2004,2,PP04B2,int64
individual,2004,2,PP04B3_MES,int64
individual,2004,2,PP04B3_ANO,int64
individual,2004,2,PP04B3_DIA,int64
individual,2004,2,PP04C,int64
individual,2004,2,PP04C99,int64
individual,2004,2,PP04D_COD,str
individual,2004,2,PP04G,int64
individual,2004,2,PP05B2_MES,int64
individual,2004,2,PP05B2_ANO,int64
individual,2004,2,PP05B2_DIA,int64
individual,2004,2,PP05C_1,int64
individual,2004,2,PP05C_2,int64
individual,2004,2,PP05C_3,int64
individual,2004,2,PP05E,int64
individual,2004,2,PP05F,int64
individual,2004,2,PP05H,int64
individual,2004,2,PP06A,int64
individual,2004,2,PP06C,int64
individual,2004,2,PP06D,int64
individual,2004,2,PP06E,int64
individual,2004,2,PP06H,int64
individual,2004,2,PP07A,int64
individual,2004,2,PP07C,int64
individual,2004,2,PP07D,int64
individual,2004,2,PP07E,int64
individual,2004,2,PP07F1,int64
individual,2004,2,PP07F2,int64
individual,2004,2,PP07F3,int64
individual,2004,2,PP07F4,int64
individual,2004,2,PP07F5,int64
individual,2004,2,PP07G1,int64
individual,2004,2,PP07G2,int64
individual,2004,2,PP07G3,int64
individual,2004,2,PP07G4,int64
individual,2004,2,PP07G_59,int64
individual,2004,2,PP07H,int64
individual,2004,2,PP07I,int64
individual,2004,2,PP07J,int64
individual,2004,2,PP07K,int64
individual,2004,2,PP08D1,int64
individual,2004,2,PP08D4,int64
individual,2004,2,PP08F1,int64
individual,2004,2,PP08F2,int64
individual,2004,2,PP08J1,int64
individual,2004,2,PP08J2,int64
individual,2004,2,PP08J3,int64
individual,2004,2,PP09A,int64
individual,2004,2,PP09A_ESP,str
individual,2004,2,PP09B,int64
individual,2004,2,PP09C,int64
individual,2004,2,PP09C_ESP,str
individual,2004,2,PP10A,int64
individual,2004,2,PP10C,int64
individual,2004,2,PP10D,int64
individual,2004,2,PP10E,int64
individual,2004,2,PP11A,int64
individual,2004,2,PP11B_COD,str
individual,2004,2,PP11B1,int64
individual,2004,2,PP11B2_MES,int64
individual,2004,2,PP11B2_ANO,int64
individual,2004,2,PP11B2_DIA,int64
individual,2004,2,PP11C,int64
individual,2004,2,PP11C99,int64
individual,2004,2,PP11D_COD,str
individual,2004,2,PP11G_ANO,int64
individual,2004,2,PP11G_MES,int64
individual,2004,2,PP11G_DIA,int64
individual,2004,2,PP11L,int64
individual,2004,2,PP11L1,int64
individual,2004,2,PP11M,int64
individual,2004,2,PP11N,int64
individual,2004,2,PP11O,int64
individual,2004,2,PP11P,int64
individual,2004,2,PP11Q,int64
individual,2004,2,PP11R,int64
individual,2004,2,PP11S,int64
individual,2004,2,PP11T,int64
individual,2004,2,P21,int64
individual,2004,2,DECOCUR,str
individual,2004,2,IDECOCUR,str
individual,2004,2,RDECOCUR,str
individual,2004,2,GDECOCUR,str
individual,2004,2,PDECOCUR,str
individual,2004,2,ADECOCUR,str
individual,2004,2,TOT_P12,int64
individual,2004,2,P47T,int64
individual,2004,2,DECINDR,str
individual,2004,2,IDECINDR,str
individual,2004,2,RDECINDR,str
individual,2004,2,GDECINDR,str
individual,2004,2,PDECINDR,str
individual,2004,2,ADECINDR,str
individual,2004,2,V2_M,int64
individual,2004,2,V3_M,int64
individual,2004,2,V4_M,int64
individual,2004,2,V5_M,int64
individual,2004,2,V8_M,int64
individual,2004,2,V9_M,int64
individual,2004,2,V10_M,int64
individual,2004,2,V11_M,int64
individual,2004,2,V12_M,int64
individual,2004,2,V18_M,int64
individual,2004,2,V19_AM,int64
individual,2004,2,V21_M,int64
individual,2004,2,T_VI,int64
individual,2004,2,ITF,int64
individual,2004,2,DECIFR,str
individual,2004,2,IDECIFR,str
individual,2004,2,RDECIFR,str
individual,2004,2,GDECIFR,str
individual,2004,2,PDECIFR,str
individual,2004,2,ADECIFR,str
individual,2004,2,IPCF,float64
individual,2004,2,DECCFR,str
individual,2004,2,IDECCFR,str
individual,2004,2,RDECCFR,str
individual,2004,2,GDECCFR,str
individual,2004,2,PDECCFR,str
individual,2004,2,ADECCFR,str
individual,2004,2,PJ1_1,int64
individual,2004,2,PJ2_1,int64
individual,2004,2,PJ3_1,int64
individual,2004,2,IDIMPP,str
hogar,2004,3,CODUSU,string
hogar,2004,3,NRO_HOGAR,Int16
hogar,2004,3,REALIZADA,int64
hogar,2004,3,ANO4,Int16
hogar,2004,3,TRIMESTRE,Int16
hogar,2004,3,REGION,int64
hogar,2004,3,MAS_500,str
hogar,2004,3,AGLOMERADO,Int16
hogar,2004,3,PONDERA,int64
hogar,2004,3,IV1,float64
hogar,2004,3,IV1_ESP,str
hogar,2004,3,IV2,float64
hogar,2004,3,IV3,float64
hogar,2004,3,IV3_ESP,str
hogar,2004,3,IV4,float64
hogar,2004,3,IV5,float64
hogar,2004,3,IV6,float64
hogar,2004,3,IV7,float64
hogar,2004,3,IV7_ESP,str
hogar,2004,3,IV8,float64
hogar,2004,3,IV9,float64
hogar,2004,3,IV10,float64
hogar,2004,3,IV11,float64
hogar,2004,3,IV12_1,float64
hogar,2004,3,IV12_2,float64
hogar,2004,3,IV12_3,float64
hogar,2004,3,II1,int64
hogar,2004,3,II2,int64
hogar,2004,3,II3,int64
hogar,2004,3,II3_1,int64
hogar,2004,3,II4_1,int64
hogar,2004,3,II4_2,int64
hogar,2004,3,II4_3,int64
hogar,2004,3,II5,int64
hogar,2004,3,II5_1,int64
hogar,2004,3,II6,int64
hogar,2004,3,II6_1,int64
hogar,2004,3,II7,int64
hogar,2004,3,II7_ESP,str
hogar,2004,3,II8,int64
hogar,2004,3,II8_ESP,str
hogar,2004,3,II9,int64
hogar,2004,3,V1,int64
hogar,2004,3,V2,int64
hogar,2004,3,V21,int64
hogar,2004,3,V22,int64
hogar,2004,3,V3,int64
hogar,2004,3,V4,int64
hogar,2004,3,V5,int64
hogar,2004,3,V6,int64
hogar,2004,3,V7,int64
hogar,2004,3,V8,int64
hogar,2004,3,V9,int64
hogar,2004,3,V10,int64
hogar,2004,3,V11,int64
hogar,2004,3,V12,int64
hogar,2004,3,V13,int64
hogar,2004,3,V14,int64
hogar,2004,3,V15,int64
hogar,2004,3,V16,int64
hogar,2004,3,V17,int64
hogar,2004,3,V18,int64
hogar,2004,3,V19_A,int64
hogar,2004,3,V19_B,int64
hogar,2004,3,IX_TOT,int64
hogar,2004,3,IX_MEN10,float64
hogar,2004,3,IX_MAYEQ10,int64
hogar,2004,3,ITF,float64
hogar,2004,3,DECIFR,str
hogar,2004,3,IDECIFR,str
hogar,2004,3,RDECIFR,str
hogar,2004,3,GDECIFR,str
hogar,2004,3,PDECIFR,str
hogar,2004,3,ADECIFR,str
hogar,2004,3,IPCF,float64
hogar,2004,3,DECCFR,str
hogar,2004,3,IDECCFR,str
hogar,2004,3,RDECCFR,str
hogar,2004,3,GDECCFR,str
hogar,2004,3,PDECCFR,str
hogar,2004,3,ADECCFR,str
hogar,2004,3,VII1_1,int64
hogar,2004,3,VII1_2,int64
hogar,2004,3,VII2_1,int64
hogar,2004,3,VII2_2,int64
hogar,2004,3,VII2_3,int64
hogar,2004,3,VII2_4,int64
hogar,2004,3,IDIMPH,str
individual,2004,3,CODUSU,string
individual,2004,3,NRO_HOGAR,Int16
individual,2004,3,COMPONENTE,Int16
individual,2004,3,H15,int64
individual,2004,3,ANO4,Int16
individual,2004,3,TRIMESTRE,Int16
individual,2004,3,REGION,int64
individual,2004,3,MAS_500,str
individual,2004,3,AGLOMERADO,Int16
individual,2004,3,PONDERA,int64
individual,2004,3,CH03,int64
individual,2004,3,CH04,int64
individual,2004,3,CH06,int64
individual,2004,3,CH07,int64
individual,2004,3,CH08,int64
individual,2004,3,CH09,int64
individual,2004,3,CH10,int64
individual,2004,3,CH11,int64
individual,2004,3,CH12,int64
individual,2004,3,CH13,int64
individual,2004,3,CH14,str
individual,2004,3,CH15,int64
individual,2004,3,CH15_COD,str
individual,2004,3,CH16,int64
individual,2004,3,CH16_COD,str
individual,2004,3,NIVEL_ED,int64
individual,2004,3,ESTADO,int64
individual,2004,3,CAT_OCUP,int64
individual,2004,3,CAT_INAC,int64
individual,2004,3,PP02C1,int64
individual,2004,3,PP02C2,int64
individual,2004,3,PP02C3,int64
individual,2004,3,PP02C4,int64
individual,2004,3,PP02C5,int64
individual,2004,3,PP02C6,int64
individual,2004,3,PP02C7,int64
individual,2004,3,PP02C8,int64
individual,2004,3,PP02E,int64
individual,2004,3,PP02H,int64
individual,2004,3,PP02I,int64
individual,2004,3,PP03C,int64
individual,2004,3,PP03D,int64
individual,2004,3,PP3E_TOT,int64
individual,2004,3,PP3F_TOT,int64
individual,2004,3,PP03G,int64
individual,2004,3,PP03H,int64
individual,2004,3,PP03I,int64
individual,2004,3,PP03J,int64
individual,2004,3,INTENSI,int64
individual,2004,3,PP04A,int64
individual,2004,3,PP04B_COD,str
individual,2004,3,PP04B1,int64
individual,2004,3,PP04B2,int64
individual,2004,3,PP04B3_MES,int64
individual,2004,3,PP04B3_ANO,int64
individual,2004,3,PP04B3_DIA,int64
individual,2004,3,PP04C,int64
individual,2004,3,PP04C99,int64
individual,2004,3,PP04D_COD,str
individual,2004,3,PP04G,int64
individual,2004,3,PP05B2_MES,int64
individual,2004,3,PP05B2_ANO,int64
individual,2004,3,PP05B2_DIA,int64
individual,2004,3,PP05C_1,int64
individual,2004,3,PP05C_2,int64
individual,2004,3,PP05C_3,int64
individual,2004,3,PP05E,int64
individual,2004,3,PP05F,int64
individual,2004,3,PP05H,int64
individual,2004,3,PP06A,int64
individual,2004,3,PP06C,int64
individual,2004,3,PP06D,int64
individual,2004,3,PP06E,int64
individual,2004,3,PP06H,int64
individual,2004,3,PP07A,int64
individual,2004,3,PP07C,int64
individual,2004,3,PP07D,int64
individual,2004,3,PP07E,int64
individual,2004,3,PP07F1,int64
individual,2004,3,PP07F2,int64
individual,2004,3,PP07F3,int64
individual,2004,3,PP07F4,int64
individual,2004,3,PP07F5,int64
individual,2004,3,PP07G1,int64
individual,2004,3,PP07G2,int64
individual,2004,3,PP07G3,int64
individual,2004,3,PP07G4,int64
individual,2004,3,PP07G_59,int64
individual,2004,3,PP07H,int64
individual,2004,3,PP07I,int64
individual,2004,3,PP07J,int64
individual,2004,3,PP07K,int64
individual,2004,3,PP08D1,int64
individual,2004,3,PP08D4,int64
individual,2004,3,PP08F1,int64
individual,2004,3,PP08F2,int64
individual,2004,3,PP08J1,int64
individual,2004,3,PP08J2,int64
individual,2004,3,PP08J3,int64
individual,2004,3,PP09A,int64
individual,2004,3,PP09A_ESP,str
individual,2004,3,PP09B,int64
individual,2004,3,PP09C,int64
individual,2004,3,PP09C_ESP,str
individual,2004,3,PP10A,int64
individual,2004,3,PP10C,int64
individual,2004,3,PP10D,int64
individual,2004,3,PP10E,int64
individual,2004,3,PP11A,int64
individual,2004,3,PP11B_COD,str
individual,2004,3,PP11B1,int64
individual,2004,3,PP11B2_MES,int64
individual,2004,3,PP11B2_ANO,int64
individual,2004,3,PP11B2_DIA,int64
individual,2004,3,PP11C,int64
individual,2004,3,PP11C99,int64
individual,2004,3,PP11D_COD,str
individual,2004,3,PP11G_ANO,int64
individual,2004,3,PP11G_MES,int64
individual,2004,3,PP11G_DIA,int64
individual,2004,3,PP11L,int64
individual,2004,3,PP11L1,int64
individual,2004,3,PP11M,int64
individual,2004,3,PP11N,int64
individual,2004,3,PP11O,int64
individual,2004,3,PP11P,int64
individual,2004,3,PP11Q,int64
individual,2004,3,PP11R,int64
individual,2004,3,PP11S,int64
individual,2004,3,PP11T,int64
individual,2004,3,P21,int64
individual,2004,3,DECOCUR,str
individual,2004,3,IDECOCUR,str
individual,2004,3,RDECOCUR,str
individual,2004,3,GDECOCUR,str
individual,2004,3,PDECOCUR,str
individual,2004,3,ADECOCUR,str
individual,2004,3,TOT_P12,int64
individual,2004,3,P47T,int64
individual,2004,3,DECINDR,str
individual,2004,3,IDECINDR,str
individual,2004,3,RDECINDR,str
individual,2004,3,GDECINDR,str
individual,2004,3,PDECINDR,str
individual,2004,3,ADECINDR,str
individual,2004,3,V2_M,int64
individual,2004,3,V3_M,int64
individual,2004,3,V4_M,int64
individual,2004,3,V5_M,int64
individual,2004,3,V8_M,int64
individual,2004,3,V9_M,int64
individual,2004,3,V10_M,int64
individual,2004,3,V11_M,int64
individual,2004,3,V12_M,int64
individual,2004,3,V18_M,int64
individual,2004,3,V19_AM,int64
individual,2004,3,V21_M,int64
individual,2004,3,T_VI,int64
individual,2004,3,ITF,int64
individual,2004,3,DECIFR,str
individual,2004,3,IDECIFR,str
individual,2004,3,RDECIFR,str
individual,2004,3,GDECIFR,str
individual,2004,3,PDECIFR,str
individual,2004,3,ADECIFR,str
individual,2004,3,IPCF,float64
individual,2004,3,DECCFR,str
individual,2004,3,IDECCFR,str
individual,2004,3,RDECCFR,str
individual,2004,3,GDECCFR,str
individual,2004,3,PDECCFR,str
individual,2004,3,ADECCFR,str
individual,2004,3,PJ1_1,int64
individual,2004,3,PJ2_1,int64
individual,2004,3,PJ3_1,int64
individual,2004,3,IDIMPP,str
hogar,2004,4,CODUSU,string
hogar,2004,4,NRO_HOGAR,Int16
hogar,2004,4,REALIZADA,int64
hogar,2004,4,ANO4,Int16
hogar,2004,4,TRIMESTRE,Int16
hogar,2004,4,REGION,int64
hogar,2004,4,MAS_500,str
hogar,2004,4,AGLOMERADO,Int16
hogar,2004,4,PONDERA,int64
hogar,2004,4,IV1,int64
hogar,2004,4,IV1_ESP,str
hogar,2004,4,IV2,int64
hogar,2004,4,IV3,int64
hogar,2004,4,IV3_ESP,str
hogar,2004,4,IV4,int64
hogar,2004,4,IV5,int64
hogar,2004,4,IV6,int64
hogar,2004,4,IV7,int64
hogar,2004,4,IV7_ESP,str
hogar,2004,4,IV8,int64
hogar,2004,4,IV9,int64
hogar,2004,4,IV10,int64
hogar,2004,4,IV11,int64
hogar,2004,4,IV12_1,int64
hogar,2004,4,IV12_2,int64
hogar,2004,4,IV12_3,int64
hogar,2004,4,II1,int64
hogar,2004,4,II2,int64
hogar,2004,4,II3,int64
hogar,2004,4,II3_1,int64
hogar,2004,4,II4_1,int64
hogar,2004,4,II4_2,int64
hogar,2004,4,II4_3,int64
hogar,2004,4,II5,int64
hogar,2004,4,II5_1,int64
hogar,2004,4,II6,int64
hogar,2004,4,II6_1,int64
hogar,2004,4,II7,int64
hogar,2004,4,II7_ESP,str
hogar,2004,4,II8,int64
hogar,2004,4,II8_ESP,str
hogar,2004,4,II9,int64
hogar,2004,4,V1,int64
hogar,2004,4,V2,int64
hogar,2004,4,V21,int64
hogar,2004,4,V22,int64
hogar,2004,4,V3,int64
hogar,2004,4,V4,int64
hogar,2004,4,V5,int64
hogar,2004,4,V6,int64
hogar,2004,4,V7,int64
hogar,2004,4,V8,int64
hogar,2004,4,V9,int64
hogar,2004,4,V10,int64
hogar,2004,4,V11,int64
hogar,2004,4,V12,int64
hogar,2004,4,V13,int64
hogar,2004,4,V14,int64
hogar,2004,4,V15,int64
hogar,2004,4,V16,int64
hogar,2004,4,V17,int64
hogar,2004,4,V18,int64
hogar,2004,4,V19_A,int64
hogar,2004,4,V19_B,int64
hogar,2004,4,IX_TOT,int64
hogar,2004,4,IX_MEN10,float64
hogar,2004,4,IX_MAYEQ10,int64
hogar,2004,4,ITF,float64
hogar,2004,4,DECIFR,str
hogar,2004,4,IDECIFR,str
hogar,2004,4,RDECIFR,str
hogar,2004,4,GDECIFR,str
hogar,2004,4,PDECIFR,str
hogar,2004,4,ADECIFR,str
hogar,2004,4,IPCF,float64
hogar,2004,4,DECCFR,str
hogar,2004,4,IDECCFR,str
hogar,2004,4,RDECCFR,str
hogar,2004,4,GDECCFR,str
hogar,2004,4,PDECCFR,str
hogar,2004,4,ADECCFR,str
hogar,2004,4,VII1_1,int64
hogar,2004,4,VII1_2,int64
hogar,2004,4,VII2_1,int64
hogar,2004,4,VII2_2,int64
hogar,2004,4,VII2_3,int64
hogar,2004,4,VII2_4,int64
hogar,2004,4,IDIMPH,str
individual,2004,4,CODUSU,string
individual,2004,4,NRO_HOGAR,Int16
individual,2004,4,COMPONENTE,Int16
individual,2004,4,H15,int64
individual,2004,4,ANO4,Int16
individual,2004,4,TRIMESTRE,Int16
individual,2004,4,REGION,int64
individual,2004,4,MAS_500,str
individual,2004,4,AGLOMERADO,Int16
individual,2004,4,PONDERA,int64
individual,2004,4,CH03,int64
individual,2004,4,CH04,int64
individual,2004,4,CH06,int64
individual,2004,4,CH07,int64
individual,2004,4,CH08,int64
individual,2004,4,CH09,int64
individual,2004,4,CH10,int64
individual,2004,4,CH11,int64
individual,2004,4,CH12,int64
individual,2004,4,CH13,int64
individual,2004,4,CH14,str
individual,2004,4,CH15,int64
individual,2004,4,CH15_COD,str
individual,2004,4,CH16,int64
individual,2004,4,CH16_COD,str
individual,2004,4,NIVEL_ED,int64
individual,2004,4,ESTADO,int64
individual,2004,4,CAT_OCUP,int64
individual,2004,4,CAT_INAC,int64
individual,2004,4,PP02C1,int64
individual,2004,4,PP02C2,int64
individual,2004,4,PP02C3,int64
individual,2004,4,PP02C4,int64
individual,2004,4,PP02C5,int64
individual,2004,4,PP02C6,int64
individual,2004,4,PP02C7,int64
individual,2004,4,PP02C8,int64
individual,2004,4,PP02E,int64
individual,2004,4,PP02H,int64
individual,2004,4,PP02I,int64
individual,2004,4,PP03C,int64
individual,2004,4,PP03D,int64
individual,2004,4,PP3E_TOT,int64
individual,2004,4,PP3F_TOT,int64
individual,2004,4,PP03G,int64
individual,2004,4,PP03H,int64
individual,2004,4,PP03I,int64
individual,2004,4,PP03J,int64
individual,2004,4,INTENSI,int64
individual,2004,4,PP04A,int64
individual,2004,4,PP04B_COD,str
individual,2004,4,PP04B1,int64
individual,2004,4,PP04B2,int64
individual,2004,4,PP04B3_MES,int64
individual,2004,4,PP04B3_ANO,int64
individual,2004,4,PP04B3_DIA,int64
individual,2004,4,PP04C,int64
individual,2004,4,PP04C99,int64
individual,2004,4,PP04D_COD,str
individual,2004,4,PP04G,int64
individual,2004,4,PP05B2_MES,int64
individual,2004,4,PP05B2_ANO,int64
individual,2004,4,PP05B2_DIA,int64
individual,2004,4,PP05C_1,int64
individual,2004,4,PP05C_2,int64
individual,2004,4,PP05C_3,int64
individual,2004,4,PP05E,int64
individual,2004,4,PP05F,int64
individual,2004,4,PP05H,int64
individual,2004,4,PP06A,int64
individual,2004,4,PP06C,int64
individual,2004,4,PP06D,int64
individual,2004,4,PP06E,int64
individual,2004,4,PP06H,int64
individual,2004,4,PP07A,int64
individual,2004,4,PP07C,int64
individual,2004,4,PP07D,int64
individual,2004,4,PP07E,int64
individual,2004,4,PP07F1,int64
individual,2004,4,PP07F2,int64
individual,2004,4,PP07F3,int64
individual,2004,4,PP07F4,int64
individual,2004,4,PP07F5,int64
individual,2004,4,PP07G1,int64
individual,2004,4,PP07G2,int64
individual,2004,4,PP07G3,int64
individual,2004,4,PP07G4,int64
individual,2004,4,PP07G_59,int64
individual,2004,4,PP07H,int64
individual,2004,4,PP07I,int64
individual,2004,4,PP07J,int64
individual,2004,4,PP07K,int64
individual,2004,4,PP08D1,int64
individual,2004,4,PP08D4,int64
individual,2004,4,PP08F1,int64
individual,2004,4,PP08F2,int64
individual,2004,4,PP08J1,int64
individual,2004,4,PP08J2,int64
individual,2004,4,PP08J3,int64
individual,2004,4,PP09A,int64
individual,2004,4,PP09A_ESP,str
individual,2004,4,PP09B,int64
individual,2004,4,PP09C,int64
individual,2004,4,PP09C_ESP,str
individual,2004,4,PP10A,int64
individual,2004,4,PP10C,int64
individual,2004,4,PP10D,int64
individual,2004,4,PP10E,int64
individual,2004,4,PP11A,int64
individual,2004,4,PP11B_COD,str
individual,2004,4,PP11B1,int64
individual,2004,4,PP11B2_MES,int64
individual,2004,4,PP11B2_ANO,int64
individual,2004,4,PP11B2_DIA,int64
individual,2004,4,PP11C,int64
individual,2004,4,PP11C99,int64
individual,2004,4,PP11D_COD,str
individual,2004,4,PP11G_ANO,int64
individual,2004,4,PP11G_MES,int64
individual,2004,4,PP11G_DIA,int64
individual,2004,4,PP11L,int64
individual,2004,4,PP11L1,int64
individual,2004,4,PP11M,int64
individual,2004,4,PP11N,int64
individual,2004,4,PP11O,int64
individual,2004,4,PP11P,int64
individual,2004,4,PP11Q,int64
individual,2004,4,PP11R,int64
individual,2004,4,PP11S,int64
individual,2004,4,PP11T,int64
individual,2004,4,P21,int64
individual,2004,4,DECOCUR,str
individual,2004,4,IDECOCUR,str
individual,2004,4,RDECOCUR,str
individual,2004,4,GDECOCUR,str
individual,2004,4,PDECOCUR,str
individual,2004,4,ADECOCUR,str
individual,2004,4,TOT_P12,int64
individual,2004,4,P47T,int64
individual,2004,4,DECINDR,str
individual,2004,4,IDECINDR,str
individual,2004,4,RDECINDR,str
individual,2004,4,GDECINDR,str
individual,2004,4,PDECINDR,str
individual,2004,4,ADECINDR,str
individual,2004,4,V2_M,int64
individual,2004,4,V3_M,int64
individual,2004,4,V4_M,int64
individual,2004,4,V5_M,int64
individual,2004,4,V8_M,int64
individual,2004,4,V9_M,int64
individual,2004,4,V10_M,int64
individual,2004,4,V11_M,int64
individual,2004,4,V12_M,int64
individual,2004,4,V18_M,int64
individual,2004,4,V19_AM,int64
individual,2004,4,V21_M,int64
individual,2004,4,T_VI,int64
individual,2004,4,ITF,int64
individual,2004,4,DECIFR,str
individual,2004,4,IDECIFR,str
individual,2004,4,RDECIFR,str
individual,2004,4,GDECIFR,str
individual,2004,4,PDECIFR,str
individual,2004,4,ADECIFR,str
individual,2004,4,IPCF,float64
individual,2004,4,DECCFR,str
individual,2004,4,IDECCFR,str
individual,2004,4,RDECCFR,str
individual,2004,4,GDECCFR,str
individual,2004,4,PDECCFR,str
individual,2004,4,ADECCFR,str
individual,2004,4,PJ1_1,int64
individual,2004,4,PJ2_1,int64
individual,2004,4,PJ3_1,int64
individual,2004,4,IDIMPP,str
hogar,2005,1,CODUSU,string
hogar,2005,1,NRO_HOGAR,Int16
hogar,2005,1,REALIZADA,int64
hogar,2005,1,ANO4,Int16
hogar,2005,1,TRIMESTRE,Int16
hogar,2005,1,REGION,int64
hogar,2005,1,MAS_500,str
hogar,2005,1,AGLOMERADO,Int16
hogar,2005,1,PONDERA,int64
hogar,2005,1,IV1,int64
hogar,2005,1,IV1_ESP,str
hogar,2005,1,IV2,int64
hogar,2005,1,IV3,int64
hogar,2005,1,IV3_ESP,str
hogar,2005,1,IV4,int64
hogar,2005,1,IV5,int64
hogar,2005,1,IV6,int64
hogar,2005,1,IV7,int64
hogar,2005,1,IV7_ESP,str
hogar,2005,1,IV8,int64
hogar,2005,1,IV9,int64
hogar,2005,1,IV10,int64
hogar,2005,1,IV11,int64
hogar,2005,1,IV12_1,int64
hogar,2005,1,IV12_2,int64
hogar,2005,1,IV12_3,int64
hogar,2005,1,II1,int64
hogar,2005,1,II2,int64
hogar,2005,1,II3,int64
hogar,2005,1,II3_1,int64
hogar,2005,1,II4_1,int64
hogar,2005,1,II4_2,int64
hogar,2005,1,II4_3,int64
hogar,2005,1,II5,int64
hogar,2005,1,II5_1,int64
hogar,2005,1,II6,int64
hogar,2005,1,II6_1,int64
hogar,2005,1,II7,int64
hogar,2005,1,II7_ESP,str
hogar,2005,1,II8,int64
hogar,2005,1,II8_ESP,str
hogar,2005,1,II9,int64
hogar,2005,1,V1,int64
hogar,2005,1,V2,int64
hogar,2005,1,V21,int64
hogar,2005,1,V22,int64
hogar,2005,1,V3,int64
hogar,2005,1,V4,int64
hogar,2005,1,V5,int64
hogar,2005,1,V6,int64
hogar,2005,1,V7,int64
hogar,2005,1,V8,int64
hogar,2005,1,V9,int64
hogar,2005,1,V10,int64
hogar,2005,1,V11,int64
hogar,2005,1,V12,int64
hogar,2005,1,V13,int64
hogar,2005,1,V14,int64
hogar,2005,1,V15,int64
hogar,2005,1,V16,int64
hogar,2005,1,V17,int64
hogar,2005,1,V18,int64
hogar,2005,1,V19_A,int64
hogar,2005,1,V19_B,int64
hogar,2005,1,IX_TOT,int64
hogar,2005,1,IX_MEN10,float64
hogar,2005,1,IX_MAYEQ10,int64
hogar,2005,1,ITF,float64
hogar,2005,1,DECIFR,str
hogar,2005,1,IDECIFR,str
hogar,2005,1,RDECIFR,str
hogar,2005,1,GDECIFR,str
hogar,2005,1,PDECIFR,str
hogar,2005,1,ADECIFR,str
hogar,2005,1,IPCF,float64
hogar,2005,1,DECCFR,str
hogar,2005,1,IDECCFR,str
hogar,2005,1,RDECCFR,str
hogar,2005,1,GDECCFR,str
hogar,2005,1,PDECCFR,str
hogar,2005,1,ADECCFR,str
hogar,2005,1,VII1_1,int64
hogar,2005,1,VII1_2,int64
hogar,2005,1,VII2_1,int64
hogar,2005,1,VII2_2,int64
hogar,2005,1,VII2_3,int64
hogar,2005,1,VII2_4,int64
hogar,2005,1,IDIMPH,str
individual,2005,1,CODUSU,string
individual,2005,1,NRO_HOGAR,Int16
individual,2005,1,COMPONENTE,Int16
individual,2005,1,H15,int64
individual,2005,1,ANO4,Int16
individual,2005,1,TRIMESTRE,Int16
individual,2005,1,REGION,int64
individual,2005,1,MAS_500,str
individual,2005,1,AGLOMERADO,Int16
individual,2005,1,PONDERA,int64
individual,2005,1,CH03,int64
individual,2005,1,CH04,int64
individual,2005,1,CH06,int64
individual,2005,1,CH07,int64
individual,2005,1,CH08,int64
individual,2005,1,CH09,int64
individual,2005,1,CH10,int64
individual,2005,1,CH11,int64
individual,2005,1,CH12,int64
individual,2005,1,CH13,int64
individual,2005,1,CH14,str
individual,2005,1,CH15,int64
individual,2005,1,CH15_COD,str
individual,2005,1,CH16,int64
individual,2005,1,CH16_COD,str
individual,2005,1,NIVEL_ED,int64
individual,2005,1,ESTADO,int64
individual,2005,1,CAT_OCUP,int64
individual,2005,1,CAT_INAC,int64
individual,2005,1,PP02C1,int64
individual,2005,1,PP02C2,int64
individual,2005,1,PP02C3,int64
individual,2005,1,PP02C4,int64
individual,2005,1,PP02C5,int64
individual,2005,1,PP02C6,int64
individual,2005,1,PP02C7,int64
individual,2005,1,PP02C8,int64
individual,2005,1,PP02E,int64
individual,2005,1,PP02H,int64
individual,2005,1,PP02I,int64
individual,2005,1,PP03C,int64
individual,2005,1,PP03D,int64
individual,2005,1,PP3E_TOT,int64
individual,2005,1,PP3F_TOT,int64
individual,2005,1,PP03G,int64
individual,2005,1,PP03H,int64
individual,2005,1,PP03I,int64
individual,2005,1,PP03J,int64
individual,2005,1,INTENSI,int64
individual,2005,1,PP04A,int64
individual,2005,1,PP04B_COD,str
individual,2005,1,PP04B1,int64
individual,2005,1,PP04B2,int64
individual,2005,1,PP04B3_MES,int64
individual,2005,1,PP04B3_ANO,int64
individual,2005,1,PP04B3_DIA,int64
individual,2005,1,PP04C,int64
individual,2005,1,PP04C99,int64
individual,2005,1,PP04D_COD,str
individual,2005,1,PP04G,int64
individual,2005,1,PP05B2_MES,int64
individual,2005,1,PP05B2_ANO,int64
individual,2005,1,PP05B2_DIA,int64
individual,2005,1,PP05C_1,int64
individual,2005,1,PP05C_2,int64
individual,2005,1,PP05C_3,int64
individual,2005,1,PP05E,int64
individual,2005,1,PP05F,int64
individual,2005,1,PP05H,int64
individual,2005,1,PP06A,int64
individual,2005,1,PP06C,int64
individual,2005,1,PP06D,int64
individual,2005,1,PP06E,int64
individual,2005,1,PP06H,int64
individual,2005,1,PP07A,int64
individual,2005,1,PP07C,int64
individual,2005,1,PP07D,int64
individual,2005,1,PP07E,int64
individual,2005,1,PP07F1,int64
individual,2005,1,PP07F2,int64
individual,2005,1,PP07F3,int64
individual,2005,1,PP07F4,int64
individual,2005,1,PP07F5,int64
individual,2005,1,PP07G1,int64
individual,2005,1,PP07G2,int64
individual,2005,1,PP07G3,int64
individual,2005,1,PP07G4,int64
individual,2005,1,PP07G_59,int64
individual,2005,1,PP07H,int64
individual,2005,1,PP07I,int64
individual,2005,1,PP07J,int64
individual,2005,1,PP07K,int64
individual,2005,1,PP08D1,int64
individual,2005,1,PP08D4,int64
individual,2005,1,PP08F1,int64
individual,2005,1,PP08F2,int64
individual,2005,1,PP08J1,int64
individual,2005,1,PP08J2,int64
individual,2005,1,PP08J3,int64
individual,2005,1,PP09A,int64
individual,2005,1,PP09A_ESP,str
individual,2005,1,PP09B,int64
individual,2005,1,PP09C,int64
individual,2005,1,PP09C_ESP,str
individual,2005,1,PP10A,int64
individual,2005,1,PP10C,int64
individual,2005,1,PP10D,int64
individual,2005,1,PP10E,int64
individual,2005,1,PP11A,int64
individual,2005,1,PP11B_COD,str
individual,2005,1,PP11B1,int64
individual,2005,1,PP11B2_MES,int64
individual,2005,1,PP11B2_ANO,int64
individual,2005,1,PP11B2_DIA,int64
individual,2005,1,PP11C,int64
individual,2005,1,PP11C99,int64
individual,2005,1,PP11D_COD,str
individual,2005,1,PP11G_ANO,int64
individual,2005,1,PP11G_MES,int64
individual,2005,1,PP11G_DIA,int64
individual,2005,1,PP11L,int64
individual,2005,1,PP11L1,int64
individual,2005,1,PP11M,int64
individual,2005,1,PP11N,int64
individual,2005,1,PP11O,int64
individual,2005,1,PP11P,int64
individual,2005,1,PP11Q,int64
individual,2005,1,PP11R,int64
individual,2005,1,PP11S,int64
individual,2005,1,PP11T,int64
individual,2005,1,P21,int64
individual,2005,1,DECOCUR,str
individual,2005,1,IDECOCUR,str
individual,2005,1,RDECOCUR,str
individual,2005,1,GDECOCUR,str
individual,2005,1,PDECOCUR,str
individual,2005,1,ADECOCUR,str
individual,2005,1,TOT_P12,int64
individual,2005,1,P47T,int64
individual,2005,1,DECINDR,str
individual,2005,1,IDECINDR,str
individual,2005,1,RDECINDR,str
individual,2005,1,GDECINDR,str
individual,2005,1,PDECINDR,str
individual,2005,1,ADECINDR,str
individual,2005,1,V2_M,int64
individual,2005,1,V3_M,int64
individual,2005,1,V4_M,int64
individual,2005,1,V5_M,int64
individual,2005,1,V8_M,int64
individual,2005,1,V9_M,int64
individual,2005,1,V10_M,int64
individual,2005,1,V11_M,int64
individual,2005,1,V12_M,int64
individual,2005,1,V18_M,int64
individual,2005,1,V19_AM,int64
individual,2005,1,V21_M,int64
individual,2005,1,T_VI,int64
individual,2005,1,ITF,int64
individual,2005,1,DECIFR,str
individual,2005,1,IDECIFR,str
individual,2005,1,RDECIFR,str
individual,2005,1,GDECIFR,str
individual,2005,1,PDECIFR,str
individual,2005,1,ADECIFR,str
individual,2005,1,IPCF,float64
individual,2005,1,DECCFR,str
individual,2005,1,IDECCFR,str
individual,2005,1,RDECCFR,str
individual,2005,1,GDECCFR,str
individual,2005,1,PDECCFR,str
individual,2005,1,ADECCFR,str
individual,2005,1,PJ1_1,int64
individual,2005,1,PJ2_1,int64
individual,2005,1,PJ3_1,int64
individual,2005,1,IDIMPP,str
hogar,2005,2,CODUSU,string
hogar,2005,2,NRO_HOGAR,Int16
hogar,2005,2,REALIZADA,int64
hogar,2005,2,ANO4,Int16
hogar,2005,2,TRIMESTRE,Int16
hogar,2005,2,REGION,int64
hogar,2005,2,MAS_500,str
hogar,2005,2,AGLOMERADO,Int16
hogar,2005,2,PONDERA,int64
hogar,2005,2,IV1,int64
hogar,2005,2,IV1_ESP,str
hogar,2005,2,IV2,int64
hogar,2005,2,IV3,int64
hogar,2005,2,IV3_ESP,str
hogar,2005,2,IV4,int64
hogar,2005,2,IV5,int64
hogar,2005,2,IV6,int64
hogar,2005,2,IV7,int64
hogar,2005,2,IV7_ESP,str
hogar,2005,2,IV8,int64
hogar,2005,2,IV9,int64
hogar,2005,2,IV10,int64
hogar,2005,2,IV11,int64
hogar,2005,2,IV12_1,int64
hogar,2005,2,IV12_2,int64
hogar,2005,2,IV12_3,int64
hogar,2005,2,II1,int64
hogar,2005,2,II2,int64
hogar,2005,2,II3,int64
hogar,2005,2,II3_1,int64
hogar,2005,2,II4_1,int64
hogar,2005,2,II4_2,int64
hogar,2005,2,II4_3,int64
hogar,2005,2,II5,int64
hogar,2005,2,II5_1,int64
hogar,2005,2,II6,int64
hogar,2005,2,II6_1,int64
hogar,2005,2,II7,int64
hogar,2005,2,II7_ESP,str
hogar,2005,2,II8,int64
hogar,2005,2,II8_ESP,str
hogar,2005,2,II9,int64
hogar,2005,2,V1,int64
hogar,2005,2,V2,int64
hogar,2005,2,V21,int64
hogar,2005,2,V22,int64
hogar,2005,2,V3,int64
hogar,2005,2,V4,int64
hogar,2005,2,V5,int64
hogar,2005,2,V6,int64
hogar,2005,2,V7,int64
hogar,2005,2,V8,int64
hogar,2005,2,V9,int64
hogar,2005,2,V10,int64
hogar,2005,2,V11,int64
hogar,2005,2,V12,int64
hogar,2005,2,V13,int64
hogar,2005,2,V14,int64
hogar,2005,2,V15,int64
hogar,2005,2,V16,int64
hogar,2005,2,V17,int64
hogar,2005,2,V18,int64
hogar,2005,2,V19_A,int64
hogar,2005,2,V19_B,int64
hogar,2005,2,IX_TOT,int64
hogar,2005,2,IX_MEN10,float64
hogar,2005,2,IX_MAYEQ10,int64
hogar,2005,2,ITF,float64
hogar,2005,2,DECIFR,str
hogar,2005,2,IDECIFR,str
hogar,2005,2,RDECIFR,str
hogar,2005,2,GDECIFR,str
hogar,2005,2,PDECIFR,str
hogar,2005,2,ADECIFR,str
hogar,2005,2,IPCF,float64
hogar,2005,2,DECCFR,str
hogar,2005,2,IDECCFR,str
hogar,2005,2,RDECCFR,str
hogar,2005,2,GDECCFR,str
hogar,2005,2,PDECCFR,str
hogar,2005,2,ADECCFR,str
hogar,2005,2,VII1_1,int64
hogar,2005,2,VII1_2,int64
hogar,2005,2,VII2_1,int64
hogar,2005,2,VII2_2,int64
hogar,2005,2,VII2_3,int64
hogar,2005,2,VII2_4,int64
hogar,2005,2,IDIMPH,str
individual,2005,2,CODUSU,string
individual,2005,2,NRO_HOGAR,Int16
individual,2005,2,COMPONENTE,Int16
individual,2005,2,H15,int64
individual,2005,2,ANO4,Int16
individual,2005,2,TRIMESTRE,Int16
individual,2005,2,REGION,int64
individual,2005,2,MAS_500,str
individual,2005,2,AGLOMERADO,Int16
individual,2005,2,PONDERA,int64
individual,2005,2,CH03,int64
individual,2005,2,CH04,int64
individual,2005,2,CH06,int64
individual,2005,2,CH07,int64
individual,2005,2,CH08,int64
individual,2005,2,CH09,int64
individual,2005,2,CH10,int64
individual,2005,2,CH11,int64
individual,2005,2,CH12,int64
individual,2005,2,CH13,int64
individual,2005,2,CH14,str
individual,2005,2,CH15,int64
individual,2005,2,CH15_COD,str
individual,2005,2,CH16,int64
individual,2005,2,CH16_COD,str
individual,2005,2,NIVEL_ED,int64
individual,2005,2,ESTADO,int64
individual,2005,2,CAT_OCUP,int64
individual,2005,2,CAT_INAC,int64
individual,2005,2,PP02C1,int64
individual,2005,2,PP02C2,int64
individual,2005,2,PP02C3,int64
individual,2005,2,PP02C4,int64
individual,2005,2,PP02C5,int64
individual,2005,2,PP02C6,int64
individual,2005,2,PP02C7,int64
individual,2005,2,PP02C8,int64
individual,2005,2,PP02E,int64
individual,2005,2,PP02H,int64
individual,2005,2,PP02I,int64
individual,2005,2,PP03C,int64
individual,2005,2,PP03D,int64
individual,2005,2,PP3E_TOT,int64
individual,2005,2,PP3F_TOT,int64
individual,2005,2,PP03G,int64
individual,2005,2,PP03H,int64
individual,2005,2,PP03I,int64
individual,2005,2,PP03J,int64
individual,2005,2,INTENSI,int64
individual,2005,2,PP04A,int64
individual,2005,2,PP04B_COD,str
individual,2005,2,PP04B1,int64
individual,2005,2,PP04B2,int64
individual,2005,2,PP04B3_MES,int64
individual,2005,2,PP04B3_ANO,int64
individual,2005,2,PP04B3_DIA,int64
individual,2005,2,PP04C,int64
individual,2005,2,PP04C99,int64
individual,2005,2,PP04D_COD,str
individual,2005,2,PP04G,int64
individual,2005,2,PP05B2_MES,int64
individual,2005,2,PP05B2_ANO,int64
individual,2005,2,PP05B2_DIA,int64
individual,2005,2,PP05C_1,int64
individual,2005,2,PP05C_2,int64
individual,2005,2,PP05C_3,int64
individual,2005,2,PP05E,int64
individual,2005,2,PP05F,int64
individual,2005,2,PP05H,int64
individual,2005,2,PP06A,int64
individual,2005,2,PP06C,int64
individual,2005,2,PP06D,int64
individual,2005,2,PP06E,int64
individual,2005,2,PP06H,int64
individual,2005,2,PP07A,int64
individual,2005,2,PP07C,int64
individual,2005,2,PP07D,int64
individual,2005,2,PP07E,int64
individual,2005,2,PP07F1,int64
individual,2005,2,PP07F2,int64
individual,2005,2,PP07F3,int64
individual,2005,2,PP07F4,int64
individual,2005,2,PP07F5,int64
individual,2005,2,PP07G1,int64
individual,2005,2,PP07G2,int64
individual,2005,2,PP07G3,int64
individual,2005,2,PP07G4,int64
individual,2005,2,PP07G_59,int64
individual,2005,2,PP07H,int64
individual,2005,2,PP07I,int64
individual,2005,2,PP07J,int64
individual,2005,2,PP07K,int64
individual,2005,2,PP08D1,int64
individual,2005,2,PP08D4,int64
individual,2005,2,PP08F1,int64
individual,2005,2,PP08F2,int64
individual,2005,2,PP08J1,int64
individual,2005,2,PP08J2,int64
individual,2005,2,PP08J3,int64
individual,2005,2,PP09A,int64
individual,2005,2,PP09A_ESP,str
individual,2005,2,PP09B,int64
individual,2005,2,PP09C,int64
individual,2005,2,PP09C_ESP,str
individual,2005,2,PP10A,int64
individual,2005,2,PP10C,int64
individual,2005,2,PP10D,int64
individual,2005,2,PP10E,int64
individual,2005,2,PP11A,int64
individual,2005,2,PP11B_COD,str
individual,2005,2,PP11B1,int64
individual,2005,2,PP11B2_MES,int64
individual,2005,2,PP11B2_ANO,int64
individual,2005,2,PP11B2_DIA,int64
individual,2005,2,PP11C,int64
individual,2005,2,PP11C99,int64
individual,2005,2,PP11D_COD,str
individual,2005,2,PP11G_ANO,int64
individual,2005,2,PP11G_MES,int64
individual,2005,2,PP11G_DIA,int64
individual,2005,2,PP11L,int64
individual,2005,2,PP11L1,int64
individual,2005,2,PP11M,int64
individual,2005,2,PP11N,int64
individual,2005,2,PP11O,int64
individual,2005,2,PP11P,int64
individual,2005,2,PP11Q,int64
individual,2005,2,PP11R,int64
individual,2005,2,PP11S,int64
individual,2005,2,PP11T,int64
individual,2005,2,P21,int64
individual,2005,2,DECOCUR,str
individual,2005,2,IDECOCUR,str
individual,2005,2,RDECOCUR,str
individual,2005,2,GDECOCUR,str
individual,2005,2,PDECOCUR,str
individual,2005,2,ADECOCUR,str
individual,2005,2,TOT_P12,int64
individual,2005,2,P47T,int64
individual,2005,2,DECINDR,str
individual,2005,2,IDECINDR,str
individual,2005,2,RDECINDR,str
individual,2005,2,GDECINDR,str
individual,2005,2,PDECINDR,str
individual,2005,2,ADECINDR,str
individual,2005,2,V2_M,int64
individual,2005,2,V3_M,int64
individual,2005,2,V4_M,int64
individual,2005,2,V5_M,int64
individual,2005,2,V8_M,int64
individual,2005,2,V9_M,int64
individual,2005,2,V10_M,int64
individual,2005,2,V11_M,int64
individual,2005,2,V12_M,int64
individual,2005,2,V18_M,int64
individual,2005,2,V19_AM,int64
individual,2005,2,V21_M,int64
individual,2005,2,T_VI,int64
individual,2005,2,ITF,int64
individual,2005,2,DECIFR,str
individual,2005,2,IDECIFR,str
individual,2005,2,RDECIFR,str
individual,2005,2,GDECIFR,str
individual,2005,2,PDECIFR,str
individual,2005,2,ADECIFR,str
individual,2005,2,IPCF,float64
individual,2005,2,DECCFR,str
individual,2005,2,IDECCFR,str
individual,2005,2,RDECCFR,str
individual,2005,2,GDECCFR,str
individual,2005,2,PDECCFR,str
individual,2005,2,ADECCFR,str
individual,2005,2,PJ1_1,int64
individual,2005,2,PJ2_1,int64
individual,2005,2,PJ3_1,int64
individual,2005,2,IDIMPP,str
hogar,2005,3,CODUSU,string
hogar,2005,3,NRO_HOGAR,Int16
hogar,2005,3,REALIZADA,int64
hogar,2005,3,ANO4,Int16
hogar,2005,3,TRIMESTRE,Int16
hogar,2005,3,REGION,int64
hogar,2005,3,MAS_500,str
hogar,2005,3,AGLOMERADO,Int16
hogar,2005,3,PONDERA,int64
hogar,2005,3,IV1,int64
hogar,2005,3,IV1_ESP,str
hogar,2005,3,IV2,int64
hogar,2005,3,IV3,int64
hogar,2005,3,IV3_ESP,str
hogar,2005,3,IV4,int64
hogar,2005,3,IV5,int64
hogar,2005,3,IV6,int64
hogar,2005,3,IV7,int64
hogar,2005,3,IV7_ESP,str
hogar,2005,3,IV8,int64
hogar,2005,3,IV9,int64
hogar,2005,3,IV10,int64
hogar,2005,3,IV11,int64
hogar,2005,3,IV12_1,int64
hogar,2005,3,IV12_2,int64
hogar,2005,3,IV12_3,int64
hogar,2005,3,II1,int64
hogar,2005,3,II2,int64
hogar,2005,3,II3,int64
hogar,2005,3,II3_1,int64
hogar,2005,3,II4_1,int64
hogar,2005,3,II4_2,int64
hogar,2005,3,II4_3,int64
hogar,2005,3,II5,int64
hogar,2005,3,II5_1,int64
hogar,2005,3,II6,int64
hogar,2005,3,II6_1,int64
hogar,2005,3,II7,int64
hogar,2005,3,II7_ESP,str
hogar,2005,3,II8,int64
hogar,2005,3,II8_ESP,str
hogar,2005,3,II9,int64
hogar,2005,3,V1,int64
hogar,2005,3,V2,int64
hogar,2005,3,V21,int64
hogar,2005,3,V22,int64
hogar,2005,3,V3,int64
hogar,2005,3,V4,int64
hogar,2005,3,V5,int64
hogar,2005,3,V6,int64
hogar,2005,3,V7,int64
hogar,2005,3,V8,int64
hogar,2005,3,V9,int64
hogar,2005,3,V10,int64
hogar,2005,3,V11,int64
hogar,2005,3,V12,int64
hogar,2005,3,V13,int64
hogar,2005,3,V14,int64
hogar,2005,3,V15,int64
hogar,2005,3,V16,int64
hogar,2005,3,V17,int64
hogar,2005,3,V18,int64
hogar,2005,3,V19_A,int64
hogar,2005,3,V19_B,int64
hogar,2005,3,IX_TOT,int64
hogar,2005,3,IX_MEN10,float64
hogar,2005,3,IX_MAYEQ10,int64
hogar,2005,3,ITF,float64
hogar,2005,3,DECIFR,str
hogar,2005,3,IDECIFR,str
hogar,2005,3,RDECIFR,str
hogar,2005,3,GDECIFR,str
hogar,2005,3,PDECIFR,str
hogar,2005,3,ADECIFR,str
hogar,2005,3,IPCF,float64
hogar,2005,3,DECCFR,str
hogar,2005,3,IDECCFR,str
hogar,2005,3,RDECCFR,str
hogar,2005,3,GDECCFR,str
hogar,2005,3,PDECCFR,str
hogar,2005,3,ADECCFR,str
hogar,2005,3,VII1_1,int64
hogar,2005,3,VII1_2,int64
hogar,2005,3,VII2_1,int64
hogar,2005,3,VII2_2,int64
hogar,2005,3,VII2_3,int64
hogar,2005,3,VII2_4,int64
hogar,2005,3,IDIMPH,str
individual,2005,3,CODUSU,string
individual,2005,3,NRO_HOGAR,Int16
individual,2005,3,COMPONENTE,Int16
individual,2005,3,H15,int64
individual,2005,3,ANO4,Int16
individual,2005,3,TRIMESTRE,Int16
individual,2005,3,REGION,int64
individual,2005,3,MAS_500,str
individual,2005,3,AGLOMERADO,Int16
individual,2005,3,PONDERA,int64
individual,2005,3,CH03,int64
individual,2005,3,CH04,int64
individual,2005,3,CH06,int64
individual,2005,3,CH07,int64
individual,2005,3,CH08,int64
individual,2005,3,CH09,int64
individual,2005,3,CH10,int64
individual,2005,3,CH11,int64
individual,2005,3,CH12,int64
individual,2005,3,CH13,int64
individual,2005,3,CH14,str
individual,2005,3,CH15,int64
individual,2005,3,CH15_COD,str
individual,2005,3,CH16,int64
individual,2005,3,CH16_COD,str
individual,2005,3,NIVEL_ED,int64
individual,2005,3,ESTADO,int64
individual,2005,3,CAT_OCUP,int64
individual,2005,3,CAT_INAC,int64
individual,2005,3,PP02C1,int64
individual,2005,3,PP02C2,int64
individual,2005,3,PP02C3,int64
individual,2005,3,PP02C4,int64
individual,2005,3,PP02C5,int64
individual,2005,3,PP02C6,int64
individual,2005,3,PP02C7,int64
individual,2005,3,PP02C8,int64
individual,2005,3,PP02E,int64
individual,2005,3,PP02H,int64
individual,2005,3,PP02I,int64
individual,2005,3,PP03C,int64
individual,2005,3,PP03D,int64
individual,2005,3,PP3E_TOT,int64
individual,2005,3,PP3F_TOT,int64
individual,2005,3,PP03G,int64
individual,2005,3,PP03H,int64
individual,2005,3,PP03I,int64
individual,2005,3,PP03J,int64
individual,2005,3,INTENSI,int64
individual,2005,3,PP04A,int64
individual,2005,3,PP04B_COD,str
individual,2005,3,PP04B1,int64
individual,2005,3,PP04B2,int64
individual,2005,3,PP04B3_MES,int64
individual,2005,3,PP04B3_ANO,int64
individual,2005,3,PP04B3_DIA,int64
individual,2005,3,PP04C,int64
individual,2005,3,PP04C99,int64
individual,2005,3,PP04D_COD,str
individual,2005,3,PP04G,int64
individual,2005,3,PP05B2_MES,int64
individual,2005,3,PP05B2_ANO,int64
individual,2005,3,PP05B2_DIA,int64
individual,2005,3,PP05C_1,int64
individual,2005,3,PP05C_2,int64
individual,2005,3,PP05C_3,int64
individual,2005,3,PP05E,int64
individual,2005,3,PP05F,int64
individual,2005,3,PP05H,int64
individual,2005,3,PP06A,int64
individual,2005,3,PP06C,int64
individual,2005,3,PP06D,int64
individual,2005,3,PP06E,int64
individual,2005,3,PP06H,int64
individual,2005,3,PP07A,int64
individual,2005,3,PP07C,int64
individual,2005,3,PP07D,int64
individual,2005,3,PP07E,int64
individual,2005,3,PP07F1,int64
individual,2005,3,PP07F2,int64
individual,2005,3,PP07F3,int64
individual,2005,3,PP07F4,int64
individual,2005,3,PP07F5,int64
individual,2005,3,PP07G1,int64
individual,2005,3,PP07G2,int64
individual,2005,3,PP07G3,int64
individual,2005,3,PP07G4,int64
individual,2005,3,PP07G_59,int64
individual,2005,3,PP07H,int64
individual,2005,3,PP07I,int64
individual,2005,3,PP07J,int64
individual,2005,3,PP07K,int64
individual,2005,3,PP08D1,int64
individual,2005,3,PP08D4,int64
individual,2005,3,PP08F1,int64
individual,2005,3,PP08F2,int64
individual,2005,3,PP08J1,int64
individual,2005,3,PP08J2,int64
individual,2005,3,PP08J3,int64
individual,2005,3,PP09A,int64
individual,2005,3,PP09A_ESP,str
individual,2005,3,PP09B,int64
individual,2005,3,PP09C,int64
individual,2005,3,PP09C_ESP,str
individual,2005,3,PP10A,int64
individual,2005,3,PP10C,int64
individual,2005,3,PP10D,int64
individual,2005,3,PP10E,int64
individual,2005,3,PP11A,int64
individual,2005,3,PP11B_COD,str
individual,2005,3,PP11B1,int64
individual,2005,3,PP11B2_MES,int64
individual,2005,3,PP11B2_ANO,int64
individual,2005,3,PP11B2_DIA,int64
individual,2005,3,PP11C,int64
individual,2005,3,PP11C99,int64
individual,2005,3,PP11D_COD,str
individual,2005,3,PP11G_ANO,int64
individual,2005,3,PP11G_MES,int64
individual,2005,3,PP11G_DIA,int64
individual,2005,3,PP11L,int64
individual,2005,3,PP11L1,int64
individual,2005,3,PP11M,int64
individual,2005,3,PP11N,int64
individual,2005,3,PP11O,int64
individual,2005,3,PP11P,int64
individual,2005,3,PP11Q,int64
individual,2005,3,PP11R,int64
individual,2005,3,PP11S,int64
individual,2005,3,PP11T,int64
individual,2005,3,P21,int64
individual,2005,3,DECOCUR,str
individual,2005,3,IDECOCUR,str
individual,2005,3,RDECOCUR,str
individual,2005,3,GDECOCUR,str
individual,2005,3,PDECOCUR,str
individual,2005,3,ADECOCUR,str
individual,2005,3,TOT_P12,int64
individual,2005,3,P47T,int64
individual,2005,3,DECINDR,str
individual,2005,3,IDECINDR,str
individual,2005,3,RDECINDR,str
individual,2005,3,GDECINDR,str
individual,2005,3,PDECINDR,str
individual,2005,3,ADECINDR,str
individual,2005,3,V2_M,int64
individual,2005,3,V3_M,int64
individual,2005,3,V4_M,int64
individual,2005,3,V5_M,int64
individual,2005,3,V8_M,int64
individual,2005,3,V9_M,int64
individual,2005,3,V10_M,int64
individual,2005,3,V11_M,int64
individual,2005,3,V12_M,int64
individual,2005,3,V18_M,int64
individual,2005,3,V19_AM,int64
individual,2005,3,V21_M,int64
individual,2005,3,T_VI,int64
individual,2005,3,ITF,int64
individual,2005,3,DECIFR,str
individual,2005,3,IDECIFR,str
individual,2005,3,RDECIFR,str
individual,2005,3,GDECIFR,str
individual,2005,3,PDECIFR,str
individual,2005,3,ADECIFR,str
individual,2005,3,IPCF,float64
individual,2005,3,DECCFR,str
individual,2005,3,IDECCFR,str
individual,2005,3,RDECCFR,str
individual,2005,3,GDECCFR,str
individual,2005,3,PDECCFR,str
individual,2005,3,ADECCFR,str
individual,2005,3,PJ1_1,int64
individual,2005,3,PJ2_1,int64
individual,2005,3,PJ3_1,int64
individual,2005,3,IDIMPP,str
hogar,2005,4,CODUSU,string
hogar,2005,4,NRO_HOGAR,Int16
hogar,2005,4,REALIZADA,int64
hogar,2005,4,ANO4,Int16
hogar,2005,4,TRIMESTRE,Int16
hogar,2005,4,REGION,int64
hogar,2005,4,MAS_500,str
hogar,2005,4,AGLOMERADO,Int16
hogar,2005,4,PONDERA,int64
hogar,2005,4,IV1,float64
hogar,2005,4,IV1_ESP,str
hogar,2005,4,IV2,float64
hogar,2005,4,IV3,float64
hogar,2005,4,IV3_ESP,str
hogar,2005,4,IV4,float64
hogar,2005,4,IV5,float64
hogar,2005,4,IV6,float64
hogar,2005,4,IV7,float64
hogar,2005,4,IV7_ESP,str
hogar,2005,4,IV8,float64
hogar,2005,4,IV9,float64
hogar,2005,4,IV10,float64
hogar,2005,4,IV11,float64
hogar,2005,4,IV12_1,float64
hogar,2005,4,IV12_2,float64
hogar,2005,4,IV12_3,float64
hogar,2005,4,II1,int64
hogar,2005,4,II2,int64
hogar,2005,4,II3,int64
hogar,2005,4,II3_1,int64
hogar,2005,4,II4_1,int64
hogar,2005,4,II4_2,int64
hogar,2005,4,II4_3,int64
hogar,2005,4,II5,int64
hogar,2005,4,II5_1,int64
hogar,2005,4,II6,int64
hogar,2005,4,II6_1,int64
hogar,2005,4,II7,int64
hogar,2005,4,II7_ESP,str
hogar,2005,4,II8,int64
hogar,2005,4,II8_ESP,str
hogar,2005,4,II9,int64
hogar,2005,4,V1,int64
hogar,2005,4,V2,int64
hogar,2005,4,V21,int64
hogar,2005,4,V22,int64
hogar,2005,4,V3,int64
hogar,2005,4,V4,int64
hogar,2005,4,V5,int64
hogar,2005,4,V6,int64
hogar,2005,4,V7,int64
hogar,2005,4,V8,int64
hogar,2005,4,V9,int64
hogar,2005,4,V10,int64
hogar,2005,4,V11,int64
hogar,2005,4,V12,int64
hogar,2005,4,V13,int64
hogar,2005,4,V14,int64
hogar,2005,4,V15,int64
hogar,2005,4,V16,int64
hogar,2005,4,V17,int64
hogar,2005,4,V18,int64
hogar,2005,4,V19_A,int64
hogar,2005,4,V19_B,int64
hogar,2005,4,IX_TOT,int64
hogar,2005,4,IX_MEN10,float64
hogar,2005,4,IX_MAYEQ10,int64
hogar,2005,4,ITF,float64
hogar,2005,4,DECIFR,str
hogar,2005,4,IDECIFR,str
hogar,2005,4,RDECIFR,str
hogar,2005,4,GDECIFR,str
hogar,2005,4,PDECIFR,str
hogar,2005,4,ADECIFR,str
hogar,2005,4,IPCF,float64
hogar,2005,4,DECCFR,str
hogar,2005,4,IDECCFR,str
hogar,2005,4,RDECCFR,str
hogar,2005,4,GDECCFR,str
hogar,2005,4,PDECCFR,str
hogar,2005,4,ADECCFR,str
hogar,2005,4,VII1_1,int64
hogar,2005,4,VII1_2,int64
hogar,2005,4,VII2_1,int64
hogar,2005,4,VII2_2,int64
hogar,2005,4,VII2_3,int64
hogar,2005,4,VII2_4,int64
hogar,2005,4,IDIMPH,str
individual,2005,4,CODUSU,string
individual,2005,4,NRO_HOGAR,Int16
individual,2005,4,COMPONENTE,Int16
individual,2005,4,H15,int64
individual,2005,4,ANO4,Int16
individual,2005,4,TRIMESTRE,Int16
individual,2005,4,REGION,int64
individual,2005,4,MAS_500,str
individual,2005,4,AGLOMERADO,Int16
individual,2005,4,PONDERA,int64
individual,2005,4,CH03,int64
individual,2005,4,CH04,int64
individual,2005,4,CH06,int64
individual,2005,4,CH07,int64
individual,2005,4,CH08,int64
individual,2005,4,CH09,int64
individual,2005,4,CH10,int64
individual,2005,4,CH11,int64
individual,2005,4,CH12,int64
individual,2005,4,CH13,int64
individual,2005,4,CH14,str
individual,2005,4,CH15,int64
individual,2005,4,CH15_COD,str
individual,2005,4,CH16,int64
individual,2005,4,CH16_COD,str
individual,2005,4,NIVEL_ED,int64
individual,2005,4,ESTADO,int64
individual,2005,4,CAT_OCUP,int64
individual,2005,4,CAT_INAC,int64
individual,2005,4,PP02C1,int64
individual,2005,4,PP02C2,int64
individual,2005,4,PP02C3,int64
individual,2005,4,PP02C4,int64
individual,2005,4,PP02C5,int64
individual,2005,4,PP02C6,int64
individual,2005,4,PP02C7,int64
individual,2005,4,PP02C8,int64
individual,2005,4,PP02E,int64
individual,2005,4,PP02H,int64
individual,2005,4,PP02I,int64
individual,2005,4,PP03C,int64
individual,2005,4,PP03D,int64
individual,2005,4,PP3E_TOT,int64
individual,2005,4,PP3F_TOT,int64
individual,2005,4,PP03G,int64
individual,2005,4,PP03H,int64
individual,2005,4,PP03I,int64
individual,2005,4,PP03J,int64
individual,2005,4,INTENSI,int64
individual,2005,4,PP04A,int64
individual,2005,4,PP04B_COD,str
individual,2005,4,PP04B1,int64
individual,2005,4,PP04B2,int64
individual,2005,4,PP04B3_MES,int64
individual,2005,4,PP04B3_ANO,int64
individual,2005,4,PP04B3_DIA,int64
individual,2005,4,PP04C,int64
individual,2005,4,PP04C99,int64
individual,2005,4,PP04D_COD,str
individual,2005,4,PP04G,int64
individual,2005,4,PP05B2_MES,int64
individual,2005,4,PP05B2_ANO,int64
individual,2005,4,PP05B2_DIA,int64
individual,2005,4,PP05C_1,int64
individual,2005,4,PP05C_2,int64
individual,2005,4,PP05C_3,int64
individual,2005,4,PP05E,int64
individual,2005,4,PP05F,int64
individual,2005,4,PP05H,int64
individual,2005,4,PP06A,int64
individual,2005,4,PP06C,int64
individual,2005,4,PP06D,int64
individual,2005,4,PP06E,int64
individual,2005,4,PP06H,int64
individual,2005,4,PP07A,int64
individual,2005,4,PP07C,int64
individual,2005,4,PP07D,int64
individual,2005,4,PP07E,int64
individual,2005,4,PP07F1,int64
individual,2005,4,PP07F2,int64
individual,2005,4,PP07F3,int64
individual,2005,4,PP07F4,int64
individual,2005,4,PP07F5,int64
individual,2005,4,PP07G1,int64
individual,2005,4,PP07G2,int64
individual,2005,4,PP07G3,int64
individual,2005,4,PP07G4,int64
individual,2005,4,PP07G_59,int64
individual,2005,4,PP07H,int64
individual,2005,4,PP07I,int64
individual,2005,4,PP07J,int64
individual,2005,4,PP07K,int64
individual,2005,4,PP08D1,int64
individual,2005,4,PP08D4,int64
individual,2005,4,PP08F1,int64
individual,2005,4,PP08F2,int64
individual,2005,4,PP08J1,int64
individual,2005,4,PP08J2,int64
individual,2005,4,PP08J3,int64
individual,2005,4,PP09A,int64
individual,2005,4,PP09A_ESP,str
individual,2005,4,PP09B,int64
individual,2005,4,PP09C,int64
individual,2005,4,PP09C_ESP,str
individual,2005,4,PP10A,int64
individual,2005,4,PP10C,int64
individual,2005,4,PP10D,int64
individual,2005,4,PP10E,int64
individual,2005,4,PP11A,int64
individual,2005,4,PP11B_COD,str
individual,2005,4,PP11B1,int64
individual,2005,4,PP11B2_MES,int64
individual,2005,4,PP11B2_ANO,int64
individual,2005,4,PP11B2_DIA,int64
individual,2005,4,PP11C,int64
individual,2005,4,PP11C99,int64
individual,2005,4,PP11D_COD,str
individual,2005,4,PP11G_ANO,int64
individual,2005,4,PP11G_MES,int64
individual,2005,4,PP11G_DIA,int64
individual,2005,4,PP11L,int64
individual,2005,4,PP11L1,int64
individual,2005,4,PP11M,int64
individual,2005,4,PP11N,int64
individual,2005,4,PP11O,int64
individual,2005,4,PP11P,int64
individual,2005,4,PP11Q,int64
individual,2005,4,PP11R,int64
individual,2005,4,PP11S,int64
individual,2005,4,PP11T,int64
individual,2005,4,P21,int64
individual,2005,4,DECOCUR,str
individual,2005,4,IDECOCUR,str
individual,2005,4,RDECOCUR,str
individual,2005,4,GDECOCUR,str
individual,2005,4,PDECOCUR,str
individual,2005,4,ADECOCUR,str
individual,2005,4,TOT_P12,int64
individual,2005,4,P47T,int64
individual,2005,4,DECINDR,str
individual,2005,4,IDECINDR,str
individual,2005,4,RDECINDR,str
individual,2005,4,GDECINDR,str
individual,2005,4,PDECINDR,str
individual,2005,4,ADECINDR,str
individual,2005,4,V2_M,int64
individual,2005,4,V3_M,int64
individual,2005,4,V4_M,int64
individual,2005,4,V5_M,int64
individual,2005,4,V8_M,int64
individual,2005,4,V9_M,int64
individual,2005,4,V10_M,int64
individual,2005,4,V11_M,int64
individual,2005,4,V12_M,int64
individual,2005,4,V18_M,int64
individual,2005,4,V19_AM,int64
individual,2005,4,V21_M,int64
individual,2005,4,T_VI,int64
individual,2005,4,ITF,int64
individual,2005,4,DECIFR,str
individual,2005,4,IDECIFR,str
individual,2005,4,RDECIFR,str
individual,2005,4,GDECIFR,str
individual,2005,4,PDECIFR,str
individual,2005,4,ADECIFR,str
individual,2005,4,IPCF,float64
individual,2005,4,DECCFR,str
individual,2005,4,IDECCFR,str
individual,2005,4,RDECCFR,str
individual,2005,4,GDECCFR,str
individual,2005,4,PDECCFR,str
individual,2005,4,ADECCFR,str
individual,2005,4,PJ1_1,int64
individual,2005,4,PJ2_1,int64
individual,2005,4,PJ3_1,int64
individual,2005,4,IDIMPP,str
hogar,2006,1,CODUSU,string
hogar,2006,1,NRO_HOGAR,Int16
hogar,2006,1,REALIZADA,int64
hogar,2006,1,ANO4,Int16
hogar,2006,1,TRIMESTRE,Int16
hogar,2006,1,REGION,int64
hogar,2006,1,MAS_500,str
hogar,2006,1,AGLOMERADO,Int16
hogar,2006,1,PONDERA,int64
hogar,2006,1,IV1,int64
hogar,2006,1,IV1_ESP,str
hogar,2006,1,IV2,int64
hogar,2006,1,IV3,int64
hogar,2006,1,IV3_ESP,str
hogar,2006,1,IV4,int64
hogar,2006,1,IV5,int64
hogar,2006,1,IV6,int64
hogar,2006,1,IV7,int64
hogar,2006,1,IV7_ESP,str
hogar,2006,1,IV8,int64
hogar,2006,1,IV9,int64
hogar,2006,1,IV10,int64
hogar,2006,1,IV11,int64
hogar,2006,1,IV12_1,int64
hogar,2006,1,IV12_2,int64
hogar,2006,1,IV12_3,int64
hogar,2006,1,II1,int64
hogar,2006,1,II2,int64
hogar,2006,1,II3,int64
hogar,2006,1,II3_1,int64
hogar,2006,1,II4_1,int64
hogar,2006,1,II4_2,int64
hogar,2006,1,II4_3,int64
hogar,2006,1,II5,int64
hogar,2006,1,II5_1,int64
hogar,2006,1,II6,int64
hogar,2006,1,II6_1,int64
hogar,2006,1,II7,int64
hogar,2006,1,II7_ESP,str
hogar,2006,1,II8,int64
hogar,2006,1,II8_ESP,str
hogar,2006,1,II9,int64
hogar,2006,1,V1,int64
hogar,2006,1,V2,int64
hogar,2006,1,V21,int64
hogar,2006,1,V22,int64
hogar,2006,1,V3,int64
hogar,2006,1,V4,int64
hogar,2006,1,V5,int64
hogar,2006,1,V6,int64
hogar,2006,1,V7,int64
hogar,2006,1,V8,int64
hogar,2006,1,V9,int64
hogar,2006,1,V10,int64
hogar,2006,1,V11,int64
hogar,2006,1,V12,int64
hogar,2006,1,V13,int64
hogar,2006,1,V14,int64
hogar,2006,1,V15,int64
hogar,2006,1,V16,int64
hogar,2006,1,V17,int64
hogar,2006,1,V18,int64
hogar,2006,1,V19_A,int64
hogar,2006,1,V19_B,int64
hogar,2006,1,IX_TOT,int64
hogar,2006,1,IX_MEN10,float64
hogar,2006,1,IX_MAYEQ10,int64
hogar,2006,1,ITF,float64
hogar,2006,1,DECIFR,str
hogar,2006,1,IDECIFR,str
hogar,2006,1,RDECIFR,str
hogar,2006,1,GDECIFR,str
hogar,2006,1,PDECIFR,str
hogar,2006,1,ADECIFR,str
hogar,2006,1,IPCF,float64
hogar,2006,1,DECCFR,str
hogar,2006,1,IDECCFR,str
hogar,2006,1,RDECCFR,str
hogar,2006,1,GDECCFR,str
hogar,2006,1,PDECCFR,str
hogar,2006,1,ADECCFR,str
hogar,2006,1,VII1_1,int64
hogar,2006,1,VII1_2,int64
hogar,2006,1,VII2_1,int64
hogar,2006,1,VII2_2,int64
hogar,2006,1,VII2_3,int64
hogar,2006,1,VII2_4,int64
hogar,2006,1,IDIMPH,str
individual,2006,1,CODUSU,string
individual,2006,1,NRO_HOGAR,Int16
individual,2006,1,COMPONENTE,Int16
individual,2006,1,H15,int64
individual,2006,1,ANO4,Int16
individual,2006,1,TRIMESTRE,Int16
individual,2006,1,REGION,int64
individual,2006,1,MAS_500,str
individual,2006,1,AGLOMERADO,Int16
individual,2006,1,PONDERA,int64
individual,2006,1,CH03,int64
individual,2006,1,CH04,int64
individual,2006,1,CH06,int64
individual,2006,1,CH07,int64
individual,2006,1,CH08,int64
individual,2006,1,CH09,int64
individual,2006,1,CH10,int64
individual,2006,1,CH11,int64
individual,2006,1,CH12,int64
individual,2006,1,CH13,int64
individual,2006,1,CH14,str
individual,2006,1,CH15,int64
individual,2006,1,CH15_COD,str
individual,2006,1,CH16,int64
individual,2006,1,CH16_COD,str
individual,2006,1,NIVEL_ED,int64
individual,2006,1,ESTADO,int64
individual,2006,1,CAT_OCUP,int64
individual,2006,1,CAT_INAC,int64
individual,2006,1,PP02C1,int64
individual,2006,1,PP02C2,int64
individual,2006,1,PP02C3,int64
individual,2006,1,PP02C4,int64
individual,2006,1,PP02C5,int64
individual,2006,1,PP02C6,int64
individual,2006,1,PP02C7,int64
individual,2006,1,PP02C8,int64
individual,2006,1,PP02E,int64
individual,2006,1,PP02H,int64
individual,2006,1,PP02I,int64
individual,2006,1,PP03C,int64
individual,2006,1,PP03D,int64
individual,2006,1,PP3E_TOT,int64
individual,2006,1,PP3F_TOT,int64
individual,2006,1,PP03G,int64
individual,2006,1,PP03H,int64
individual,2006,1,PP03I,int64
individual,2006,1,PP03J,int64
individual,2006,1,INTENSI,int64
individual,2006,1,PP04A,int64
individual,2006,1,PP04B_COD,str
individual,2006,1,PP04B1,int64
individual,2006,1,PP04B2,int64
individual,2006,1,PP04B3_MES,int64
individual,2006,1,PP04B3_ANO,int64
individual,2006,1,PP04B3_DIA,int64
individual,2006,1,PP04C,int64
individual,2006,1,PP04C99,int64
individual,2006,1,PP04D_COD,str
individual,2006,1,PP04G,int64
individual,2006,1,PP05B2_MES,int64
individual,2006,1,PP05B2_ANO,int64
individual,2006,1,PP05B2_DIA,int64
individual,2006,1,PP05C_1,int64
individual,2006,1,PP05C_2,int64
individual,2006,1,PP05C_3,int64
individual,2006,1,PP05E,int64
individual,2006,1,PP05F,int64
individual,2006,1,PP05H,int64
individual,2006,1,PP06A,int64
individual,2006,1,PP06C,int64
individual,2006,1,PP06D,int64
individual,2006,1,PP06E,int64
individual,2006,1,PP06H,int64
individual,2006,1,PP07A,int64
individual,2006,1,PP07C,int64
individual,2006,1,PP07D,int64
individual,2006,1,PP07E,int64
individual,2006,1,PP07F1,int64
individual,2006,1,PP07F2,int64
individual,2006,1,PP07F3,int64
individual,2006,1,PP07F4,int64
individual,2006,1,PP07F5,int64
individual,2006,1,PP07G1,int64
individual,2006,1,PP07G2,int64
individual,2006,1,PP07G3,int64
individual,2006,1,PP07G4,int64
individual,2006,1,PP07G_59,int64
individual,2006,1,PP07H,int64
individual,2006,1,PP07I,int64
individual,2006,1,PP07J,int64
individual,2006,1,PP07K,int64
individual,2006,1,PP08D1,int64
individual,2006,1,PP08D4,int64
individual,2006,1,PP08F1,int64
individual,2006,1,PP08F2,int64
individual,2006,1,PP08J1,int64
individual,2006,1,PP08J2,int64
individual,2006,1,PP08J3,int64
individual,2006,1,PP09A,int64
individual,2006,1,PP09A_ESP,str
individual,2006,1,PP09B,int64
individual,2006,1,PP09C,int64
individual,2006,1,PP09C_ESP,str
individual,2006,1,PP10A,int64
individual,2006,1,PP10C,int64
individual,2006,1,PP10D,int64
individual,2006,1,PP10E,int64
individual,2006,1,PP11A,int64
individual,2006,1,PP11B_COD,str
individual,2006,1,PP11B1,int64
individual,2006,1,PP11B2_MES,int64
individual,2006,1,PP11B2_ANO,int64
individual,2006,1,PP11B2_DIA,int64
individual,2006,1,PP11C,int64
individual,2006,1,PP11C99,int64
individual,2006,1,PP11D_COD,str
individual,2006,1,PP11G_ANO,int64
individual,2006,1,PP11G_MES,int64
individual,2006,1,PP11G_DIA,int64
individual,2006,1,PP11L,int64
individual,2006,1,PP11L1,int64
individual,2006,1,PP11M,int64
individual,2006,1,PP11N,int64
individual,2006,1,PP11O,int64
individual,2006,1,PP11P,int64
individual,2006,1,PP11Q,int64
individual,2006,1,PP11R,int64
individual,2006,1,PP11S,int64
individual,2006,1,PP11T,int64
individual,2006,1,P21,int64
individual,2006,1,DECOCUR,str
individual,2006,1,IDECOCUR,str
individual,2006,1,RDECOCUR,str
individual,2006,1,GDECOCUR,str
individual,2006,1,PDECOCUR,str
individual,2006,1,ADECOCUR,str
individual,2006,1,TOT_P12,int64
individual,2006,1,P47T,int64
individual,2006,1,DECINDR,str
individual,2006,1,IDECINDR,str
individual,2006,1,RDECINDR,str
individual,2006,1,GDECINDR,str
individual,2006,1,PDECINDR,str
individual,2006,1,ADECINDR,str
individual,2006,1,V2_M,int64
individual,2006,1,V3_M,int64
individual,2006,1,V4_M,int64
individual,2006,1,V5_M,int64
individual,2006,1,V8_M,int64
individual,2006,1,V9_M,int64
individual,2006,1,V10_M,int64
individual,2006,1,V11_M,int64
individual,2006,1,V12_M,int64
individual,2006,1,V18_M,int64
individual,2006,1,V19_AM,int64
individual,2006,1,V21_M,int64
individual,2006,1,T_VI,int64
individual,2006,1,ITF,int64
individual,2006,1,DECIFR,str
individual,2006,1,IDECIFR,str
individual,2006,1,RDECIFR,str
individual,2006,1,GDECIFR,str
individual,2006,1,PDECIFR,str
individual,2006,1,ADECIFR,str
individual,2006,1,IPCF,float64
individual,2006,1,DECCFR,str
individual,2006,1,IDECCFR,str
individual,2006,1,RDECCFR,str
individual,2006,1,GDECCFR,str
individual,2006,1,PDECCFR,str
individual,2006,1,ADECCFR,str
individual,2006,1,PJ1_1,int64
individual,2006,1,PJ2_1,int64
individual,2006,1,PJ3_1,int64
individual,2006,1,IDIMPP,str
hogar,2006,2,CODUSU,string
hogar,2006,2,NRO_HOGAR,Int16
hogar,2006,2,REALIZADA,int64
hogar,2006,2,ANO4,Int16
hogar,2006,2,TRIMESTRE,Int16
hogar,2006,2,REGION,int64
hogar,2006,2,MAS_500,str
hogar,2006,2,AGLOMERADO,Int16
hogar,2006,2,PONDERA,int64
hogar,2006,2,IV1,int64
hogar,2006,2,IV1_ESP,str
hogar,2006,2,IV2,int64
hogar,2006,2,IV3,int64
hogar,2006,2,IV3_ESP,str
hogar,2006,2,IV4,int64
hogar,2006,2,IV5,int64
hogar,2006,2,IV6,int64
hogar,2006,2,IV7,int64
hogar,2006,2,IV7_ESP,str
hogar,2006,2,IV8,int64
hogar,2006,2,IV9,int64
hogar,2006,2,IV10,int64
hogar,2006,2,IV11,int64
hogar,2006,2,IV12_1,int64
hogar,2006,2,IV12_2,int64
hogar,2006,2,IV12_3,int64
hogar,2006,2,II1,int64
hogar,2006,2,II2,int64
hogar,2006,2,II3,int64
hogar,2006,2,II3_1,int64
hogar,2006,2,II4_1,int64
hogar,2006,2,II4_2,int64
hogar,2006,2,II4_3,int64
hogar,2006,2,II5,int64
hogar,2006,2,II5_1,int64
hogar,2006,2,II6,int64
hogar,2006,2,II6_1,int64
hogar,2006,2,II7,int64
hogar,2006,2,II7_ESP,str
hogar,2006,2,II8,int64
hogar,2006,2,II8_ESP,str
hogar,2006,2,II9,int64
hogar,2006,2,V1,int64
hogar,2006,2,V2,int64
hogar,2006,2,V21,int64
hogar,2006,2,V22,int64
hogar,2006,2,V3,int64
hogar,2006,2,V4,int64
hogar,2006,2,V5,int64
hogar,2006,2,V6,int64
hogar,2006,2,V7,int64
hogar,2006,2,V8,int64
hogar,2006,2,V9,int64
hogar,2006,2,V10,int64
hogar,2006,2,V11,int64
hogar,2006,2,V12,int64
hogar,2006,2,V13,int64
hogar,2006,2,V14,int64
hogar,2006,2,V15,int64
hogar,2006,2,V16,int64
hogar,2006,2,V17,int64
hogar,2006,2,V18,int64
hogar,2006,2,V19_A,int64
hogar,2006,2,V19_B,int64
hogar,2006,2,IX_TOT,int64
hogar,2006,2,IX_MEN10,float64
hogar,2006,2,IX_MAYEQ10,int64
hogar,2006,2,ITF,float64
hogar,2006,2,DECIFR,str
hogar,2006,2,IDECIFR,str
hogar,2006,2,RDECIFR,str
hogar,2006,2,GDECIFR,str
hogar,2006,2,PDECIFR,str
hogar,2006,2,ADECIFR,str
hogar,2006,2,IPCF,float64
hogar,2006,2,DECCFR,str
hogar,2006,2,IDECCFR,str
hogar,2006,2,RDECCFR,str
hogar,2006,2,GDECCFR,str
hogar,2006,2,PDECCFR,str
hogar,2006,2,ADECCFR,str
hogar,2006,2,VII1_1,int64
hogar,2006,2,VII1_2,int64
hogar,2006,2,VII2_1,int64
hogar,2006,2,VII2_2,int64
hogar,2006,2,VII2_3,int64
hogar,2006,2,VII2_4,int64
hogar,2006,2,IDIMPH,str
individual,2006,2,CODUSU,string
individual,2006,2,NRO_HOGAR,Int16
individual,2006,2,COMPONENTE,Int16
individual,2006,2,H15,int64
individual,2006,2,ANO4,Int16
individual,2006,2,TRIMESTRE,Int16
individual,2006,2,REGION,int64
individual,2006,2,MAS_500,str
individual,2006,2,AGLOMERADO,Int16
individual,2006,2,PONDERA,int64
individual,2006,2,CH03,int64
individual,2006,2,CH04,int64
individual,2006,2,CH06,int64
individual,2006,2,CH07,int64
individual,2006,2,CH08,int64
individual,2006,2,CH09,int64
individual,2006,2,CH10,int64
individual,2006,2,CH11,int64
individual,2006,2,CH12,int64
individual,2006,2,CH13,int64
individual,2006,2,CH14,str
individual,2006,2,CH15,int64
individual,2006,2,CH15_COD,str
individual,2006,2,CH16,int64
individual,2006,2,CH16_COD,str
individual,2006,2,NIVEL_ED,int64
individual,2006,2,ESTADO,int64
individual,2006,2,CAT_OCUP,int64
individual,2006,2,CAT_INAC,int64
individual,2006,2,PP02C1,int64
individual,2006,2,PP02C2,int64
individual,2006,2,PP02C3,int64
individual,2006,2,PP02C4,int64
individual,2006,2,PP02C5,int64
individual,2006,2,PP02C6,int64
individual,2006,2,PP02C7,int64
individual,2006,2,PP02C8,int64
individual,2006,2,PP02E,int64
individual,2006,2,PP02H,int64
individual,2006,2,PP02I,int64
individual,2006,2,PP03C,int64
individual,2006,2,PP03D,int64
individual,2006,2,PP3E_TOT,int64
individual,2006,2,PP3F_TOT,int64
individual,2006,2,PP03G,int64
individual,2006,2,PP03H,int64
individual,2006,2,PP03I,int64
individual,2006,2,PP03J,int64
individual,2006,2,INTENSI,int64
individual,2006,2,PP04A,int64
individual,2006,2,PP04B_COD,str
individual,2006,2,PP04B1,int64
individual,2006,2,PP04B2,int64
individual,2006,2,PP04B3_MES,int64
individual,2006,2,PP04B3_ANO,int64
individual,2006,2,PP04B3_DIA,int64
individual,2006,2,PP04C,int64
individual,2006,2,PP04C99,int64
individual,2006,2,PP04D_COD,str
individual,2006,2,PP04G,int64
individual,2006,2,PP05B2_MES,int64
individual,2006,2,PP05B2_ANO,int64
individual,2006,2,PP05B2_DIA,int64
individual,2006,2,PP05C_1,int64
individual,2006,2,PP05C_2,int64
individual,2006,2,PP05C_3,int64
individual,2006,2,PP05E,int64
individual,2006,2,PP05F,int64
individual,2006,2,PP05H,int64
individual,2006,2,PP06A,int64
individual,2006,2,PP06C,int64
individual,2006,2,PP06D,int64
individual,2006,2,PP06E,int64
individual,2006,2,PP06H,int64
individual,2006,2,PP07A,int64
individual,2006,2,PP07C,int64
individual,2006,2,PP07D,int64
individual,2006,2,PP07E,int64
individual,2006,2,PP07F1,int64
individual,2006,2,PP07F2,int64
individual,2006,2,PP07F3,int64
individual,2006,2,PP07F4,int64
individual,2006,2,PP07F5,int64
individual,2006,2,PP07G1,int64
individual,2006,2,PP07G2,int64
individual,2006,2,PP07G3,int64
individual,2006,2,PP07G4,int64
individual,2006,2,PP07G_59,int64
individual,2006,2,PP07H,int64
individual,2006,2,PP07I,int64
individual,2006,2,PP07J,int64
individual,2006,2,PP07K,int64
individual,2006,2,PP08D1,int64
individual,2006,2,PP08D4,int64
individual,2006,2,PP08F1,int64
individual,2006,2,PP08F2,int64
individual,2006,2,PP08J1,int64
individual,2006,2,PP08J2,int64
individual,2006,2,PP08J3,int64
individual,2006,2,PP09A,int64
individual,2006,2,PP09A_ESP,str
individual,2006,2,PP09B,int64
individual,2006,2,PP09C,int64
individual,2006,2,PP09C_ESP,str
individual,2006,2,PP10A,int64
individual,2006,2,PP10C,int64
individual,2006,2,PP10D,int64
individual,2006,2,PP10E,int64
individual,2006,2,PP11A,int64
individual,2006,2,PP11B_COD,str
individual,2006,2,PP11B1,int64
individual,2006,2,PP11B2_MES,int64
individual,2006,2,PP11B2_ANO,int64
individual,2006,2,PP11B2_DIA,int64
individual,2006,2,PP11C,int64
individual,2006,2,PP11C99,int64
individual,2006,2,PP11D_COD,str
individual,2006,2,PP11G_ANO,int64
individual,2006,2,PP11G_MES,int64
individual,2006,2,PP11G_DIA,int64
individual,2006,2,PP11L,int64
individual,2006,2,PP11L1,int64
individual,2006,2,PP11M,int64
individual,2006,2,PP11N,int64
individual,2006,2,PP11O,int64
individual,2006,2,PP11P,int64
individual,2006,2,PP11Q,int64
individual,2006,2,PP11R,int64
individual,2006,2,PP11S,int64
individual,2006,2,PP11T,int64
individual,2006,2,P21,int64
individual,2006,2,DECOCUR,str
individual,2006,2,IDECOCUR,str
individual,2006,2,RDECOCUR,str
individual,2006,2,GDECOCUR,str
individual,2006,2,PDECOCUR,str
individual,2006,2,ADECOCUR,str
individual,2006,2,TOT_P12,int64
individual,2006,2,P47T,int64
individual,2006,2,DECINDR,str
individual,2006,2,IDECINDR,str
individual,2006,2,RDECINDR,str
individual,2006,2,GDECINDR,str
individual,2006,2,PDECINDR,str
individual,2006,2,ADECINDR,str
individual,2006,2,V2_M,int64
individual,2006,2,V3_M,int64
individual,2006,2,V4_M,int64
individual,2006,2,V5_M,int64
individual,2006,2,V8_M,int64
individual,2006,2,V9_M,int64
individual,2006,2,V10_M,int64
individual,2006,2,V11_M,int64
individual,2006,2,V12_M,int64
individual,2006,2,V18_M,int64
individual,2006,2,V19_AM,int64
individual,2006,2,V21_M,int64
individual,2006,2,T_VI,int64
individual,2006,2,ITF,int64
individual,2006,2,DECIFR,str
individual,2006,2,IDECIFR,str
individual,2006,2,RDECIFR,str
individual,2006,2,GDECIFR,str
individual,2006,2,PDECIFR,str
individual,2006,2,ADECIFR,str
individual,2006,2,IPCF,float64
individual,2006,2,DECCFR,str
individual,2006,2,IDECCFR,str
individual,2006,2,RDECCFR,str
individual,2006,2,GDECCFR,str
individual,2006,2,PDECCFR,str
individual,2006,2,ADECCFR,str
individual,2006,2,PJ1_1,int64
individual,2006,2,PJ2_1,int64
individual,2006,2,PJ3_1,int64
individual,2006,2,IDIMPP,str
hogar,2006,3,CODUSU,string
hogar,2006,3,NRO_HOGAR,Int16
hogar,2006,3,REALIZADA,int64
hogar,2006,3,ANO4,Int16
hogar,2006,3,TRIMESTRE,Int16
hogar,2006,3,REGION,int64
hogar,2006,3,MAS_500,str
hogar,2006,3,AGLOMERADO,Int16
hogar,2006,3,PONDERA,int64
hogar,2006,3,IV1,int64
hogar,2006,3,IV1_ESP,str
hogar,2006,3,IV2,int64
hogar,2006,3,IV3,int64
hogar,2006,3,IV3_ESP,str
hogar,2006,3,IV4,int64
hogar,2006,3,IV5,int64
hogar,2006,3,IV6,int64
hogar,2006,3,IV7,int64
hogar,2006,3,IV7_ESP,str
hogar,2006,3,IV8,int64
hogar,2006,3,IV9,int64
hogar,2006,3,IV10,int64
hogar,2006,3,IV11,int64
hogar,2006,3,IV12_1,int64
hogar,2006,3,IV12_2,int64
hogar,2006,3,IV12_3,int64
hogar,2006,3,II1,int64
hogar,2006,3,II2,int64
hogar,2006,3,II3,int64
hogar,2006,3,II3_1,int64
hogar,2006,3,II4_1,int64
hogar,2006,3,II4_2,int64
hogar,2006,3,II4_3,int64
hogar,2006,3,II5,int64
hogar,2006,3,II5_1,int64
hogar,2006,3,II6,int64
hogar,2006,3,II6_1,int64
hogar,2006,3,II7,int64
hogar,2006,3,II7_ESP,str
hogar,2006,3,II8,int64
hogar,2006,3,II8_ESP,str
hogar,2006,3,II9,int64
hogar,2006,3,V1,int64
hogar,2006,3,V2,int64
hogar,2006,3,V21,int64
hogar,2006,3,V22,int64
hogar,2006,3,V3,int64
hogar,2006,3,V4,int64
hogar,2006,3,V5,int64
hogar,2006,3,V6,int64
hogar,2006,3,V7,int64
hogar,2006,3,V8,int64
hogar,2006,3,V9,int64
hogar,2006,3,V10,int64
hogar,2006,3,V11,int64
hogar,2006,3,V12,int64
hogar,2006,3,V13,int64
hogar,2006,3,V14,int64
hogar,2006,3,V15,int64
hogar,2006,3,V16,int64
hogar,2006,3,V17,int64
hogar,2006,3,V18,int64
hogar,2006,3,V19_A,int64
hogar,2006,3,V19_B,int64
hogar,2006,3,IX_TOT,int64
hogar,2006,3,IX_MEN10,float64
hogar,2006,3,IX_MAYEQ10,int64
hogar,2006,3,ITF,float64
hogar,2006,3,DECIFR,str
hogar,2006,3,IDECIFR,str
hogar,2006,3,RDECIFR,str
hogar,2006,3,GDECIFR,str
hogar,2006,3,PDECIFR,str
hogar,2006,3,ADECIFR,str
hogar,2006,3,IPCF,float64
hogar,2006,3,DECCFR,str
hogar,2006,3,IDECCFR,str
hogar,2006,3,RDECCFR,str
hogar,2006,3,GDECCFR,str
hogar,2006,3,PDECCFR,str
hogar,2006,3,ADECCFR,str
hogar,2006,3,VII1_1,int64
hogar,2006,3,VII1_2,int64
hogar,2006,3,VII2_1,int64
hogar,2006,3,VII2_2,int64
hogar,2006,3,VII2_3,int64
hogar,2006,3,VII2_4,int64
hogar,2006,3,IDIMPH,str
individual,2006,3,CODUSU,string
individual,2006,3,NRO_HOGAR,Int16
individual,2006,3,COMPONENTE,Int16
individual,2006,3,H15,int64
individual,2006,3,ANO4,Int16
individual,2006,3,TRIMESTRE,Int16
individual,2006,3,REGION,int64
individual,2006,3,MAS_500,str
individual,2006,3,AGLOMERADO,Int16
individual,2006,3,PONDERA,int64
individual,2006,3,CH03,int64
individual,2006,3,CH04,int64
individual,2006,3,CH06,int64
individual,2006,3,CH07,int64
individual,2006,3,CH08,int64
individual,2006,3,CH09,int64
individual,2006,3,CH10,int64
individual,2006,3,CH11,int64
individual,2006,3,CH12,int64
individual,2006,3,CH13,int64
individual,2006,3,CH14,str
individual,2006,3,CH15,int64
individual,2006,3,CH15_COD,str
individual,2006,3,CH16,int64
individual,2006,3,CH16_COD,str
individual,2006,3,NIVEL_ED,int64
individual,2006,3,ESTADO,int64
individual,2006,3,CAT_OCUP,int64
individual,2006,3,CAT_INAC,int64
individual,2006,3,PP02C1,int64
individual,2006,3,PP02C2,int64
individual,2006,3,PP02C3,int64
individual,2006,3,PP02C4,int64
individual,2006,3,PP02C5,int64
individual,2006,3,PP02C6,int64
individual,2006,3,PP02C7,int64
individual,2006,3,PP02C8,int64
individual,2006,3,PP02E,int64
individual,2006,3,PP02H,int64
individual,2006,3,PP02I,int64
individual,2006,3,PP03C,int64
individual,2006,3,PP03D,int64
individual,2006,3,PP3E_TOT,int64
individual,2006,3,PP3F_TOT,int64
individual,2006,3,PP03G,int64
individual,2006,3,PP03H,int64
individual,2006,3,PP03I,int64
individual,2006,3,PP03J,int64
individual,2006,3,INTENSI,int64
individual,2006,3,PP04A,int64
individual,2006,3,PP04B_COD,str
individual,2006,3,PP04B1,int64
individual,2006,3,PP04B2,int64
individual,2006,3,PP04B3_MES,int64
individual,2006,3,PP04B3_ANO,int64
individual,2006,3,PP04B3_DIA,int64
individual,2006,3,PP04C,int64
individual,2006,3,PP04C99,int64
individual,2006,3,PP04D_COD,str
individual,2006,3,PP04G,int64
individual,2006,3,PP05B2_MES,int64
individual,2006,3,PP05B2_ANO,int64
individual,2006,3,PP05B2_DIA,int64
individual,2006,3,PP05C_1,int64
individual,2006,3,PP05C_2,int64
individual,2006,3,PP05C_3,int64
individual,2006,3,PP05E,int64
individual,2006,3,PP05F,int64
individual,2006,3,PP05H,int64
individual,2006,3,PP06A,int64
individual,2006,3,PP06C,int64
individual,2006,3,PP06D,int64
individual,2006,3,PP06E,int64
individual,2006,3,PP06H,int64
individual,2006,3,PP07A,int64
individual,2006,3,PP07C,int64
individual,2006,3,PP07D,int64
individual,2006,3,PP07E,int64
individual,2006,3,PP07F1,int64
individual,2006,3,PP07F2,int64
individual,2006,3,PP07F3,int64
individual,2006,3,PP07F4,int64
individual,2006,3,PP07F5,int64
individual,2006,3,PP07G1,int64
individual,2006,3,PP07G2,int64
individual,2006,3,PP07G3,int64
individual,2006,3,PP07G4,int64
individual,2006,3,PP07G_59,int64
individual,2006,3,PP07H,int64
individual,2006,3,PP07I,int64
individual,2006,3,PP07J,int64
individual,2006,3,PP07K,int64
individual,2006,3,PP08D1,int64
individual,2006,3,PP08D4,int64
individual,2006,3,PP08F1,int64
individual,2006,3,PP08F2,int64
individual,2006,3,PP08J1,int64
individual,2006,3,PP08J2,int64
individual,2006,3,PP08J3,int64
individual,2006,3,PP09A,int64
individual,2006,3,PP09A_ESP,str
individual,2006,3,PP09B,int64
individual,2006,3,PP09C,int64
individual,2006,3,PP09C_ESP,str
individual,2006,3,PP10A,int64
individual,2006,3,PP10C,int64
individual,2006,3,PP10D,int64
individual,2006,3,PP10E,int64
individual,2006,3,PP11A,int64
individual,2006,3,PP11B_COD,str
individual,2006,3,PP11B1,int64
individual,2006,3,PP11B2_MES,int64
individual,2006,3,PP11B2_ANO,int64
individual,2006,3,PP11B2_DIA,int64
individual,2006,3,PP11C,int64
individual,2006,3,PP11C99,int64
individual,2006,3,PP11D_COD,str
individual,2006,3,PP11G_ANO,int64
individual,2006,3,PP11G_MES,int64
individual,2006,3,PP11G_DIA,int64
individual,2006,3,PP11L,int64
individual,2006,3,PP11L1,int64
individual,2006,3,PP11M,int64
individual,2006,3,PP11N,int64
individual,2006,3,PP11O,int64
individual,2006,3,PP11P,int64
individual,2006,3,PP11Q,int64
individual,2006,3,PP11R,int64
individual,2006,3,PP11S,int64
individual,2006,3,PP11T,int64
individual,2006,3,P21,int64
individual,2006,3,DECOCUR,str
individual,2006,3,IDECOCUR,str
individual,2006,3,RDECOCUR,str
individual,2006,3,GDECOCUR,str
individual,2006,3,PDECOCUR,str
individual,2006,3,ADECOCUR,str
individual,2006,3,TOT_P12,int64
individual,2006,3,P47T,int64
individual,2006,3,DECINDR,str
individual,2006,3,IDECINDR,str
individual,2006,3,RDECINDR,str
individual,2006,3,GDECINDR,str
individual,2006,3,PDECINDR,str
individual,2006,3,ADECINDR,str
individual,2006,3,V2_M,int64
individual,2006,3,V3_M,int64
individual,2006,3,V4_M,int64
individual,2006,3,V5_M,int64
individual,2006,3,V8_M,int64
individual,2006,3,V9_M,int64
individual,2006,3,V10_M,int64
individual,2006,3,V11_M,int64
individual,2006,3,V12_M,int64
individual,2006,3,V18_M,int64
individual,2006,3,V19_AM,int64
individual,2006,3,V21_M,int64
individual,2006,3,T_VI,int64
individual,2006,3,ITF,int64
individual,2006,3,DECIFR,str
individual,2006,3,IDECIFR,str
individual,2006,3,RDECIFR,str
individual,2006,3,GDECIFR,str
individual,2006,3,PDECIFR,str
individual,2006,3,ADECIFR,str
individual,2006,3,IPCF,float64
individual,2006,3,DECCFR,str
individual,2006,3,IDECCFR,str
individual,2006,3,RDECCFR,str
individual,2006,3,GDECCFR,str
individual,2006,3,PDECCFR,str
individual,2006,3,ADECCFR,str
individual,2006,3,PJ1_1,int64
individual,2006,3,PJ2_1,int64
individual,2006,3,PJ3_1,int64
individual,2006,3,IDIMPP,str
hogar,2006,4,CODUSU,string
hogar,2006,4,NRO_HOGAR,Int16
hogar,2006,4,REALIZADA,int64
hogar,2006,4,ANO4,Int16
hogar,2006,4,TRIMESTRE,Int16
hogar,2006,4,REGION,int64
hogar,2006,4,MAS_500,str
hogar,2006,4,AGLOMERADO,Int16
hogar,2006,4,PONDERA,int64
hogar,2006,4,IV1,int64
hogar,2006,4,IV1_ESP,str
hogar,2006,4,IV2,int64
hogar,2006,4,IV3,int64
hogar,2006,4,IV3_ESP,str
hogar,2006,4,IV4,int64
hogar,2006,4,IV5,int64
hogar,2006,4,IV6,int64
hogar,2006,4,IV7,int64
hogar,2006,4,IV7_ESP,str
hogar,2006,4,IV8,int64
hogar,2006,4,IV9,int64
hogar,2006,4,IV10,int64
hogar,2006,4,IV11,int64
hogar,2006,4,IV12_1,int64
hogar,2006,4,IV12_2,int64
hogar,2006,4,IV12_3,int64
hogar,2006,4,II1,int64
hogar,2006,4,II2,int64
hogar,2006,4,II3,int64
hogar,2006,4,II3_1,int64
hogar,2006,4,II4_1,int64
hogar,2006,4,II4_2,int64
hogar,2006,4,II4_3,int64
hogar,2006,4,II5,int64
hogar,2006,4,II5_1,int64
hogar,2006,4,II6,int64
hogar,2006,4,II6_1,int64
hogar,2006,4,II7,int64
hogar,2006,4,II7_ESP,str
hogar,2006,4,II8,int64
hogar,2006,4,II8_ESP,str
hogar,2006,4,II9,int64
hogar,2006,4,V1,int64
hogar,2006,4,V2,int64
hogar,2006,4,V21,int64
hogar,2006,4,V22,int64
hogar,2006,4,V3,int64
hogar,2006,4,V4,int64
hogar,2006,4,V5,int64
hogar,2006,4,V6,int64
hogar,2006,4,V7,int64
hogar,2006,4,V8,int64
hogar,2006,4,V9,int64
hogar,2006,4,V10,int64
hogar,2006,4,V11,int64
hogar,2006,4,V12,int64
hogar,2006,4,V13,int64
hogar,2006,4,V14,int64
hogar,2006,4,V15,int64
hogar,2006,4,V16,int64
hogar,2006,4,V17,int64
hogar,2006,4,V18,int64
hogar,2006,4,V19_A,int64
hogar,2006,4,V19_B,int64
hogar,2006,4,IX_TOT,int64
hogar,2006,4,IX_MEN10,float64
hogar,2006,4,IX_MAYEQ10,int64
hogar,2006,4,ITF,float64
hogar,2006,4,DECIFR,str
hogar,2006,4,IDECIFR,str
hogar,2006,4,RDECIFR,str
hogar,2006,4,GDECIFR,str
hogar,2006,4,PDECIFR,str
hogar,2006,4,ADECIFR,str
hogar,2006,4,IPCF,float64
hogar,2006,4,DECCFR,str
hogar,2006,4,IDECCFR,str
hogar,2006,4,RDECCFR,str
hogar,2006,4,GDECCFR,str
hogar,2006,4,PDECCFR,str
hogar,2006,4,ADECCFR,str
hogar,2006,4,VII1_1,int64
hogar,2006,4,VII1_2,int64
hogar,2006,4,VII2_1,int64
hogar,2006,4,VII2_2,int64
hogar,2006,4,VII2_3,int64
hogar,2006,4,VII2_4,int64
hogar,2006,4,IDIMPH,str
individual,2006,4,CODUSU,string
individual,2006,4,NRO_HOGAR,Int16
individual,2006,4,COMPONENTE,Int16
individual,2006,4,H15,int64
individual,2006,4,ANO4,Int16
individual,2006,4,TRIMESTRE,Int16
individual,2006,4,REGION,int64
individual,2006,4,MAS_500,str
individual,2006,4,AGLOMERADO,Int16
individual,2006,4,PONDERA,int64
individual,2006,4,CH03,int64
individual,2006,4,CH04,int64
individual,2006,4,CH06,int64
individual,2006,4,CH07,int64
individual,2006,4,CH08,int64
individual,2006,4,CH09,int64
individual,2006,4,CH10,int64
individual,2006,4,CH11,int64
individual,2006,4,CH12,int64
individual,2006,4,CH13,int64
individual,2006,4,CH14,str
individual,2006,4,CH15,int64
individual,2006,4,CH15_COD,str
individual,2006,4,CH16,int64
individual,2006,4,CH16_COD,str
individual,2006,4,NIVEL_ED,int64
individual,2006,4,ESTADO,int64
individual,2006,4,CAT_OCUP,int64
individual,2006,4,CAT_INAC,int64
individual,2006,4,PP02C1,int64
individual,2006,4,PP02C2,int64
individual,2006,4,PP02C3,int64
individual,2006,4,PP02C4,int64
individual,2006,4,PP02C5,int64
individual,2006,4,PP02C6,int64
individual,2006,4,PP02C7,int64
individual,2006,4,PP02C8,int64
individual,2006,4,PP02E,int64
individual,2006,4,PP02H,int64
individual,2006,4,PP02I,int64
individual,2006,4,PP03C,int64
individual,2006,4,PP03D,int64
individual,2006,4,PP3E_TOT,int64
individual,2006,4,PP3F_TOT,int64
individual,2006,4,PP03G,int64
individual,2006,4,PP03H,int64
individual,2006,4,PP03I,int64
individual,2006,4,PP03J,int64
individual,2006,4,INTENSI,int64
individual,2006,4,PP04A,int64
individual,2006,4,PP04B_COD,str
individual,2006,4,PP04B1,int64
individual,2006,4,PP04B2,int64
individual,2006,4,PP04B3_MES,int64
individual,2006,4,PP04B3_ANO,int64
individual,2006,4,PP04B3_DIA,int64
individual,2006,4,PP04C,int64
individual,2006,4,PP04C99,int64
individual,2006,4,PP04D_COD,str
individual,2006,4,PP04G,int64
individual,2006,4,PP05B2_MES,int64
individual,2006,4,PP05B2_ANO,int64
individual,2006,4,PP05B2_DIA,int64
individual,2006,4,PP05C_1,int64
individual,2006,4,PP05C_2,int64
individual,2006,4,PP05C_3,int64
individual,2006,4,PP05E,int64
individual,2006,4,PP05F,int64
individual,2006,4,PP05H,int64
individual,2006,4,PP06A,int64
individual,2006,4,PP06C,int64
individual,2006,4,PP06D,int64
individual,2006,4,PP06E,int64
individual,2006,4,PP06H,int64
individual,2006,4,PP07A,int64
individual,2006,4,PP07C,int64
individual,2006,4,PP07D,int64
individual,2006,4,PP07E,int64
individual,2006,4,PP07F1,int64
individual,2006,4,PP07F2,int64
individual,2006,4,PP07F3,int64
individual,2006,4,PP07F4,int64
individual,2006,4,PP07F5,int64
individual,2006,4,PP07G1,int64
individual,2006,4,PP07G2,int64
individual,2006,4,PP07G3,int64
individual,2006,4,PP07G4,int64
individual,2006,4,PP07G_59,int64
individual,2006,4,PP07H,int64
individual,2006,4,PP07I,int64
individual,2006,4,PP07J,int64
individual,2006,4,PP07K,int64
individual,2006,4,PP08D1,int64
individual,2006,4,PP08D4,int64
individual,2006,4,PP08F1,int64
individual,2006,4,PP08F2,int64
individual,2006,4,PP08J1,int64
individual,2006,4,PP08J2,int64
individual,2006,4,PP08J3,int64
individual,2006,4,PP09A,int64
individual,2006,4,PP09A_ESP,str
individual,2006,4,PP09B,int64
individual,2006,4,PP09C,int64
individual,2006,4,PP09C_ESP,str
individual,2006,4,PP10A,int64
individual,2006,4,PP10C,int64
individual,2006,4,PP10D,int64
individual,2006,4,PP10E,int64
individual,2006,4,PP11A,int64
individual,2006,4,PP11B_COD,str
individual,2006,4,PP11B1,int64
individual,2006,4,PP11B2_MES,int64
individual,2006,4,PP11B2_ANO,int64
individual,2006,4,PP11B2_DIA,int64
individual,2006,4,PP11C,int64
individual,2006,4,PP11C99,int64
individual,2006,4,PP11D_COD,str
individual,2006,4,PP11G_ANO,int64
individual,2006,4,PP11G_MES,int64
individual,2006,4,PP11G_DIA,int64
individual,2006,4,PP11L,int64
individual,2006,4,PP11L1,int64
individual,2006,4,PP11M,int64
individual,2006,4,PP11N,int64
individual,2006,4,PP11O,int64
individual,2006,4,PP11P,int64
individual,2006,4,PP11Q,int64
individual,2006,4,PP11R,int64
individual,2006,4,PP11S,int64
individual,2006,4,PP11T,int64
individual,2006,4,P21,int64
individual,2006,4,DECOCUR,str
individual,2006,4,IDECOCUR,str
individual,2006,4,RDECOCUR,str
individual,2006,4,GDECOCUR,str
individual,2006,4,PDECOCUR,str
individual,2006,4,ADECOCUR,str
individual,2006,4,TOT_P12,int64
individual,2006,4,P47T,int64
individual,2006,4,DECINDR,str
individual,2006,4,IDECINDR,str
individual,2006,4,RDECINDR,str
individual,2006,4,GDECINDR,str
individual,2006,4,PDECINDR,str
individual,2006,4,ADECINDR,str
individual,2006,4,V2_M,int64
individual,2006,4,V3_M,int64
individual,2006,4,V4_M,int64
individual,2006,4,V5_M,int64
individual,2006,4,V8_M,int64
individual,2006,4,V9_M,int64
individual,2006,4,V10_M,int64
individual,2006,4,V11_M,int64
individual,2006,4,V12_M,int64
individual,2006,4,V18_M,int64
individual,2006,4,V19_AM,int64
individual,2006,4,V21_M,int64
individual,2006,4,T_VI,int64
individual,2006,4,ITF,int64
individual,2006,4,DECIFR,str
individual,2006,4,IDECIFR,str
individual,2006,4,RDECIFR,str
individual,2006,4,GDECIFR,str
individual,2006,4,PDECIFR,str
individual,2006,4,ADECIFR,str
individual,2006,4,IPCF,float64
individual,2006,4,DECCFR,str
individual,2006,4,IDECCFR,str
individual,2006,4,RDECCFR,str
individual,2006,4,GDECCFR,str
individual,2006,4,PDECCFR,str
individual,2006,4,ADECCFR,str
individual,2006,4,PJ1_1,int64
individual,2006,4,PJ2_1,int64
individual,2006,4,PJ3_1,int64
individual,2006,4,IDIMPP,str
hogar,2007,1,CODUSU,string
hogar,2007,1,NRO_HOGAR,Int16
hogar,2007,1,REALIZADA,int64
hogar,2007,1,ANO4,Int16
hogar,2007,1,TRIMESTRE,Int16
hogar,2007,1,REGION,int64
hogar,2007,1,MAS_500,str
hogar,2007,1,AGLOMERADO,Int16
hogar,2007,1,PONDERA,int64
hogar,2007,1,IV1,int64
hogar,2007,1,IV1_ESP,str
hogar,2007,1,IV2,int64
hogar,2007,1,IV3,int64
hogar,2007,1,IV3_ESP,str
hogar,2007,1,IV4,int64
hogar,2007,1,IV5,int64
hogar,2007,1,IV6,int64
hogar,2007,1,IV7,int64
hogar,2007,1,IV7_ESP,str
hogar,2007,1,IV8,int64
hogar,2007,1,IV9,int64
hogar,2007,1,IV10,int64
hogar,2007,1,IV11,int64
hogar,2007,1,IV12_1,int64
hogar,2007,1,IV12_2,int64
hogar,2007,1,IV12_3,int64
hogar,2007,1,II1,int64
hogar,2007,1,II2,int64
hogar,2007,1,II3,int64
hogar,2007,1,II3_1,int64
hogar,2007,1,II4_1,int64
hogar,2007,1,II4_2,int64
hogar,2007,1,II4_3,int64
hogar,2007,1,II5,int64
hogar,2007,1,II5_1,int64
hogar,2007,1,II6,int64
hogar,2007,1,II6_1,int64
hogar,2007,1,II7,int64
hogar,2007,1,II7_ESP,str
hogar,2007,1,II8,int64
hogar,2007,1,II8_ESP,str
hogar,2007,1,II9,int64
hogar,2007,1,V1,int64
hogar,2007,1,V2,int64
hogar,2007,1,V21,int64
hogar,2007,1,V22,int64
hogar,2007,1,V3,int64
hogar,2007,1,V4,int64
hogar,2007,1,V5,int64
hogar,2007,1,V6,int64
hogar,2007,1,V7,int64
hogar,2007,1,V8,int64
hogar,2007,1,V9,int64
hogar,2007,1,V10,int64
hogar,2007,1,V11,int64
hogar,2007,1,V12,int64
hogar,2007,1,V13,int64
hogar,2007,1,V14,int64
hogar,2007,1,V15,int64
hogar,2007,1,V16,int64
hogar,2007,1,V17,int64
hogar,2007,1,V18,int64
hogar,2007,1,V19_A,int64
hogar,2007,1,V19_B,int64
hogar,2007,1,IX_TOT,int64
hogar,2007,1,IX_MEN10,float64
hogar,2007,1,IX_MAYEQ10,int64
hogar,2007,1,ITF,float64
hogar,2007,1,DECIFR,str
hogar,2007,1,IDECIFR,str
hogar,2007,1,RDECIFR,str
hogar,2007,1,GDECIFR,str
hogar,2007,1,PDECIFR,str
hogar,2007,1,ADECIFR,str
hogar,2007,1,IPCF,float64
hogar,2007,1,DECCFR,str
hogar,2007,1,IDECCFR,str
hogar,2007,1,RDECCFR,str
hogar,2007,1,GDECCFR,str
hogar,2007,1,PDECCFR,str
hogar,2007,1,ADECCFR,str
hogar,2007,1,VII1_1,int64
hogar,2007,1,VII1_2,int64
hogar,2007,1,VII2_1,int64
hogar,2007,1,VII2_2,int64
hogar,2007,1,VII2_3,int64
hogar,2007,1,VII2_4,int64
hogar,2007,1,IDIMPH,str
individual,2007,1,CODUSU,string
individual,2007,1,NRO_HOGAR,Int16
individual,2007,1,COMPONENTE,Int16
individual,2007,1,H15,int64
individual,2007,1,ANO4,Int16
individual,2007,1,TRIMESTRE,Int16
individual,2007,1,REGION,int64
individual,2007,1,MAS_500,str
individual,2007,1,AGLOMERADO,Int16
individual,2007,1,PONDERA,int64
individual,2007,1,CH03,int64
individual,2007,1,CH04,int64
individual,2007,1,CH06,int64
individual,2007,1,CH07,int64
individual,2007,1,CH08,int64
individual,2007,1,CH09,int64
individual,2007,1,CH10,int64
individual,2007,1,CH11,int64
individual,2007,1,CH12,int64
individual,2007,1,CH13,int64
individual,2007,1,CH14,str
individual,2007,1,CH15,int64
individual,2007,1,CH15_COD,str
individual,2007,1,CH16,int64
individual,2007,1,CH16_COD,str
individual,2007,1,NIVEL_ED,int64
individual,2007,1,ESTADO,int64
individual,2007,1,CAT_OCUP,int64
individual,2007,1,CAT_INAC,int64
individual,2007,1,PP02C1,int64
individual,2007,1,PP02C2,int64
individual,2007,1,PP02C3,int64
individual,2007,1,PP02C4,int64
individual,2007,1,PP02C5,int64
individual,2007,1,PP02C6,int64
individual,2007,1,PP02C7,int64
individual,2007,1,PP02C8,int64
individual,2007,1,PP02E,int64
individual,2007,1,PP02H,int64
individual,2007,1,PP02I,int64
individual,2007,1,PP03C,int64
individual,2007,1,PP03D,int64
individual,2007,1,PP3E_TOT,int64
individual,2007,1,PP3F_TOT,int64
individual,2007,1,PP03G,int64
individual,2007,1,PP03H,int64
individual,2007,1,PP03I,int64
individual,2007,1,PP03J,int64
individual,2007,1,INTENSI,int64
individual,2007,1,PP04A,int64
individual,2007,1,PP04B_COD,str
individual,2007,1,PP04B1,int64
individual,2007,1,PP04B2,int64
individual,2007,1,PP04B3_MES,int64
individual,2007,1,PP04B3_ANO,int64
individual,2007,1,PP04B3_DIA,int64
individual,2007,1,PP04C,int64
individual,2007,1,PP04C99,int64
individual,2007,1,PP04D_COD,str
individual,2007,1,PP04G,int64
individual,2007,1,PP05B2_MES,int64
individual,2007,1,PP05B2_ANO,int64
individual,2007,1,PP05B2_DIA,int64
individual,2007,1,PP05C_1,int64
individual,2007,1,PP05C_2,int64
individual,2007,1,PP05C_3,int64
individual,2007,1,PP05E,int64
individual,2007,1,PP05F,int64
individual,2007,1,PP05H,int64
individual,2007,1,PP06A,int64
individual,2007,1,PP06C,int64
individual,2007,1,PP06D,int64
individual,2007,1,PP06E,int64
individual,2007,1,PP06H,int64
individual,2007,1,PP07A,int64
individual,2007,1,PP07C,int64
individual,2007,1,PP07D,int64
individual,2007,1,PP07E,int64
individual,2007,1,PP07F1,int64
individual,2007,1,PP07F2,int64
individual,2007,1,PP07F3,int64
individual,2007,1,PP07F4,int64
individual,2007,1,PP07F5,int64
individual,2007,1,PP07G1,int64
individual,2007,1,PP07G2,int64
individual,2007,1,PP07G3,int64
individual,2007,1,PP07G4,int64
individual,2007,1,PP07G_59,int64
individual,2007,1,PP07H,int64
individual,2007,1,PP07I,int64
individual,2007,1,PP07J,int64
individual,2007,1,PP07K,int64
individual,2007,1,PP08D1,int64
individual,2007,1,PP08D4,int64
individual,2007,1,PP08F1,int64
individual,2007,1,PP08F2,int64
individual,2007,1,PP08J1,int64
individual,2007,1,PP08J2,int64
individual,2007,1,PP08J3,int64
individual,2007,1,PP09A,int64
individual,2007,1,PP09A_ESP,str
individual,2007,1,PP09B,int64
individual,2007,1,PP09C,int64
individual,2007,1,PP09C_ESP,str
individual,2007,1,PP10A,int64
individual,2007,1,PP10C,int64
individual,2007,1,PP10D,int64
individual,2007,1,PP10E,int64
individual,2007,1,PP11A,int64
individual,2007,1,PP11B_COD,str
individual,2007,1,PP11B1,int64
individual,2007,1,PP11B2_MES,int64
individual,2007,1,PP11B2_ANO,int64
individual,2007,1,PP11B2_DIA,int64
individual,2007,1,PP11C,int64
individual,2007,1,PP11C99,int64
individual,2007,1,PP11D_COD,str
individual,2007,1,PP11G_ANO,int64
individual,2007,1,PP11G_MES,int64
individual,2007,1,PP11G_DIA,int64
individual,2007,1,PP11L,int64
individual,2007,1,PP11L1,int64
individual,2007,1,PP11M,int64
individual,2007,1,PP11N,int64
individual,2007,1,PP11O,int64
individual,2007,1,PP11P,int64
individual,2007,1,PP11Q,int64
individual,2007,1,PP11R,int64
individual,2007,1,PP11S,int64
individual,2007,1,PP11T,int64
individual,2007,1,P21,int64
individual,2007,1,DECOCUR,str
individual,2007,1,IDECOCUR,str
individual,2007,1,RDECOCUR,str
individual,2007,1,GDECOCUR,str
individual,2007,1,PDECOCUR,str
individual,2007,1,ADECOCUR,str
individual,2007,1,TOT_P12,int64
individual,2007,1,P47T,int64
individual,2007,1,DECINDR,str
individual,2007,1,IDECINDR,str
individual,2007,1,RDECINDR,str
individual,2007,1,GDECINDR,str
individual,2007,1,PDECINDR,str
individual,2007,1,ADECINDR,str
individual,2007,1,V2_M,int64
individual,2007,1,V3_M,int64
individual,2007,1,V4_M,int64
individual,2007,1,V5_M,int64
individual,2007,1,V8_M,int64
individual,2007,1,V9_M,int64
individual,2007,1,V10_M,int64
individual,2007,1,V11_M,int64
individual,2007,1,V12_M,int64
individual,2007,1,V18_M,int64
individual,2007,1,V19_AM,int64
individual,2007,1,V21_M,int64
individual,2007,1,T_VI,int64
individual,2007,1,ITF,int64
individual,2007,1,DECIFR,str
individual,2007,1,IDECIFR,str
individual,2007,1,RDECIFR,str
individual,2007,1,GDECIFR,str
individual,2007,1,PDECIFR,str
individual,2007,1,ADECIFR,str
individual,2007,1,IPCF,float64
individual,2007,1,DECCFR,str
individual,2007,1,IDECCFR,str
individual,2007,1,RDECCFR,str
individual,2007,1,GDECCFR,str
individual,2007,1,PDECCFR,str
individual,2007,1,ADECCFR,str
individual,2007,1,PJ1_1,int64
individual,2007,1,PJ2_1,int64
individual,2007,1,PJ3_1,int64
individual,2007,1,IDIMPP,str
hogar,2007,2,CODUSU,string
hogar,2007,2,NRO_HOGAR,Int16
hogar,2007,2,REALIZADA,int64
hogar,2007,2,ANO4,Int16
hogar,2007,2,TRIMESTRE,Int16
hogar,2007,2,REGION,int64
hogar,2007,2,MAS_500,str
hogar,2007,2,AGLOMERADO,Int16
hogar,2007,2,PONDERA,int64
hogar,2007,2,IV1,int64
hogar,2007,2,IV1_ESP,str
hogar,2007,2,IV2,int64
hogar,2007,2,IV3,int64
hogar,2007,2,IV3_ESP,str
hogar,2007,2,IV4,int64
hogar,2007,2,IV5,int64
hogar,2007,2,IV6,int64
hogar,2007,2,IV7,int64
hogar,2007,2,IV7_ESP,str
hogar,2007,2,IV8,int64
hogar,2007,2,IV9,int64
hogar,2007,2,IV10,int64
hogar,2007,2,IV11,int64
hogar,2007,2,IV12_1,int64
hogar,2007,2,IV12_2,int64
hogar,2007,2,IV12_3,int64
hogar,2007,2,II1,int64
hogar,2007,2,II2,int64
hogar,2007,2,II3,int64
hogar,2007,2,II3_1,int64
hogar,2007,2,II4_1,int64
hogar,2007,2,II4_2,int64
hogar,2007,2,II4_3,int64
hogar,2007,2,II5,int64
hogar,2007,2,II5_1,int64
hogar,2007,2,II6,int64
hogar,2007,2,II6_1,int64
hogar,2007,2,II7,int64
hogar,2007,2,II7_ESP,str
hogar,2007,2,II8,int64
hogar,2007,2,II8_ESP,str
hogar,2007,2,II9,int64
hogar,2007,2,V1,int64
hogar,2007,2,V2,int64
hogar,2007,2,V21,int64
hogar,2007,2,V22,int64
hogar,2007,2,V3,int64
hogar,2007,2,V4,int64
hogar,2007,2,V5,int64
hogar,2007,2,V6,int64
hogar,2007,2,V7,int64
hogar,2007,2,V8,int64
hogar,2007,2,V9,int64
hogar,2007,2,V10,int64
hogar,2007,2,V11,int64
hogar,2007,2,V12,int64
hogar,2007,2,V13,int64
hogar,2007,2,V14,int64
hogar,2007,2,V15,int64
hogar,2007,2,V16,int64
hogar,2007,2,V17,int64
hogar,2007,2,V18,int64
hogar,2007,2,V19_A,int64
hogar,2007,2,V19_B,int64
hogar,2007,2,IX_TOT,int64
hogar,2007,2,IX_MEN10,float64
hogar,2007,2,IX_MAYEQ10,int64
hogar,2007,2,ITF,float64
hogar,2007,2,DECIFR,str
hogar,2007,2,IDECIFR,str
hogar,2007,2,RDECIFR,str
hogar,2007,2,GDECIFR,str
hogar,2007,2,PDECIFR,str
hogar,2007,2,ADECIFR,str
hogar,2007,2,IPCF,float64
hogar,2007,2,DECCFR,str
hogar,2007,2,IDECCFR,str
hogar,2007,2,RDECCFR,str
hogar,2007,2,GDECCFR,str
hogar,2007,2,PDECCFR,str
hogar,2007,2,ADECCFR,str
hogar,2007,2,VII1_1,int64
hogar,2007,2,VII1_2,int64
hogar,2007,2,VII2_1,int64
hogar,2007,2,VII2_2,int64
hogar,2007,2,VII2_3,int64
hogar,2007,2,VII2_4,int64
hogar,2007,2,IDIMPH,str
individual,2007,2,CODUSU,string
individual,2007,2,NRO_HOGAR,Int16
individual,2007,2,COMPONENTE,Int16
individual,2007,2,H15,int64
individual,2007,2,ANO4,Int16
individual,2007,2,TRIMESTRE,Int16
individual,2007,2,REGION,int64
individual,2007,2,MAS_500,str
individual,2007,2,AGLOMERADO,Int16
individual,2007,2,PONDERA,int64
individual,2007,2,CH03,int64
individual,2007,2,CH04,int64
individual,2007,2,CH06,int64
individual,2007,2,CH07,int64
individual,2007,2,CH08,int64
individual,2007,2,CH09,int64
individual,2007,2,CH10,int64
individual,2007,2,CH11,int64
individual,2007,2,CH12,int64
individual,2007,2,CH13,int64
individual,2007,2,CH14,str
individual,2007,2,CH15,int64
individual,2007,2,CH15_COD,str
individual,2007,2,CH16,int64
individual,2007,2,CH16_COD,str
individual,2007,2,NIVEL_ED,int64
individual,2007,2,ESTADO,int64
individual,2007,2,CAT_OCUP,int64
individual,2007,2,CAT_INAC,int64
individual,2007,2,PP02C1,int64
individual,2007,2,PP02C2,int64
individual,2007,2,PP02C3,int64
individual,2007,2,PP02C4,int64
individual,2007,2,PP02C5,int64
individual,2007,2,PP02C6,int64
individual,2007,2,PP02C7,int64
individual,2007,2,PP02C8,int64
individual,2007,2,PP02E,int64
individual,2007,2,PP02H,int64
individual,2007,2,PP02I,int64
individual,2007,2,PP03C,int64
individual,2007,2,PP03D,int64
individual,2007,2,PP3E_TOT,int64
individual,2007,2,PP3F_TOT,int64
individual,2007,2,PP03G,int64
individual,2007,2,PP03H,int64
individual,2007,2,PP03I,int64
individual,2007,2,PP03J,int64
individual,2007,2,INTENSI,int64
individual,2007,2,PP04A,int64
individual,2007,2,PP04B_COD,str
individual,2007,2,PP04B1,int64
individual,2007,2,PP04B2,int64
individual,2007,2,PP04B3_MES,int64
individual,2007,2,PP04B3_ANO,int64
individual,2007,2,PP04B3_DIA,int64
individual,2007,2,PP04C,int64
individual,2007,2,PP04C99,int64
individual,2007,2,PP04D_COD,str
individual,2007,2,PP04G,int64
individual,2007,2,PP05B2_MES,int64
individual,2007,2,PP05B2_ANO,int64
individual,2007,2,PP05B2_DIA,int64
individual,2007,2,PP05C_1,int64
individual,2007,2,PP05C_2,int64
individual,2007,2,PP05C_3,int64
individual,2007,2,PP05E,int64
individual,2007,2,PP05F,int64
individual,2007,2,PP05H,int64
individual,2007,2,PP06A,int64
individual,2007,2,PP06C,int64
individual,2007,2,PP06D,int64
individual,2007,2,PP06E,int64
individual,2007,2,PP06H,int64
individual,2007,2,PP07A,int64
individual,2007,2,PP07C,int64
individual,2007,2,PP07D,int64
individual,2007,2,PP07E,int64
individual,2007,2,PP07F1,int64
individual,2007,2,PP07F2,int64
individual,2007,2,PP07F3,int64
individual,2007,2,PP07F4,int64
individual,2007,2,PP07F5,int64
individual,2007,2,PP07G1,int64
individual,2007,2,PP07G2,int64
individual,2007,2,PP07G3,int64
individual,2007,2,PP07G4,int64
individual,2007,2,PP07G_59,int64
individual,2007,2,PP07H,int64
individual,2007,2,PP07I,int64
individual,2007,2,PP07J,int64
individual,2007,2,PP07K,int64
individual,2007,2,PP08D1,int64
individual,2007,2,PP08D4,int64
individual,2007,2,PP08F1,int64
individual,2007,2,PP08F2,int64
individual,2007,2,PP08J1,int64
individual,2007,2,PP08J2,int64
individual,2007,2,PP08J3,int64
individual,2007,2,PP09A,int64
individual,2007,2,PP09A_ESP,str
individual,2007,2,PP09B,int64
individual,2007,2,PP09C,int64
individual,2007,2,PP09C_ESP,str
individual,2007,2,PP10A,int64
individual,2007,2,PP10C,int64
individual,2007,2,PP10D,int64
individual,2007,2,PP10E,int64
individual,2007,2,PP11A,int64
individual,2007,2,PP11B_COD,str
individual,2007,2,PP11B1,int64
individual,2007,2,PP11B2_MES,int64
individual,2007,2,PP11B2_ANO,int64
individual,2007,2,PP11B2_DIA,int64
individual,2007,2,PP11C,int64
individual,2007,2,PP11C99,int64
individual,2007,2,PP11D_COD,str
individual,2007,2,PP11G_ANO,int64
individual,2007,2,PP11G_MES,int64
individual,2007,2,PP11G_DIA,int64
individual,2007,2,PP11L,int64
individual,2007,2,PP11L1,int64
individual,2007,2,PP11M,int64
individual,2007,2,PP11N,int64
individual,2007,2,PP11O,int64
individual,2007,2,PP11P,int64
individual,2007,2,PP11Q,int64
individual,2007,2,PP11R,int64
individual,2007,2,PP11S,int64
individual,2007,2,PP11T,int64
individual,2007,2,P21,int64
individual,2007,2,DECOCUR,str
individual,2007,2,IDECOCUR,str
individual,2007,2,RDECOCUR,str
individual,2007,2,GDECOCUR,str
individual,2007,2,PDECOCUR,str
individual,2007,2,ADECOCUR,str
individual,2007,2,TOT_P12,int64
individual,2007,2,P47T,int64
individual,2007,2,DECINDR,str
individual,2007,2,IDECINDR,str
individual,2007,2,RDECINDR,str
individual,2007,2,GDECINDR,str
individual,2007,2,PDECINDR,str
individual,2007,2,ADECINDR,str
individual,2007,2,V2_M,int64
individual,2007,2,V3_M,int64
individual,2007,2,V4_M,int64
individual,2007,2,V5_M,int64
individual,2007,2,V8_M,int64
individual,2007,2,V9_M,int64
individual,2007,2,V10_M,int64
individual,2007,2,V11_M,int64
individual,2007,2,V12_M,int64
individual,2007,2,V18_M,int64
individual,2007,2,V19_AM,int64
individual,2007,2,V21_M,int64
individual,2007,2,T_VI,int64
individual,2007,2,ITF,int64
individual,2007,2,DECIFR,str
individual,2007,2,IDECIFR,str
individual,2007,2,RDECIFR,str
individual,2007,2,GDECIFR,str
individual,2007,2,PDECIFR,str
individual,2007,2,ADECIFR,str
individual,2007,2,IPCF,float64
individual,2007,2,DECCFR,str
individual,2007,2,IDECCFR,str
individual,2007,2,RDECCFR,str
individual,2007,2,GDECCFR,str
individual,2007,2,PDECCFR,str
individual,2007,2,ADECCFR,str
individual,2007,2,PJ1_1,int64
individual,2007,2,PJ2_1,int64
individual,2007,2,PJ3_1,int64
individual,2007,2,IDIMPP,str
hogar,2007,4,CODUSU,string
hogar,2007,4,NRO_HOGAR,Int16
hogar,2007,4,REALIZADA,int64
hogar,2007,4,ANO4,Int16
hogar,2007,4,TRIMESTRE,Int16
hogar,2007,4,REGION,int64
hogar,2007,4,MAS_500,str
hogar,2007,4,AGLOMERADO,Int16
hogar,2007,4,PONDERA,int64
hogar,2007,4,IV1,int64
hogar,2007,4,IV1_ESP,str
hogar,2007,4,IV2,int64
hogar,2007,4,IV3,int64
hogar,2007,4,IV3_ESP,str
hogar,2007,4,IV4,int64
hogar,2007,4,IV5,int64
hogar,2007,4,IV6,int64
hogar,2007,4,IV7,int64
hogar,2007,4,IV7_ESP,str
hogar,2007,4,IV8,int64
hogar,2007,4,IV9,int64
hogar,2007,4,IV10,int64
hogar,2007,4,IV11,int64
hogar,2007,4,IV12_1,int64
hogar,2007,4,IV12_2,int64
hogar,2007,4,IV12_3,int64
hogar,2007,4,II1,int64
hogar,2007,4,II2,int64
hogar,2007,4,II3,int64
hogar,2007,4,II3_1,int64
hogar,2007,4,II4_1,int64
hogar,2007,4,II4_2,int64
hogar,2007,4,II4_3,int64
hogar,2007,4,II5,int64
hogar,2007,4,II5_1,int64
hogar,2007,4,II6,int64
hogar,2007,4,II6_1,int64
hogar,2007,4,II7,int64
hogar,2007,4,II7_ESP,str
hogar,2007,4,II8,int64
hogar,2007,4,II8_ESP,str
hogar,2007,4,II9,int64
hogar,2007,4,V1,int64
hogar,2007,4,V2,int64
hogar,2007,4,V21,int64
hogar,2007,4,V22,int64
hogar,2007,4,V3,int64
hogar,2007,4,V4,int64
hogar,2007,4,V5,int64
hogar,2007,4,V6,int64
hogar,2007,4,V7,int64
hogar,2007,4,V8,int64
hogar,2007,4,V9,int64
hogar,2007,4,V10,int64
hogar,2007,4,V11,int64
hogar,2007,4,V12,int64
hogar,2007,4,V13,int64
hogar,2007,4,V14,int64
hogar,2007,4,V15,int64
hogar,2007,4,V16,int64
hogar,2007,4,V17,int64
hogar,2007,4,V18,int64
hogar,2007,4,V19_A,int64
hogar,2007,4,V19_B,int64
hogar,2007,4,IX_TOT,int64
hogar,2007,4,IX_MEN10,float64
hogar,2007,4,IX_MAYEQ10,int64
hogar,2007,4,ITF,float64
hogar,2007,4,DECIFR,str
hogar,2007,4,IDECIFR,str
hogar,2007,4,RDECIFR,str
hogar,2007,4,GDECIFR,str
hogar,2007,4,PDECIFR,str
hogar,2007,4,ADECIFR,str
hogar,2007,4,IPCF,float64
hogar,2007,4,DECCFR,str
hogar,2007,4,IDECCFR,str
hogar,2007,4,RDECCFR,str
hogar,2007,4,GDECCFR,str
hogar,2007,4,PDECCFR,str
hogar,2007,4,ADECCFR,str
hogar,2007,4,VII1_1,int64
hogar,2007,4,VII1_2,int64
hogar,2007,4,VII2_1,int64
hogar,2007,4,VII2_2,int64
hogar,2007,4,VII2_3,int64
hogar,2007,4,VII2_4,int64
hogar,2007,4,IDIMPH,str
individual,2007,4,CODUSU,string
individual,2007,4,NRO_HOGAR,Int16
individual,2007,4,COMPONENTE,Int16
individual,2007,4,H15,int64
individual,2007,4,ANO4,Int16
individual,2007,4,TRIMESTRE,Int16
individual,2007,4,REGION,int64
individual,2007,4,MAS_500,str
individual,2007,4,AGLOMERADO,Int16
individual,2007,4,PONDERA,int64
individual,2007,4,CH03,int64
individual,2007,4,CH04,int64
individual,2007,4,CH06,int64
individual,2007,4,CH07,int64
individual,2007,4,CH08,int64
individual,2007,4,CH09,int64
individual,2007,4,CH10,int64
individual,2007,4,CH11,int64
individual,2007,4,CH12,int64
individual,2007,4,CH13,int64
individual,2007,4,CH14,str
individual,2007,4,CH15,int64
individual,2007,4,CH15_COD,str
individual,2007,4,CH16,int64
individual,2007,4,CH16_COD,str
individual,2007,4,NIVEL_ED,int64
individual,2007,4,ESTADO,int64
individual,2007,4,CAT_OCUP,int64
individual,2007,4,CAT_INAC,int64
individual,2007,4,PP02C1,int64
individual,2007,4,PP02C2,int64
individual,2007,4,PP02C3,int64
individual,2007,4,PP02C4,int64
individual,2007,4,PP02C5,int64
individual,2007,4,PP02C6,int64
individual,2007,4,PP02C7,int64
individual,2007,4,PP02C8,int64
individual,2007,4,PP02E,int64
individual,2007,4,PP02H,int64
individual,2007,4,PP02I,int64
individual,2007,4,PP03C,int64
individual,2007,4,PP03D,int64
individual,2007,4,PP3E_TOT,int64
individual,2007,4,PP3F_TOT,int64
individual,2007,4,PP03G,int64
individual,2007,4,PP03H,int64
individual,2007,4,PP03I,int64
individual,2007,4,PP03J,int64
individual,2007,4,INTENSI,int64
individual,2007,4,PP04A,int64
individual,2007,4,PP04B_COD,str
individual,2007,4,PP04B1,int64
individual,2007,4,PP04B2,int64
individual,2007,4,PP04B3_MES,int64
individual,2007,4,PP04B3_ANO,int64
individual,2007,4,PP04B3_DIA,int64
individual,2007,4,PP04C,int64
individual,2007,4,PP04C99,int64
individual,2007,4,PP04D_COD,str
individual,2007,4,PP04G,int64
individual,2007,4,PP05B2_MES,int64
individual,2007,4,PP05B2_ANO,int64
individual,2007,4,PP05B2_DIA,int64
individual,2007,4,PP05C_1,int64
individual,2007,4,PP05C_2,int64
individual,2007,4,PP05C_3,int64
individual,2007,4,PP05E,int64
individual,2007,4,PP05F,int64
individual,2007,4,PP05H,int64
individual,2007,4,PP06A,int64
individual,2007,4,PP06C,int64
individual,2007,4,PP06D,int64
individual,2007,4,PP06E,int64
individual,2007,4,PP06H,int64
individual,2007,4,PP07A,int64
individual,2007,4,PP07C,int64
individual,2007,4,PP07D,int64
individual,2007,4,PP07E,int64
individual,2007,4,PP07F1,int64
individual,2007,4,PP07F2,int64
individual,2007,4,PP07F3,int64
individual,2007,4,PP07F4,int64
individual,2007,4,PP07F5,int64
individual,2007,4,PP07G1,int64
individual,2007,4,PP07G2,int64
individual,2007,4,PP07G3,int64
individual,2007,4,PP07G4,int64
individual,2007,4,PP07G_59,int64
individual,2007,4,PP07H,int64
individual,2007,4,PP07I,int64
individual,2007,4,PP07J,int64
individual,2007,4,PP07K,int64
individual,2007,4,PP08D1,int64
individual,2007,4,PP08D4,int64
individual,2007,4,PP08F1,int64
individual,2007,4,PP08F2,int64
individual,2007,4,PP08J1,int64
individual,2007,4,PP08J2,int64
individual,2007,4,PP08J3,int64
individual,2007,4,PP09A,int64
individual,2007,4,PP09A_ESP,str
individual,2007,4,PP09B,int64
individual,2007,4,PP09C,int64
individual,2007,4,PP09C_ESP,str
individual,2007,4,PP10A,int64
individual,2007,4,PP10C,int64
individual,2007,4,PP10D,int64
individual,2007,4,PP10E,int64
individual,2007,4,PP11A,int64
individual,2007,4,PP11B_COD,str
individual,2007,4,PP11B1,int64
individual,2007,4,PP11B2_MES,int64
individual,2007,4,PP11B2_ANO,int64
individual,2007,4,PP11B2_DIA,int64
individual,2007,4,PP11C,int64
individual,2007,4,PP11C99,int64
individual,2007,4,PP11D_COD,str
individual,2007,4,PP11G_ANO,int64
individual,2007,4,PP11G_MES,int64
individual,2007,4,PP11G_DIA,int64
individual,2007,4,PP11L,int64
individual,2007,4,PP11L1,int64
individual,2007,4,PP11M,int64
individual,2007,4,PP11N,int64
individual,2007,4,PP11O,int64
individual,2007,4,PP11P,int64
individual,2007,4,PP11Q,int64
individual,2007,4,PP11R,int64
individual,2007,4,PP11S,int64
individual,2007,4,PP11T,int64
individual,2007,4,P21,int64
individual,2007,4,DECOCUR,str
individual,2007,4,IDECOCUR,str
individual,2007,4,RDECOCUR,str
individual,2007,4,GDECOCUR,str
individual,2007,4,PDECOCUR,str
individual,2007,4,ADECOCUR,str
individual,2007,4,TOT_P12,int64
individual,2007,4,P47T,int64
individual,2007,4,DECINDR,str
individual,2007,4,IDECINDR,str
individual,2007,4,RDECINDR,str
individual,2007,4,GDECINDR,str
individual,2007,4,PDECINDR,str
individual,2007,4,ADECINDR,str
individual,2007,4,V2_M,int64
individual,2007,4,V3_M,int64
individual,2007,4,V4_M,int64
individual,2007,4,V5_M,int64
individual,2007,4,V8_M,int64
individual,2007,4,V9_M,int64
individual,2007,4,V10_M,int64
individual,2007,4,V11_M,int64
individual,2007,4,V12_M,int64
individual,2007,4,V18_M,int64
individual,2007,4,V19_AM,int64
individual,2007,4,V21_M,int64
individual,2007,4,T_VI,int64
individual,2007,4,ITF,int64
individual,2007,4,DECIFR,str
individual,2007,4,IDECIFR,str
individual,2007,4,RDECIFR,str
individual,2007,4,GDECIFR,str
individual,2007,4,PDECIFR,str
individual,2007,4,ADECIFR,str
individual,2007,4,IPCF,float64
individual,2007,4,DECCFR,str
individual,2007,4,IDECCFR,str
individual,2007,4,RDECCFR,str
individual,2007,4,GDECCFR,str
individual,2007,4,PDECCFR,str
individual,2007,4,ADECCFR,str
individual,2007,4,PJ1_1,int64
individual,2007,4,PJ2_1,int64
individual,2007,4,PJ3_1,int64
individual,2007,4,IDIMPP,str
hogar,2008,1,CODUSU,string
hogar,2008,1,NRO_HOGAR,Int16
hogar,2008,1,REALIZADA,int64
hogar,2008,1,ANO4,Int16
hogar,2008,1,TRIMESTRE,Int16
hogar,2008,1,REGION,int64
hogar,2008,1,MAS_500,str
hogar,2008,1,AGLOMERADO,Int16
hogar,2008,1,PONDERA,int64
hogar,2008,1,IV1,int64
hogar,2008,1,IV1_ESP,str
hogar,2008,1,IV2,int64
hogar,2008,1,IV3,int64
hogar,2008,1,IV3_ESP,str
hogar,2008,1,IV4,int64
hogar,2008,1,IV5,int64
hogar,2008,1,IV6,int64
hogar,2008,1,IV7,int64
hogar,2008,1,IV7_ESP,str
hogar,2008,1,IV8,int64
hogar,2008,1,IV9,int64
hogar,2008,1,IV10,int64
hogar,2008,1,IV11,int64
hogar,2008,1,IV12_1,int64
hogar,2008,1,IV12_2,int64
hogar,2008,1,IV12_3,int64
hogar,2008,1,II1,int64
hogar,2008,1,II2,int64
hogar,2008,1,II3,int64
hogar,2008,1,II3_1,int64
hogar,2008,1,II4_1,int64
hogar,2008,1,II4_2,int64
hogar,2008,1,II4_3,int64
hogar,2008,1,II5,int64
hogar,2008,1,II5_1,int64
hogar,2008,1,II6,int64
hogar,2008,1,II6_1,int64
hogar,2008,1,II7,int64
hogar,2008,1,II7_ESP,str
hogar,2008,1,II8,int64
hogar,2008,1,II8_ESP,str
hogar,2008,1,II9,int64
hogar,2008,1,V1,int64
hogar,2008,1,V2,int64
hogar,2008,1,V21,int64
hogar,2008,1,V22,int64
hogar,2008,1,V3,int64
hogar,2008,1,V4,int64
hogar,2008,1,V5,int64
hogar,2008,1,V6,int64
hogar,2008,1,V7,int64
hogar,2008,1,V8,int64
hogar,2008,1,V9,int64
hogar,2008,1,V10,int64
hogar,2008,1,V11,int64
hogar,2008,1,V12,int64
hogar,2008,1,V13,int64
hogar,2008,1,V14,int64
hogar,2008,1,V15,int64
hogar,2008,1,V16,int64
hogar,2008,1,V17,int64
hogar,2008,1,V18,int64
hogar,2008,1,V19_A,int64
hogar,2008,1,V19_B,int64
hogar,2008,1,IX_TOT,int64
hogar,2008,1,IX_MEN10,float64
hogar,2008,1,IX_MAYEQ10,int64
hogar,2008,1,ITF,float64
hogar,2008,1,DECIFR,str
hogar,2008,1,IDECIFR,str
hogar,2008,1,RDECIFR,str
hogar,2008,1,GDECIFR,str
hogar,2008,1,PDECIFR,str
hogar,2008,1,ADECIFR,str
hogar,2008,1,IPCF,float64
hogar,2008,1,DECCFR,str
hogar,2008,1,IDECCFR,str
hogar,2008,1,RDECCFR,str
hogar,2008,1,GDECCFR,str
hogar,2008,1,PDECCFR,str
hogar,2008,1,ADECCFR,str
hogar,2008,1,VII1_1,int64
hogar,2008,1,VII1_2,int64
hogar,2008,1,VII2_1,int64
hogar,2008,1,VII2_2,int64
hogar,2008,1,VII2_3,int64
hogar,2008,1,VII2_4,int64
hogar,2008,1,IDIMPH,str
individual,2008,1,CODUSU,string
individual,2008,1,NRO_HOGAR,Int16
individual,2008,1,COMPONENTE,Int16
individual,2008,1,H15,int64
individual,2008,1,ANO4,Int16
individual,2008,1,TRIMESTRE,Int16
individual,2008,1,REGION,int64
individual,2008,1,MAS_500,str
individual,2008,1,AGLOMERADO,Int16
individual,2008,1,PONDERA,int64
individual,2008,1,CH03,int64
individual,2008,1,CH04,int64
individual,2008,1,CH06,int64
individual,2008,1,CH07,int64
individual,2008,1,CH08,int64
individual,2008,1,CH09,int64
individual,2008,1,CH10,int64
individual,2008,1,CH11,int64
individual,2008,1,CH12,int64
individual,2008,1,CH13,int64
individual,2008,1,CH14,str
individual,2008,1,CH15,int64
individual,2008,1,CH15_COD,str
individual,2008,1,CH16,int64
individual,2008,1,CH16_COD,str
individual,2008,1,NIVEL_ED,int64
individual,2008,1,ESTADO,int64
individual,2008,1,CAT_OCUP,int64
individual,2008,1,CAT_INAC,int64
individual,2008,1,PP02C1,int64
individual,2008,1,PP02C2,int64
individual,2008,1,PP02C3,int64
individual,2008,1,PP02C4,int64
individual,2008,1,PP02C5,int64
individual,2008,1,PP02C6,int64
individual,2008,1,PP02C7,int64
individual,2008,1,PP02C8,int64
individual,2008,1,PP02E,int64
individual,2008,1,PP02H,int64
individual,2008,1,PP02I,int64
individual,2008,1,PP03C,int64
individual,2008,1,PP03D,int64
individual,2008,1,PP3E_TOT,int64
individual,2008,1,PP3F_TOT,int64
individual,2008,1,PP03G,int64
individual,2008,1,PP03H,int64
individual,2008,1,PP03I,int64
individual,2008,1,PP03J,int64
individual,2008,1,INTENSI,int64
individual,2008,1,PP04A,int64
individual,2008,1,PP04B_COD,str
individual,2008,1,PP04B1,int64
individual,2008,1,PP04B2,int64
individual,2008,1,PP04B3_MES,int64
individual,2008,1,PP04B3_ANO,int64
individual,2008,1,PP04B3_DIA,int64
individual,2008,1,PP04C,int64
individual,2008,1,PP04C99,int64
individual,2008,1,PP04D_COD,str
individual,2008,1,PP04G,int64
individual,2008,1,PP05B2_MES,int64
individual,2008,1,PP05B2_ANO,int64
individual,2008,1,PP05B2_DIA,int64
individual,2008,1,PP05C_1,int64
individual,2008,1,PP05C_2,int64
individual,2008,1,PP05C_3,int64
individual,2008,1,PP05E,int64
individual,2008,1,PP05F,int64
individual,2008,1,PP05H,int64
individual,2008,1,PP06A,int64
individual,2008,1,PP06C,int64
individual,2008,1,PP06D,int64
individual,2008,1,PP06E,int64
individual,2008,1,PP06H,int64
individual,2008,1,PP07A,int64
individual,2008,1,PP07C,int64
individual,2008,1,PP07D,int64
individual,2008,1,PP07E,int64
individual,2008,1,PP07F1,int64
individual,2008,1,PP07F2,int64
individual,2008,1,PP07F3,int64
individual,2008,1,PP07F4,int64
individual,2008,1,PP07F5,int64
individual,2008,1,PP07G1,int64
individual,2008,1,PP07G2,int64
individual,2008,1,PP07G3,int64
individual,2008,1,PP07G4,int64
individual,2008,1,PP07G_59,int64
individual,2008,1,PP07H,int64
individual,2008,1,PP07I,int64
individual,2008,1,PP07J,int64
individual,2008,1,PP07K,int64
individual,2008,1,PP08D1,int64
individual,2008,1,PP08D4,int64
individual,2008,1,PP08F1,int64
individual,2008,1,PP08F2,int64
individual,2008,1,PP08J1,int64
individual,2008,1,PP08J2,int64
individual,2008,1,PP08J3,int64
individual,2008,1,PP09A,int64
individual,2008,1,PP09A_ESP,str
individual,2008,1,PP09B,int64
individual,2008,1,PP09C,int64
individual,2008,1,PP09C_ESP,str
individual,2008,1,PP10A,int64
individual,2008,1,PP10C,int64
individual,2008,1,PP10D,int64
individual,2008,1,PP10E,int64
individual,2008,1,PP11A,int64
individual,2008,1,PP11B_COD,str
individual,2008,1,PP11B1,int64
individual,2008,1,PP11B2_MES,int64
individual,2008,1,PP11B2_ANO,int64
individual,2008,1,PP11B2_DIA,int64
individual,2008,1,PP11C,int64
individual,2008,1,PP11C99,int64
individual,2008,1,PP11D_COD,str
individual,2008,1,PP11G_ANO,int64
individual,2008,1,PP11G_MES,int64
individual,2008,1,PP11G_DIA,int64
individual,2008,1,PP11L,int64
individual,2008,1,PP11L1,int64
individual,2008,1,PP11M,int64
individual,2008,1,PP11N,int64
individual,2008,1,PP11O,int64
individual,2008,1,PP11P,int64
individual,2008,1,PP11Q,int64
individual,2008,1,PP11R,int64
individual,2008,1,PP11S,int64
individual,2008,1,PP11T,int64
individual,2008,1,P21,int64
individual,2008,1,DECOCUR,str
individual,2008,1,IDECOCUR,str
individual,2008,1,RDECOCUR,str
individual,2008,1,GDECOCUR,str
individual,2008,1,PDECOCUR,str
individual,2008,1,ADECOCUR,str
individual,2008,1,TOT_P12,int64
individual,2008,1,P47T,int64
individual,2008,1,DECINDR,str
individual,2008,1,IDECINDR,str
individual,2008,1,RDECINDR,str
individual,2008,1,GDECINDR,str
individual,2008,1,PDECINDR,str
individual,2008,1,ADECINDR,str
individual,2008,1,V2_M,int64
individual,2008,1,V3_M,int64
individual,2008,1,V4_M,int64
individual,2008,1,V5_M,int64
individual,2008,1,V8_M,int64
individual,2008,1,V9_M,int64
individual,2008,1,V10_M,int64
individual,2008,1,V11_M,int64
individual,2008,1,V12_M,int64
individual,2008,1,V18_M,int64
individual,2008,1,V19_AM,int64
individual,2008,1,V21_M,int64
individual,2008,1,T_VI,int64
individual,2008,1,ITF,int64
individual,2008,1,DECIFR,str
individual,2008,1,IDECIFR,str
individual,2008,1,RDECIFR,str
individual,2008,1,GDECIFR,str
individual,2008,1,PDECIFR,str
individual,2008,1,ADECIFR,str
individual,2008,1,IPCF,float64
individual,2008,1,DECCFR,str
individual,2008,1,IDECCFR,str
individual,2008,1,RDECCFR,str
individual,2008,1,GDECCFR,str
individual,2008,1,PDECCFR,str
individual,2008,1,ADECCFR,str
individual,2008,1,PJ1_1,int64
individual,2008,1,PJ2_1,int64
individual,2008,1,PJ3_1,int64
individual,2008,1,IDIMPP,str
hogar,2008,2,CODUSU,string
hogar,2008,2,NRO_HOGAR,Int16
hogar,2008,2,REALIZADA,int64
hogar,2008,2,ANO4,Int16
hogar,2008,2,TRIMESTRE,Int16
hogar,2008,2,REGION,int64
hogar,2008,2,MAS_500,str
hogar,2008,2,AGLOMERADO,Int16
hogar,2008,2,PONDERA,int64
hogar,2008,2,IV1,int64
hogar,2008,2,IV1_ESP,str
hogar,2008,2,IV2,int64
hogar,2008,2,IV3,int64
hogar,2008,2,IV3_ESP,str
hogar,2008,2,IV4,int64
hogar,2008,2,IV5,int64
hogar,2008,2,IV6,int64
hogar,2008,2,IV7,int64
hogar,2008,2,IV7_ESP,str
hogar,2008,2,IV8,int64
hogar,2008,2,IV9,int64
hogar,2008,2,IV10,int64
hogar,2008,2,IV11,int64
hogar,2008,2,IV12_1,int64
hogar,2008,2,IV12_2,int64
hogar,2008,2,IV12_3,int64
hogar,2008,2,II1,int64
hogar,2008,2,II2,int64
hogar,2008,2,II3,int64
hogar,2008,2,II3_1,int64
hogar,2008,2,II4_1,int64
hogar,2008,2,II4_2,int64
hogar,2008,2,II4_3,int64
hogar,2008,2,II5,int64
hogar,2008,2,II5_1,int64
hogar,2008,2,II6,int64
hogar,2008,2,II6_1,int64
hogar,2008,2,II7,int64
hogar,2008,2,II7_ESP,str
hogar,2008,2,II8,int64
hogar,2008,2,II8_ESP,str
hogar,2008,2,II9,int64
hogar,2008,2,V1,int64
hogar,2008,2,V2,int64
hogar,2008,2,V21,int64
hogar,2008,2,V22,int64
hogar,2008,2,V3,int64
hogar,2008,2,V4,int64
hogar,2008,2,V5,int64
hogar,2008,2,V6,int64
hogar,2008,2,V7,int64
hogar,2008,2,V8,int64
hogar,2008,2,V9,int64
hogar,2008,2,V10,int64
hogar,2008,2,V11,int64
hogar,2008,2,V12,int64
hogar,2008,2,V13,int64
hogar,2008,2,V14,int64
hogar,2008,2,V15,int64
hogar,2008,2,V16,int64
hogar,2008,2,V17,int64
hogar,2008,2,V18,int64
hogar,2008,2,V19_A,int64
hogar,2008,2,V19_B,int64
hogar,2008,2,IX_TOT,int64
hogar,2008,2,IX_MEN10,float64
hogar,2008,2,IX_MAYEQ10,int64
hogar,2008,2,ITF,float64
hogar,2008,2,DECIFR,str
hogar,2008,2,IDECIFR,str
hogar,2008,2,RDECIFR,str
hogar,2008,2,GDECIFR,str
hogar,2008,2,PDECIFR,str
hogar,2008,2,ADECIFR,str
hogar,2008,2,IPCF,float64
hogar,2008,2,DECCFR,str
hogar,2008,2,IDECCFR,str
hogar,2008,2,RDECCFR,str
hogar,2008,2,GDECCFR,str
hogar,2008,2,PDECCFR,str
hogar,2008,2,ADECCFR,str
hogar,2008,2,VII1_1,int64
hogar,2008,2,VII1_2,int64
hogar,2008,2,VII2_1,int64
hogar,2008,2,VII2_2,int64
hogar,2008,2,VII2_3,int64
hogar,2008,2,VII2_4,int64
hogar,2008,2,IDIMPH,str
individual,2008,2,CODUSU,string
individual,2008,2,NRO_HOGAR,Int16
individual,2008,2,COMPONENTE,Int16
individual,2008,2,H15,int64
individual,2008,2,ANO4,Int16
individual,2008,2,TRIMESTRE,Int16
individual,2008,2,REGION,int64
individual,2008,2,MAS_500,str
individual,2008,2,AGLOMERADO,Int16
individual,2008,2,PONDERA,int64
individual,2008,2,CH03,int64
individual,2008,2,CH04,int64
individual,2008,2,CH06,int64
individual,2008,2,CH07,int64
individual,2008,2,CH08,int64
individual,2008,2,CH09,int64
individual,2008,2,CH10,int64
individual,2008,2,CH11,int64
individual,2008,2,CH12,int64
individual,2008,2,CH13,int64
individual,2008,2,CH14,str
individual,2008,2,CH15,int64
individual,2008,2,CH15_COD,str
individual,2008,2,CH16,int64
individual,2008,2,CH16_COD,str
individual,2008,2,NIVEL_ED,int64
individual,2008,2,ESTADO,int64
individual,2008,2,CAT_OCUP,int64
individual,2008,2,CAT_INAC,int64
individual,2008,2,PP02C1,int64
individual,2008,2,PP02C2,int64
individual,2008,2,PP02C3,int64
individual,2008,2,PP02C4,int64
individual,2008,2,PP02C5,int64
individual,2008,2,PP02C6,int64
individual,2008,2,PP02C7,int64
individual,2008,2,PP02C8,int64
individual,2008,2,PP02E,int64
individual,2008,2,PP02H,int64
individual,2008,2,PP02I,int64
individual,2008,2,PP03C,int64
individual,2008,2,PP03D,int64
individual,2008,2,PP3E_TOT,int64
individual,2008,2,PP3F_TOT,int64
individual,2008,2,PP03G,int64
individual,2008,2,PP03H,int64
individual,2008,2,PP03I,int64
individual,2008,2,PP03J,int64
individual,2008,2,INTENSI,int64
individual,2008,2,PP04A,int64
individual,2008,2,PP04B_COD,str
individual,2008,2,PP04B1,int64
individual,2008,2,PP04B2,int64
individual,2008,2,PP04B3_MES,int64
individual,2008,2,PP04B3_ANO,int64
individual,2008,2,PP04B3_DIA,int64
individual,2008,2,PP04C,int64
individual,2008,2,PP04C99,int64
individual,2008,2,PP04D_COD,str
individual,2008,2,PP04G,int64
individual,2008,2,PP05B2_MES,int64
individual,2008,2,PP05B2_ANO,int64
individual,2008,2,PP05B2_DIA,int64
individual,2008,2,PP05C_1,int64
individual,2008,2,PP05C_2,int64
individual,2008,2,PP05C_3,int64
individual,2008,2,PP05E,int64
individual,2008,2,PP05F,int64
individual,2008,2,PP05H,int64
individual,2008,2,PP06A,int64
individual,2008,2,PP06C,int64
individual,2008,2,PP06D,int64
individual,2008,2,PP06E,int64
individual,2008,2,PP06H,int64
individual,2008,2,PP07A,int64
individual,2008,2,PP07C,int64
individual,2008,2,PP07D,int64
individual,2008,2,PP07E,int64
individual,2008,2,PP07F1,int64
individual,2008,2,PP07F2,int64
individual,2008,2,PP07F3,int64
individual,2008,2,PP07F4,int64
individual,2008,2,PP07F5,int64
individual,2008,2,PP07G1,int64
individual,2008,2,PP07G2,int64
individual,2008,2,PP07G3,int64
individual,2008,2,PP07G4,int64
individual,2008,2,PP07G_59,int64
individual,2008,2,PP07H,int64
individual,2008,2,PP07I,int64
individual,2008,2,PP07J,int64
individual,2008,2,PP07K,int64
individual,2008,2,PP08D1,int64
individual,2008,2,PP08D4,int64
individual,2008,2,PP08F1,int64
individual,2008,2,PP08F2,int64
individual,2008,2,PP08J1,int64
individual,2008,2,PP08J2,int64
individual,2008,2,PP08J3,int64
individual,2008,2,PP09A,int64
individual,2008,2,PP09A_ESP,str
individual,2008,2,PP09B,int64
individual,2008,2,PP09C,int64
individual,2008,2,PP09C_ESP,str
individual,2008,2,PP10A,int64
individual,2008,2,PP10C,int64
individual,2008,2,PP10D,int64
individual,2008,2,PP10E,int64
individual,2008,2,PP11A,int64
individual,2008,2,PP11B_COD,str
individual,2008,2,PP11B1,int64
individual,2008,2,PP11B2_MES,int64
individual,2008,2,PP11B2_ANO,int64
individual,2008,2,PP11B2_DIA,int64
individual,2008,2,PP11C,int64
individual,2008,2,PP11C99,int64
individual,2008,2,PP11D_COD,str
individual,2008,2,PP11G_ANO,int64
individual,2008,2,PP11G_MES,int64
individual,2008,2,PP11G_DIA,int64
individual,2008,2,PP11L,int64
individual,2008,2,PP11L1,int64
individual,2008,2,PP11M,int64
individual,2008,2,PP11N,int64
individual,2008,2,PP11O,int64
individual,2008,2,PP11P,int64
individual,2008,2,PP11Q,int64
individual,2008,2,PP11R,int64
individual,2008,2,PP11S,int64
individual,2008,2,PP11T,int64
individual,2008,2,P21,int64
individual,2008,2,DECOCUR,str
individual,2008,2,IDECOCUR,str
individual,2008,2,RDECOCUR,str
individual,2008,2,GDECOCUR,str
individual,2008,2,PDECOCUR,str
individual,2008,2,ADECOCUR,str
individual,2008,2,TOT_P12,int64
individual,2008,2,P47T,int64
individual,2008,2,DECINDR,str
individual,2008,2,IDECINDR,str
individual,2008,2,RDECINDR,str
individual,2008,2,GDECINDR,str
individual,2008,2,PDECINDR,str
individual,2008,2,ADECINDR,str
individual,2008,2,V2_M,int64
individual,2008,2,V3_M,int64
individual,2008,2,V4_M,int64
individual,2008,2,V5_M,int64
individual,2008,2,V8_M,int64
individual,2008,2,V9_M,int64
individual,2008,2,V10_M,int64
individual,2008,2,V11_M,int64
individual,2008,2,V12_M,int64
individual,2008,2,V18_M,int64
individual,2008,2,V19_AM,int64
individual,2008,2,V21_M,int64
individual,2008,2,T_VI,int64
individual,2008,2,ITF,int64
individual,2008,2,DECIFR,str
individual,2008,2,IDECIFR,str
individual,2008,2,RDECIFR,str
individual,2008,2,GDECIFR,str
individual,2008,2,PDECIFR,str
individual,2008,2,ADECIFR,str
individual,2008,2,IPCF,float64
individual,2008,2,DECCFR,str
individual,2008,2,IDECCFR,str
individual,2008,2,RDECCFR,str
individual,2008,2,GDECCFR,str
individual,2008,2,PDECCFR,str
individual,2008,2,ADECCFR,str
individual,2008,2,PJ1_1,int64
individual,2008,2,PJ2_1,int64
individual,2008,2,PJ3_1,int64
individual,2008,2,IDIMPP,str
hogar,2008,3,CODUSU,string
hogar,2008,3,NRO_HOGAR,Int16
hogar,2008,3,REALIZADA,int64
hogar,2008,3,ANO4,Int16
hogar,2008,3,TRIMESTRE,Int16
hogar,2008,3,REGION,int64
hogar,2008,3,MAS_500,str
hogar,2008,3,AGLOMERADO,Int16
hogar,2008,3,PONDERA,int64
hogar,2008,3,IV1,int64
hogar,2008,3,IV1_ESP,str
hogar,2008,3,IV2,int64
hogar,2008,3,IV3,int64
hogar,2008,3,IV3_ESP,str
hogar,2008,3,IV4,int64
hogar,2008,3,IV5,int64
hogar,2008,3,IV6,int64
hogar,2008,3,IV7,int64
hogar,2008,3,IV7_ESP,str
hogar,2008,3,IV8,int64
hogar,2008,3,IV9,int64
hogar,2008,3,IV10,int64
hogar,2008,3,IV11,int64
hogar,2008,3,IV12_1,int64
hogar,2008,3,IV12_2,int64
hogar,2008,3,IV12_3,int64
hogar,2008,3,II1,int64
hogar,2008,3,II2,int64
hogar,2008,3,II3,int64
hogar,2008,3,II3_1,int64
hogar,2008,3,II4_1,int64
hogar,2008,3,II4_2,int64
hogar,2008,3,II4_3,int64
hogar,2008,3,II5,int64
hogar,2008,3,II5_1,int64
hogar,2008,3,II6,int64
hogar,2008,3,II6_1,int64
hogar,2008,3,II7,int64
hogar,2008,3,II7_ESP,str
hogar,2008,3,II8,int64
hogar,2008,3,II8_ESP,str
hogar,2008,3,II9,int64
hogar,2008,3,V1,int64
hogar,2008,3,V2,int64
hogar,2008,3,V21,int64
hogar,2008,3,V22,int64
hogar,2008,3,V3,int64
hogar,2008,3,V4,int64
hogar,2008,3,V5,int64
hogar,2008,3,V6,int64
hogar,2008,3,V7,int64
hogar,2008,3,V8,int64
hogar,2008,3,V9,int64
hogar,2008,3,V10,int64
hogar,2008,3,V11,int64
hogar,2008,3,V12,int64
hogar,2008,3,V13,int64
hogar,2008,3,V14,int64
hogar,2008,3,V15,int64
hogar,2008,3,V16,int64
hogar,2008,3,V17,int64
hogar,2008,3,V18,int64
hogar,2008,3,V19_A,int64
hogar,2008,3,V19_B,int64
hogar,2008,3,IX_TOT,int64
hogar,2008,3,IX_MEN10,float64
hogar,2008,3,IX_MAYEQ10,int64
hogar,2008,3,ITF,float64
hogar,2008,3,DECIFR,str
hogar,2008,3,IDECIFR,str
hogar,2008,3,RDECIFR,str
hogar,2008,3,GDECIFR,str
hogar,2008,3,PDECIFR,str
hogar,2008,3,ADECIFR,str
hogar,2008,3,IPCF,float64
hogar,2008,3,DECCFR,str
hogar,2008,3,IDECCFR,str
hogar,2008,3,RDECCFR,str
hogar,2008,3,GDECCFR,str
hogar,2008,3,PDECCFR,str
hogar,2008,3,ADECCFR,str
hogar,2008,3,VII1_1,int64
hogar,2008,3,VII1_2,int64
hogar,2008,3,VII2_1,int64
hogar,2008,3,VII2_2,int64
hogar,2008,3,VII2_3,int64
hogar,2008,3,VII2_4,int64
hogar,2008,3,IDIMPH,str
individual,2008,3,CODUSU,string
individual,2008,3,NRO_HOGAR,Int16
individual,2008,3,COMPONENTE,Int16
individual,2008,3,H15,int64
individual,2008,3,ANO4,Int16
individual,2008,3,TRIMESTRE,Int16
individual,2008,3,REGION,int64
individual,2008,3,MAS_500,str
individual,2008,3,AGLOMERADO,Int16
individual,2008,3,PONDERA,int64
individual,2008,3,CH03,int64
individual,2008,3,CH04,int64
individual,2008,3,CH06,int64
individual,2008,3,CH07,int64
individual,2008,3,CH08,int64
individual,2008,3,CH09,int64
individual,2008,3,CH10,int64
individual,2008,3,CH11,int64
individual,2008,3,CH12,int64
individual,2008,3,CH13,int64
individual,2008,3,CH14,str
individual,2008,3,CH15,int64
individual,2008,3,CH15_COD,str
individual,2008,3,CH16,int64
individual,2008,3,CH16_COD,str
individual,2008,3,NIVEL_ED,int64
individual,2008,3,ESTADO,int64
individual,2008,3,CAT_OCUP,int64
individual,2008,3,CAT_INAC,int64
individual,2008,3,PP02C1,int64
individual,2008,3,PP02C2,int64
individual,2008,3,PP02C3,int64
individual,2008,3,PP02C4,int64
individual,2008,3,PP02C5,int64
individual,2008,3,PP02C6,int64
individual,2008,3,PP02C7,int64
individual,2008,3,PP02C8,int64
individual,2008,3,PP02E,int64
individual,2008,3,PP02H,int64
individual,2008,3,PP02I,int64
individual,2008,3,PP03C,int64
individual,2008,3,PP03D,int64
individual,2008,3,PP3E_TOT,int64
individual,2008,3,PP3F_TOT,int64
individual,2008,3,PP03G,int64
individual,2008,3,PP03H,int64
individual,2008,3,PP03I,int64
individual,2008,3,PP03J,int64
individual,2008,3,INTENSI,int64
individual,2008,3,PP04A,int64
individual,2008,3,PP04B_COD,str
individual,2008,3,PP04B1,int64
individual,2008,3,PP04B2,int64
individual,2008,3,PP04B3_MES,int64
individual,2008,3,PP04B3_ANO,int64
individual,2008,3,PP04B3_DIA,int64
individual,2008,3,PP04C,int64
individual,2008,3,PP04C99,int64
individual,2008,3,PP04D_COD,str
individual,2008,3,PP04G,int64
individual,2008,3,PP05B2_MES,int64
individual,2008,3,PP05B2_ANO,int64
individual,2008,3,PP05B2_DIA,int64
individual,2008,3,PP05C_1,int64
individual,2008,3,PP05C_2,int64
individual,2008,3,PP05C_3,int64
individual,2008,3,PP05E,int64
individual,2008,3,PP05F,int64
individual,2008,3,PP05H,int64
individual,2008,3,PP06A,int64
individual,2008,3,PP06C,int64
individual,2008,3,PP06D,int64
individual,2008,3,PP06E,int64
individual,2008,3,PP06H,int64
individual,2008,3,PP07A,int64
individual,2008,3,PP07C,int64
individual,2008,3,PP07D,int64
individual,2008,3,PP07E,int64
individual,2008,3,PP07F1,int64
individual,2008,3,PP07F2,int64
individual,2008,3,PP07F3,int64
individual,2008,3,PP07F4,int64
individual,2008,3,PP07F5,int64
individual,2008,3,PP07G1,int64
individual,2008,3,PP07G2,int64
individual,2008,3,PP07G3,int64
individual,2008,3,PP07G4,int64
individual,2008,3,PP07G_59,int64
individual,2008,3,PP07H,int64
individual,2008,3,PP07I,int64
individual,2008,3,PP07J,int64
individual,2008,3,PP07K,int64
individual,2008,3,PP08D1,int64
individual,2008,3,PP08D4,int64
individual,2008,3,PP08F1,int64
individual,2008,3,PP08F2,int64
individual,2008,3,PP08J1,int64
individual,2008,3,PP08J2,int64
individual,2008,3,PP08J3,int64
individual,2008,3,PP09A,int64
individual,2008,3,PP09A_ESP,str
individual,2008,3,PP09B,int64
individual,2008,3,PP09C,int64
individual,2008,3,PP09C_ESP,str
individual,2008,3,PP10A,int64
individual,2008,3,PP10C,int64
individual,2008,3,PP10D,int64
individual,2008,3,PP10E,int64
individual,2008,3,PP11A,int64
individual,2008,3,PP11B_COD,str
individual,2008,3,PP11B1,int64
individual,2008,3,PP11B2_MES,int64
individual,2008,3,PP11B2_ANO,int64
individual,2008,3,PP11B2_DIA,int64
individual,2008,3,PP11C,int64
individual,2008,3,PP11C99,int64
individual,2008,3,PP11D_COD,str
individual,2008,3,PP11G_ANO,int64
individual,2008,3,PP11G_MES,int64
individual,2008,3,PP11G_DIA,int64
individual,2008,3,PP11L,int64
individual,2008,3,PP11L1,int64
individual,2008,3,PP11M,int64
individual,2008,3,PP11N,int64
individual,2008,3,PP11O,int64
individual,2008,3,PP11P,int64
individual,2008,3,PP11Q,int64
individual,2008,3,PP11R,int64
individual,2008,3,PP11S,int64
individual,2008,3,PP11T,int64
individual,2008,3,P21,int64
individual,2008,3,DECOCUR,str
individual,2008,3,IDECOCUR,str
individual,2008,3,RDECOCUR,str
individual,2008,3,GDECOCUR,str
individual,2008,3,PDECOCUR,str
individual,2008,3,ADECOCUR,str
individual,2008,3,TOT_P12,int64
individual,2008,3,P47T,int64
individual,2008,3,DECINDR,str
individual,2008,3,IDECINDR,str
individual,2008,3,RDECINDR,str
individual,2008,3,GDECINDR,str
individual,2008,3,PDECINDR,str
individual,2008,3,ADECINDR,str
individual,2008,3,V2_M,int64
individual,2008,3,V3_M,int64
individual,2008,3,V4_M,int64
individual,2008,3,V5_M,int64
individual,2008,3,V8_M,int64
individual,2008,3,V9_M,int64
individual,2008,3,V10_M,int64
individual,2008,3,V11_M,int64
individual,2008,3,V12_M,int64
individual,2008,3,V18_M,int64
individual,2008,3,V19_AM,int64
individual,2008,3,V21_M,int64
individual,2008,3,T_VI,int64
individual,2008,3,ITF,int64
individual,2008,3,DECIFR,str
individual,2008,3,IDECIFR,str
individual,2008,3,RDECIFR,str
individual,2008,3,GDECIFR,str
individual,2008,3,PDECIFR,str
individual,2008,3,ADECIFR,str
individual,2008,3,IPCF,float64
individual,2008,3,DECCFR,str
individual,2008,3,IDECCFR,str
individual,2008,3,RDECCFR,str
individual,2008,3,GDECCFR,str
individual,2008,3,PDECCFR,str
individual,2008,3,ADECCFR,str
individual,2008,3,PJ1_1,int64
individual,2008,3,PJ2_1,int64
individual,2008,3,PJ3_1,int64
individual,2008,3,IDIMPP,str
hogar,2008,4,CODUSU,string
hogar,2008,4,NRO_HOGAR,Int16
hogar,2008,4,REALIZADA,int64
hogar,2008,4,ANO4,Int16
hogar,2008,4,TRIMESTRE,Int16
hogar,2008,4,REGION,int64
hogar,2008,4,MAS_500,str
hogar,2008,4,AGLOMERADO,Int16
hogar,2008,4,PONDERA,int64
hogar,2008,4,IV1,int64
hogar,2008,4,IV1_ESP,str
hogar,2008,4,IV2,int64
hogar,2008,4,IV3,int64
hogar,2008,4,IV3_ESP,str
hogar,2008,4,IV4,int64
hogar,2008,4,IV5,int64
hogar,2008,4,IV6,int64
hogar,2008,4,IV7,int64
hogar,2008,4,IV7_ESP,str
hogar,2008,4,IV8,int64
hogar,2008,4,IV9,int64
hogar,2008,4,IV10,int64
hogar,2008,4,IV11,int64
hogar,2008,4,IV12_1,int64
hogar,2008,4,IV12_2,int64
hogar,2008,4,IV12_3,int64
hogar,2008,4,II1,int64
hogar,2008,4,II2,int64
hogar,2008,4,II3,int64
hogar,2008,4,II3_1,int64
hogar,2008,4,II4_1,int64
hogar,2008,4,II4_2,int64
hogar,2008,4,II4_3,int64
hogar,2008,4,II5,int64
hogar,2008,4,II5_1,int64
hogar,2008,4,II6,int64
hogar,2008,4,II6_1,int64
hogar,2008,4,II7,int64
hogar,2008,4,II7_ESP,str
hogar,2008,4,II8,int64
hogar,2008,4,II8_ESP,str
hogar,2008,4,II9,int64
hogar,2008,4,V1,int64
hogar,2008,4,V2,int64
hogar,2008,4,V21,int64
hogar,2008,4,V22,int64
hogar,2008,4,V3,int64
hogar,2008,4,V4,int64
hogar,2008,4,V5,int64
hogar,2008,4,V6,int64
hogar,2008,4,V7,int64
hogar,2008,4,V8,int64
hogar,2008,4,V9,int64
hogar,2008,4,V10,int64
hogar,2008,4,V11,int64
hogar,2008,4,V12,int64
hogar,2008,4,V13,int64
hogar,2008,4,V14,int64
hogar,2008,4,V15,int64
hogar,2008,4,V16,int64
hogar,2008,4,V17,int64
hogar,2008,4,V18,int64
hogar,2008,4,V19_A,int64
hogar,2008,4,V19_B,int64
hogar,2008,4,IX_TOT,int64
hogar,2008,4,IX_MEN10,float64
hogar,2008,4,IX_MAYEQ10,int64
hogar,2008,4,ITF,float64
hogar,2008,4,DECIFR,str
hogar,2008,4,IDECIFR,str
hogar,2008,4,RDECIFR,str
hogar,2008,4,GDECIFR,str
hogar,2008,4,PDECIFR,str
hogar,2008,4,ADECIFR,str
hogar,2008,4,IPCF,float64
hogar,2008,4,DECCFR,str
hogar,2008,4,IDECCFR,str
hogar,2008,4,RDECCFR,str
hogar,2008,4,GDECCFR,str
hogar,2008,4,PDECCFR,str
hogar,2008,4,ADECCFR,str
hogar,2008,4,VII1_1,int64
hogar,2008,4,VII1_2,int64
hogar,2008,4,VII2_1,int64
hogar,2008,4,VII2_2,int64
hogar,2008,4,VII2_3,int64
hogar,2008,4,VII2_4,int64
hogar,2008,4,IDIMPH,str
individual,2008,4,CODUSU,string
individual,2008,4,NRO_HOGAR,Int16
individual,2008,4,COMPONENTE,Int16
individual,2008,4,H15,int64
individual,2008,4,ANO4,Int16
individual,2008,4,TRIMESTRE,Int16
individual,2008,4,REGION,int64
individual,2008,4,MAS_500,str
individual,2008,4,AGLOMERADO,Int16
individual,2008,4,PONDERA,int64
individual,2008,4,CH03,int64
individual,2008,4,CH04,int64
individual,2008,4,CH06,int64
individual,2008,4,CH07,int64
individual,2008,4,CH08,int64
individual,2008,4,CH09,int64
individual,2008,4,CH10,int64
individual,2008,4,CH11,int64
individual,2008,4,CH12,int64
individual,2008,4,CH13,int64
individual,2008,4,CH14,str
individual,2008,4,CH15,int64
individual,2008,4,CH15_COD,str
individual,2008,4,CH16,int64
individual,2008,4,CH16_COD,str
individual,2008,4,NIVEL_ED,int64
individual,2008,4,ESTADO,int64
individual,2008,4,CAT_OCUP,int64
individual,2008,4,CAT_INAC,int64
individual,2008,4,PP02C1,int64
individual,2008,4,PP02C2,int64
individual,2008,4,PP02C3,int64
individual,2008,4,PP02C4,int64
individual,2008,4,PP02C5,int64
individual,2008,4,PP02C6,int64
individual,2008,4,PP02C7,int64
individual,2008,4,PP02C8,int64
individual,2008,4,PP02E,int64
individual,2008,4,PP02H,int64
individual,2008,4,PP02I,int64
individual,2008,4,PP03C,int64
individual,2008,4,PP03D,int64
individual,2008,4,PP3E_TOT,int64
individual,2008,4,PP3F_TOT,int64
individual,2008,4,PP03G,int64
individual,2008,4,PP03H,int64
individual,2008,4,PP03I,int64
individual,2008,4,PP03J,int64
individual,2008,4,INTENSI,int64
individual,2008,4,PP04A,int64
individual,2008,4,PP04B_COD,str
individual,2008,4,PP04B1,int64
individual,2008,4,PP04B2,int64
individual,2008,4,PP04B3_MES,int64
individual,2008,4,PP04B3_ANO,int64
individual,2008,4,PP04B3_DIA,int64
individual,2008,4,PP04C,int64
individual,2008,4,PP04C99,int64
individual,2008,4,PP04D_COD,str
individual,2008,4,PP04G,int64
individual,2008,4,PP05B2_MES,int64
individual,2008,4,PP05B2_ANO,int64
individual,2008,4,PP05B2_DIA,int64
individual,2008,4,PP05C_1,int64
individual,2008,4,PP05C_2,int64
individual,2008,4,PP05C_3,int64
individual,2008,4,PP05E,int64
individual,2008,4,PP05F,int64
individual,2008,4,PP05H,int64
individual,2008,4,PP06A,int64
individual,2008,4,PP06C,int64
individual,2008,4,PP06D,int64
individual,2008,4,PP06E,int64
individual,2008,4,PP06H,int64
individual,2008,4,PP07A,int64
individual,2008,4,PP07C,int64
individual,2008,4,PP07D,int64
individual,2008,4,PP07E,int64
individual,2008,4,PP07F1,int64
individual,2008,4,PP07F2,int64
individual,2008,4,PP07F3,int64
individual,2008,4,PP07F4,int64
individual,2008,4,PP07F5,int64
individual,2008,4,PP07G1,int64
individual,2008,4,PP07G2,int64
individual,2008,4,PP07G3,int64
individual,2008,4,PP07G4,int64
individual,2008,4,PP07G_59,int64
individual,2008,4,PP07H,int64
individual,2008,4,PP07I,int64
individual,2008,4,PP07J,int64
individual,2008,4,PP07K,int64
individual,2008,4,PP08D1,int64
individual,2008,4,PP08D4,int64
individual,2008,4,PP08F1,int64
individual,2008,4,PP08F2,int64
individual,2008,4,PP08J1,int64
individual,2008,4,PP08J2,int64
individual,2008,4,PP08J3,int64
individual,2008,4,PP09A,int64
individual,2008,4,PP09A_ESP,str
individual,2008,4,PP09B,int64
individual,2008,4,PP09C,int64
individual,2008,4,PP09C_ESP,str
individual,2008,4,PP10A,int64
individual,2008,4,PP10C,int64
individual,2008,4,PP10D,int64
individual,2008,4,PP10E,int64
individual,2008,4,PP11A,int64
individual,2008,4,PP11B_COD,str
individual,2008,4,PP11B1,int64
individual,2008,4,PP11B2_MES,int64
individual,2008,4,PP11B2_ANO,int64
individual,2008,4,PP11B2_DIA,int64
individual,2008,4,PP11C,int64
individual,2008,4,PP11C99,int64
individual,2008,4,PP11D_COD,str
individual,2008,4,PP11G_ANO,int64
individual,2008,4,PP11G_MES,int64
individual,2008,4,PP11G_DIA,int64
individual,2008,4,PP11L,int64
individual,2008,4,PP11L1,int64
individual,2008,4,PP11M,int64
individual,2008,4,PP11N,int64
individual,2008,4,PP11O,int64
individual,2008,4,PP11P,int64
individual,2008,4,PP11Q,int64
individual,2008,4,PP11R,int64
individual,2008,4,PP11S,int64
individual,2008,4,PP11T,int64
individual,2008,4,P21,int64
individual,2008,4,DECOCUR,str
individual,2008,4,IDECOCUR,str
individual,2008,4,RDECOCUR,str
individual,2008,4,GDECOCUR,str
individual,2008,4,PDECOCUR,str
individual,2008,4,ADECOCUR,str
individual,2008,4,TOT_P12,int64
individual,2008,4,P47T,int64
individual,2008,4,DECINDR,str
individual,2008,4,IDECINDR,str
individual,2008,4,RDECINDR,str
individual,2008,4,GDECINDR,str
individual,2008,4,PDECINDR,str
individual,2008,4,ADECINDR,str
individual,2008,4,V2_M,int64
individual,2008,4,V3_M,int64
individual,2008,4,V4_M,int64
individual,2008,4,V5_M,int64
individual,2008,4,V8_M,int64
individual,2008,4,V9_M,int64
individual,2008,4,V10_M,int64
individual,2008,4,V11_M,int64
individual,2008,4,V12_M,int64
individual,2008,4,V18_M,int64
individual,2008,4,V19_AM,int64
individual,2008,4,V21_M,int64
individual,2008,4,T_VI,int64
individual,2008,4,ITF,int64
individual,2008,4,DECIFR,str
individual,2008,4,IDECIFR,str
individual,2008,4,RDECIFR,str
individual,2008,4,GDECIFR,str
individual,2008,4,PDECIFR,str
individual,2008,4,ADECIFR,str
individual,2008,4,IPCF,float64
individual,2008,4,DECCFR,str
individual,2008,4,IDECCFR,str
individual,2008,4,RDECCFR,str
individual,2008,4,GDECCFR,str
individual,2008,4,PDECCFR,str
individual,2008,4,ADECCFR,str
individual,2008,4,PJ1_1,int64
individual,2008,4,PJ2_1,int64
individual,2008,4,PJ3_1,int64
individual,2008,4,IDIMPP,str
hogar,2009,1,CODUSU,string
hogar,2009,1,NRO_HOGAR,Int16
hogar,2009,1,REALIZADA,int64
hogar,2009,1,ANO4,Int16
hogar,2009,1,TRIMESTRE,Int16
hogar,2009,1,REGION,int64
hogar,2009,1,MAS_500,str
hogar,2009,1,AGLOMERADO,Int16
hogar,2009,1,PONDERA,int64
hogar,2009,1,IV1,float64
hogar,2009,1,IV1_ESP,str
hogar,2009,1,IV2,float64
hogar,2009,1,IV3,float64
hogar,2009,1,IV3_ESP,str
hogar,2009,1,IV4,float64
hogar,2009,1,IV5,float64
hogar,2009,1,IV6,float64
hogar,2009,1,IV7,float64
hogar,2009,1,IV7_ESP,str
hogar,2009,1,IV8,float64
hogar,2009,1,IV9,float64
hogar,2009,1,IV10,float64
hogar,2009,1,IV11,float64
hogar,2009,1,IV12_1,float64
hogar,2009,1,IV12_2,float64
hogar,2009,1,IV12_3,float64
hogar,2009,1,II1,int64
hogar,2009,1,II2,int64
hogar,2009,1,II3,int64
hogar,2009,1,II3_1,int64
hogar,2009,1,II4_1,int64
hogar,2009,1,II4_2,int64
hogar,2009,1,II4_3,int64
hogar,2009,1,II5,int64
hogar,2009,1,II5_1,int64
hogar,2009,1,II6,int64
hogar,2009,1,II6_1,int64
hogar,2009,1,II7,int64
hogar,2009,1,II7_ESP,str
hogar,2009,1,II8,int64
hogar,2009,1,II8_ESP,str
hogar,2009,1,II9,int64
hogar,2009,1,V1,int64
hogar,2009,1,V2,int64
hogar,2009,1,V21,int64
hogar,2009,1,V22,int64
hogar,2009,1,V3,int64
hogar,2009,1,V4,int64
hogar,2009,1,V5,int64
hogar,2009,1,V6,int64
hogar,2009,1,V7,int64
hogar,2009,1,V8,int64
hogar,2009,1,V9,int64
hogar,2009,1,V10,int64
hogar,2009,1,V11,int64
hogar,2009,1,V12,int64
hogar,2009,1,V13,int64
hogar,2009,1,V14,int64
hogar,2009,1,V15,int64
hogar,2009,1,V16,int64
hogar,2009,1,V17,int64
hogar,2009,1,V18,int64
hogar,2009,1,V19_A,int64
hogar,2009,1,V19_B,int64
hogar,2009,1,IX_TOT,int64
hogar,2009,1,IX_MEN10,float64
hogar,2009,1,IX_MAYEQ10,int64
hogar,2009,1,ITF,float64
hogar,2009,1,DECIFR,str
hogar,2009,1,IDECIFR,str
hogar,2009,1,RDECIFR,str
hogar,2009,1,GDECIFR,str
hogar,2009,1,PDECIFR,str
hogar,2009,1,ADECIFR,str
hogar,2009,1,IPCF,float64
hogar,2009,1,DECCFR,str
hogar,2009,1,IDECCFR,str
hogar,2009,1,RDECCFR,str
hogar,2009,1,GDECCFR,str
hogar,2009,1,PDECCFR,str
hogar,2009,1,ADECCFR,str
hogar,2009,1,VII1_1,int64
hogar,2009,1,VII1_2,int64
hogar,2009,1,VII2_1,int64
hogar,2009,1,VII2_2,int64
hogar,2009,1,VII2_3,int64
hogar,2009,1,VII2_4,int64
hogar,2009,1,IDIMPH,str
individual,2009,1,CODUSU,string
individual,2009,1,NRO_HOGAR,Int16
individual,2009,1,COMPONENTE,Int16
individual,2009,1,H15,int64
individual,2009,1,ANO4,Int16
individual,2009,1,TRIMESTRE,Int16
individual,2009,1,REGION,int64
individual,2009,1,MAS_500,str
individual,2009,1,AGLOMERADO,Int16
individual,2009,1,PONDERA,int64
individual,2009,1,CH03,int64
individual,2009,1,CH04,int64
individual,2009,1,CH06,int64
individual,2009,1,CH07,int64
individual,2009,1,CH08,int64
individual,2009,1,CH09,int64
individual,2009,1,CH10,int64
individual,2009,1,CH11,int64
individual,2009,1,CH12,int64
individual,2009,1,CH13,int64
individual,2009,1,CH14,str
individual,2009,1,CH15,int64
individual,2009,1,CH15_COD,str
individual,2009,1,CH16,int64
individual,2009,1,CH16_COD,str
individual,2009,1,NIVEL_ED,int64
individual,2009,1,ESTADO,int64
individual,2009,1,CAT_OCUP,int64
individual,2009,1,CAT_INAC,int64
individual,2009,1,PP02C1,int64
individual,2009,1,PP02C2,int64
individual,2009,1,PP02C3,int64
individual,2009,1,PP02C4,int64
individual,2009,1,PP02C5,int64
individual,2009,1,PP02C6,int64
individual,2009,1,PP02C7,int64
individual,2009,1,PP02C8,int64
individual,2009,1,PP02E,int64
individual,2009,1,PP02H,int64
individual,2009,1,PP02I,int64
individual,2009,1,PP03C,int64
individual,2009,1,PP03D,int64
individual,2009,1,PP3E_TOT,int64
individual,2009,1,PP3F_TOT,int64
individual,2009,1,PP03G,int64
individual,2009,1,PP03H,int64
individual,2009,1,PP03I,int64
individual,2009,1,PP03J,int64
individual,2009,1,INTENSI,int64
individual,2009,1,PP04A,int64
individual,2009,1,PP04B_COD,str
individual,2009,1,PP04B1,int64
individual,2009,1,PP04B2,int64
individual,2009,1,PP04B3_MES,int64
individual,2009,1,PP04B3_ANO,int64
individual,2009,1,PP04B3_DIA,int64
individual,2009,1,PP04C,int64
individual,2009,1,PP04C99,int64
individual,2009,1,PP04D_COD,str
individual,2009,1,PP04G,int64
individual,2009,1,PP05B2_MES,int64
individual,2009,1,PP05B2_ANO,int64
individual,2009,1,PP05B2_DIA,int64
individual,2009,1,PP05C_1,int64
individual,2009,1,PP05C_2,int64
individual,2009,1,PP05C_3,int64
individual,2009,1,PP05E,int64
individual,2009,1,PP05F,int64
individual,2009,1,PP05H,int64
individual,2009,1,PP06A,int64
individual,2009,1,PP06C,int64
individual,2009,1,PP06D,int64
individual,2009,1,PP06E,int64
individual,2009,1,PP06H,int64
individual,2009,1,PP07A,int64
individual,2009,1,PP07C,int64
individual,2009,1,PP07D,int64
individual,2009,1,PP07E,int64
individual,2009,1,PP07F1,int64
individual,2009,1,PP07F2,int64
individual,2009,1,PP07F3,int64
individual,2009,1,PP07F4,int64
individual,2009,1,PP07F5,int64
individual,2009,1,PP07G1,int64
individual,2009,1,PP07G2,int64
individual,2009,1,PP07G3,int64
individual,2009,1,PP07G4,int64
individual,2009,1,PP07G_59,int64
individual,2009,1,PP07H,int64
individual,2009,1,PP07I,int64
individual,2009,1,PP07J,int64
individual,2009,1,PP07K,int64
individual,2009,1,PP08D1,int64
individual,2009,1,PP08D4,int64
individual,2009,1,PP08F1,int64
individual,2009,1,PP08F2,int64
individual,2009,1,PP08J1,int64
individual,2009,1,PP08J2,int64
individual,2009,1,PP08J3,int64
individual,2009,1,PP09A,int64
individual,2009,1,PP09A_ESP,str
individual,2009,1,PP09B,int64
individual,2009,1,PP09C,int64
individual,2009,1,PP09C_ESP,str
individual,2009,1,PP10A,int64
individual,2009,1,PP10C,int64
individual,2009,1,PP10D,int64
individual,2009,1,PP10E,int64
individual,2009,1,PP11A,int64
individual,2009,1,PP11B_COD,str
individual,2009,1,PP11B1,int64
individual,2009,1,PP11B2_MES,int64
individual,2009,1,PP11B2_ANO,int64
individual,2009,1,PP11B2_DIA,int64
individual,2009,1,PP11C,int64
individual,2009,1,PP11C99,int64
individual,2009,1,PP11D_COD,str
individual,2009,1,PP11G_ANO,int64
individual,2009,1,PP11G_MES,int64
individual,2009,1,PP11G_DIA,int64
individual,2009,1,PP11L,int64
individual,2009,1,PP11L1,int64
individual,2009,1,PP11M,int64
individual,2009,1,PP11N,int64
individual,2009,1,PP11O,int64
individual,2009,1,PP11P,int64
individual,2009,1,PP11Q,int64
individual,2009,1,PP11R,int64
individual,2009,1,PP11S,int64
individual,2009,1,PP11T,int64
individual,2009,1,P21,int64
individual,2009,1,DECOCUR,str
individual,2009,1,IDECOCUR,str
individual,2009,1,RDECOCUR,str
individual,2009,1,GDECOCUR,str
individual,2009,1,PDECOCUR,str
individual,2009,1,ADECOCUR,str
individual,2009,1,TOT_P12,int64
individual,2009,1,P47T,int64
individual,2009,1,DECINDR,str
individual,2009,1,IDECINDR,str
individual,2009,1,RDECINDR,str
individual,2009,1,GDECINDR,str
individual,2009,1,PDECINDR,str
individual,2009,1,ADECINDR,str
individual,2009,1,V2_M,int64
individual,2009,1,V3_M,int64
individual,2009,1,V4_M,int64
individual,2009,1,V5_M,int64
individual,2009,1,V8_M,int64
individual,2009,1,V9_M,int64
individual,2009,1,V10_M,int64
individual,2009,1,V11_M,int64
individual,2009,1,V12_M,int64
individual,2009,1,V18_M,int64
individual,2009,1,V19_AM,int64
individual,2009,1,V21_M,int64
individual,2009,1,T_VI,int64
individual,2009,1,ITF,int64
individual,2009,1,DECIFR,str
individual,2009,1,IDECIFR,str
individual,2009,1,RDECIFR,str
individual,2009,1,GDECIFR,str
individual,2009,1,PDECIFR,str
individual,2009,1,ADECIFR,str
individual,2009,1,IPCF,float64
individual,2009,1,DECCFR,str
individual,2009,1,IDECCFR,str
individual,2009,1,RDECCFR,str
individual,2009,1,GDECCFR,str
individual,2009,1,PDECCFR,str
individual,2009,1,ADECCFR,str
individual,2009,1,PJ1_1,int64
individual,2009,1,PJ2_1,int64
individual,2009,1,PJ3_1,int64
individual,2009,1,IDIMPP,str
hogar,2009,2,CODUSU,string
hogar,2009,2,NRO_HOGAR,Int16
hogar,2009,2,REALIZADA,int64
hogar,2009,2,ANO4,Int16
hogar,2009,2,TRIMESTRE,Int16
hogar,2009,2,REGION,int64
hogar,2009,2,MAS_500,str
hogar,2009,2,AGLOMERADO,Int16
hogar,2009,2,PONDERA,int64
hogar,2009,2,IV1,int64
hogar,2009,2,IV1_ESP,str
hogar,2009,2,IV2,int64
hogar,2009,2,IV3,int64
hogar,2009,2,IV3_ESP,str
hogar,2009,2,IV4,int64
hogar,2009,2,IV5,int64
hogar,2009,2,IV6,int64
hogar,2009,2,IV7,int64
hogar,2009,2,IV7_ESP,str
hogar,2009,2,IV8,int64
hogar,2009,2,IV9,int64
hogar,2009,2,IV10,int64
hogar,2009,2,IV11,int64
hogar,2009,2,IV12_1,int64
hogar,2009,2,IV12_2,int64
hogar,2009,2,IV12_3,int64
hogar,2009,2,II1,int64
hogar,2009,2,II2,int64
hogar,2009,2,II3,int64
hogar,2009,2,II3_1,int64
hogar,2009,2,II4_1,int64
hogar,2009,2,II4_2,int64
hogar,2009,2,II4_3,int64
hogar,2009,2,II5,int64
hogar,2009,2,II5_1,int64
hogar,2009,2,II6,int64
hogar,2009,2,II6_1,int64
hogar,2009,2,II7,int64
hogar,2009,2,II7_ESP,str
hogar,2009,2,II8,int64
hogar,2009,2,II8_ESP,str
hogar,2009,2,II9,int64
hogar,2009,2,V1,int64
hogar,2009,2,V2,int64
hogar,2009,2,V21,int64
hogar,2009,2,V22,int64
hogar,2009,2,V3,int64
hogar,2009,2,V4,int64
hogar,2009,2,V5,int64
hogar,2009,2,V6,int64
hogar,2009,2,V7,int64
hogar,2009,2,V8,int64
hogar,2009,2,V9,int64
hogar,2009,2,V10,int64
hogar,2009,2,V11,int64
hogar,2009,2,V12,int64
hogar,2009,2,V13,int64
hogar,2009,2,V14,int64
hogar,2009,2,V15,int64
hogar,2009,2,V16,int64
hogar,2009,2,V17,int64
hogar,2009,2,V18,int64
hogar,2009,2,V19_A,int64
hogar,2009,2,V19_B,int64
hogar,2009,2,IX_TOT,int64
hogar,2009,2,IX_MEN10,float64
hogar,2009,2,IX_MAYEQ10,int64
hogar,2009,2,ITF,float64
hogar,2009,2,DECIFR,str
hogar,2009,2,IDECIFR,str
hogar,2009,2,RDECIFR,str
hogar,2009,2,GDECIFR,str
hogar,2009,2,PDECIFR,str
hogar,2009,2,ADECIFR,str
hogar,2009,2,IPCF,float64
hogar,2009,2,DECCFR,str
hogar,2009,2,IDECCFR,str
hogar,2009,2,RDECCFR,str
hogar,2009,2,GDECCFR,str
hogar,2009,2,PDECCFR,str
hogar,2009,2,ADECCFR,str
hogar,2009,2,VII1_1,int64
hogar,2009,2,VII1_2,int64
hogar,2009,2,VII2_1,int64
hogar,2009,2,VII2_2,int64
hogar,2009,2,VII2_3,int64
hogar,2009,2,VII2_4,int64
hogar,2009,2,IDIMPH,str
individual,2009,2,CODUSU,string
individual,2009,2,NRO_HOGAR,Int16
individual,2009,2,COMPONENTE,Int16
individual,2009,2,H15,int64
individual,2009,2,ANO4,Int16
individual,2009,2,TRIMESTRE,Int16
individual,2009,2,REGION,int64
individual,2009,2,MAS_500,str
individual,2009,2,AGLOMERADO,Int16
individual,2009,2,PONDERA,int64
individual,2009,2,CH03,int64
individual,2009,2,CH04,int64
individual,2009,2,CH06,int64
individual,2009,2,CH07,int64
individual,2009,2,CH08,int64
individual,2009,2,CH09,int64
individual,2009,2,CH10,int64
individual,2009,2,CH11,int64
individual,2009,2,CH12,int64
individual,2009,2,CH13,int64
individual,2009,2,CH14,str
individual,2009,2,CH15,int64
individual,2009,2,CH15_COD,str
individual,2009,2,CH16,int64
individual,2009,2,CH16_COD,str
individual,2009,2,NIVEL_ED,int64
individual,2009,2,ESTADO,int64
individual,2009,2,CAT_OCUP,int64
individual,2009,2,CAT_INAC,int64
individual,2009,2,PP02C1,int64
individual,2009,2,PP02C2,int64
individual,2009,2,PP02C3,int64
individual,2009,2,PP02C4,int64
individual,2009,2,PP02C5,int64
individual,2009,2,PP02C6,int64
individual,2009,2,PP02C7,int64
individual,2009,2,PP02C8,int64
individual,2009,2,PP02E,int64
individual,2009,2,PP02H,int64
individual,2009,2,PP02I,int64
individual,2009,2,PP03C,int64
individual,2009,2,PP03D,int64
individual,2009,2,PP3E_TOT,int64
individual,2009,2,PP3F_TOT,int64
individual,2009,2,PP03G,int64
individual,2009,2,PP03H,int64
individual,2009,2,PP03I,int64
individual,2009,2,PP03J,int64
individual,2009,2,INTENSI,int64
individual,2009,2,PP04A,int64
individual,2009,2,PP04B_COD,str
individual,2009,2,PP04B1,int64
individual,2009,2,PP04B2,int64
individual,2009,2,PP04B3_MES,int64
individual,2009,2,PP04B3_ANO,int64
individual,2009,2,PP04B3_DIA,int64
individual,2009,2,PP04C,int64
individual,2009,2,PP04C99,int64
individual,2009,2,PP04D_COD,str
individual,2009,2,PP04G,int64
individual,2009,2,PP05B2_MES,int64
individual,2009,2,PP05B2_ANO,int64
individual,2009,2,PP05B2_DIA,int64
individual,2009,2,PP05C_1,int64
individual,2009,2,PP05C_2,int64
individual,2009,2,PP05C_3,int64
individual,2009,2,PP05E,int64
individual,2009,2,PP05F,int64
individual,2009,2,PP05H,int64
individual,2009,2,PP06A,int64
individual,2009,2,PP06C,int64
individual,2009,2,PP06D,int64
individual,2009,2,PP06E,int64
individual,2009,2,PP06H,int64
individual,2009,2,PP07A,int64
individual,2009,2,PP07C,int64
individual,2009,2,PP07D,int64
individual,2009,2,PP07E,int64
individual,2009,2,PP07F1,int64
individual,2009,2,PP07F2,int64
individual,2009,2,PP07F3,int64
individual,2009,2,PP07F4,int64
individual,2009,2,PP07F5,int64
individual,2009,2,PP07G1,int64
individual,2009,2,PP07G2,int64
individual,2009,2,PP07G3,int64
individual,2009,2,PP07G4,int64
individual,2009,2,PP07G_59,int64
individual,2009,2,PP07H,int64
individual,2009,2,PP07I,int64
individual,2009,2,PP07J,int64
individual,2009,2,PP07K,int64
individual,2009,2,PP08D1,int64
individual,2009,2,PP08D4,int64
individual,2009,2,PP08F1,int64
individual,2009,2,PP08F2,int64
individual,2009,2,PP08J1,int64
individual,2009,2,PP08J2,int64
individual,2009,2,PP08J3,int64
individual,2009,2,PP09A,int64
individual,2009,2,PP09A_ESP,str
individual,2009,2,PP09B,int64
individual,2009,2,PP09C,int64
individual,2009,2,PP09C_ESP,str
individual,2009,2,PP10A,int64
individual,2009,2,PP10C,int64
individual,2009,2,PP10D,int64
individual,2009,2,PP10E,int64
individual,2009,2,PP11A,int64
individual,2009,2,PP11B_COD,str
individual,2009,2,PP11B1,int64
individual,2009,2,PP11B2_MES,int64
individual,2009,2,PP11B2_ANO,int64
individual,2009,2,PP11B2_DIA,int64
individual,2009,2,PP11C,int64
individual,2009,2,PP11C99,int64
individual,2009,2,PP11D_COD,str
individual,2009,2,PP11G_ANO,int64
individual,2009,2,PP11G_MES,int64
individual,2009,2,PP11G_DIA,int64
individual,2009,2,PP11L,int64
individual,2009,2,PP11L1,int64
individual,2009,2,PP11M,int64
individual,2009,2,PP11N,int64
individual,2009,2,PP11O,int64
individual,2009,2,PP11P,int64
individual,2009,2,PP11Q,int64
individual,2009,2,PP11R,int64
individual,2009,2,PP11S,int64
individual,2009,2,PP11T,int64
individual,2009,2,P21,int64
individual,2009,2,DECOCUR,str
individual,2009,2,IDECOCUR,str
individual,2009,2,RDECOCUR,str
individual,2009,2,GDECOCUR,str
individual,2009,2,PDECOCUR,str
individual,2009,2,ADECOCUR,str
individual,2009,2,TOT_P12,int64
individual,2009,2,P47T,int64
individual,2009,2,DECINDR,str
individual,2009,2,IDECINDR,str
individual,2009,2,RDECINDR,str
individual,2009,2,GDECINDR,str
individual,2009,2,PDECINDR,str
individual,2009,2,ADECINDR,str
individual,2009,2,V2_M,int64
individual,2009,2,V3_M,int64
individual,2009,2,V4_M,int64
individual,2009,2,V5_M,int64
individual,2009,2,V8_M,int64
individual,2009,2,V9_M,int64
individual,2009,2,V10_M,int64
individual,2009,2,V11_M,int64
individual,2009,2,V12_M,int64
individual,2009,2,V18_M,int64
individual,2009,2,V19_AM,int64
individual,2009,2,V21_M,int64
individual,2009,2,T_VI,int64
individual,2009,2,ITF,int64
individual,2009,2,DECIFR,str
individual,2009,2,IDECIFR,str
individual,2009,2,RDECIFR,str
individual,2009,2,GDECIFR,str
individual,2009,2,PDECIFR,str
individual,2009,2,ADECIFR,str
individual,2009,2,IPCF,float64
individual,2009,2,DECCFR,str
individual,2009,2,IDECCFR,str
individual,2009,2,RDECCFR,str
individual,2009,2,GDECCFR,str
individual,2009,2,PDECCFR,str
individual,2009,2,ADECCFR,str
individual,2009,2,PJ1_1,int64
individual,2009,2,PJ2_1,int64
individual,2009,2,PJ3_1,int64
individual,2009,2,IDIMPP,str
hogar,2009,3,CODUSU,string
hogar,2009,3,NRO_HOGAR,Int16
hogar,2009,3,REALIZADA,int64
hogar,2009,3,ANO4,Int16
hogar,2009,3,TRIMESTRE,Int16
hogar,2009,3,REGION,int64
hogar,2009,3,MAS_500,str
hogar,2009,3,AGLOMERADO,Int16
hogar,2009,3,PONDERA,int64
hogar,2009,3,IV1,int64
hogar,2009,3,IV1_ESP,str
hogar,2009,3,IV2,int64
hogar,2009,3,IV3,int64
hogar,2009,3,IV3_ESP,str
hogar,2009,3,IV4,int64
hogar,2009,3,IV5,int64
hogar,2009,3,IV6,int64
hogar,2009,3,IV7,int64
hogar,2009,3,IV7_ESP,str
hogar,2009,3,IV8,int64
hogar,2009,3,IV9,int64
hogar,2009,3,IV10,int64
hogar,2009,3,IV11,int64
hogar,2009,3,IV12_1,int64
hogar,2009,3,IV12_2,int64
hogar,2009,3,IV12_3,int64
hogar,2009,3,II1,int64
hogar,2009,3,II2,int64
hogar,2009,3,II3,int64
hogar,2009,3,II3_1,int64
hogar,2009,3,II4_1,int64
hogar,2009,3,II4_2,int64
hogar,2009,3,II4_3,int64
hogar,2009,3,II5,int64
hogar,2009,3,II5_1,int64
hogar,2009,3,II6,int64
hogar,2009,3,II6_1,int64
hogar,2009,3,II7,int64
hogar,2009,3,II7_ESP,str
hogar,2009,3,II8,int64
hogar,2009,3,II8_ESP,str
hogar,2009,3,II9,int64
hogar,2009,3,V1,int64
hogar,2009,3,V2,int64
hogar,2009,3,V21,int64
hogar,2009,3,V22,int64
hogar,2009,3,V3,int64
hogar,2009,3,V4,int64
hogar,2009,3,V5,int64
hogar,2009,3,V6,int64
hogar,2009,3,V7,int64
hogar,2009,3,V8,int64
hogar,2009,3,V9,int64
hogar,2009,3,V10,int64
hogar,2009,3,V11,int64
hogar,2009,3,V12,int64
hogar,2009,3,V13,int64
hogar,2009,3,V14,int64
hogar,2009,3,V15,int64
hogar,2009,3,V16,int64
hogar,2009,3,V17,int64
hogar,2009,3,V18,int64
hogar,2009,3,V19_A,int64
hogar,2009,3,V19_B,int64
hogar,2009,3,IX_TOT,int64
hogar,2009,3,IX_MEN10,int64
hogar,2009,3,IX_MAYEQ10,int64
hogar,2009,3,ITF,float64
hogar,2009,3,DECIFR,str
hogar,2009,3,IDECIFR,str
hogar,2009,3,RDECIFR,str
hogar,2009,3,GDECIFR,str
hogar,2009,3,PDECIFR,str
hogar,2009,3,ADECIFR,str
hogar,2009,3,IPCF,float64
hogar,2009,3,DECCFR,str
hogar,2009,3,IDECCFR,str
hogar,2009,3,RDECCFR,str
hogar,2009,3,GDECCFR,str
hogar,2009,3,PDECCFR,str
hogar,2009,3,ADECCFR,str
hogar,2009,3,VII1_1,int64
hogar,2009,3,VII1_2,int64
hogar,2009,3,VII2_1,int64
hogar,2009,3,VII2_2,int64
hogar,2009,3,VII2_3,int64
hogar,2009,3,VII2_4,int64
hogar,2009,3,IDIMPH,str
individual,2009,3,CODUSU,string
individual,2009,3,NRO_HOGAR,Int16
individual,2009,3,COMPONENTE,Int16
individual,2009,3,H15,int64
individual,2009,3,ANO4,Int16
individual,2009,3,TRIMESTRE,Int16
individual,2009,3,REGION,int64
individual,2009,3,MAS_500,str
individual,2009,3,AGLOMERADO,Int16
individual,2009,3,PONDERA,int64
individual,2009,3,CH03,int64
individual,2009,3,CH04,int64
individual,2009,3,CH06,int64
individual,2009,3,CH07,int64
individual,2009,3,CH08,int64
individual,2009,3,CH09,int64
individual,2009,3,CH10,int64
individual,2009,3,CH11,int64
individual,2009,3,CH12,int64
individual,2009,3,CH13,int64
individual,2009,3,CH14,str
individual,2009,3,CH15,int64
individual,2009,3,CH15_COD,str
individual,2009,3,CH16,int64
individual,2009,3,CH16_COD,str
individual,2009,3,NIVEL_ED,int64
individual,2009,3,ESTADO,int64
individual,2009,3,CAT_OCUP,int64
individual,2009,3,CAT_INAC,int64
individual,2009,3,PP02C1,int64
individual,2009,3,PP02C2,int64
individual,2009,3,PP02C3,int64
individual,2009,3,PP02C4,int64
individual,2009,3,PP02C5,int64
individual,2009,3,PP02C6,int64
individual,2009,3,PP02C7,int64
individual,2009,3,PP02C8,int64
individual,2009,3,PP02E,int64
individual,2009,3,PP02H,int64
individual,2009,3,PP02I,int64
individual,2009,3,PP03C,int64
individual,2009,3,PP03D,int64
individual,2009,3,PP3E_TOT,int64
individual,2009,3,PP3F_TOT,int64
individual,2009,3,PP03G,int64
individual,2009,3,PP03H,int64
individual,2009,3,PP03I,int64
individual,2009,3,PP03J,int64
individual,2009,3,INTENSI,int64
individual,2009,3,PP04A,int64
individual,2009,3,PP04B_COD,str
individual,2009,3,PP04B1,int64
individual,2009,3,PP04B2,int64
individual,2009,3,PP04B3_MES,int64
individual,2009,3,PP04B3_ANO,int64
individual,2009,3,PP04B3_DIA,int64
individual,2009,3,PP04C,int64
individual,2009,3,PP04C99,int64
individual,2009,3,PP04D_COD,str
individual,2009,3,PP04G,int64
individual,2009,3,PP05B2_MES,int64
individual,2009,3,PP05B2_ANO,int64
individual,2009,3,PP05B2_DIA,int64
individual,2009,3,PP05C_1,int64
individual,2009,3,PP05C_2,int64
individual,2009,3,PP05C_3,int64
individual,2009,3,PP05E,int64
individual,2009,3,PP05F,int64
individual,2009,3,PP05H,int64
individual,2009,3,PP06A,int64
individual,2009,3,PP06C,int64
individual,2009,3,PP06D,int64
individual,2009,3,PP06E,int64
individual,2009,3,PP06H,int64
individual,2009,3,PP07A,int64
individual,2009,3,PP07C,int64
individual,2009,3,PP07D,int64
individual,2009,3,PP07E,int64
individual,2009,3,PP07F1,int64
individual,2009,3,PP07F2,int64
individual,2009,3,PP07F3,int64
individual,2009,3,PP07F4,int64
individual,2009,3,PP07F5,int64
individual,2009,3,PP07G1,int64
individual,2009,3,PP07G2,int64
individual,2009,3,PP07G3,int64
individual,2009,3,PP07G4,int64
individual,2009,3,PP07G_59,int64
individual,2009,3,PP07H,int64
individual,2009,3,PP07I,int64
individual,2009,3,PP07J,int64
individual,2009,3,PP07K,int64
individual,2009,3,PP08D1,int64
individual,2009,3,PP08D4,int64
individual,2009,3,PP08F1,int64
individual,2009,3,PP08F2,int64
individual,2009,3,PP08J1,int64
individual,2009,3,PP08J2,int64
individual,2009,3,PP08J3,int64
individual,2009,3,PP09A,int64
individual,2009,3,PP09A_ESP,str
individual,2009,3,PP09B,int64
individual,2009,3,PP09C,int64
individual,2009,3,PP09C_ESP,str
individual,2009,3,PP10A,int64
individual,2009,3,PP10C,int64
individual,2009,3,PP10D,int64
individual,2009,3,PP10E,int64
individual,2009,3,PP11A,int64
individual,2009,3,PP11B_COD,str
individual,2009,3,PP11B1,int64
individual,2009,3,PP11B2_MES,int64
individual,2009,3,PP11B2_ANO,int64
individual,2009,3,PP11B2_DIA,int64
individual,2009,3,PP11C,int64
individual,2009,3,PP11C99,int64
individual,2009,3,PP11D_COD,str
individual,2009,3,PP11G_ANO,int64
individual,2009,3,PP11G_MES,int64
individual,2009,3,PP11G_DIA,int64
individual,2009,3,PP11L,int64
individual,2009,3,PP11L1,int64
individual,2009,3,PP11M,int64
individual,2009,3,PP11N,int64
individual,2009,3,PP11O,int64
individual,2009,3,PP11P,int64
individual,2009,3,PP11Q,int64
individual,2009,3,PP11R,int64
individual,2009,3,PP11S,int64
individual,2009,3,PP11T,int64
individual,2009,3,P21,int64
individual,2009,3,DECOCUR,str
individual,2009,3,IDECOCUR,str
individual,2009,3,RDECOCUR,str
individual,2009,3,GDECOCUR,str
individual,2009,3,PDECOCUR,str
individual,2009,3,ADECOCUR,str
individual,2009,3,TOT_P12,int64
individual,2009,3,P47T,int64
individual,2009,3,DECINDR,str
individual,2009,3,IDECINDR,str
individual,2009,3,RDECINDR,str
individual,2009,3,GDECINDR,str
individual,2009,3,PDECINDR,str
individual,2009,3,ADECINDR,str
individual,2009,3,V2_M,int64
individual,2009,3,V3_M,int64
individual,2009,3,V4_M,int64
individual,2009,3,V5_M,int64
individual,2009,3,V8_M,int64
individual,2009,3,V9_M,int64
individual,2009,3,V10_M,int64
individual,2009,3,V11_M,int64
individual,2009,3,V12_M,int64
individual,2009,3,V18_M,int64
individual,2009,3,V19_AM,int64
individual,2009,3,V21_M,int64
individual,2009,3,T_VI,int64
individual,2009,3,ITF,int64
individual,2009,3,DECIFR,str
individual,2009,3,IDECIFR,str
individual,2009,3,RDECIFR,str
individual,2009,3,GDECIFR,str
individual,2009,3,PDECIFR,str
individual,2009,3,ADECIFR,str
individual,2009,3,IPCF,float64
individual,2009,3,DECCFR,str
individual,2009,3,IDECCFR,str
individual,2009,3,RDECCFR,str
individual,2009,3,GDECCFR,str
individual,2009,3,PDECCFR,str
individual,2009,3,ADECCFR,str
individual,2009,3,PJ1_1,int64
individual,2009,3,PJ2_1,int64
individual,2009,3,PJ3_1,int64
individual,2009,3,IDIMPP,str
hogar,2009,4,CODUSU,string
hogar,2009,4,NRO_HOGAR,Int16
hogar,2009,4,REALIZADA,int64
hogar,2009,4,ANO4,Int16
hogar,2009,4,TRIMESTRE,Int16
hogar,2009,4,REGION,int64
hogar,2009,4,MAS_500,str
hogar,2009,4,AGLOMERADO,Int16
hogar,2009,4,PONDERA,int64
hogar,2009,4,IV1,int64
hogar,2009,4,IV1_ESP,str
hogar,2009,4,IV2,int64
hogar,2009,4,IV3,int64
hogar,2009,4,IV3_ESP,str
hogar,2009,4,IV4,int64
hogar,2009,4,IV5,int64
hogar,2009,4,IV6,int64
hogar,2009,4,IV7,int64
hogar,2009,4,IV7_ESP,str
hogar,2009,4,IV8,int64
hogar,2009,4,IV9,int64
hogar,2009,4,IV10,int64
hogar,2009,4,IV11,int64
hogar,2009,4,IV12_1,int64
hogar,2009,4,IV12_2,int64
hogar,2009,4,IV12_3,int64
hogar,2009,4,II1,int64
hogar,2009,4,II2,int64
hogar,2009,4,II3,int64
hogar,2009,4,II3_1,int64
hogar,2009,4,II4_1,int64
hogar,2009,4,II4_2,int64
hogar,2009,4,II4_3,int64
hogar,2009,4,II5,int64
hogar,2009,4,II5_1,int64
hogar,2009,4,II6,int64
hogar,2009,4,II6_1,int64
hogar,2009,4,II7,int64
hogar,2009,4,II7_ESP,str
hogar,2009,4,II8,int64
hogar,2009,4,II8_ESP,str
hogar,2009,4,II9,int64
hogar,2009,4,V1,int64
hogar,2009,4,V2,int64
hogar,2009,4,V21,int64
hogar,2009,4,V22,int64
hogar,2009,4,V3,int64
hogar,2009,4,V4,int64
hogar,2009,4,V5,int64
hogar,2009,4,V6,int64
hogar,2009,4,V7,int64
hogar,2009,4,V8,int64
hogar,2009,4,V9,int64
hogar,2009,4,V10,int64
hogar,2009,4,V11,int64
hogar,2009,4,V12,int64
hogar,2009,4,V13,int64
hogar,2009,4,V14,int64
hogar,2009,4,V15,int64
hogar,2009,4,V16,int64
hogar,2009,4,V17,int64
hogar,2009,4,V18,int64
hogar,2009,4,V19_A,int64
hogar,2009,4,V19_B,int64
hogar,2009,4,IX_TOT,int64
hogar,2009,4,IX_MEN10,int64
hogar,2009,4,IX_MAYEQ10,int64
hogar,2009,4,ITF,float64
hogar,2009,4,DECIFR,str
hogar,2009,4,IDECIFR,str
hogar,2009,4,RDECIFR,str
hogar,2009,4,GDECIFR,str
hogar,2009,4,PDECIFR,str
hogar,2009,4,ADECIFR,str
hogar,2009,4,IPCF,float64
hogar,2009,4,DECCFR,str
hogar,2009,4,IDECCFR,str
hogar,2009,4,RDECCFR,str
hogar,2009,4,GDECCFR,str
hogar,2009,4,PDECCFR,str
hogar,2009,4,ADECCFR,str
hogar,2009,4,VII1_1,int64
hogar,2009,4,VII1_2,int64
hogar,2009,4,VII2_1,int64
hogar,2009,4,VII2_2,int64
hogar,2009,4,VII2_3,int64
hogar,2009,4,VII2_4,int64
hogar,2009,4,IDIMPH,str
individual,2009,4,CODUSU,string
individual,2009,4,NRO_HOGAR,Int16
individual,2009,4,COMPONENTE,Int16
individual,2009,4,H15,int64
individual,2009,4,ANO4,Int16
individual,2009,4,TRIMESTRE,Int16
individual,2009,4,REGION,int64
individual,2009,4,MAS_500,str
individual,2009,4,AGLOMERADO,Int16
individual,2009,4,PONDERA,int64
individual,2009,4,CH03,int64
individual,2009,4,CH04,int64
individual,2009,4,CH06,int64
individual,2009,4,CH07,int64
individual,2009,4,CH08,int64
individual,2009,4,CH09,int64
individual,2009,4,CH10,int64
individual,2009,4,CH11,int64
individual,2009,4,CH12,int64
individual,2009,4,CH13,int64
individual,2009,4,CH14,str
individual,2009,4,CH15,int64
individual,2009,4,CH15_COD,str
individual,2009,4,CH16,int64
individual,2009,4,CH16_COD,str
individual,2009,4,NIVEL_ED,int64
individual,2009,4,ESTADO,int64
individual,2009,4,CAT_OCUP,int64
individual,2009,4,CAT_INAC,int64
individual,2009,4,PP02C1,int64
individual,2009,4,PP02C2,int64
individual,2009,4,PP02C3,int64
individual,2009,4,PP02C4,int64
individual,2009,4,PP02C5,int64
individual,2009,4,PP02C6,int64
individual,2009,4,PP02C7,int64
individual,2009,4,PP02C8,int64
individual,2009,4,PP02E,int64
individual,2009,4,PP02H,int64
individual,2009,4,PP02I,int64
individual,2009,4,PP03C,int64
individual,2009,4,PP03D,int64
individual,2009,4,PP3E_TOT,int64
individual,2009,4,PP3F_TOT,int64
individual,2009,4,PP03G,int64
individual,2009,4,PP03H,int64
individual,2009,4,PP03I,int64
individual,2009,4,PP03J,int64
individual,2009,4,INTENSI,int64
individual,2009,4,PP04A,int64
individual,2009,4,PP04B_COD,str
individual,2009,4,PP04B1,int64
individual,2009,4,PP04B2,int64
individual,2009,4,PP04B3_MES,int64
individual,2009,4,PP04B3_ANO,int64
individual,2009,4,PP04B3_DIA,int64
individual,2009,4,PP04C,int64
individual,2009,4,PP04C99,int64
individual,2009,4,PP04D_COD,str
individual,2009,4,PP04G,int64
individual,2009,4,PP05B2_MES,int64
individual,2009,4,PP05B2_ANO,int64
individual,2009,4,PP05B2_DIA,int64
individual,2009,4,PP05C_1,int64
individual,2009,4,PP05C_2,int64
individual,2009,4,PP05C_3,int64
individual,2009,4,PP05E,int64
individual,2009,4,PP05F,int64
individual,2009,4,PP05H,int64
individual,2009,4,PP06A,int64
individual,2009,4,PP06C,int64
individual,2009,4,PP06D,int64
individual,2009,4,PP06E,int64
individual,2009,4,PP06H,int64
individual,2009,4,PP07A,int64
individual,2009,4,PP07C,int64
individual,2009,4,PP07D,int64
individual,2009,4,PP07E,int64
individual,2009,4,PP07F1,int64
individual,2009,4,PP07F2,int64
individual,2009,4,PP07F3,int64
individual,2009,4,PP07F4,int64
individual,2009,4,PP07F5,int64
individual,2009,4,PP07G1,int64
individual,2009,4,PP07G2,int64
individual,2009,4,PP07G3,int64
individual,2009,4,PP07G4,int64
individual,2009,4,PP07G_59,int64
individual,2009,4,PP07H,int64
individual,2009,4,PP07I,int64
individual,2009,4,PP07J,int64
individual,2009,4,PP07K,int64
individual,2009,4,PP08D1,int64
individual,2009,4,PP08D4,int64
individual,2009,4,PP08F1,int64
individual,2009,4,PP08F2,int64
individual,2009,4,PP08J1,int64
individual,2009,4,PP08J2,int64
individual,2009,4,PP08J3,int64
individual,2009,4,PP09A,int64
individual,2009,4,PP09A_ESP,str
individual,2009,4,PP09B,int64
individual,2009,4,PP09C,int64
individual,2009,4,PP09C_ESP,str
individual,2009,4,PP10A,int64
individual,2009,4,PP10C,int64
individual,2009,4,PP10D,int64
individual,2009,4,PP10E,int64
individual,2009,4,PP11A,int64
individual,2009,4,PP11B_COD,str
individual,2009,4,PP11B1,int64
individual,2009,4,PP11B2_MES,int64
individual,2009,4,PP11B2_ANO,int64
individual,2009,4,PP11B2_DIA,int64
individual,2009,4,PP11C,int64
individual,2009,4,PP11C99,int64
individual,2009,4,PP11D_COD,str
individual,2009,4,PP11G_ANO,int64
individual,2009,4,PP11G_MES,int64
individual,2009,4,PP11G_DIA,int64
individual,2009,4,PP11L,int64
individual,2009,4,PP11L1,int64
individual,2009,4,PP11M,int64
individual,2009,4,PP11N,int64
individual,2009,4,PP11O,int64
individual,2009,4,PP11P,int64
individual,2009,4,PP11Q,int64
individual,2009,4,PP11R,int64
individual,2009,4,PP11S,int64
individual,2009,4,PP11T,int64
individual,2009,4,P21,int64
individual,2009,4,DECOCUR,str
individual,2009,4,IDECOCUR,str
individual,2009,4,RDECOCUR,str
individual,2009,4,GDECOCUR,str
individual,2009,4,PDECOCUR,str
individual,2009,4,ADECOCUR,str
individual,2009,4,TOT_P12,int64
individual,2009,4,P47T,int64
individual,2009,4,DECINDR,str
individual,2009,4,IDECINDR,str
individual,2009,4,RDECINDR,str
individual,2009,4,GDECINDR,str
individual,2009,4,PDECINDR,str
individual,2009,4,ADECINDR,str
individual,2009,4,V2_M,int64
individual,2009,4,V3_M,int64
individual,2009,4,V4_M,int64
individual,2009,4,V5_M,int64
individual,2009,4,V8_M,int64
individual,2009,4,V9_M,int64
individual,2009,4,V10_M,int64
individual,2009,4,V11_M,int64
individual,2009,4,V12_M,int64
individual,2009,4,V18_M,int64
individual,2009,4,V19_AM,int64
individual,2009,4,V21_M,int64
individual,2009,4,T_VI,int64
individual,2009,4,ITF,int64
individual,2009,4,DECIFR,str
individual,2009,4,IDECIFR,str
individual,2009,4,RDECIFR,str
individual,2009,4,GDECIFR,str
individual,2009,4,PDECIFR,str
individual,2009,4,ADECIFR,str
individual,2009,4,IPCF,float64
individual,2009,4,DECCFR,str
individual,2009,4,IDECCFR,str
individual,2009,4,RDECCFR,str
individual,2009,4,GDECCFR,str
individual,2009,4,PDECCFR,str
individual,2009,4,ADECCFR,str
individual,2009,4,PJ1_1,int64
individual,2009,4,PJ2_1,int64
individual,2009,4,PJ3_1,int64
individual,2009,4,IDIMPP,str
hogar,2010,1,CODUSU,string
hogar,2010,1,NRO_HOGAR,Int16
hogar,2010,1,REALIZADA,int64
hogar,2010,1,ANO4,Int16
hogar,2010,1,TRIMESTRE,Int16
hogar,2010,1,REGION,int64
hogar,2010,1,MAS_500,str
hogar,2010,1,AGLOMERADO,Int16
hogar,2010,1,PONDERA,int64
hogar,2010,1,IV1,int64
hogar,2010,1,IV1_ESP,str
hogar,2010,1,IV2,int64
hogar,2010,1,IV3,int64
hogar,2010,1,IV3_ESP,str
hogar,2010,1,IV4,int64
hogar,2010,1,IV5,int64
hogar,2010,1,IV6,int64
hogar,2010,1,IV7,int64
hogar,2010,1,IV7_ESP,str
hogar,2010,1,IV8,int64
hogar,2010,1,IV9,int64
hogar,2010,1,IV10,int64
hogar,2010,1,IV11,int64
hogar,2010,1,IV12_1,int64
hogar,2010,1,IV12_2,int64
hogar,2010,1,IV12_3,int64
hogar,2010,1,II1,int64
hogar,2010,1,II2,int64
hogar,2010,1,II3,int64
hogar,2010,1,II3_1,int64
hogar,2010,1,II4_1,int64
hogar,2010,1,II4_2,int64
hogar,2010,1,II4_3,int64
hogar,2010,1,II5,int64
hogar,2010,1,II5_1,int64
hogar,2010,1,II6,int64
hogar,2010,1,II6_1,int64
hogar,2010,1,II7,int64
hogar,2010,1,II7_ESP,str
hogar,2010,1,II8,int64
hogar,2010,1,II8_ESP,str
hogar,2010,1,II9,int64
hogar,2010,1,V1,int64
hogar,2010,1,V2,int64
hogar,2010,1,V21,int64
hogar,2010,1,V22,int64
hogar,2010,1,V3,int64
hogar,2010,1,V4,int64
hogar,2010,1,V5,int64
hogar,2010,1,V6,int64
hogar,2010,1,V7,int64
hogar,2010,1,V8,int64
hogar,2010,1,V9,int64
hogar,2010,1,V10,int64
hogar,2010,1,V11,int64
hogar,2010,1,V12,int64
hogar,2010,1,V13,int64
hogar,2010,1,V14,int64
hogar,2010,1,V15,int64
hogar,2010,1,V16,int64
hogar,2010,1,V17,int64
hogar,2010,1,V18,int64
hogar,2010,1,V19_A,int64
hogar,2010,1,V19_B,int64
hogar,2010,1,IX_TOT,int64
hogar,2010,1,IX_MEN10,int64
hogar,2010,1,IX_MAYEQ10,int64
hogar,2010,1,ITF,float64
hogar,2010,1,DECIFR,str
hogar,2010,1,IDECIFR,str
hogar,2010,1,RDECIFR,str
hogar,2010,1,GDECIFR,str
hogar,2010,1,PDECIFR,str
hogar,2010,1,ADECIFR,str
hogar,2010,1,IPCF,float64
hogar,2010,1,DECCFR,str
hogar,2010,1,IDECCFR,str
hogar,2010,1,RDECCFR,str
hogar,2010,1,GDECCFR,str
hogar,2010,1,PDECCFR,str
hogar,2010,1,ADECCFR,str
hogar,2010,1,VII1_1,int64
hogar,2010,1,VII1_2,int64
hogar,2010,1,VII2_1,int64
hogar,2010,1,VII2_2,int64
hogar,2010,1,VII2_3,int64
hogar,2010,1,VII2_4,int64
hogar,2010,1,IDIMPH,str
individual,2010,1,CODUSU,string
individual,2010,1,NRO_HOGAR,Int16
individual,2010,1,COMPONENTE,Int16
individual,2010,1,H15,int64
individual,2010,1,ANO4,Int16
individual,2010,1,TRIMESTRE,Int16
individual,2010,1,REGION,int64
individual,2010,1,MAS_500,str
individual,2010,1,AGLOMERADO,Int16
individual,2010,1,PONDERA,int64
individual,2010,1,CH03,int64
individual,2010,1,CH04,int64
individual,2010,1,CH06,int64
individual,2010,1,CH07,int64
individual,2010,1,CH08,int64
individual,2010,1,CH09,int64
individual,2010,1,CH10,int64
individual,2010,1,CH11,int64
individual,2010,1,CH12,int64
individual,2010,1,CH13,int64
individual,2010,1,CH14,str
individual,2010,1,CH15,int64
individual,2010,1,CH15_COD,str
individual,2010,1,CH16,int64
individual,2010,1,CH16_COD,str
individual,2010,1,NIVEL_ED,int64
individual,2010,1,ESTADO,int64
individual,2010,1,CAT_OCUP,int64
individual,2010,1,CAT_INAC,int64
individual,2010,1,PP02C1,int64
individual,2010,1,PP02C2,int64
individual,2010,1,PP02C3,int64
individual,2010,1,PP02C4,int64
individual,2010,1,PP02C5,int64
individual,2010,1,PP02C6,int64
individual,2010,1,PP02C7,int64
individual,2010,1,PP02C8,int64
individual,2010,1,PP02E,int64
individual,2010,1,PP02H,int64
individual,2010,1,PP02I,int64
individual,2010,1,PP03C,int64
individual,2010,1,PP03D,int64
individual,2010,1,PP3E_TOT,int64
individual,2010,1,PP3F_TOT,int64
individual,2010,1,PP03G,int64
individual,2010,1,PP03H,int64
individual,2010,1,PP03I,int64
individual,2010,1,PP03J,int64
individual,2010,1,INTENSI,int64
individual,2010,1,PP04A,int64
individual,2010,1,PP04B_COD,str
individual,2010,1,PP04B1,int64
individual,2010,1,PP04B2,int64
individual,2010,1,PP04B3_MES,int64
individual,2010,1,PP04B3_ANO,int64
individual,2010,1,PP04B3_DIA,int64
individual,2010,1,PP04C,int64
individual,2010,1,PP04C99,int64
individual,2010,1,PP04D_COD,str
individual,2010,1,PP04G,int64
individual,2010,1,PP05B2_MES,int64
individual,2010,1,PP05B2_ANO,int64
individual,2010,1,PP05B2_DIA,int64
individual,2010,1,PP05C_1,int64
individual,2010,1,PP05C_2,int64
individual,2010,1,PP05C_3,int64
individual,2010,1,PP05E,int64
individual,2010,1,PP05F,int64
individual,2010,1,PP05H,int64
individual,2010,1,PP06A,int64
individual,2010,1,PP06C,int64
individual,2010,1,PP06D,int64
individual,2010,1,PP06E,int64
individual,2010,1,PP06H,int64
individual,2010,1,PP07A,int64
individual,2010,1,PP07C,int64
individual,2010,1,PP07D,int64
individual,2010,1,PP07E,int64
individual,2010,1,PP07F1,int64
individual,2010,1,PP07F2,int64
individual,2010,1,PP07F3,int64
individual,2010,1,PP07F4,int64
individual,2010,1,PP07F5,int64
individual,2010,1,PP07G1,int64
individual,2010,1,PP07G2,int64
individual,2010,1,PP07G3,int64
individual,2010,1,PP07G4,int64
individual,2010,1,PP07G_59,int64
individual,2010,1,PP07H,int64
individual,2010,1,PP07I,int64
individual,2010,1,PP07J,int64
individual,2010,1,PP07K,int64
individual,2010,1,PP08D1,int64
individual,2010,1,PP08D4,int64
individual,2010,1,PP08F1,int64
individual,2010,1,PP08F2,int64
individual,2010,1,PP08J1,int64
individual,2010,1,PP08J2,int64
individual,2010,1,PP08J3,int64
individual,2010,1,PP09A,int64
individual,2010,1,PP09A_ESP,str
individual,2010,1,PP09B,int64
individual,2010,1,PP09C,int64
individual,2010,1,PP09C_ESP,str
individual,2010,1,PP10A,int64
individual,2010,1,PP10C,int64
individual,2010,1,PP10D,int64
individual,2010,1,PP10E,int64
individual,2010,1,PP11A,int64
individual,2010,1,PP11B_COD,str
individual,2010,1,PP11B1,int64
individual,2010,1,PP11B2_MES,int64
individual,2010,1,PP11B2_ANO,int64
individual,2010,1,PP11B2_DIA,int64
individual,2010,1,PP11C,int64
individual,2010,1,PP11C99,int64
individual,2010,1,PP11D_COD,str
individual,2010,1,PP11G_ANO,int64
individual,2010,1,PP11G_MES,int64
individual,2010,1,PP11G_DIA,int64
individual,2010,1,PP11L,int64
individual,2010,1,PP11L1,int64
individual,2010,1,PP11M,int64
individual,2010,1,PP11N,int64
individual,2010,1,PP11O,int64
individual,2010,1,PP11P,int64
individual,2010,1,PP11Q,int64
individual,2010,1,PP11R,int64
individual,2010,1,PP11S,int64
individual,2010,1,PP11T,int64
individual,2010,1,P21,int64
individual,2010,1,DECOCUR,str
individual,2010,1,IDECOCUR,str
individual,2010,1,RDECOCUR,str
individual,2010,1,GDECOCUR,str
individual,2010,1,PDECOCUR,str
individual,2010,1,ADECOCUR,str
individual,2010,1,TOT_P12,int64
individual,2010,1,P47T,int64
individual,2010,1,DECINDR,str
individual,2010,1,IDECINDR,str
individual,2010,1,RDECINDR,str
individual,2010,1,GDECINDR,str
individual,2010,1,PDECINDR,str
individual,2010,1,ADECINDR,str
individual,2010,1,V2_M,int64
individual,2010,1,V3_M,int64
individual,2010,1,V4_M,int64
individual,2010,1,V5_M,int64
individual,2010,1,V8_M,int64
individual,2010,1,V9_M,int64
individual,2010,1,V10_M,int64
individual,2010,1,V11_M,int64
individual,2010,1,V12_M,int64
individual,2010,1,V18_M,int64
individual,2010,1,V19_AM,int64
individual,2010,1,V21_M,int64
individual,2010,1,T_VI,int64
individual,2010,1,ITF,int64
individual,2010,1,DECIFR,str
individual,2010,1,IDECIFR,str
individual,2010,1,RDECIFR,str
individual,2010,1,GDECIFR,str
individual,2010,1,PDECIFR,str
individual,2010,1,ADECIFR,str
individual,2010,1,IPCF,float64
individual,2010,1,DECCFR,str
individual,2010,1,IDECCFR,str
individual,2010,1,RDECCFR,str
individual,2010,1,GDECCFR,str
individual,2010,1,PDECCFR,str
individual,2010,1,ADECCFR,str
individual,2010,1,PJ1_1,int64
individual,2010,1,PJ2_1,int64
individual,2010,1,PJ3_1,int64
individual,2010,1,IDIMPP,str
hogar,2010,2,CODUSU,string
hogar,2010,2,NRO_HOGAR,Int16
hogar,2010,2,REALIZADA,int64
hogar,2010,2,ANO4,Int16
hogar,2010,2,TRIMESTRE,Int16
hogar,2010,2,REGION,int64
hogar,2010,2,MAS_500,str
hogar,2010,2,AGLOMERADO,Int16
hogar,2010,2,PONDERA,int64
hogar,2010,2,IV1,int64
hogar,2010,2,IV1_ESP,str
hogar,2010,2,IV2,int64
hogar,2010,2,IV3,int64
hogar,2010,2,IV3_ESP,str
hogar,2010,2,IV4,int64
hogar,2010,2,IV5,int64
hogar,2010,2,IV6,int64
hogar,2010,2,IV7,int64
hogar,2010,2,IV7_ESP,str
hogar,2010,2,IV8,int64
hogar,2010,2,IV9,int64
hogar,2010,2,IV10,int64
hogar,2010,2,IV11,int64
hogar,2010,2,IV12_1,int64
hogar,2010,2,IV12_2,int64
hogar,2010,2,IV12_3,int64
hogar,2010,2,II1,int64
hogar,2010,2,II2,int64
hogar,2010,2,II3,int64
hogar,2010,2,II3_1,int64
hogar,2010,2,II4_1,int64
hogar,2010,2,II4_2,int64
hogar,2010,2,II4_3,int64
hogar,2010,2,II5,int64
hogar,2010,2,II5_1,int64
hogar,2010,2,II6,int64
hogar,2010,2,II6_1,int64
hogar,2010,2,II7,int64
hogar,2010,2,II7_ESP,str
hogar,2010,2,II8,int64
hogar,2010,2,II8_ESP,str
hogar,2010,2,II9,int64
hogar,2010,2,V1,int64
hogar,2010,2,V2,int64
hogar,2010,2,V21,int64
hogar,2010,2,V22,int64
hogar,2010,2,V3,int64
hogar,2010,2,V4,int64
hogar,2010,2,V5,int64
hogar,2010,2,V6,int64
hogar,2010,2,V7,int64
hogar,2010,2,V8,int64
hogar,2010,2,V9,int64
hogar,2010,2,V10,int64
hogar,2010,2,V11,int64
hogar,2010,2,V12,int64
hogar,2010,2,V13,int64
hogar,2010,2,V14,int64
hogar,2010,2,V15,int64
hogar,2010,2,V16,int64
hogar,2010,2,V17,int64
hogar,2010,2,V18,int64
hogar,2010,2,V19_A,int64
hogar,2010,2,V19_B,int64
hogar,2010,2,IX_TOT,int64
hogar,2010,2,IX_MEN10,int64
hogar,2010,2,IX_MAYEQ10,int64
hogar,2010,2,ITF,float64
hogar,2010,2,DECIFR,str
hogar,2010,2,IDECIFR,str
hogar,2010,2,RDECIFR,str
hogar,2010,2,GDECIFR,str
hogar,2010,2,PDECIFR,str
hogar,2010,2,ADECIFR,str
hogar,2010,2,IPCF,float64
hogar,2010,2,DECCFR,str
hogar,2010,2,IDECCFR,str
hogar,2010,2,RDECCFR,str
hogar,2010,2,GDECCFR,str
hogar,2010,2,PDECCFR,str
hogar,2010,2,ADECCFR,str
hogar,2010,2,VII1_1,int64
hogar,2010,2,VII1_2,int64
hogar,2010,2,VII2_1,int64
hogar,2010,2,VII2_2,int64
hogar,2010,2,VII2_3,int64
hogar,2010,2,VII2_4,int64
hogar,2010,2,IDIMPH,str
individual,2010,2,CODUSU,string
individual,2010,2,NRO_HOGAR,Int16
individual,2010,2,COMPONENTE,Int16
individual,2010,2,H15,int64
individual,2010,2,ANO4,Int16
individual,2010,2,TRIMESTRE,Int16
individual,2010,2,REGION,int64
individual,2010,2,MAS_500,str
individual,2010,2,AGLOMERADO,Int16
individual,2010,2,PONDERA,int64
individual,2010,2,CH03,int64
individual,2010,2,CH04,int64
individual,2010,2,CH06,int64
individual,2010,2,CH07,int64
individual,2010,2,CH08,int64
individual,2010,2,CH09,int64
individual,2010,2,CH10,int64
individual,2010,2,CH11,int64
individual,2010,2,CH12,int64
individual,2010,2,CH13,int64
individual,2010,2,CH14,str
individual,2010,2,CH15,int64
individual,2010,2,CH15_COD,str
individual,2010,2,CH16,int64
individual,2010,2,CH16_COD,str
individual,2010,2,NIVEL_ED,int64
individual,2010,2,ESTADO,int64
individual,2010,2,CAT_OCUP,int64
individual,2010,2,CAT_INAC,int64
individual,2010,2,PP02C1,int64
individual,2010,2,PP02C2,int64
individual,2010,2,PP02C3,int64
individual,2010,2,PP02C4,int64
individual,2010,2,PP02C5,int64
individual,2010,2,PP02C6,int64
individual,2010,2,PP02C7,int64
individual,2010,2,PP02C8,int64
individual,2010,2,PP02E,int64
individual,2010,2,PP02H,int64
individual,2010,2,PP02I,int64
individual,2010,2,PP03C,int64
individual,2010,2,PP03D,int64
individual,2010,2,PP3E_TOT,int64
individual,2010,2,PP3F_TOT,int64
individual,2010,2,PP03G,int64
individual,2010,2,PP03H,int64
individual,2010,2,PP03I,int64
individual,2010,2,PP03J,int64
individual,2010,2,INTENSI,int64
individual,2010,2,PP04A,int64
individual,2010,2,PP04B_COD,str
individual,2010,2,PP04B1,int64
individual,2010,2,PP04B2,int64
individual,2010,2,PP04B3_MES,int64
individual,2010,2,PP04B3_ANO,int64
individual,2010,2,PP04B3_DIA,int64
individual,2010,2,PP04C,int64
individual,2010,2,PP04C99,int64
individual,2010,2,PP04D_COD,str
individual,2010,2,PP04G,int64
individual,2010,2,PP05B2_MES,int64
individual,2010,2,PP05B2_ANO,int64
individual,2010,2,PP05B2_DIA,int64
individual,2010,2,PP05C_1,int64
individual,2010,2,PP05C_2,int64
individual,2010,2,PP05C_3,int64
individual,2010,2,PP05E,int64
individual,2010,2,PP05F,int64
individual,2010,2,PP05H,int64
individual,2010,2,PP06A,int64
individual,2010,2,PP06C,int64
individual,2010,2,PP06D,int64
individual,2010,2,PP06E,int64
individual,2010,2,PP06H,int64
individual,2010,2,PP07A,int64
individual,2010,2,PP07C,int64
individual,2010,2,PP07D,int64
individual,2010,2,PP07E,int64
individual,2010,2,PP07F1,int64
individual,2010,2,PP07F2,int64
individual,2010,2,PP07F3,int64
individual,2010,2,PP07F4,int64
individual,2010,2,PP07F5,int64
individual,2010,2,PP07G1,int64
individual,2010,2,PP07G2,int64
individual,2010,2,PP07G3,int64
individual,2010,2,PP07G4,int64
individual,2010,2,PP07G_59,int64
individual,2010,2,PP07H,int64
individual,2010,2,PP07I,int64
individual,2010,2,PP07J,int64
individual,2010,2,PP07K,int64
individual,2010,2,PP08D1,int64
individual,2010,2,PP08D4,int64
individual,2010,2,PP08F1,int64
individual,2010,2,PP08F2,int64
individual,2010,2,PP08J1,int64
individual,2010,2,PP08J2,int64
individual,2010,2,PP08J3,int64
individual,2010,2,PP09A,int64
individual,2010,2,PP09A_ESP,str
individual,2010,2,PP09B,int64
individual,2010,2,PP09C,int64
individual,2010,2,PP09C_ESP,str
individual,2010,2,PP10A,int64
individual,2010,2,PP10C,int64
individual,2010,2,PP10D,int64
individual,2010,2,PP10E,int64
individual,2010,2,PP11A,int64
individual,2010,2,PP11B_COD,str
individual,2010,2,PP11B1,int64
individual,2010,2,PP11B2_MES,int64
individual,2010,2,PP11B2_ANO,int64
individual,2010,2,PP11B2_DIA,int64
individual,2010,2,PP11C,int64
individual,2010,2,PP11C99,int64
individual,2010,2,PP11D_COD,str
individual,2010,2,PP11G_ANO,int64
individual,2010,2,PP11G_MES,int64
individual,2010,2,PP11G_DIA,int64
individual,2010,2,PP11L,int64
individual,2010,2,PP11L1,int64
individual,2010,2,PP11M,int64
individual,2010,2,PP11N,int64
individual,2010,2,PP11O,int64
individual,2010,2,PP11P,int64
individual,2010,2,PP11Q,int64
individual,2010,2,PP11R,int64
individual,2010,2,PP11S,int64
individual,2010,2,PP11T,int64
individual,2010,2,P21,int64
individual,2010,2,DECOCUR,str
individual,2010,2,IDECOCUR,str
individual,2010,2,RDECOCUR,str
individual,2010,2,GDECOCUR,str
individual,2010,2,PDECOCUR,str
individual,2010,2,ADECOCUR,str
individual,2010,2,TOT_P12,int64
individual,2010,2,P47T,int64
individual,2010,2,DECINDR,str
individual,2010,2,IDECINDR,str
individual,2010,2,RDECINDR,str
individual,2010,2,GDECINDR,str
individual,2010,2,PDECINDR,str
individual,2010,2,ADECINDR,str
individual,2010,2,V2_M,int64
individual,2010,2,V3_M,int64
individual,2010,2,V4_M,int64
individual,2010,2,V5_M,int64
individual,2010,2,V8_M,int64
individual,2010,2,V9_M,int64
individual,2010,2,V10_M,int64
individual,2010,2,V11_M,int64
individual,2010,2,V12_M,int64
individual,2010,2,V18_M,int64
individual,2010,2,V19_AM,int64
individual,2010,2,V21_M,int64
individual,2010,2,T_VI,int64
individual,2010,2,ITF,int64
individual,2010,2,DECIFR,str
individual,2010,2,IDECIFR,str
individual,2010,2,RDECIFR,str
individual,2010,2,GDECIFR,str
individual,2010,2,PDECIFR,str
individual,2010,2,ADECIFR,str
individual,2010,2,IPCF,float64
individual,2010,2,DECCFR,str
individual,2010,2,IDECCFR,str
individual,2010,2,RDECCFR,str
individual,2010,2,GDECCFR,str
individual,2010,2,PDECCFR,str
individual,2010,2,ADECCFR,str
individual,2010,2,PJ1_1,int64
individual,2010,2,PJ2_1,int64
individual,2010,2,PJ3_1,int64
individual,2010,2,IDIMPP,str
hogar,2010,3,CODUSU,string
hogar,2010,3,NRO_HOGAR,Int16
hogar,2010,3,REALIZADA,int64
hogar,2010,3,ANO4,Int16
hogar,2010,3,TRIMESTRE,Int16
hogar,2010,3,REGION,int64
hogar,2010,3,MAS_500,str
hogar,2010,3,AGLOMERADO,Int16
hogar,2010,3,PONDERA,int64
hogar,2010,3,IV1,int64
hogar,2010,3,IV1_ESP,str
hogar,2010,3,IV2,int64
hogar,2010,3,IV3,int64
hogar,2010,3,IV3_ESP,str
hogar,2010,3,IV4,int64
hogar,2010,3,IV5,int64
hogar,2010,3,IV6,int64
hogar,2010,3,IV7,int64
hogar,2010,3,IV7_ESP,str
hogar,2010,3,IV8,int64
hogar,2010,3,IV9,int64
hogar,2010,3,IV10,int64
hogar,2010,3,IV11,int64
hogar,2010,3,IV12_1,int64
hogar,2010,3,IV12_2,int64
hogar,2010,3,IV12_3,int64
hogar,2010,3,II1,int64
hogar,2010,3,II2,int64
hogar,2010,3,II3,int64
hogar,2010,3,II3_1,int64
hogar,2010,3,II4_1,int64
hogar,2010,3,II4_2,int64
hogar,2010,3,II4_3,int64
hogar,2010,3,II5,int64
hogar,2010,3,II5_1,int64
hogar,2010,3,II6,int64
hogar,2010,3,II6_1,int64
hogar,2010,3,II7,int64
hogar,2010,3,II7_ESP,str
hogar,2010,3,II8,int64
hogar,2010,3,II8_ESP,str
hogar,2010,3,II9,int64
hogar,2010,3,V1,int64
hogar,2010,3,V2,int64
hogar,2010,3,V21,int64
hogar,2010,3,V22,int64
hogar,2010,3,V3,int64
hogar,2010,3,V4,int64
hogar,2010,3,V5,int64
hogar,2010,3,V6,int64
hogar,2010,3,V7,int64
hogar,2010,3,V8,int64
hogar,2010,3,V9,int64
hogar,2010,3,V10,int64
hogar,2010,3,V11,int64
hogar,2010,3,V12,int64
hogar,2010,3,V13,int64
hogar,2010,3,V14,int64
hogar,2010,3,V15,int64
hogar,2010,3,V16,int64
hogar,2010,3,V17,int64
hogar,2010,3,V18,int64
hogar,2010,3,V19_A,int64
hogar,2010,3,V19_B,int64
hogar,2010,3,IX_TOT,int64
hogar,2010,3,IX_MEN10,int64
hogar,2010,3,IX_MAYEQ10,int64
hogar,2010,3,ITF,float64
hogar,2010,3,DECIFR,str
hogar,2010,3,IDECIFR,str
hogar,2010,3,RDECIFR,str
hogar,2010,3,GDECIFR,str
hogar,2010,3,PDECIFR,str
hogar,2010,3,ADECIFR,str
hogar,2010,3,IPCF,float64
hogar,2010,3,DECCFR,str
hogar,2010,3,IDECCFR,str
hogar,2010,3,RDECCFR,str
hogar,2010,3,GDECCFR,str
hogar,2010,3,PDECCFR,str
hogar,2010,3,ADECCFR,str
hogar,2010,3,VII1_1,int64
hogar,2010,3,VII1_2,int64
hogar,2010,3,VII2_1,int64
hogar,2010,3,VII2_2,int64
hogar,2010,3,VII2_3,int64
hogar,2010,3,VII2_4,int64
hogar,2010,3,IDIMPH,str
individual,2010,3,CODUSU,string
individual,2010,3,NRO_HOGAR,Int16
individual,2010,3,COMPONENTE,Int16
individual,2010,3,H15,int64
individual,2010,3,ANO4,Int16
individual,2010,3,TRIMESTRE,Int16
individual,2010,3,REGION,int64
individual,2010,3,MAS_500,str
individual,2010,3,AGLOMERADO,Int16
individual,2010,3,PONDERA,int64
individual,2010,3,CH03,int64
individual,2010,3,CH04,int64
individual,2010,3,CH06,int64
individual,2010,3,CH07,int64
individual,2010,3,CH08,int64
individual,2010,3,CH09,int64
individual,2010,3,CH10,int64
individual,2010,3,CH11,int64
individual,2010,3,CH12,int64
individual,2010,3,CH13,int64
individual,2010,3,CH14,str
individual,2010,3,CH15,int64
individual,2010,3,CH15_COD,str
individual,2010,3,CH16,int64
individual,2010,3,CH16_COD,str
individual,2010,3,NIVEL_ED,int64
individual,2010,3,ESTADO,int64
individual,2010,3,CAT_OCUP,int64
individual,2010,3,CAT_INAC,int64
individual,2010,3,PP02C1,int64
individual,2010,3,PP02C2,int64
individual,2010,3,PP02C3,int64
individual,2010,3,PP02C4,int64
individual,2010,3,PP02C5,int64
individual,2010,3,PP02C6,int64
individual,2010,3,PP02C7,int64
individual,2010,3,PP02C8,int64
individual,2010,3,PP02E,int64
individual,2010,3,PP02H,int64
individual,2010,3,PP02I,int64
individual,2010,3,PP03C,int64
individual,2010,3,PP03D,int64
individual,2010,3,PP3E_TOT,int64
individual,2010,3,PP3F_TOT,int64
individual,2010,3,PP03G,int64
individual,2010,3,PP03H,int64
individual,2010,3,PP03I,int64
individual,2010,3,PP03J,int64
individual,2010,3,INTENSI,int64
individual,2010,3,PP04A,int64
individual,2010,3,PP04B_COD,str
individual,2010,3,PP04B1,int64
individual,2010,3,PP04B2,int64
individual,2010,3,PP04B3_MES,int64
individual,2010,3,PP04B3_ANO,int64
individual,2010,3,PP04B3_DIA,int64
individual,2010,3,PP04C,int64
individual,2010,3,PP04C99,int64
individual,2010,3,PP04D_COD,str
individual,2010,3,PP04G,int64
individual,2010,3,PP05B2_MES,int64
individual,2010,3,PP05B2_ANO,int64
individual,2010,3,PP05B2_DIA,int64
individual,2010,3,PP05C_1,int64
individual,2010,3,PP05C_2,int64
individual,2010,3,PP05C_3,int64
individual,2010,3,PP05E,int64
individual,2010,3,PP05F,int64
individual,2010,3,PP05H,int64
individual,2010,3,PP06A,int64
individual,2010,3,PP06C,int64
individual,2010,3,PP06D,int64
individual,2010,3,PP06E,int64
individual,2010,3,PP06H,int64
individual,2010,3,PP07A,int64
individual,2010,3,PP07C,int64
individual,2010,3,PP07D,int64
individual,2010,3,PP07E,int64
individual,2010,3,PP07F1,int64
individual,2010,3,PP07F2,int64
individual,2010,3,PP07F3,int64
individual,2010,3,PP07F4,int64
individual,2010,3,PP07F5,int64
individual,2010,3,PP07G1,int64
individual,2010,3,PP07G2,int64
individual,2010,3,PP07G3,int64
individual,2010,3,PP07G4,int64
individual,2010,3,PP07G_59,int64
individual,2010,3,PP07H,int64
individual,2010,3,PP07I,int64
individual,2010,3,PP07J,int64
individual,2010,3,PP07K,int64
individual,2010,3,PP08D1,int64
individual,2010,3,PP08D4,int64
individual,2010,3,PP08F1,int64
individual,2010,3,PP08F2,int64
individual,2010,3,PP08J1,int64
individual,2010,3,PP08J2,int64
individual,2010,3,PP08J3,int64
individual,2010,3,PP09A,int64
individual,2010,3,PP09A_ESP,str
individual,2010,3,PP09B,int64
individual,2010,3,PP09C,int64
individual,2010,3,PP09C_ESP,str
individual,2010,3,PP10A,int64
individual,2010,3,PP10C,int64
individual,2010,3,PP10D,int64
individual,2010,3,PP10E,int64
individual,2010,3,PP11A,int64
individual,2010,3,PP11B_COD,str
individual,2010,3,PP11B1,int64
individual,2010,3,PP11B2_MES,int64
individual,2010,3,PP11B2_ANO,int64
individual,2010,3,PP11B2_DIA,int64
individual,2010,3,PP11C,int64
individual,2010,3,PP11C99,int64
individual,2010,3,PP11D_COD,str
individual,2010,3,PP11G_ANO,int64
individual,2010,3,PP11G_MES,int64
individual,2010,3,PP11G_DIA,int64
individual,2010,3,PP11L,int64
individual,2010,3,PP11L1,int64
individual,2010,3,PP11M,int64
individual,2010,3,PP11N,int64
individual,2010,3,PP11O,int64
individual,2010,3,PP11P,int64
individual,2010,3,PP11Q,int64
individual,2010,3,PP11R,int64
individual,2010,3,PP11S,int64
individual,2010,3,PP11T,int64
individual,2010,3,P21,int64
individual,2010,3,DECOCUR,str
individual,2010,3,IDECOCUR,str
individual,2010,3,RDECOCUR,str
individual,2010,3,GDECOCUR,str
individual,2010,3,PDECOCUR,str
individual,2010,3,ADECOCUR,str
individual,2010,3,TOT_P12,int64
individual,2010,3,P47T,int64
individual,2010,3,DECINDR,str
individual,2010,3,IDECINDR,str
individual,2010,3,RDECINDR,str
individual,2010,3,GDECINDR,str
individual,2010,3,PDECINDR,str
individual,2010,3,ADECINDR,str
individual,2010,3,V2_M,int64
individual,2010,3,V3_M,int64
individual,2010,3,V4_M,int64
individual,2010,3,V5_M,int64
individual,2010,3,V8_M,int64
individual,2010,3,V9_M,int64
individual,2010,3,V10_M,int64
individual,2010,3,V11_M,int64
individual,2010,3,V12_M,int64
individual,2010,3,V18_M,int64
individual,2010,3,V19_AM,int64
individual,2010,3,V21_M,int64
individual,2010,3,T_VI,int64
individual,2010,3,ITF,int64
individual,2010,3,DECIFR,str
individual,2010,3,IDECIFR,str
individual,2010,3,RDECIFR,str
individual,2010,3,GDECIFR,str
individual,2010,3,PDECIFR,str
individual,2010,3,ADECIFR,str
individual,2010,3,IPCF,float64
individual,2010,3,DECCFR,str
individual,2010,3,IDECCFR,str
individual,2010,3,RDECCFR,str
individual,2010,3,GDECCFR,str
individual,2010,3,PDECCFR,str
individual,2010,3,ADECCFR,str
individual,2010,3,PJ1_1,int64
individual,2010,3,PJ2_1,int64
individual,2010,3,PJ3_1,int64
individual,2010,3,IDIMPP,str
hogar,2010,4,CODUSU,string
hogar,2010,4,NRO_HOGAR,Int16
hogar,2010,4,REALIZADA,int64
hogar,2010,4,ANO4,Int16
hogar,2010,4,TRIMESTRE,Int16
hogar,2010,4,REGION,int64
hogar,2010,4,MAS_500,str
hogar,2010,4,AGLOMERADO,Int16
hogar,2010,4,PONDERA,int64
hogar,2010,4,IV1,int64
hogar,2010,4,IV1_ESP,str
hogar,2010,4,IV2,int64
hogar,2010,4,IV3,int64
hogar,2010,4,IV3_ESP,str
hogar,2010,4,IV4,int64
hogar,2010,4,IV5,int64
hogar,2010,4,IV6,int64
hogar,2010,4,IV7,int64
hogar,2010,4,IV7_ESP,str
hogar,2010,4,IV8,int64
hogar,2010,4,IV9,int64
hogar,2010,4,IV10,int64
hogar,2010,4,IV11,int64
hogar,2010,4,IV12_1,int64
hogar,2010,4,IV12_2,int64
hogar,2010,4,IV12_3,int64
hogar,2010,4,II1,int64
hogar,2010,4,II2,int64
hogar,2010,4,II3,int64
hogar,2010,4,II3_1,int64
hogar,2010,4,II4_1,int64
hogar,2010,4,II4_2,int64
hogar,2010,4,II4_3,int64
hogar,2010,4,II5,int64
hogar,2010,4,II5_1,int64
hogar,2010,4,II6,int64
hogar,2010,4,II6_1,int64
hogar,2010,4,II7,int64
hogar,2010,4,II7_ESP,str
hogar,2010,4,II8,int64
hogar,2010,4,II8_ESP,str
hogar,2010,4,II9,int64
hogar,2010,4,V1,int64
hogar,2010,4,V2,int64
hogar,2010,4,V21,int64
hogar,2010,4,V22,int64
hogar,2010,4,V3,int64
hogar,2010,4,V4,int64
hogar,2010,4,V5,int64
hogar,2010,4,V6,int64
hogar,2010,4,V7,int64
hogar,2010,4,V8,int64
hogar,2010,4,V9,int64
hogar,2010,4,V10,int64
hogar,2010,4,V11,int64
hogar,2010,4,V12,int64
hogar,2010,4,V13,int64
hogar,2010,4,V14,int64
hogar,2010,4,V15,int64
hogar,2010,4,V16,int64
hogar,2010,4,V17,int64
hogar,2010,4,V18,int64
hogar,2010,4,V19_A,int64
hogar,2010,4,V19_B,int64
hogar,2010,4,IX_TOT,int64
hogar,2010,4,IX_MEN10,int64
hogar,2010,4,IX_MAYEQ10,int64
hogar,2010,4,ITF,float64
hogar,2010,4,DECIFR,str
hogar,2010,4,IDECIFR,str
hogar,2010,4,RDECIFR,str
hogar,2010,4,GDECIFR,str
hogar,2010,4,PDECIFR,str
hogar,2010,4,ADECIFR,str
hogar,2010,4,IPCF,float64
hogar,2010,4,DECCFR,str
hogar,2010,4,IDECCFR,str
hogar,2010,4,RDECCFR,str
hogar,2010,4,GDECCFR,str
hogar,2010,4,PDECCFR,str
hogar,2010,4,ADECCFR,str
hogar,2010,4,VII1_1,int64
hogar,2010,4,VII1_2,int64
hogar,2010,4,VII2_1,int64
hogar,2010,4,VII2_2,int64
hogar,2010,4,VII2_3,int64
hogar,2010,4,VII2_4,int64
hogar,2010,4,IDIMPH,str
individual,2010,4,CODUSU,string
individual,2010,4,NRO_HOGAR,Int16
individual,2010,4,COMPONENTE,Int16
individual,2010,4,H15,int64
individual,2010,4,ANO4,Int16
individual,2010,4,TRIMESTRE,Int16
individual,2010,4,REGION,int64
individual,2010,4,MAS_500,str
individual,2010,4,AGLOMERADO,Int16
individual,2010,4,PONDERA,int64
individual,2010,4,CH03,int64
individual,2010,4,CH04,int64
individual,2010,4,CH06,int64
individual,2010,4,CH07,int64
individual,2010,4,CH08,int64
individual,2010,4,CH09,int64
individual,2010,4,CH10,int64
individual,2010,4,CH11,int64
individual,2010,4,CH12,int64
individual,2010,4,CH13,int64
individual,2010,4,CH14,str
individual,2010,4,CH15,int64
individual,2010,4,CH15_COD,str
individual,2010,4,CH16,int64
individual,2010,4,CH16_COD,str
individual,2010,4,NIVEL_ED,int64
individual,2010,4,ESTADO,int64
individual,2010,4,CAT_OCUP,int64
individual,2010,4,CAT_INAC,int64
individual,2010,4,PP02C1,int64
individual,2010,4,PP02C2,int64
individual,2010,4,PP02C3,int64
individual,2010,4,PP02C4,int64
individual,2010,4,PP02C5,int64
individual,2010,4,PP02C6,int64
individual,2010,4,PP02C7,int64
individual,2010,4,PP02C8,int64
individual,2010,4,PP02E,int64
individual,2010,4,PP02H,int64
individual,2010,4,PP02I,int64
individual,2010,4,PP03C,int64
individual,2010,4,PP03D,int64
individual,2010,4,PP3E_TOT,int64
individual,2010,4,PP3F_TOT,int64
individual,2010,4,PP03G,int64
individual,2010,4,PP03H,int64
individual,2010,4,PP03I,int64
individual,2010,4,PP03J,int64
individual,2010,4,INTENSI,int64
individual,2010,4,PP04A,int64
individual,2010,4,PP04B_COD,str
individual,2010,4,PP04B1,int64
individual,2010,4,PP04B2,int64
individual,2010,4,PP04B3_MES,int64
individual,2010,4,PP04B3_ANO,int64
individual,2010,4,PP04B3_DIA,int64
individual,2010,4,PP04C,int64
individual,2010,4,PP04C99,int64
individual,2010,4,PP04D_COD,str
individual,2010,4,PP04G,int64
individual,2010,4,PP05B2_MES,int64
individual,2010,4,PP05B2_ANO,int64
individual,2010,4,PP05B2_DIA,int64
individual,2010,4,PP05C_1,int64
individual,2010,4,PP05C_2,int64
individual,2010,4,PP05C_3,int64
individual,2010,4,PP05E,int64
individual,2010,4,PP05F,int64
individual,2010,4,PP05H,int64
individual,2010,4,PP06A,int64
individual,2010,4,PP06C,int64
individual,2010,4,PP06D,int64
individual,2010,4,PP06E,int64
individual,2010,4,PP06H,int64
individual,2010,4,PP07A,int64
individual,2010,4,PP07C,int64
individual,2010,4,PP07D,int64
individual,2010,4,PP07E,int64
individual,2010,4,PP07F1,int64
individual,2010,4,PP07F2,int64
individual,2010,4,PP07F3,int64
individual,2010,4,PP07F4,int64
individual,2010,4,PP07F5,int64
individual,2010,4,PP07G1,int64
individual,2010,4,PP07G2,int64
individual,2010,4,PP07G3,int64
individual,2010,4,PP07G4,int64
individual,2010,4,PP07G_59,int64
individual,2010,4,PP07H,int64
individual,2010,4,PP07I,int64
individual,2010,4,PP07J,int64
individual,2010,4,PP07K,int64
individual,2010,4,PP08D1,int64
individual,2010,4,PP08D4,int64
individual,2010,4,PP08F1,int64
individual,2010,4,PP08F2,int64
individual,2010,4,PP08J1,int64
individual,2010,4,PP08J2,int64
individual,2010,4,PP08J3,int64
individual,2010,4,PP09A,int64
individual,2010,4,PP09A_ESP,str
individual,2010,4,PP09B,int64
individual,2010,4,PP09C,int64
individual,2010,4,PP09C_ESP,str
individual,2010,4,PP10A,int64
individual,2010,4,PP10C,int64
individual,2010,4,PP10D,int64
individual,2010,4,PP10E,int64
individual,2010,4,PP11A,int64
individual,2010,4,PP11B_COD,str
individual,2010,4,PP11B1,int64
individual,2010,4,PP11B2_MES,int64
individual,2010,4,PP11B2_ANO,int64
individual,2010,4,PP11B2_DIA,int64
individual,2010,4,PP11C,int64
individual,2010,4,PP11C99,int64
individual,2010,4,PP11D_COD,str
individual,2010,4,PP11G_ANO,int64
individual,2010,4,PP11G_MES,int64
individual,2010,4,PP11G_DIA,int64
individual,2010,4,PP11L,int64
individual,2010,4,PP11L1,int64
individual,2010,4,PP11M,int64
individual,2010,4,PP11N,int64
individual,2010,4,PP11O,int64
individual,2010,4,PP11P,int64
individual,2010,4,PP11Q,int64
individual,2010,4,PP11R,int64
individual,2010,4,PP11S,int64
individual,2010,4,PP11T,int64
individual,2010,4,P21,int64
individual,2010,4,DECOCUR,str
individual,2010,4,IDECOCUR,str
individual,2010,4,RDECOCUR,str
individual,2010,4,GDECOCUR,str
individual,2010,4,PDECOCUR,str
individual,2010,4,ADECOCUR,str
individual,2010,4,TOT_P12,int64
individual,2010,4,P47T,int64
individual,2010,4,DECINDR,str
individual,2010,4,IDECINDR,str
individual,2010,4,RDECINDR,str
individual,2010,4,GDECINDR,str
individual,2010,4,PDECINDR,str
individual,2010,4,ADECINDR,str
individual,2010,4,V2_M,int64
individual,2010,4,V3_M,int64
individual,2010,4,V4_M,int64
individual,2010,4,V5_M,int64
individual,2010,4,V8_M,int64
individual,2010,4,V9_M,int64
individual,2010,4,V10_M,int64
individual,2010,4,V11_M,int64
individual,2010,4,V12_M,int64
individual,2010,4,V18_M,int64
individual,2010,4,V19_AM,int64
individual,2010,4,V21_M,int64
individual,2010,4,T_VI,int64
individual,2010,4,ITF,int64
individual,2010,4,DECIFR,str
individual,2010,4,IDECIFR,str
individual,2010,4,RDECIFR,str
individual,2010,4,GDECIFR,str
individual,2010,4,PDECIFR,str
individual,2010,4,ADECIFR,str
individual,2010,4,IPCF,float64
individual,2010,4,DECCFR,str
individual,2010,4,IDECCFR,str
individual,2010,4,RDECCFR,str
individual,2010,4,GDECCFR,str
individual,2010,4,PDECCFR,str
individual,2010,4,ADECCFR,str
individual,2010,4,PJ1_1,int64
individual,2010,4,PJ2_1,int64
individual,2010,4,PJ3_1,int64
individual,2010,4,IDIMPP,str
individual,2010,4,FILTER__,int64
hogar,2011,1,CODUSU,string
hogar,2011,1,NRO_HOGAR,Int16
hogar,2011,1,REALIZADA,int64
hogar,2011,1,ANO4,Int16
hogar,2011,1,TRIMESTRE,Int16
hogar,2011,1,REGION,int64
hogar,2011,1,MAS_500,str
hogar,2011,1,AGLOMERADO,Int16
hogar,2011,1,PONDERA,int64
hogar,2011,1,IV1,int64
hogar,2011,1,IV1_ESP,str
hogar,2011,1,IV2,int64
hogar,2011,1,IV3,int64
hogar,2011,1,IV3_ESP,str
hogar,2011,1,IV4,int64
hogar,2011,1,IV5,int64
hogar,2011,1,IV6,int64
hogar,2011,1,IV7,int64
hogar,2011,1,IV7_ESP,str
hogar,2011,1,IV8,int64
hogar,2011,1,IV9,int64
hogar,2011,1,IV10,int64
hogar,2011,1,IV11,int64
hogar,2011,1,IV12_1,int64
hogar,2011,1,IV12_2,int64
hogar,2011,1,IV12_3,int64
hogar,2011,1,II1,int64
hogar,2011,1,II2,int64
hogar,2011,1,II3,int64
hogar,2011,1,II3_1,int64
hogar,2011,1,II4_1,int64
hogar,2011,1,II4_2,int64
hogar,2011,1,II4_3,int64
hogar,2011,1,II5,int64
hogar,2011,1,II5_1,int64
hogar,2011,1,II6,int64
hogar,2011,1,II6_1,int64
hogar,2011,1,II7,int64
hogar,2011,1,II7_ESP,str
hogar,2011,1,II8,int64
hogar,2011,1,II8_ESP,str
hogar,2011,1,II9,int64
hogar,2011,1,V1,int64
hogar,2011,1,V2,int64
hogar,2011,1,V21,int64
hogar,2011,1,V22,int64
hogar,2011,1,V3,int64
hogar,2011,1,V4,int64
hogar,2011,1,V5,int64
hogar,2011,1,V6,int64
hogar,2011,1,V7,int64
hogar,2011,1,V8,int64
hogar,2011,1,V9,int64
hogar,2011,1,V10,int64
hogar,2011,1,V11,int64
hogar,2011,1,V12,int64
hogar,2011,1,V13,int64
hogar,2011,1,V14,int64
hogar,2011,1,V15,int64
hogar,2011,1,V16,int64
hogar,2011,1,V17,int64
hogar,2011,1,V18,int64
hogar,2011,1,V19_A,int64
hogar,2011,1,V19_B,int64
hogar,2011,1,IX_TOT,int64
hogar,2011,1,IX_MEN10,int64
hogar,2011,1,IX_MAYEQ10,int64
hogar,2011,1,ITF,float64
hogar,2011,1,DECIFR,str
hogar,2011,1,IDECIFR,str
hogar,2011,1,RDECIFR,str
hogar,2011,1,GDECIFR,str
hogar,2011,1,PDECIFR,str
hogar,2011,1,ADECIFR,str
hogar,2011,1,IPCF,float64
hogar,2011,1,DECCFR,str
hogar,2011,1,IDECCFR,str
hogar,2011,1,RDECCFR,str
hogar,2011,1,GDECCFR,str
hogar,2011,1,PDECCFR,str
hogar,2011,1,ADECCFR,str
hogar,2011,1,VII1_1,int64
hogar,2011,1,VII1_2,int64
hogar,2011,1,VII2_1,int64
hogar,2011,1,VII2_2,int64
hogar,2011,1,VII2_3,int64
hogar,2011,1,VII2_4,int64
hogar,2011,1,IDIMPH,str
individual,2011,1,CODUSU,string
individual,2011,1,NRO_HOGAR,Int16
individual,2011,1,COMPONENTE,Int16
individual,2011,1,H15,int64
individual,2011,1,ANO4,Int16
individual,2011,1,TRIMESTRE,Int16
individual,2011,1,REGION,int64
individual,2011,1,MAS_500,str
individual,2011,1,AGLOMERADO,Int16
individual,2011,1,PONDERA,int64
individual,2011,1,CH03,int64
individual,2011,1,CH04,int64
individual,2011,1,CH06,int64
individual,2011,1,CH07,int64
individual,2011,1,CH08,int64
individual,2011,1,CH09,int64
individual,2011,1,CH10,int64
individual,2011,1,CH11,int64
individual,2011,1,CH12,int64
individual,2011,1,CH13,int64
individual,2011,1,CH14,str
individual,2011,1,CH15,int64
individual,2011,1,CH15_COD,str
individual,2011,1,CH16,int64
individual,2011,1,CH16_COD,str
individual,2011,1,NIVEL_ED,int64
individual,2011,1,ESTADO,int64
individual,2011,1,CAT_OCUP,int64
individual,2011,1,CAT_INAC,int64
individual,2011,1,PP02C1,int64
individual,2011,1,PP02C2,int64
individual,2011,1,PP02C3,int64
individual,2011,1,PP02C4,int64
individual,2011,1,PP02C5,int64
individual,2011,1,PP02C6,int64
individual,2011,1,PP02C7,int64
individual,2011,1,PP02C8,int64
individual,2011,1,PP02E,int64
individual,2011,1,PP02H,int64
individual,2011,1,PP02I,int64
individual,2011,1,PP03C,int64
individual,2011,1,PP03D,int64
individual,2011,1,PP3E_TOT,int64
individual,2011,1,PP3F_TOT,int64
individual,2011,1,PP03G,int64
individual,2011,1,PP03H,int64
individual,2011,1,PP03I,int64
individual,2011,1,PP03J,int64
individual,2011,1,INTENSI,int64
individual,2011,1,PP04A,int64
individual,2011,1,PP04B_COD,str
individual,2011,1,PP04B_CAES,str
individual,2011,1,PP04B1,int64
individual,2011,1,PP04B2,int64
individual,2011,1,PP04B3_MES,int64
individual,2011,1,PP04B3_ANO,int64
individual,2011,1,PP04B3_DIA,int64
individual,2011,1,PP04C,int64
individual,2011,1,PP04C99,int64
individual,2011,1,PP04D_COD,str
individual,2011,1,PP04G,int64
individual,2011,1,PP05B2_MES,int64
individual,2011,1,PP05B2_ANO,int64
individual,2011,1,PP05B2_DIA,int64
individual,2011,1,PP05C_1,int64
individual,2011,1,PP05C_2,int64
individual,2011,1,PP05C_3,int64
individual,2011,1,PP05E,int64
individual,2011,1,PP05F,int64
individual,2011,1,PP05H,int64
individual,2011,1,PP06A,int64
individual,2011,1,PP06C,int64
individual,2011,1,PP06D,int64
individual,2011,1,PP06E,int64
individual,2011,1,PP06H,int64
individual,2011,1,PP07A,int64
individual,2011,1,PP07C,int64
individual,2011,1,PP07D,int64
individual,2011,1,PP07E,int64
individual,2011,1,PP07F1,int64
individual,2011,1,PP07F2,int64
individual,2011,1,PP07F3,int64
individual,2011,1,PP07F4,int64
individual,2011,1,PP07F5,int64
individual,2011,1,PP07G1,int64
individual,2011,1,PP07G2,int64
individual,2011,1,PP07G3,int64
individual,2011,1,PP07G4,int64
individual,2011,1,PP07G_59,int64
individual,2011,1,PP07H,int64
individual,2011,1,PP07I,int64
individual,2011,1,PP07J,int64
individual,2011,1,PP07K,int64
individual,2011,1,PP08D1,int64
individual,2011,1,PP08D4,int64
individual,2011,1,PP08F1,int64
individual,2011,1,PP08F2,int64
individual,2011,1,PP08J1,int64
individual,2011,1,PP08J2,int64
individual,2011,1,PP08J3,int64
individual,2011,1,PP09A,int64
individual,2011,1,PP09A_ESP,str
individual,2011,1,PP09B,int64
individual,2011,1,PP09C,int64
individual,2011,1,PP09C_ESP,str
individual,2011,1,PP10A,int64
individual,2011,1,PP10C,int64
individual,2011,1,PP10D,int64
individual,2011,1,PP10E,int64
individual,2011,1,PP11A,int64
individual,2011,1,PP11B_COD,str
individual,2011,1,PP11B_CAES,str
individual,2011,1,PP11B1,int64
individual,2011,1,PP11B2_MES,int64
individual,2011,1,PP11B2_ANO,int64
individual,2011,1,PP11B2_DIA,int64
individual,2011,1,PP11C,int64
individual,2011,1,PP11C99,int64
individual,2011,1,PP11D_COD,str
individual,2011,1,PP11G_ANO,int64
individual,2011,1,PP11G_MES,int64
individual,2011,1,PP11G_DIA,int64
individual,2011,1,PP11L,int64
individual,2011,1,PP11L1,int64
individual,2011,1,PP11M,int64
individual,2011,1,PP11N,int64
individual,2011,1,PP11O,int64
individual,2011,1,PP11P,int64
individual,2011,1,PP11Q,int64
individual,2011,1,PP11R,int64
individual,2011,1,PP11S,int64
individual,2011,1,PP11T,int64
individual,2011,1,P21,int64
individual,2011,1,DECOCUR,str
individual,2011,1,IDECOCUR,str
individual,2011,1,RDECOCUR,str
individual,2011,1,GDECOCUR,str
individual,2011,1,PDECOCUR,str
individual,2011,1,ADECOCUR,str
individual,2011,1,TOT_P12,int64
individual,2011,1,P47T,int64
individual,2011,1,DECINDR,str
individual,2011,1,IDECINDR,str
individual,2011,1,RDECINDR,str
individual,2011,1,GDECINDR,str
individual,2011,1,PDECINDR,str
individual,2011,1,ADECINDR,str
individual,2011,1,V2_M,int64
individual,2011,1,V3_M,int64
individual,2011,1,V4_M,int64
individual,2011,1,V5_M,int64
individual,2011,1,V8_M,int64
individual,2011,1,V9_M,int64
individual,2011,1,V10_M,int64
individual,2011,1,V11_M,int64
individual,2011,1,V12_M,int64
individual,2011,1,V18_M,int64
individual,2011,1,V19_AM,int64
individual,2011,1,V21_M,int64
individual,2011,1,T_VI,int64
individual,2011,1,ITF,int64
individual,2011,1,DECIFR,str
individual,2011,1,IDECIFR,str
individual,2011,1,RDECIFR,str
individual,2011,1,GDECIFR,str
individual,2011,1,PDECIFR,str
individual,2011,1,ADECIFR,str
individual,2011,1,IPCF,float64
individual,2011,1,DECCFR,str
individual,2011,1,IDECCFR,str
individual,2011,1,RDECCFR,str
individual,2011,1,GDECCFR,str
individual,2011,1,PDECCFR,str
individual,2011,1,ADECCFR,str
individual,2011,1,IDIMPP,str
hogar,2011,2,CODUSU,string
hogar,2011,2,NRO_HOGAR,Int16
hogar,2011,2,REALIZADA,int64
hogar,2011,2,ANO4,Int16
hogar,2011,2,TRIMESTRE,Int16
hogar,2011,2,REGION,int64
hogar,2011,2,MAS_500,str
hogar,2011,2,AGLOMERADO,Int16
hogar,2011,2,PONDERA,int64
hogar,2011,2,IV1,int64
hogar,2011,2,IV1_ESP,str
hogar,2011,2,IV2,int64
hogar,2011,2,IV3,int64
hogar,2011,2,IV3_ESP,str
hogar,2011,2,IV4,int64
hogar,2011,2,IV5,int64
hogar,2011,2,IV6,int64
hogar,2011,2,IV7,int64
hogar,2011,2,IV7_ESP,str
hogar,2011,2,IV8,int64
hogar,2011,2,IV9,int64
hogar,2011,2,IV10,int64
hogar,2011,2,IV11,int64
hogar,2011,2,IV12_1,int64
hogar,2011,2,IV12_2,int64
hogar,2011,2,IV12_3,int64
hogar,2011,2,II1,int64
hogar,2011,2,II2,int64
hogar,2011,2,II3,int64
hogar,2011,2,II3_1,int64
hogar,2011,2,II4_1,int64
hogar,2011,2,II4_2,int64
hogar,2011,2,II4_3,int64
hogar,2011,2,II5,int64
hogar,2011,2,II5_1,int64
hogar,2011,2,II6,int64
hogar,2011,2,II6_1,int64
hogar,2011,2,II7,int64
hogar,2011,2,II7_ESP,str
hogar,2011,2,II8,int64
hogar,2011,2,II8_ESP,str
hogar,2011,2,II9,int64
hogar,2011,2,V1,int64
hogar,2011,2,V2,int64
hogar,2011,2,V21,int64
hogar,2011,2,V22,int64
hogar,2011,2,V3,int64
hogar,2011,2,V4,int64
hogar,2011,2,V5,int64
hogar,2011,2,V6,int64
hogar,2011,2,V7,int64
hogar,2011,2,V8,int64
hogar,2011,2,V9,int64
hogar,2011,2,V10,int64
hogar,2011,2,V11,int64
hogar,2011,2,V12,int64
hogar,2011,2,V13,int64
hogar,2011,2,V14,int64
hogar,2011,2,V15,int64
hogar,2011,2,V16,int64
hogar,2011,2,V17,int64
hogar,2011,2,V18,int64
hogar,2011,2,V19_A,int64
hogar,2011,2,V19_B,int64
hogar,2011,2,IX_TOT,int64
hogar,2011,2,IX_MEN10,int64
hogar,2011,2,IX_MAYEQ10,int64
hogar,2011,2,ITF,float64
hogar,2011,2,DECIFR,str
hogar,2011,2,IDECIFR,str
hogar,2011,2,RDECIFR,str
hogar,2011,2,GDECIFR,str
hogar,2011,2,PDECIFR,str
hogar,2011,2,ADECIFR,str
hogar,2011,2,IPCF,float64
hogar,2011,2,DECCFR,str
hogar,2011,2,IDECCFR,str
hogar,2011,2,RDECCFR,str
hogar,2011,2,GDECCFR,str
hogar,2011,2,PDECCFR,str
hogar,2011,2,ADECCFR,str
hogar,2011,2,VII1_1,int64
hogar,2011,2,VII1_2,int64
hogar,2011,2,VII2_1,int64
hogar,2011,2,VII2_2,int64
hogar,2011,2,VII2_3,int64
hogar,2011,2,VII2_4,int64
hogar,2011,2,IDIMPH,str
individual,2011,2,CODUSU,string
individual,2011,2,NRO_HOGAR,Int16
individual,2011,2,COMPONENTE,Int16
individual,2011,2,H15,int64
individual,2011,2,ANO4,Int16
individual,2011,2,TRIMESTRE,Int16
individual,2011,2,REGION,int64
individual,2011,2,MAS_500,str
individual,2011,2,AGLOMERADO,Int16
individual,2011,2,PONDERA,int64
individual,2011,2,CH03,int64
individual,2011,2,CH04,int64
individual,2011,2,CH06,int64
individual,2011,2,CH07,int64
individual,2011,2,CH08,int64
individual,2011,2,CH09,int64
individual,2011,2,CH10,int64
individual,2011,2,CH11,int64
individual,2011,2,CH12,int64
individual,2011,2,CH13,int64
individual,2011,2,CH14,str
individual,2011,2,CH15,int64
individual,2011,2,CH15_COD,str
individual,2011,2,CH16,int64
individual,2011,2,CH16_COD,str
individual,2011,2,NIVEL_ED,int64
individual,2011,2,ESTADO,int64
individual,2011,2,CAT_OCUP,int64
individual,2011,2,CAT_INAC,int64
individual,2011,2,PP02C1,int64
individual,2011,2,PP02C2,int64
individual,2011,2,PP02C3,int64
individual,2011,2,PP02C4,int64
individual,2011,2,PP02C5,int64
individual,2011,2,PP02C6,int64
individual,2011,2,PP02C7,int64
individual,2011,2,PP02C8,int64
individual,2011,2,PP02E,int64
individual,2011,2,PP02H,int64
individual,2011,2,PP02I,int64
individual,2011,2,PP03C,int64
individual,2011,2,PP03D,int64
individual,2011,2,PP3E_TOT,int64
individual,2011,2,PP3F_TOT,int64
individual,2011,2,PP03G,int64
individual,2011,2,PP03H,int64
individual,2011,2,PP03I,int64
individual,2011,2,PP03J,int64
individual,2011,2,INTENSI,int64
individual,2011,2,PP04A,int64
individual,2011,2,PP04B_COD,str
individual,2011,2,PP04B_CAES,str
individual,2011,2,PP04B1,int64
individual,2011,2,PP04B2,int64
individual,2011,2,PP04B3_MES,int64
individual,2011,2,PP04B3_ANO,int64
individual,2011,2,PP04B3_DIA,int64
individual,2011,2,PP04C,int64
individual,2011,2,PP04C99,int64
individual,2011,2,PP04D_COD,str
individual,2011,2,PP04G,int64
individual,2011,2,PP05B2_MES,int64
individual,2011,2,PP05B2_ANO,int64
individual,2011,2,PP05B2_DIA,int64
individual,2011,2,PP05C_1,int64
individual,2011,2,PP05C_2,int64
individual,2011,2,PP05C_3,int64
individual,2011,2,PP05E,int64
individual,2011,2,PP05F,int64
individual,2011,2,PP05H,int64
individual,2011,2,PP06A,int64
individual,2011,2,PP06C,int64
individual,2011,2,PP06D,int64
individual,2011,2,PP06E,int64
individual,2011,2,PP06H,int64
individual,2011,2,PP07A,int64
individual,2011,2,PP07C,int64
individual,2011,2,PP07D,int64
individual,2011,2,PP07E,int64
individual,2011,2,PP07F1,int64
individual,2011,2,PP07F2,int64
individual,2011,2,PP07F3,int64
individual,2011,2,PP07F4,int64
individual,2011,2,PP07F5,int64
individual,2011,2,PP07G1,int64
individual,2011,2,PP07G2,int64
individual,2011,2,PP07G3,int64
individual,2011,2,PP07G4,int64
individual,2011,2,PP07G_59,int64
individual,2011,2,PP07H,int64
individual,2011,2,PP07I,int64
individual,2011,2,PP07J,int64
individual,2011,2,PP07K,int64
individual,2011,2,PP08D1,int64
individual,2011,2,PP08D4,int64
individual,2011,2,PP08F1,int64
individual,2011,2,PP08F2,int64
individual,2011,2,PP08J1,int64
individual,2011,2,PP08J2,int64
individual,2011,2,PP08J3,int64
individual,2011,2,PP09A,int64
individual,2011,2,PP09A_ESP,str
individual,2011,2,PP09B,int64
individual,2011,2,PP09C,int64
individual,2011,2,PP09C_ESP,str
individual,2011,2,PP10A,int64
individual,2011,2,PP10C,int64
individual,2011,2,PP10D,int64
individual,2011,2,PP10E,int64
individual,2011,2,PP11A,int64
individual,2011,2,PP11B_COD,str
individual,2011,2,PP11B_CAES,str
individual,2011,2,PP11B1,int64
individual,2011,2,PP11B2_MES,int64
individual,2011,2,PP11B2_ANO,int64
individual,2011,2,PP11B2_DIA,int64
individual,2011,2,PP11C,int64
individual,2011,2,PP11C99,int64
individual,2011,2,PP11D_COD,str
individual,2011,2,PP11G_ANO,int64
individual,2011,2,PP11G_MES,int64
individual,2011,2,PP11G_DIA,int64
individual,2011,2,PP11L,int64
individual,2011,2,PP11L1,int64
individual,2011,2,PP11M,int64
individual,2011,2,PP11N,int64
individual,2011,2,PP11O,int64
individual,2011,2,PP11P,int64
individual,2011,2,PP11Q,int64
individual,2011,2,PP11R,int64
individual,2011,2,PP11S,int64
individual,2011,2,PP11T,int64
individual,2011,2,P21,int64
individual,2011,2,DECOCUR,str
individual,2011,2,IDECOCUR,str
individual,2011,2,RDECOCUR,str
individual,2011,2,GDECOCUR,str
individual,2011,2,PDECOCUR,str
individual,2011,2,ADECOCUR,str
individual,2011,2,TOT_P12,int64
individual,2011,2,P47T,int64
individual,2011,2,DECINDR,str
individual,2011,2,IDECINDR,str
individual,2011,2,RDECINDR,str
individual,2011,2,GDECINDR,str
individual,2011,2,PDECINDR,str
individual,2011,2,ADECINDR,str
individual,2011,2,V2_M,int64
individual,2011,2,V3_M,int64
individual,2011,2,V4_M,int64
individual,2011,2,V5_M,int64
individual,2011,2,V8_M,int64
individual,2011,2,V9_M,int64
individual,2011,2,V10_M,int64
individual,2011,2,V11_M,int64
individual,2011,2,V12_M,int64
individual,2011,2,V18_M,int64
individual,2011,2,V19_AM,int64
individual,2011,2,V21_M,int64
individual,2011,2,T_VI,int64
individual,2011,2,ITF,int64
individual,2011,2,DECIFR,str
individual,2011,2,IDECIFR,str
individual,2011,2,RDECIFR,str
individual,2011,2,GDECIFR,str
individual,2011,2,PDECIFR,str
individual,2011,2,ADECIFR,str
individual,2011,2,IPCF,float64
individual,2011,2,DECCFR,str
individual,2011,2,IDECCFR,str
individual,2011,2,RDECCFR,str
individual,2011,2,GDECCFR,str
individual,2011,2,PDECCFR,str
individual,2011,2,ADECCFR,str
individual,2011,2,IDIMPP,str
hogar,2011,3,CODUSU,string
hogar,2011,3,NRO_HOGAR,Int16
hogar,2011,3,REALIZADA,int64
hogar,2011,3,ANO4,Int16
hogar,2011,3,TRIMESTRE,Int16
hogar,2011,3,REGION,int64
hogar,2011,3,MAS_500,str
hogar,2011,3,AGLOMERADO,Int16
hogar,2011,3,PONDERA,int64
hogar,2011,3,IV1,int64
hogar,2011,3,IV1_ESP,str
hogar,2011,3,IV2,int64
hogar,2011,3,IV3,int64
hogar,2011,3,IV3_ESP,str
hogar,2011,3,IV4,int64
hogar,2011,3,IV5,int64
hogar,2011,3,IV6,int64
hogar,2011,3,IV7,int64
hogar,2011,3,IV7_ESP,str
hogar,2011,3,IV8,int64
hogar,2011,3,IV9,int64
hogar,2011,3,IV10,int64
hogar,2011,3,IV11,int64
hogar,2011,3,IV12_1,int64
hogar,2011,3,IV12_2,int64
hogar,2011,3,IV12_3,int64
hogar,2011,3,II1,int64
hogar,2011,3,II2,int64
hogar,2011,3,II3,int64
hogar,2011,3,II3_1,int64
hogar,2011,3,II4_1,int64
hogar,2011,3,II4_2,int64
hogar,2011,3,II4_3,int64
hogar,2011,3,II5,int64
hogar,2011,3,II5_1,int64
hogar,2011,3,II6,int64
hogar,2011,3,II6_1,int64
hogar,2011,3,II7,int64
hogar,2011,3,II7_ESP,str
hogar,2011,3,II8,int64
hogar,2011,3,II8_ESP,str
hogar,2011,3,II9,int64
hogar,2011,3,V1,int64
hogar,2011,3,V2,int64
hogar,2011,3,V21,int64
hogar,2011,3,V22,int64
hogar,2011,3,V3,int64
hogar,2011,3,V4,int64
hogar,2011,3,V5,int64
hogar,2011,3,V6,int64
hogar,2011,3,V7,int64
hogar,2011,3,V8,int64
hogar,2011,3,V9,int64
hogar,2011,3,V10,int64
hogar,2011,3,V11,int64
hogar,2011,3,V12,int64
hogar,2011,3,V13,int64
hogar,2011,3,V14,int64
hogar,2011,3,V15,int64
hogar,2011,3,V16,int64
hogar,2011,3,V17,int64
hogar,2011,3,V18,int64
hogar,2011,3,V19_A,int64
hogar,2011,3,V19_B,int64
hogar,2011,3,IX_TOT,int64
hogar,2011,3,IX_MEN10,int64
hogar,2011,3,IX_MAYEQ10,int64
hogar,2011,3,ITF,int64
hogar,2011,3,DECIFR,str
hogar,2011,3,IDECIFR,str
hogar,2011,3,RDECIFR,str
hogar,2011,3,GDECIFR,str
hogar,2011,3,PDECIFR,str
hogar,2011,3,ADECIFR,str
hogar,2011,3,IPCF,float64
hogar,2011,3,DECCFR,str
hogar,2011,3,IDECCFR,str
hogar,2011,3,RDECCFR,str
hogar,2011,3,GDECCFR,str
hogar,2011,3,PDECCFR,str
hogar,2011,3,ADECCFR,str
hogar,2011,3,VII1_1,int64
hogar,2011,3,VII1_2,int64
hogar,2011,3,VII2_1,int64
hogar,2011,3,VII2_2,int64
hogar,2011,3,VII2_3,int64
hogar,2011,3,VII2_4,int64
hogar,2011,3,IDIMPH,str
individual,2011,3,CODUSU,string
individual,2011,3,NRO_HOGAR,Int16
individual,2011,3,COMPONENTE,Int16
individual,2011,3,H15,int64
individual,2011,3,ANO4,Int16
individual,2011,3,TRIMESTRE,Int16
individual,2011,3,REGION,int64
individual,2011,3,MAS_500,str
individual,2011,3,AGLOMERADO,Int16
individual,2011,3,PONDERA,int64
individual,2011,3,CH03,int64
individual,2011,3,CH04,int64
individual,2011,3,CH06,int64
individual,2011,3,CH07,int64
individual,2011,3,CH08,int64
individual,2011,3,CH09,int64
individual,2011,3,CH10,int64
individual,2011,3,CH11,int64
individual,2011,3,CH12,int64
individual,2011,3,CH13,int64
individual,2011,3,CH14,str
individual,2011,3,CH15,int64
individual,2011,3,CH15_COD,str
individual,2011,3,CH16,int64
individual,2011,3,CH16_COD,str
individual,2011,3,NIVEL_ED,int64
individual,2011,3,ESTADO,int64
individual,2011,3,CAT_OCUP,int64
individual,2011,3,CAT_INAC,int64
individual,2011,3,PP02C1,int64
individual,2011,3,PP02C2,int64
individual,2011,3,PP02C3,int64
individual,2011,3,PP02C4,int64
individual,2011,3,PP02C5,int64
individual,2011,3,PP02C6,int64
individual,2011,3,PP02C7,int64
individual,2011,3,PP02C8,int64
individual,2011,3,PP02E,int64
individual,2011,3,PP02H,int64
individual,2011,3,PP02I,int64
individual,2011,3,PP03C,int64
individual,2011,3,PP03D,int64
individual,2011,3,PP3E_TOT,int64
individual,2011,3,PP3F_TOT,int64
individual,2011,3,PP03G,int64
individual,2011,3,PP03H,int64
individual,2011,3,PP03I,int64
individual,2011,3,PP03J,int64
individual,2011,3,INTENSI,int64
individual,2011,3,PP04A,int64
individual,2011,3,PP04B_COD,str
individual,2011,3,PP04B_CAES,str
individual,2011,3,PP04B1,int64
individual,2011,3,PP04B2,int64
individual,2011,3,PP04B3_MES,int64
individual,2011,3,PP04B3_ANO,int64
individual,2011,3,PP04B3_DIA,int64
individual,2011,3,PP04C,int64
individual,2011,3,PP04C99,int64
individual,2011,3,PP04D_COD,str
individual,2011,3,PP04G,int64
individual,2011,3,PP05B2_MES,int64
individual,2011,3,PP05B2_ANO,int64
individual,2011,3,PP05B2_DIA,int64
individual,2011,3,PP05C_1,int64
individual,2011,3,PP05C_2,int64
individual,2011,3,PP05C_3,int64
individual,2011,3,PP05E,int64
individual,2011,3,PP05F,int64
individual,2011,3,PP05H,int64
individual,2011,3,PP06A,int64
individual,2011,3,PP06C,int64
individual,2011,3,PP06D,int64
individual,2011,3,PP06E,int64
individual,2011,3,PP06H,int64
individual,2011,3,PP07A,int64
individual,2011,3,PP07C,int64
individual,2011,3,PP07D,int64
individual,2011,3,PP07E,int64
individual,2011,3,PP07F1,int64
individual,2011,3,PP07F2,int64
individual,2011,3,PP07F3,int64
individual,2011,3,PP07F4,int64
individual,2011,3,PP07F5,int64
individual,2011,3,PP07G1,int64
individual,2011,3,PP07G2,int64
individual,2011,3,PP07G3,int64
individual,2011,3,PP07G4,int64
individual,2011,3,PP07G_59,int64
individual,2011,3,PP07H,int64
individual,2011,3,PP07I,int64
individual,2011,3,PP07J,int64
individual,2011,3,PP07K,int64
individual,2011,3,PP08D1,int64
individual,2011,3,PP08D4,int64
individual,2011,3,PP08F1,int64
individual,2011,3,PP08F2,int64
individual,2011,3,PP08J1,int64
individual,2011,3,PP08J2,int64
individual,2011,3,PP08J3,int64
individual,2011,3,PP09A,int64
individual,2011,3,PP09A_ESP,str
individual,2011,3,PP09B,int64
individual,2011,3,PP09C,int64
individual,2011,3,PP09C_ESP,str
individual,2011,3,PP10A,int64
individual,2011,3,PP10C,int64
individual,2011,3,PP10D,int64
individual,2011,3,PP10E,int64
individual,2011,3,PP11A,int64
individual,2011,3,PP11B_COD,str
individual,2011,3,PP11B_CAES,str
individual,2011,3,PP11B1,int64
individual,2011,3,PP11B2_MES,int64
individual,2011,3,PP11B2_ANO,int64
individual,2011,3,PP11B2_DIA,int64
individual,2011,3,PP11C,int64
individual,2011,3,PP11C99,int64
individual,2011,3,PP11D_COD,str
individual,2011,3,PP11G_ANO,int64
individual,2011,3,PP11G_MES,int64
individual,2011,3,PP11G_DIA,int64
individual,2011,3,PP11L,int64
individual,2011,3,PP11L1,int64
individual,2011,3,PP11M,int64
individual,2011,3,PP11N,int64
individual,2011,3,PP11O,int64
individual,2011,3,PP11P,int64
individual,2011,3,PP11Q,int64
individual,2011,3,PP11R,int64
individual,2011,3,PP11S,int64
individual,2011,3,PP11T,int64
individual,2011,3,P21,int64
individual,2011,3,DECOCUR,str
individual,2011,3,IDECOCUR,str
individual,2011,3,RDECOCUR,str
individual,2011,3,GDECOCUR,str
individual,2011,3,PDECOCUR,str
individual,2011,3,ADECOCUR,str
individual,2011,3,TOT_P12,int64
individual,2011,3,P47T,int64
individual,2011,3,DECINDR,str
individual,2011,3,IDECINDR,str
individual,2011,3,RDECINDR,str
individual,2011,3,GDECINDR,str
individual,2011,3,PDECINDR,str
individual,2011,3,ADECINDR,str
individual,2011,3,V2_M,int64
individual,2011,3,V3_M,int64
individual,2011,3,V4_M,int64
individual,2011,3,V5_M,int64
individual,2011,3,V8_M,int64
individual,2011,3,V9_M,int64
individual,2011,3,V10_M,int64
individual,2011,3,V11_M,int64
individual,2011,3,V12_M,int64
individual,2011,3,V18_M,int64
individual,2011,3,V19_AM,int64
individual,2011,3,V21_M,int64
individual,2011,3,T_VI,int64
individual,2011,3,ITF,int64
individual,2011,3,DECIFR,str
individual,2011,3,IDECIFR,str
individual,2011,3,RDECIFR,str
individual,2011,3,GDECIFR,str
individual,2011,3,PDECIFR,str
individual,2011,3,ADECIFR,str
individual,2011,3,IPCF,float64
individual,2011,3,DECCFR,str
individual,2011,3,IDECCFR,str
individual,2011,3,RDECCFR,str
individual,2011,3,GDECCFR,str
individual,2011,3,PDECCFR,str
individual,2011,3,ADECCFR,str
individual,2011,3,IDIMPP,str
hogar,2011,4,CODUSU,string
hogar,2011,4,NRO_HOGAR,Int16
hogar,2011,4,REALIZADA,int64
hogar,2011,4,ANO4,Int16
hogar,2011,4,TRIMESTRE,Int16
hogar,2011,4,REGION,int64
hogar,2011,4,MAS_500,str
hogar,2011,4,AGLOMERADO,Int16
hogar,2011,4,PONDERA,int64
hogar,2011,4,IV1,int64
hogar,2011,4,IV1_ESP,str
hogar,2011,4,IV2,int64
hogar,2011,4,IV3,int64
hogar,2011,4,IV3_ESP,str
hogar,2011,4,IV4,int64
hogar,2011,4,IV5,int64
hogar,2011,4,IV6,int64
hogar,2011,4,IV7,int64
hogar,2011,4,IV7_ESP,str
hogar,2011,4,IV8,int64
hogar,2011,4,IV9,int64
hogar,2011,4,IV10,int64
hogar,2011,4,IV11,int64
hogar,2011,4,IV12_1,int64
hogar,2011,4,IV12_2,int64
hogar,2011,4,IV12_3,int64
hogar,2011,4,II1,int64
hogar,2011,4,II2,int64
hogar,2011,4,II3,int64
hogar,2011,4,II3_1,int64
hogar,2011,4,II4_1,int64
hogar,2011,4,II4_2,int64
hogar,2011,4,II4_3,int64
hogar,2011,4,II5,int64
hogar,2011,4,II5_1,int64
hogar,2011,4,II6,int64
hogar,2011,4,II6_1,int64
hogar,2011,4,II7,int64
hogar,2011,4,II7_ESP,str
hogar,2011,4,II8,int64
hogar,2011,4,II8_ESP,str
hogar,2011,4,II9,int64
hogar,2011,4,V1,int64
hogar,2011,4,V2,int64
hogar,2011,4,V21,int64
hogar,2011,4,V22,int64
hogar,2011,4,V3,int64
hogar,2011,4,V4,int64
hogar,2011,4,V5,int64
hogar,2011,4,V6,int64
hogar,2011,4,V7,int64
hogar,2011,4,V8,int64
hogar,2011,4,V9,int64
hogar,2011,4,V10,int64
hogar,2011,4,V11,int64
hogar,2011,4,V12,int64
hogar,2011,4,V13,int64
hogar,2011,4,V14,int64
hogar,2011,4,V15,int64
hogar,2011,4,V16,int64
hogar,2011,4,V17,int64
hogar,2011,4,V18,int64
hogar,2011,4,V19_A,int64
hogar,2011,4,V19_B,int64
hogar,2011,4,IX_TOT,int64
hogar,2011,4,IX_MEN10,int64
hogar,2011,4,IX_MAYEQ10,int64
hogar,2011,4,ITF,int64
hogar,2011,4,DECIFR,str
hogar,2011,4,IDECIFR,str
hogar,2011,4,RDECIFR,str
hogar,2011,4,GDECIFR,str
hogar,2011,4,PDECIFR,str
hogar,2011,4,ADECIFR,str
hogar,2011,4,IPCF,float64
hogar,2011,4,DECCFR,str
hogar,2011,4,IDECCFR,str
hogar,2011,4,RDECCFR,str
hogar,2011,4,GDECCFR,str
hogar,2011,4,PDECCFR,str
hogar,2011,4,ADECCFR,str
hogar,2011,4,VII1_1,int64
hogar,2011,4,VII1_2,int64
hogar,2011,4,VII2_1,int64
hogar,2011,4,VII2_2,int64
hogar,2011,4,VII2_3,int64
hogar,2011,4,VII2_4,int64
hogar,2011,4,IDIMPH,str
individual,2011,4,CODUSU,string
individual,2011,4,NRO_HOGAR,Int16
individual,2011,4,COMPONENTE,Int16
individual,2011,4,H15,int64
individual,2011,4,ANO4,Int16
individual,2011,4,TRIMESTRE,Int16
individual,2011,4,REGION,int64
individual,2011,4,MAS_500,str
individual,2011,4,AGLOMERADO,Int16
individual,2011,4,PONDERA,int64
individual,2011,4,CH03,int64
individual,2011,4,CH04,int64
individual,2011,4,CH06,int64
individual,2011,4,CH07,int64
individual,2011,4,CH08,int64
individual,2011,4,CH09,int64
individual,2011,4,CH10,int64
individual,2011,4,CH11,int64
individual,2011,4,CH12,int64
individual,2011,4,CH13,int64
individual,2011,4,CH14,str
individual,2011,4,CH15,int64
individual,2011,4,CH15_COD,str
individual,2011,4,CH16,int64
individual,2011,4,CH16_COD,str
individual,2011,4,NIVEL_ED,int64
individual,2011,4,ESTADO,int64
individual,2011,4,CAT_OCUP,int64
individual,2011,4,CAT_INAC,int64
individual,2011,4,PP02C1,int64
individual,2011,4,PP02C2,int64
individual,2011,4,PP02C3,int64
individual,2011,4,PP02C4,int64
individual,2011,4,PP02C5,int64
individual,2011,4,PP02C6,int64
individual,2011,4,PP02C7,int64
individual,2011,4,PP02C8,int64
individual,2011,4,PP02E,int64
individual,2011,4,PP02H,int64
individual,2011,4,PP02I,int64
individual,2011,4,PP03C,int64
individual,2011,4,PP03D,int64
individual,2011,4,PP3E_TOT,int64
individual,2011,4,PP3F_TOT,int64
individual,2011,4,PP03G,int64
individual,2011,4,PP03H,int64
individual,2011,4,PP03I,int64
individual,2011,4,PP03J,int64
individual,2011,4,INTENSI,int64
individual,2011,4,PP04A,int64
individual,2011,4,PP04B_COD,str
individual,2011,4,PP04B_CAES,str
individual,2011,4,PP04B1,int64
individual,2011,4,PP04B2,int64
individual,2011,4,PP04B3_MES,int64
individual,2011,4,PP04B3_ANO,int64
individual,2011,4,PP04B3_DIA,int64
individual,2011,4,PP04C,int64
individual,2011,4,PP04C99,int64
individual,2011,4,PP04D_COD,str
individual,2011,4,PP04G,int64
individual,2011,4,PP05B2_MES,int64
individual,2011,4,PP05B2_ANO,int64
individual,2011,4,PP05B2_DIA,int64
individual,2011,4,PP05C_1,int64
individual,2011,4,PP05C_2,int64
individual,2011,4,PP05C_3,int64
individual,2011,4,PP05E,int64
individual,2011,4,PP05F,int64
individual,2011,4,PP05H,int64
individual,2011,4,PP06A,int64
individual,2011,4,PP06C,int64
individual,2011,4,PP06D,int64
individual,2011,4,PP06E,int64
individual,2011,4,PP06H,int64
individual,2011,4,PP07A,int64
individual,2011,4,PP07C,int64
individual,2011,4,PP07D,int64
individual,2011,4,PP07E,int64
individual,2011,4,PP07F1,int64
individual,2011,4,PP07F2,int64
individual,2011,4,PP07F3,int64
individual,2011,4,PP07F4,int64
individual,2011,4,PP07F5,int64
individual,2011,4,PP07G1,int64
individual,2011,4,PP07G2,int64
individual,2011,4,PP07G3,int64
individual,2011,4,PP07G4,int64
individual,2011,4,PP07G_59,int64
individual,2011,4,PP07H,int64
individual,2011,4,PP07I,int64
individual,2011,4,PP07J,int64
individual,2011,4,PP07K,int64
individual,2011,4,PP08D1,int64
individual,2011,4,PP08D4,int64
individual,2011,4,PP08F1,int64
individual,2011,4,PP08F2,int64
individual,2011,4,PP08J1,int64
individual,2011,4,PP08J2,int64
individual,2011,4,PP08J3,int64
individual,2011,4,PP09A,int64
individual,2011,4,PP09A_ESP,str
individual,2011,4,PP09B,int64
individual,2011,4,PP09C,int64
individual,2011,4,PP09C_ESP,str
individual,2011,4,PP10A,int64
individual,2011,4,PP10C,int64
individual,2011,4,PP10D,int64
individual,2011,4,PP10E,int64
individual,2011,4,PP11A,int64
individual,2011,4,PP11B_COD,str
individual,2011,4,PP11B_CAES,str
individual,2011,4,PP11B1,int64
individual,2011,4,PP11B2_MES,int64
individual,2011,4,PP11B2_ANO,int64
individual,2011,4,PP11B2_DIA,int64
individual,2011,4,PP11C,int64
individual,2011,4,PP11C99,int64
individual,2011,4,PP11D_COD,str
individual,2011,4,PP11G_ANO,int64
individual,2011,4,PP11G_MES,int64
individual,2011,4,PP11G_DIA,int64
individual,2011,4,PP11L,int64
individual,2011,4,PP11L1,int64
individual,2011,4,PP11M,int64
individual,2011,4,PP11N,int64
individual,2011,4,PP11O,int64
individual,2011,4,PP11P,int64
individual,2011,4,PP11Q,int64
individual,2011,4,PP11R,int64
individual,2011,4,PP11S,int64
individual,2011,4,PP11T,int64
individual,2011,4,P21,int64
individual,2011,4,DECOCUR,str
individual,2011,4,IDECOCUR,str
individual,2011,4,RDECOCUR,str
individual,2011,4,GDECOCUR,str
individual,2011,4,PDECOCUR,str
individual,2011,4,ADECOCUR,str
individual,2011,4,TOT_P12,int64
individual,2011,4,P47T,int64
individual,2011,4,DECINDR,str
individual,2011,4,IDECINDR,str
individual,2011,4,RDECINDR,str
individual,2011,4,GDECINDR,str
individual,2011,4,PDECINDR,str
individual,2011,4,ADECINDR,str
individual,2011,4,V2_M,int64
individual,2011,4,V3_M,int64
individual,2011,4,V4_M,int64
individual,2011,4,V5_M,int64
individual,2011,4,V8_M,int64
individual,2011,4,V9_M,int64
individual,2011,4,V10_M,int64
individual,2011,4,V11_M,int64
individual,2011,4,V12_M,int64
individual,2011,4,V18_M,int64
individual,2011,4,V19_AM,int64
individual,2011,4,V21_M,int64
individual,2011,4,T_VI,int64
individual,2011,4,ITF,int64
individual,2011,4,DECIFR,str
individual,2011,4,IDECIFR,str
individual,2011,4,RDECIFR,str
individual,2011,4,GDECIFR,str
individual,2011,4,PDECIFR,str
individual,2011,4,ADECIFR,str
individual,2011,4,IPCF,float64
individual,2011,4,DECCFR,str
individual,2011,4,IDECCFR,str
individual,2011,4,RDECCFR,str
individual,2011,4,GDECCFR,str
individual,2011,4,PDECCFR,str
individual,2011,4,ADECCFR,str
individual,2011,4,IDIMPP,str
hogar,2012,1,CODUSU,string
hogar,2012,1,NRO_HOGAR,Int16
hogar,2012,1,REALIZADA,int64
hogar,2012,1,ANO4,Int16
hogar,2012,1,TRIMESTRE,Int16
hogar,2012,1,REGION,int64
hogar,2012,1,MAS_500,str
hogar,2012,1,AGLOMERADO,Int16
hogar,2012,1,PONDERA,int64
hogar,2012,1,IV1,int64
hogar,2012,1,IV1_ESP,str
hogar,2012,1,IV2,int64
hogar,2012,1,IV3,int64
hogar,2012,1,IV3_ESP,str
hogar,2012,1,IV4,int64
hogar,2012,1,IV5,int64
hogar,2012,1,IV6,int64
hogar,2012,1,IV7,int64
hogar,2012,1,IV7_ESP,str
hogar,2012,1,IV8,int64
hogar,2012,1,IV9,int64
hogar,2012,1,IV10,int64
hogar,2012,1,IV11,int64
hogar,2012,1,IV12_1,int64
hogar,2012,1,IV12_2,int64
hogar,2012,1,IV12_3,int64
hogar,2012,1,II1,int64
hogar,2012,1,II2,int64
hogar,2012,1,II3,int64
hogar,2012,1,II3_1,int64
hogar,2012,1,II4_1,int64
hogar,2012,1,II4_2,int64
hogar,2012,1,II4_3,int64
hogar,2012,1,II5,int64
hogar,2012,1,II5_1,int64
hogar,2012,1,II6,int64
hogar,2012,1,II6_1,int64
hogar,2012,1,II7,int64
hogar,2012,1,II7_ESP,str
hogar,2012,1,II8,int64
hogar,2012,1,II8_ESP,str
hogar,2012,1,II9,int64
hogar,2012,1,V1,int64
hogar,2012,1,V2,int64
hogar,2012,1,V21,int64
hogar,2012,1,V22,int64
hogar,2012,1,V3,int64
hogar,2012,1,V4,int64
hogar,2012,1,V5,int64
hogar,2012,1,V6,int64
hogar,2012,1,V7,int64
hogar,2012,1,V8,int64
hogar,2012,1,V9,int64
hogar,2012,1,V10,int64
hogar,2012,1,V11,int64
hogar,2012,1,V12,int64
hogar,2012,1,V13,int64
hogar,2012,1,V14,int64
hogar,2012,1,V15,int64
hogar,2012,1,V16,int64
hogar,2012,1,V17,int64
hogar,2012,1,V18,int64
hogar,2012,1,V19_A,int64
hogar,2012,1,V19_B,int64
hogar,2012,1,IX_TOT,int64
hogar,2012,1,IX_MEN10,int64
hogar,2012,1,IX_MAYEQ10,int64
hogar,2012,1,ITF,int64
hogar,2012,1,DECIFR,str
hogar,2012,1,IDECIFR,str
hogar,2012,1,RDECIFR,str
hogar,2012,1,GDECIFR,str
hogar,2012,1,PDECIFR,str
hogar,2012,1,ADECIFR,str
hogar,2012,1,IPCF,float64
hogar,2012,1,DECCFR,str
hogar,2012,1,IDECCFR,str
hogar,2012,1,RDECCFR,str
hogar,2012,1,GDECCFR,str
hogar,2012,1,PDECCFR,str
hogar,2012,1,ADECCFR,str
hogar,2012,1,VII1_1,int64
hogar,2012,1,VII1_2,int64
hogar,2012,1,VII2_1,int64
hogar,2012,1,VII2_2,int64
hogar,2012,1,VII2_3,int64
hogar,2012,1,VII2_4,int64
hogar,2012,1,IDIMPH,str
individual,2012,1,CODUSU,string
individual,2012,1,NRO_HOGAR,Int16
individual,2012,1,COMPONENTE,Int16
individual,2012,1,H15,int64
individual,2012,1,ANO4,Int16
individual,2012,1,TRIMESTRE,Int16
individual,2012,1,REGION,int64
individual,2012,1,MAS_500,str
individual,2012,1,AGLOMERADO,Int16
individual,2012,1,PONDERA,int64
individual,2012,1,CH03,int64
individual,2012,1,CH04,int64
individual,2012,1,CH06,int64
individual,2012,1,CH07,int64
individual,2012,1,CH08,int64
individual,2012,1,CH09,int64
individual,2012,1,CH10,int64
individual,2012,1,CH11,int64
individual,2012,1,CH12,int64
individual,2012,1,CH13,int64
individual,2012,1,CH14,str
individual,2012,1,CH15,int64
individual,2012,1,CH15_COD,str
individual,2012,1,CH16,int64
individual,2012,1,CH16_COD,str
individual,2012,1,NIVEL_ED,int64
individual,2012,1,ESTADO,int64
individual,2012,1,CAT_OCUP,int64
individual,2012,1,CAT_INAC,int64
individual,2012,1,PP02C1,int64
individual,2012,1,PP02C2,int64
individual,2012,1,PP02C3,int64
individual,2012,1,PP02C4,int64
individual,2012,1,PP02C5,int64
individual,2012,1,PP02C6,int64
individual,2012,1,PP02C7,int64
individual,2012,1,PP02C8,int64
individual,2012,1,PP02E,int64
individual,2012,1,PP02H,int64
individual,2012,1,PP02I,int64
individual,2012,1,PP03C,int64
individual,2012,1,PP03D,int64
individual,2012,1,PP3E_TOT,int64
individual,2012,1,PP3F_TOT,int64
individual,2012,1,PP03G,int64
individual,2012,1,PP03H,int64
individual,2012,1,PP03I,int64
individual,2012,1,PP03J,int64
individual,2012,1,INTENSI,int64
individual,2012,1,PP04A,int64
individual,2012,1,PP04B_CAES,str
individual,2012,1,PP04B1,int64
individual,2012,1,PP04B2,int64
individual,2012,1,PP04B3_MES,int64
individual,2012,1,PP04B3_ANO,int64
individual,2012,1,PP04B3_DIA,int64
individual,2012,1,PP04C,int64
individual,2012,1,PP04C99,int64
individual,2012,1,PP04D_COD,str
individual,2012,1,PP04G,int64
individual,2012,1,PP05B2_MES,int64
individual,2012,1,PP05B2_ANO,int64
individual,2012,1,PP05B2_DIA,int64
individual,2012,1,PP05C_1,int64
individual,2012,1,PP05C_2,int64
individual,2012,1,PP05C_3,int64
individual,2012,1,PP05E,int64
individual,2012,1,PP05F,int64
individual,2012,1,PP05H,int64
individual,2012,1,PP06A,int64
individual,2012,1,PP06C,int64
individual,2012,1,PP06D,int64
individual,2012,1,PP06E,int64
individual,2012,1,PP06H,int64
individual,2012,1,PP07A,int64
individual,2012,1,PP07C,int64
individual,2012,1,PP07D,int64
individual,2012,1,PP07E,int64
individual,2012,1,PP07F1,int64
individual,2012,1,PP07F2,int64
individual,2012,1,PP07F3,int64
individual,2012,1,PP07F4,int64
individual,2012,1,PP07F5,int64
individual,2012,1,PP07G1,int64
individual,2012,1,PP07G2,int64
individual,2012,1,PP07G3,int64
individual,2012,1,PP07G4,int64
individual,2012,1,PP07G_59,int64
individual,2012,1,PP07H,int64
individual,2012,1,PP07I,int64
individual,2012,1,PP07J,int64
individual,2012,1,PP07K,int64
individual,2012,1,PP08D1,int64
individual,2012,1,PP08D4,int64
individual,2012,1,PP08F1,int64
individual,2012,1,PP08F2,int64
individual,2012,1,PP08J1,int64
individual,2012,1,PP08J2,int64
individual,2012,1,PP08J3,int64
individual,2012,1,PP09A,int64
individual,2012,1,PP09A_ESP,str
individual,2012,1,PP09B,int64
individual,2012,1,PP09C,int64
individual,2012,1,PP09C_ESP,str
individual,2012,1,PP10A,int64
individual,2012,1,PP10C,int64
individual,2012,1,PP10D,int64
individual,2012,1,PP10E,int64
individual,2012,1,PP11A,int64
individual,2012,1,PP11B_CAES,str
individual,2012,1,PP11B1,int64
individual,2012,1,PP11B2_MES,int64
individual,2012,1,PP11B2_ANO,int64
individual,2012,1,PP11B2_DIA,int64
individual,2012,1,PP11C,int64
individual,2012,1,PP11C99,int64
individual,2012,1,PP11D_COD,str
individual,2012,1,PP11G_ANO,int64
individual,2012,1,PP11G_MES,int64
individual,2012,1,PP11G_DIA,int64
individual,2012,1,PP11L,int64
individual,2012,1,PP11L1,int64
individual,2012,1,PP11M,int64
individual,2012,1,PP11N,int64
individual,2012,1,PP11O,int64
individual,2012,1,PP11P,int64
individual,2012,1,PP11Q,int64
individual,2012,1,PP11R,int64
individual,2012,1,PP11S,int64
individual,2012,1,PP11T,int64
individual,2012,1,P21,int64
individual,2012,1,DECOCUR,str
individual,2012,1,IDECOCUR,str
individual,2012,1,RDECOCUR,str
individual,2012,1,GDECOCUR,str
individual,2012,1,PDECOCUR,str
individual,2012,1,ADECOCUR,str
individual,2012,1,TOT_P12,int64
individual,2012,1,P47T,int64
individual,2012,1,DECINDR,str
individual,2012,1,IDECINDR,str
individual,2012,1,RDECINDR,str
individual,2012,1,GDECINDR,str
individual,2012,1,PDECINDR,str
individual,2012,1,ADECINDR,str
individual,2012,1,V2_M,int64
individual,2012,1,V3_M,int64
individual,2012,1,V4_M,int64
individual,2012,1,V5_M,int64
individual,2012,1,V8_M,int64
individual,2012,1,V9_M,int64
individual,2012,1,V10_M,int64
individual,2012,1,V11_M,int64
individual,2012,1,V12_M,int64
individual,2012,1,V18_M,int64
individual,2012,1,V19_AM,int64
individual,2012,1,V21_M,int64
individual,2012,1,T_VI,int64
individual,2012,1,ITF,int64
individual,2012,1,DECIFR,str
individual,2012,1,IDECIFR,str
individual,2012,1,RDECIFR,str
individual,2012,1,GDECIFR,str
individual,2012,1,PDECIFR,str
individual,2012,1,ADECIFR,str
individual,2012,1,IPCF,float64
individual,2012,1,DECCFR,str
individual,2012,1,IDECCFR,str
individual,2012,1,RDECCFR,str
individual,2012,1,GDECCFR,str
individual,2012,1,PDECCFR,str
individual,2012,1,ADECCFR,str
individual,2012,1,IDIMPP,str
hogar,2012,2,CODUSU,string
hogar,2012,2,NRO_HOGAR,Int16
hogar,2012,2,REALIZADA,int64
hogar,2012,2,ANO4,Int16
hogar,2012,2,TRIMESTRE,Int16
hogar,2012,2,REGION,int64
hogar,2012,2,MAS_500,str
hogar,2012,2,AGLOMERADO,Int16
hogar,2012,2,PONDERA,int64
hogar,2012,2,IV1,int64
hogar,2012,2,IV1_ESP,str
hogar,2012,2,IV2,int64
hogar,2012,2,IV3,int64
hogar,2012,2,IV3_ESP,str
hogar,2012,2,IV4,int64
hogar,2012,2,IV5,int64
hogar,2012,2,IV6,int64
hogar,2012,2,IV7,int64
hogar,2012,2,IV7_ESP,str
hogar,2012,2,IV8,int64
hogar,2012,2,IV9,int64
hogar,2012,2,IV10,int64
hogar,2012,2,IV11,int64
hogar,2012,2,IV12_1,int64
hogar,2012,2,IV12_2,int64
hogar,2012,2,IV12_3,int64
hogar,2012,2,II1,int64
hogar,2012,2,II2,int64
hogar,2012,2,II3,int64
hogar,2012,2,II3_1,int64
hogar,2012,2,II4_1,int64
hogar,2012,2,II4_2,int64
hogar,2012,2,II4_3,int64
hogar,2012,2,II5,int64
hogar,2012,2,II5_1,int64
hogar,2012,2,II6,int64
hogar,2012,2,II6_1,int64
hogar,2012,2,II7,int64
hogar,2012,2,II7_ESP,str
hogar,2012,2,II8,int64
hogar,2012,2,II8_ESP,str
hogar,2012,2,II9,int64
hogar,2012,2,V1,int64
hogar,2012,2,V2,int64
hogar,2012,2,V21,int64
hogar,2012,2,V22,int64
hogar,2012,2,V3,int64
hogar,2012,2,V4,int64
hogar,2012,2,V5,int64
hogar,2012,2,V6,int64
hogar,2012,2,V7,int64
hogar,2012,2,V8,int64
hogar,2012,2,V9,int64
hogar,2012,2,V10,int64
hogar,2012,2,V11,int64
hogar,2012,2,V12,int64
hogar,2012,2,V13,int64
hogar,2012,2,V14,int64
hogar,2012,2,V15,int64
hogar,2012,2,V16,int64
hogar,2012,2,V17,int64
hogar,2012,2,V18,int64
hogar,2012,2,V19_A,int64
hogar,2012,2,V19_B,int64
hogar,2012,2,IX_TOT,int64
hogar,2012,2,IX_MEN10,int64
hogar,2012,2,IX_MAYEQ10,int64
hogar,2012,2,ITF,int64
hogar,2012,2,DECIFR,str
hogar,2012,2,IDECIFR,str
hogar,2012,2,RDECIFR,str
hogar,2012,2,GDECIFR,str
hogar,2012,2,PDECIFR,str
hogar,2012,2,ADECIFR,str
hogar,2012,2,IPCF,float64
hogar,2012,2,DECCFR,str
hogar,2012,2,IDECCFR,str
hogar,2012,2,RDECCFR,str
hogar,2012,2,GDECCFR,str
hogar,2012,2,PDECCFR,str
hogar,2012,2,ADECCFR,str
hogar,2012,2,VII1_1,int64
hogar,2012,2,VII1_2,int64
hogar,2012,2,VII2_1,int64
hogar,2012,2,VII2_2,int64
hogar,2012,2,VII2_3,int64
hogar,2012,2,VII2_4,int64
hogar,2012,2,IDIMPH,str
individual,2012,2,CODUSU,string
individual,2012,2,NRO_HOGAR,Int16
individual,2012,2,COMPONENTE,Int16
individual,2012,2,H15,int64
individual,2012,2,ANO4,Int16
individual,2012,2,TRIMESTRE,Int16
individual,2012,2,REGION,int64
individual,2012,2,MAS_500,str
individual,2012,2,AGLOMERADO,Int16
individual,2012,2,PONDERA,int64
individual,2012,2,CH03,int64
individual,2012,2,CH04,int64
individual,2012,2,CH06,int64
individual,2012,2,CH07,int64
individual,2012,2,CH08,int64
individual,2012,2,CH09,int64
individual,2012,2,CH10,int64
individual,2012,2,CH11,int64
individual,2012,2,CH12,int64
individual,2012,2,CH13,int64
individual,2012,2,CH14,str
individual,2012,2,CH15,int64
individual,2012,2,CH15_COD,str
individual,2012,2,CH16,int64
individual,2012,2,CH16_COD,str
individual,2012,2,NIVEL_ED,int64
individual,2012,2,ESTADO,int64
individual,2012,2,CAT_OCUP,int64
individual,2012,2,CAT_INAC,int64
individual,2012,2,PP02C1,int64
individual,2012,2,PP02C2,int64
individual,2012,2,PP02C3,int64
individual,2012,2,PP02C4,int64
individual,2012,2,PP02C5,int64
individual,2012,2,PP02C6,int64
individual,2012,2,PP02C7,int64
individual,2012,2,PP02C8,int64
individual,2012,2,PP02E,int64
individual,2012,2,PP02H,int64
individual,2012,2,PP02I,int64
individual,2012,2,PP03C,int64
individual,2012,2,PP03D,int64
individual,2012,2,PP3E_TOT,float64
individual,2012,2,PP3F_TOT,float64
individual,2012,2,PP03G,int64
individual,2012,2,PP03H,int64
individual,2012,2,PP03I,int64
individual,2012,2,PP03J,int64
individual,2012,2,INTENSI,int64
individual,2012,2,PP04A,int64
individual,2012,2,PP04B_CAES,str
individual,2012,2,PP04B1,int64
individual,2012,2,PP04B2,int64
individual,2012,2,PP04B3_MES,int64
individual,2012,2,PP04B3_ANO,int64
individual,2012,2,PP04B3_DIA,int64
individual,2012,2,PP04C,int64
individual,2012,2,PP04C99,int64
individual,2012,2,PP04D_COD,str
individual,2012,2,PP04G,int64
individual,2012,2,PP05B2_MES,int64
individual,2012,2,PP05B2_ANO,int64
individual,2012,2,PP05B2_DIA,int64
individual,2012,2,PP05C_1,int64
individual,2012,2,PP05C_2,int64
individual,2012,2,PP05C_3,int64
individual,2012,2,PP05E,int64
individual,2012,2,PP05F,int64
individual,2012,2,PP05H,int64
individual,2012,2,PP06A,int64
individual,2012,2,PP06C,int64
individual,2012,2,PP06D,int64
individual,2012,2,PP06E,int64
individual,2012,2,PP06H,int64
individual,2012,2,PP07A,int64
individual,2012,2,PP07C,int64
individual,2012,2,PP07D,int64
individual,2012,2,PP07E,int64
individual,2012,2,PP07F1,int64
individual,2012,2,PP07F2,int64
individual,2012,2,PP07F3,int64
individual,2012,2,PP07F4,int64
individual,2012,2,PP07F5,int64
individual,2012,2,PP07G1,int64
individual,2012,2,PP07G2,int64
individual,2012,2,PP07G3,int64
individual,2012,2,PP07G4,int64
individual,2012,2,PP07G_59,int64
individual,2012,2,PP07H,int64
individual,2012,2,PP07I,int64
individual,2012,2,PP07J,int64
individual,2012,2,PP07K,int64
individual,2012,2,PP08D1,int64
individual,2012,2,PP08D4,int64
individual,2012,2,PP08F1,int64
individual,2012,2,PP08F2,int64
individual,2012,2,PP08J1,int64
individual,2012,2,PP08J2,int64
individual,2012,2,PP08J3,int64
individual,2012,2,PP09A,int64
individual,2012,2,PP09A_ESP,str
individual,2012,2,PP09B,int64
individual,2012,2,PP09C,int64
individual,2012,2,PP09C_ESP,str
individual,2012,2,PP10A,int64
individual,2012,2,PP10C,int64
individual,2012,2,PP10D,int64
individual,2012,2,PP10E,int64
individual,2012,2,PP11A,int64
individual,2012,2,PP11B_CAES,str
individual,2012,2,PP11B1,int64
individual,2012,2,PP11B2_MES,int64
individual,2012,2,PP11B2_ANO,int64
individual,2012,2,PP11B2_DIA,int64
individual,2012,2,PP11C,int64
individual,2012,2,PP11C99,int64
individual,2012,2,PP11D_COD,str
individual,2012,2,PP11G_ANO,int64
individual,2012,2,PP11G_MES,int64
individual,2012,2,PP11G_DIA,int64
individual,2012,2,PP11L,int64
individual,2012,2,PP11L1,int64
individual,2012,2,PP11M,int64
individual,2012,2,PP11N,int64
individual,2012,2,PP11O,int64
individual,2012,2,PP11P,int64
individual,2012,2,PP11Q,int64
individual,2012,2,PP11R,int64
individual,2012,2,PP11S,int64
individual,2012,2,PP11T,int64
individual,2012,2,P21,int64
individual,2012,2,DECOCUR,str
individual,2012,2,IDECOCUR,str
individual,2012,2,RDECOCUR,str
individual,2012,2,GDECOCUR,str
individual,2012,2,PDECOCUR,str
individual,2012,2,ADECOCUR,str
individual,2012,2,TOT_P12,int64
individual,2012,2,P47T,int64
individual,2012,2,DECINDR,str
individual,2012,2,IDECINDR,str
individual,2012,2,RDECINDR,str
individual,2012,2,GDECINDR,str
individual,2012,2,PDECINDR,str
individual,2012,2,ADECINDR,str
individual,2012,2,V2_M,int64
individual,2012,2,V3_M,int64
individual,2012,2,V4_M,int64
individual,2012,2,V5_M,int64
individual,2012,2,V8_M,int64
individual,2012,2,V9_M,int64
individual,2012,2,V10_M,int64
individual,2012,2,V11_M,int64
individual,2012,2,V12_M,int64
individual,2012,2,V18_M,int64
individual,2012,2,V19_AM,int64
individual,2012,2,V21_M,int64
individual,2012,2,T_VI,int64
individual,2012,2,ITF,int64
individual,2012,2,DECIFR,str
individual,2012,2,IDECIFR,str
individual,2012,2,RDECIFR,str
individual,2012,2,GDECIFR,str
individual,2012,2,PDECIFR,str
individual,2012,2,ADECIFR,str
individual,2012,2,IPCF,float64
individual,2012,2,DECCFR,str
individual,2012,2,IDECCFR,str
individual,2012,2,RDECCFR,str
individual,2012,2,GDECCFR,str
individual,2012,2,PDECCFR,str
individual,2012,2,ADECCFR,str
individual,2012,2,IDIMPP,str
hogar,2012,3,CODUSU,string
hogar,2012,3,NRO_HOGAR,Int16
hogar,2012,3,REALIZADA,int64
hogar,2012,3,ANO4,Int16
hogar,2012,3,TRIMESTRE,Int16
hogar,2012,3,REGION,int64
hogar,2012,3,MAS_500,str
hogar,2012,3,AGLOMERADO,Int16
hogar,2012,3,PONDERA,int64
hogar,2012,3,IV1,int64
hogar,2012,3,IV1_ESP,str
hogar,2012,3,IV2,int64
hogar,2012,3,IV3,int64
hogar,2012,3,IV3_ESP,str
hogar,2012,3,IV4,int64
hogar,2012,3,IV5,int64
hogar,2012,3,IV6,int64
hogar,2012,3,IV7,int64
hogar,2012,3,IV7_ESP,str
hogar,2012,3,IV8,int64
hogar,2012,3,IV9,int64
hogar,2012,3,IV10,int64
hogar,2012,3,IV11,int64
hogar,2012,3,IV12_1,int64
hogar,2012,3,IV12_2,int64
hogar,2012,3,IV12_3,int64
hogar,2012,3,II1,int64
hogar,2012,3,II2,int64
hogar,2012,3,II3,int64
hogar,2012,3,II3_1,int64
hogar,2012,3,II4_1,int64
hogar,2012,3,II4_2,int64
hogar,2012,3,II4_3,int64
hogar,2012,3,II5,int64
hogar,2012,3,II5_1,int64
hogar,2012,3,II6,int64
hogar,2012,3,II6_1,int64
hogar,2012,3,II7,int64
hogar,2012,3,II7_ESP,str
hogar,2012,3,II8,int64
hogar,2012,3,II8_ESP,str
hogar,2012,3,II9,int64
hogar,2012,3,V1,int64
hogar,2012,3,V2,int64
hogar,2012,3,V21,int64
hogar,2012,3,V22,int64
hogar,2012,3,V3,int64
hogar,2012,3,V4,int64
hogar,2012,3,V5,int64
hogar,2012,3,V6,int64
hogar,2012,3,V7,int64
hogar,2012,3,V8,int64
hogar,2012,3,V9,int64
hogar,2012,3,V10,int64
hogar,2012,3,V11,int64
hogar,2012,3,V12,int64
hogar,2012,3,V13,int64
hogar,2012,3,V14,int64
hogar,2012,3,V15,int64
hogar,2012,3,V16,int64
hogar,2012,3,V17,int64
hogar,2012,3,V18,int64
hogar,2012,3,V19_A,int64
hogar,2012,3,V19_B,int64
hogar,2012,3,IX_TOT,int64
hogar,2012,3,IX_MEN10,int64
hogar,2012,3,IX_MAYEQ10,int64
hogar,2012,3,ITF,int64
hogar,2012,3,DECIFR,str
hogar,2012,3,IDECIFR,str
hogar,2012,3,RDECIFR,str
hogar,2012,3,GDECIFR,str
hogar,2012,3,PDECIFR,str
hogar,2012,3,ADECIFR,str
hogar,2012,3,IPCF,float64
hogar,2012,3,DECCFR,str
hogar,2012,3,IDECCFR,str
hogar,2012,3,RDECCFR,str
hogar,2012,3,GDECCFR,str
hogar,2012,3,PDECCFR,str
hogar,2012,3,ADECCFR,str
hogar,2012,3,VII1_1,int64
hogar,2012,3,VII1_2,int64
hogar,2012,3,VII2_1,int64
hogar,2012,3,VII2_2,int64
hogar,2012,3,VII2_3,int64
hogar,2012,3,VII2_4,int64
hogar,2012,3,IDIMPH,str
individual,2012,3,CODUSU,string
individual,2012,3,NRO_HOGAR,Int16
individual,2012,3,COMPONENTE,Int16
individual,2012,3,H15,int64
individual,2012,3,ANO4,Int16
individual,2012,3,TRIMESTRE,Int16
individual,2012,3,REGION,int64
individual,2012,3,MAS_500,str
individual,2012,3,AGLOMERADO,Int16
individual,2012,3,PONDERA,int64
individual,2012,3,CH03,int64
individual,2012,3,CH04,int64
individual,2012,3,CH06,int64
individual,2012,3,CH07,int64
individual,2012,3,CH08,int64
individual,2012,3,CH09,int64
individual,2012,3,CH10,int64
individual,2012,3,CH11,int64
individual,2012,3,CH12,int64
individual,2012,3,CH13,int64
individual,2012,3,CH14,str
individual,2012,3,CH15,int64
individual,2012,3,CH15_COD,str
individual,2012,3,CH16,int64
individual,2012,3,CH16_COD,str
individual,2012,3,NIVEL_ED,int64
individual,2012,3,ESTADO,int64
individual,2012,3,CAT_OCUP,int64
individual,2012,3,CAT_INAC,int64
individual,2012,3,PP02C1,int64
individual,2012,3,PP02C2,int64
individual,2012,3,PP02C3,int64
individual,2012,3,PP02C4,int64
individual,2012,3,PP02C5,int64
individual,2012,3,PP02C6,int64
individual,2012,3,PP02C7,int64
individual,2012,3,PP02C8,int64
individual,2012,3,PP02E,int64
individual,2012,3,PP02H,int64
individual,2012,3,PP02I,int64
individual,2012,3,PP03C,int64
individual,2012,3,PP03D,int64
individual,2012,3,PP3E_TOT,int64
individual,2012,3,PP3F_TOT,int64
individual,2012,3,PP03G,int64
individual,2012,3,PP03H,int64
individual,2012,3,PP03I,int64
individual,2012,3,PP03J,int64
individual,2012,3,INTENSI,int64
individual,2012,3,PP04A,int64
individual,2012,3,PP04B_CAES,str
individual,2012,3,PP04B1,int64
individual,2012,3,PP04B2,int64
individual,2012,3,PP04B3_MES,int64
individual,2012,3,PP04B3_ANO,int64
individual,2012,3,PP04B3_DIA,int64
individual,2012,3,PP04C,int64
individual,2012,3,PP04C99,int64
individual,2012,3,PP04D_COD,str
individual,2012,3,PP04G,int64
individual,2012,3,PP05B2_MES,int64
individual,2012,3,PP05B2_ANO,int64
individual,2012,3,PP05B2_DIA,int64
individual,2012,3,PP05C_1,int64
individual,2012,3,PP05C_2,int64
individual,2012,3,PP05C_3,int64
individual,2012,3,PP05E,int64
individual,2012,3,PP05F,int64
individual,2012,3,PP05H,int64
individual,2012,3,PP06A,int64
individual,2012,3,PP06C,int64
individual,2012,3,PP06D,int64
individual,2012,3,PP06E,int64
individual,2012,3,PP06H,int64
individual,2012,3,PP07A,int64
individual,2012,3,PP07C,int64
individual,2012,3,PP07D,int64
individual,2012,3,PP07E,int64
individual,2012,3,PP07F1,int64
individual,2012,3,PP07F2,int64
individual,2012,3,PP07F3,int64
individual,2012,3,PP07F4,int64
individual,2012,3,PP07F5,int64
individual,2012,3,PP07G1,int64
individual,2012,3,PP07G2,int64
individual,2012,3,PP07G3,int64
individual,2012,3,PP07G4,int64
individual,2012,3,PP07G_59,int64
individual,2012,3,PP07H,int64
individual,2012,3,PP07I,int64
individual,2012,3,PP07J,int64
individual,2012,3,PP07K,int64
individual,2012,3,PP08D1,int64
individual,2012,3,PP08D4,int64
individual,2012,3,PP08F1,int64
individual,2012,3,PP08F2,int64
individual,2012,3,PP08J1,int64
individual,2012,3,PP08J2,int64
individual,2012,3,PP08J3,int64
individual,2012,3,PP09A,int64
individual,2012,3,PP09A_ESP,str
individual,2012,3,PP09B,int64
individual,2012,3,PP09C,int64
individual,2012,3,PP09C_ESP,str
individual,2012,3,PP10A,int64
individual,2012,3,PP10C,int64
individual,2012,3,PP10D,int64
individual,2012,3,PP10E,int64
individual,2012,3,PP11A,int64
individual,2012,3,PP11B_CAES,str
individual,2012,3,PP11B1,int64
individual,2012,3,PP11B2_MES,int64
individual,2012,3,PP11B2_ANO,int64
individual,2012,3,PP11B2_DIA,int64
individual,2012,3,PP11C,int64
individual,2012,3,PP11C99,int64
individual,2012,3,PP11D_COD,str
individual,2012,3,PP11G_ANO,int64
individual,2012,3,PP11G_MES,int64
individual,2012,3,PP11G_DIA,int64
individual,2012,3,PP11L,int64
individual,2012,3,PP11L1,int64
individual,2012,3,PP11M,int64
individual,2012,3,PP11N,int64
individual,2012,3,PP11O,int64
individual,2012,3,PP11P,int64
individual,2012,3,PP11Q,int64
individual,2012,3,PP11R,int64
individual,2012,3,PP11S,int64
individual,2012,3,PP11T,int64
individual,2012,3,P21,int64
individual,2012,3,DECOCUR,str
individual,2012,3,IDECOCUR,str
individual,2012,3,RDECOCUR,str
individual,2012,3,GDECOCUR,str
individual,2012,3,PDECOCUR,str
individual,2012,3,ADECOCUR,str
individual,2012,3,TOT_P12,int64
individual,2012,3,P47T,int64
individual,2012,3,DECINDR,str
individual,2012,3,IDECINDR,str
individual,2012,3,RDECINDR,str
individual,2012,3,GDECINDR,str
individual,2012,3,PDECINDR,str
individual,2012,3,ADECINDR,str
individual,2012,3,V2_M,int64
individual,2012,3,V3_M,int64
individual,2012,3,V4_M,int64
individual,2012,3,V5_M,int64
individual,2012,3,V8_M,int64
individual,2012,3,V9_M,int64
individual,2012,3,V10_M,int64
individual,2012,3,V11_M,int64
individual,2012,3,V12_M,int64
individual,2012,3,V18_M,int64
individual,2012,3,V19_AM,int64
individual,2012,3,V21_M,int64
individual,2012,3,T_VI,int64
individual,2012,3,ITF,int64
individual,2012,3,DECIFR,str
individual,2012,3,IDECIFR,str
individual,2012,3,RDECIFR,str
individual,2012,3,GDECIFR,str
individual,2012,3,PDECIFR,str
individual,2012,3,ADECIFR,str
individual,2012,3,IPCF,float64
individual,2012,3,DECCFR,str
individual,2012,3,IDECCFR,str
individual,2012,3,RDECCFR,str
individual,2012,3,GDECCFR,str
individual,2012,3,PDECCFR,str
individual,2012,3,ADECCFR,str
individual,2012,3,IDIMPP,str
hogar,2012,4,CODUSU,string
hogar,2012,4,NRO_HOGAR,Int16
hogar,2012,4,REALIZADA,int64
hogar,2012,4,ANO4,Int16
hogar,2012,4,TRIMESTRE,Int16
hogar,2012,4,REGION,int64
hogar,2012,4,MAS_500,str
hogar,2012,4,AGLOMERADO,Int16
hogar,2012,4,PONDERA,int64
hogar,2012,4,IV1,int64
hogar,2012,4,IV1_ESP,str
hogar,2012,4,IV2,int64
hogar,2012,4,IV3,int64
hogar,2012,4,IV3_ESP,str
hogar,2012,4,IV4,int64
hogar,2012,4,IV5,int64
hogar,2012,4,IV6,int64
hogar,2012,4,IV7,int64
hogar,2012,4,IV7_ESP,str
hogar,2012,4,IV8,int64
hogar,2012,4,IV9,int64
hogar,2012,4,IV10,int64
hogar,2012,4,IV11,int64
hogar,2012,4,IV12_1,int64
hogar,2012,4,IV12_2,int64
hogar,2012,4,IV12_3,int64
hogar,2012,4,II1,int64
hogar,2012,4,II2,int64
hogar,2012,4,II3,int64
hogar,2012,4,II3_1,int64
hogar,2012,4,II4_1,int64
hogar,2012,4,II4_2,int64
hogar,2012,4,II4_3,int64
hogar,2012,4,II5,int64
hogar,2012,4,II5_1,int64
hogar,2012,4,II6,int64
hogar,2012,4,II6_1,int64
hogar,2012,4,II7,int64
hogar,2012,4,II7_ESP,str
hogar,2012,4,II8,int64
hogar,2012,4,II8_ESP,str
hogar,2012,4,II9,int64
hogar,2012,4,V1,int64
hogar,2012,4,V2,int64
hogar,2012,4,V21,int64
hogar,2012,4,V22,int64
hogar,2012,4,V3,int64
hogar,2012,4,V4,int64
hogar,2012,4,V5,int64
hogar,2012,4,V6,int64
hogar,2012,4,V7,int64
hogar,2012,4,V8,int64
hogar,2012,4,V9,int64
hogar,2012,4,V10,int64
hogar,2012,4,V11,int64
hogar,2012,4,V12,int64
hogar,2012,4,V13,int64
hogar,2012,4,V14,int64
hogar,2012,4,V15,int64
hogar,2012,4,V16,int64
hogar,2012,4,V17,int64
hogar,2012,4,V18,int64
hogar,2012,4,V19_A,int64
hogar,2012,4,V19_B,int64
hogar,2012,4,IX_TOT,int64
hogar,2012,4,IX_MEN10,int64
hogar,2012,4,IX_MAYEQ10,int64
hogar,2012,4,ITF,int64
hogar,2012,4,DECIFR,str
hogar,2012,4,IDECIFR,str
hogar,2012,4,RDECIFR,str
hogar,2012,4,GDECIFR,str
hogar,2012,4,PDECIFR,str
hogar,2012,4,ADECIFR,str
hogar,2012,4,IPCF,float64
hogar,2012,4,DECCFR,str
hogar,2012,4,IDECCFR,str
hogar,2012,4,RDECCFR,str
hogar,2012,4,GDECCFR,str
hogar,2012,4,PDECCFR,str
hogar,2012,4,ADECCFR,str
hogar,2012,4,VII1_1,int64
hogar,2012,4,VII1_2,int64
hogar,2012,4,VII2_1,int64
hogar,2012,4,VII2_2,int64
hogar,2012,4,VII2_3,int64
hogar,2012,4,VII2_4,int64
hogar,2012,4,IDIMPH,str
individual,2012,4,CODUSU,string
individual,2012,4,NRO_HOGAR,Int16
individual,2012,4,COMPONENTE,Int16
individual,2012,4,H15,int64
individual,2012,4,ANO4,Int16
individual,2012,4,TRIMESTRE,Int16
individual,2012,4,REGION,int64
individual,2012,4,MAS_500,str
individual,2012,4,AGLOMERADO,Int16
individual,2012,4,PONDERA,int64
individual,2012,4,CH03,int64
individual,2012,4,CH04,int64
individual,2012,4,CH06,int64
individual,2012,4,CH07,int64
individual,2012,4,CH08,int64
individual,2012,4,CH09,int64
individual,2012,4,CH10,int64
individual,2012,4,CH11,int64
individual,2012,4,CH12,int64
individual,2012,4,CH13,int64
individual,2012,4,CH14,str
individual,2012,4,CH15,int64
individual,2012,4,CH15_COD,str
individual,2012,4,CH16,int64
individual,2012,4,CH16_COD,str
individual,2012,4,NIVEL_ED,int64
individual,2012,4,ESTADO,int64
individual,2012,4,CAT_OCUP,int64
individual,2012,4,CAT_INAC,int64
individual,2012,4,PP02C1,int64
individual,2012,4,PP02C2,int64
individual,2012,4,PP02C3,int64
individual,2012,4,PP02C4,int64
individual,2012,4,PP02C5,int64
individual,2012,4,PP02C6,int64
individual,2012,4,PP02C7,int64
individual,2012,4,PP02C8,int64
individual,2012,4,PP02E,int64
individual,2012,4,PP02H,int64
individual,2012,4,PP02I,int64
individual,2012,4,PP03C,int64
individual,2012,4,PP03D,int64
individual,2012,4,PP3E_TOT,int64
individual,2012,4,PP3F_TOT,int64
individual,2012,4,PP03G,int64
individual,2012,4,PP03H,int64
individual,2012,4,PP03I,int64
individual,2012,4,PP03J,int64
individual,2012,4,INTENSI,int64
individual,2012,4,PP04A,int64
individual,2012,4,PP04B_CAES,str
individual,2012,4,PP04B1,int64
individual,2012,4,PP04B2,int64
individual,2012,4,PP04B3_MES,int64
individual,2012,4,PP04B3_ANO,int64
individual,2012,4,PP04B3_DIA,int64
individual,2012,4,PP04C,int64
individual,2012,4,PP04C99,int64
individual,2012,4,PP04D_COD,str
individual,2012,4,PP04G,int64
individual,2012,4,PP05B2_MES,int64
individual,2012,4,PP05B2_ANO,int64
individual,2012,4,PP05B2_DIA,int64
individual,2012,4,PP05C_1,int64
individual,2012,4,PP05C_2,int64
individual,2012,4,PP05C_3,int64
individual,2012,4,PP05E,int64
individual,2012,4,PP05F,int64
individual,2012,4,PP05H,int64
individual,2012,4,PP06A,int64
individual,2012,4,PP06C,int64
individual,2012,4,PP06D,int64
individual,2012,4,PP06E,int64
individual,2012,4,PP06H,int64
individual,2012,4,PP07A,int64
individual,2012,4,PP07C,int64
individual,2012,4,PP07D,int64
individual,2012,4,PP07E,int64
individual,2012,4,PP07F1,int64
individual,2012,4,PP07F2,int64
individual,2012,4,PP07F3,int64
individual,2012,4,PP07F4,int64
individual,2012,4,PP07F5,int64
individual,2012,4,PP07G1,int64
individual,2012,4,PP07G2,int64
individual,2012,4,PP07G3,int64
individual,2012,4,PP07G4,int64
individual,2012,4,PP07G_59,int64
individual,2012,4,PP07H,int64
individual,2012,4,PP07I,int64
individual,2012,4,PP07J,int64
individual,2012,4,PP07K,int64
individual,2012,4,PP08D1,int64
individual,2012,4,PP08D4,int64
individual,2012,4,PP08F1,int64
individual,2012,4,PP08F2,int64
individual,2012,4,PP08J1,int64
individual,2012,4,PP08J2,int64
individual,2012,4,PP08J3,int64
individual,2012,4,PP09A,int64
individual,2012,4,PP09A_ESP,str
individual,2012,4,PP09B,int64
individual,2012,4,PP09C,int64
individual,2012,4,PP09C_ESP,str
individual,2012,4,PP10A,int64
individual,2012,4,PP10C,int64
individual,2012,4,PP10D,int64
individual,2012,4,PP10E,int64
individual,2012,4,PP11A,int64
individual,2012,4,PP11B_CAES,str
individual,2012,4,PP11B1,int64
individual,2012,4,PP11B2_MES,int64
individual,2012,4,PP11B2_ANO,int64
individual,2012,4,PP11B2_DIA,int64
individual,2012,4,PP11C,int64
individual,2012,4,PP11C99,int64
individual,2012,4,PP11D_COD,str
individual,2012,4,PP11G_ANO,int64
individual,2012,4,PP11G_MES,int64
individual,2012,4,PP11G_DIA,int64
individual,2012,4,PP11L,int64
individual,2012,4,PP11L1,int64
individual,2012,4,PP11M,int64
individual,2012,4,PP11N,int64
individual,2012,4,PP11O,int64
individual,2012,4,PP11P,int64
individual,2012,4,PP11Q,int64
individual,2012,4,PP11R,int64
individual,2012,4,PP11S,int64
individual,2012,4,PP11T,int64
individual,2012,4,P21,int64
individual,2012,4,DECOCUR,str
individual,2012,4,IDECOCUR,str
individual,2012,4,RDECOCUR,str
individual,2012,4,GDECOCUR,str
individual,2012,4,PDECOCUR,str
individual,2012,4,ADECOCUR,str
individual,2012,4,TOT_P12,int64
individual,2012,4,P47T,int64
individual,2012,4,DECINDR,str
individual,2012,4,IDECINDR,str
individual,2012,4,RDECINDR,str
individual,2012,4,GDECINDR,str
individual,2012,4,PDECINDR,str
individual,2012,4,ADECINDR,str
individual,2012,4,V2_M,int64
individual,2012,4,V3_M,int64
individual,2012,4,V4_M,int64
individual,2012,4,V5_M,int64
individual,2012,4,V8_M,int64
individual,2012,4,V9_M,int64
individual,2012,4,V10_M,int64
individual,2012,4,V11_M,int64
individual,2012,4,V12_M,int64
individual,2012,4,V18_M,int64
individual,2012,4,V19_AM,int64
individual,2012,4,V21_M,int64
individual,2012,4,T_VI,int64
individual,2012,4,ITF,int64
individual,2012,4,DECIFR,str
individual,2012,4,IDECIFR,str
individual,2012,4,RDECIFR,str
individual,2012,4,GDECIFR,str
individual,2012,4,PDECIFR,str
individual,2012,4,ADECIFR,str
individual,2012,4,IPCF,float64
individual,2012,4,DECCFR,str
individual,2012,4,IDECCFR,str
individual,2012,4,RDECCFR,str
individual,2012,4,GDECCFR,str
individual,2012,4,PDECCFR,str
individual,2012,4,ADECCFR,str
individual,2012,4,IDIMPP,str
hogar,2013,1,CODUSU,string
hogar,2013,1,NRO_HOGAR,Int16
hogar,2013,1,REALIZADA,int64
hogar,2013,1,ANO4,Int16
hogar,2013,1,TRIMESTRE,Int16
hogar,2013,1,REGION,int64
hogar,2013,1,MAS_500,str
hogar,2013,1,AGLOMERADO,Int16
hogar,2013,1,PONDERA,int64
hogar,2013,1,IV1,int64
hogar,2013,1,IV1_ESP,str
hogar,2013,1,IV2,int64
hogar,2013,1,IV3,int64
hogar,2013,1,IV3_ESP,str
hogar,2013,1,IV4,int64
hogar,2013,1,IV5,int64
hogar,2013,1,IV6,int64
hogar,2013,1,IV7,int64
hogar,2013,1,IV7_ESP,str
hogar,2013,1,IV8,int64
hogar,2013,1,IV9,int64
hogar,2013,1,IV10,int64
hogar,2013,1,IV11,int64
hogar,2013,1,IV12_1,int64
hogar,2013,1,IV12_2,int64
hogar,2013,1,IV12_3,int64
hogar,2013,1,II1,int64
hogar,2013,1,II2,int64
hogar,2013,1,II3,int64
hogar,2013,1,II3_1,int64
hogar,2013,1,II4_1,int64
hogar,2013,1,II4_2,int64
hogar,2013,1,II4_3,int64
hogar,2013,1,II5,int64
hogar,2013,1,II5_1,int64
hogar,2013,1,II6,int64
hogar,2013,1,II6_1,int64
hogar,2013,1,II7,int64
hogar,2013,1,II7_ESP,str
hogar,2013,1,II8,int64
hogar,2013,1,II8_ESP,str
hogar,2013,1,II9,int64
hogar,2013,1,V1,int64
hogar,2013,1,V2,int64
hogar,2013,1,V21,int64
hogar,2013,1,V22,int64
hogar,2013,1,V3,int64
hogar,2013,1,V4,int64
hogar,2013,1,V5,int64
hogar,2013,1,V6,int64
hogar,2013,1,V7,int64
hogar,2013,1,V8,int64
hogar,2013,1,V9,int64
hogar,2013,1,V10,int64
hogar,2013,1,V11,int64
hogar,2013,1,V12,int64
hogar,2013,1,V13,int64
hogar,2013,1,V14,int64
hogar,2013,1,V15,int64
hogar,2013,1,V16,int64
hogar,2013,1,V17,int64
hogar,2013,1,V18,int64
hogar,2013,1,V19_A,int64
hogar,2013,1,V19_B,int64
hogar,2013,1,IX_TOT,int64
hogar,2013,1,IX_MEN10,int64
hogar,2013,1,IX_MAYEQ10,int64
hogar,2013,1,ITF,int64
hogar,2013,1,DECIFR,str
hogar,2013,1,IDECIFR,str
hogar,2013,1,RDECIFR,str
hogar,2013,1,GDECIFR,str
hogar,2013,1,PDECIFR,str
hogar,2013,1,ADECIFR,str
hogar,2013,1,IPCF,float64
hogar,2013,1,DECCFR,str
hogar,2013,1,IDECCFR,str
hogar,2013,1,RDECCFR,str
hogar,2013,1,GDECCFR,str
hogar,2013,1,PDECCFR,str
hogar,2013,1,ADECCFR,str
hogar,2013,1,VII1_1,int64
hogar,2013,1,VII1_2,int64
hogar,2013,1,VII2_1,int64
hogar,2013,1,VII2_2,int64
hogar,2013,1,VII2_3,int64
hogar,2013,1,VII2_4,int64
hogar,2013,1,IDIMPH,str
individual,2013,1,CODUSU,string
individual,2013,1,NRO_HOGAR,Int16
individual,2013,1,COMPONENTE,Int16
individual,2013,1,H15,int64
individual,2013,1,ANO4,Int16
individual,2013,1,TRIMESTRE,Int16
individual,2013,1,REGION,int64
individual,2013,1,MAS_500,str
individual,2013,1,AGLOMERADO,Int16
individual,2013,1,PONDERA,int64
individual,2013,1,CH03,int64
individual,2013,1,CH04,int64
individual,2013,1,CH06,int64
individual,2013,1,CH07,int64
individual,2013,1,CH08,int64
individual,2013,1,CH09,int64
individual,2013,1,CH10,int64
individual,2013,1,CH11,int64
individual,2013,1,CH12,int64
individual,2013,1,CH13,int64
individual,2013,1,CH14,str
individual,2013,1,CH15,int64
individual,2013,1,CH15_COD,str
individual,2013,1,CH16,int64
individual,2013,1,CH16_COD,str
individual,2013,1,NIVEL_ED,int64
individual,2013,1,ESTADO,int64
individual,2013,1,CAT_OCUP,int64
individual,2013,1,CAT_INAC,int64
individual,2013,1,PP02C1,int64
individual,2013,1,PP02C2,int64
individual,2013,1,PP02C3,int64
individual,2013,1,PP02C4,int64
individual,2013,1,PP02C5,int64
individual,2013,1,PP02C6,int64
individual,2013,1,PP02C7,int64
individual,2013,1,PP02C8,int64
individual,2013,1,PP02E,int64
individual,2013,1,PP02H,int64
individual,2013,1,PP02I,int64
individual,2013,1,PP03C,int64
individual,2013,1,PP03D,int64
individual,2013,1,PP3E_TOT,int64
individual,2013,1,PP3F_TOT,int64
individual,2013,1,PP03G,int64
individual,2013,1,PP03H,int64
individual,2013,1,PP03I,int64
individual,2013,1,PP03J,int64
individual,2013,1,INTENSI,int64
individual,2013,1,PP04A,int64
individual,2013,1,PP04B_CAES,str
individual,2013,1,PP04B1,int64
individual,2013,1,PP04B2,int64
individual,2013,1,PP04B3_MES,int64
individual,2013,1,PP04B3_ANO,int64
individual,2013,1,PP04B3_DIA,int64
individual,2013,1,PP04C,int64
individual,2013,1,PP04C99,int64
individual,2013,1,PP04D_COD,str
individual,2013,1,PP04G,int64
individual,2013,1,PP05B2_MES,int64
individual,2013,1,PP05B2_ANO,int64
individual,2013,1,PP05B2_DIA,int64
individual,2013,1,PP05C_1,int64
individual,2013,1,PP05C_2,int64
individual,2013,1,PP05C_3,int64
individual,2013,1,PP05E,int64
individual,2013,1,PP05F,int64
individual,2013,1,PP05H,int64
individual,2013,1,PP06A,int64
individual,2013,1,PP06C,int64
individual,2013,1,PP06D,int64
individual,2013,1,PP06E,int64
individual,2013,1,PP06H,int64
individual,2013,1,PP07A,int64
individual,2013,1,PP07C,int64
individual,2013,1,PP07D,int64
individual,2013,1,PP07E,int64
individual,2013,1,PP07F1,int64
individual,2013,1,PP07F2,int64
individual,2013,1,PP07F3,int64
individual,2013,1,PP07F4,int64
individual,2013,1,PP07F5,int64
individual,2013,1,PP07G1,int64
individual,2013,1,PP07G2,int64
individual,2013,1,PP07G3,int64
individual,2013,1,PP07G4,int64
individual,2013,1,PP07G_59,int64
individual,2013,1,PP07H,int64
individual,2013,1,PP07I,int64
individual,2013,1,PP07J,int64
individual,2013,1,PP07K,int64
individual,2013,1,PP08D1,int64
individual,2013,1,PP08D4,int64
individual,2013,1,PP08F1,int64
individual,2013,1,PP08F2,int64
individual,2013,1,PP08J1,int64
individual,2013,1,PP08J2,int64
individual,2013,1,PP08J3,int64
individual,2013,1,PP09A,int64
individual,2013,1,PP09A_ESP,str
individual,2013,1,PP09B,int64
individual,2013,1,PP09C,int64
individual,2013,1,PP09C_ESP,str
individual,2013,1,PP10A,int64
individual,2013,1,PP10C,int64
individual,2013,1,PP10D,int64
individual,2013,1,PP10E,int64
individual,2013,1,PP11A,int64
individual,2013,1,PP11B_CAES,str
individual,2013,1,PP11B1,int64
individual,2013,1,PP11B2_MES,int64
individual,2013,1,PP11B2_ANO,int64
individual,2013,1,PP11B2_DIA,int64
individual,2013,1,PP11C,int64
individual,2013,1,PP11C99,int64
individual,2013,1,PP11D_COD,str
individual,2013,1,PP11G_ANO,float64
individual,2013,1,PP11G_MES,float64
individual,2013,1,PP11G_DIA,float64
individual,2013,1,PP11L,float64
individual,2013,1,PP11L1,float64
individual,2013,1,PP11M,float64
individual,2013,1,PP11N,float64
individual,2013,1,PP11O,float64
individual,2013,1,PP11P,float64
individual,2013,1,PP11Q,float64
individual,2013,1,PP11R,float64
individual,2013,1,PP11S,float64
individual,2013,1,PP11T,float64
individual,2013,1,P21,int64
individual,2013,1,DECOCUR,str
individual,2013,1,IDECOCUR,str
individual,2013,1,RDECOCUR,str
individual,2013,1,GDECOCUR,str
individual,2013,1,PDECOCUR,str
individual,2013,1,ADECOCUR,str
individual,2013,1,TOT_P12,int64
individual,2013,1,P47T,int64
individual,2013,1,DECINDR,str
individual,2013,1,IDECINDR,str
individual,2013,1,RDECINDR,str
individual,2013,1,GDECINDR,str
individual,2013,1,PDECINDR,str
individual,2013,1,ADECINDR,str
individual,2013,1,V2_M,int64
individual,2013,1,V3_M,int64
individual,2013,1,V4_M,int64
individual,2013,1,V5_M,int64
individual,2013,1,V8_M,int64
individual,2013,1,V9_M,int64
individual,2013,1,V10_M,int64
individual,2013,1,V11_M,int64
individual,2013,1,V12_M,int64
individual,2013,1,V18_M,int64
individual,2013,1,V19_AM,int64
individual,2013,1,V21_M,int64
individual,2013,1,T_VI,int64
individual,2013,1,ITF,int64
individual,2013,1,DECIFR,str
individual,2013,1,IDECIFR,str
individual,2013,1,RDECIFR,str
individual,2013,1,GDECIFR,str
individual,2013,1,PDECIFR,str
individual,2013,1,ADECIFR,str
individual,2013,1,IPCF,float64
individual,2013,1,DECCFR,str
individual,2013,1,IDECCFR,str
individual,2013,1,RDECCFR,str
individual,2013,1,GDECCFR,str
individual,2013,1,PDECCFR,str
individual,2013,1,ADECCFR,str
individual,2013,1,IDIMPP,str
hogar,2013,2,CODUSU,string
hogar,2013,2,NRO_HOGAR,Int16
hogar,2013,2,REALIZADA,int64
hogar,2013,2,ANO4,Int16
hogar,2013,2,TRIMESTRE,Int16
hogar,2013,2,REGION,int64
hogar,2013,2,MAS_500,str
hogar,2013,2,AGLOMERADO,Int16
hogar,2013,2,PONDERA,int64
hogar,2013,2,IV1,int64
hogar,2013,2,IV1_ESP,str
hogar,2013,2,IV2,int64
hogar,2013,2,IV3,int64
hogar,2013,2,IV3_ESP,str
hogar,2013,2,IV4,int64
hogar,2013,2,IV5,int64
hogar,2013,2,IV6,int64
hogar,2013,2,IV7,int64
hogar,2013,2,IV7_ESP,str
hogar,2013,2,IV8,int64
hogar,2013,2,IV9,int64
hogar,2013,2,IV10,int64
hogar,2013,2,IV11,int64
hogar,2013,2,IV12_1,int64
hogar,2013,2,IV12_2,int64
hogar,2013,2,IV12_3,int64
hogar,2013,2,II1,int64
hogar,2013,2,II2,int64
hogar,2013,2,II3,int64
hogar,2013,2,II3_1,int64
hogar,2013,2,II4_1,int64
hogar,2013,2,II4_2,int64
hogar,2013,2,II4_3,int64
hogar,2013,2,II5,int64
hogar,2013,2,II5_1,int64
hogar,2013,2,II6,int64
hogar,2013,2,II6_1,int64
hogar,2013,2,II7,int64
hogar,2013,2,II7_ESP,str
hogar,2013,2,II8,int64
hogar,2013,2,II8_ESP,str
hogar,2013,2,II9,int64
hogar,2013,2,V1,int64
hogar,2013,2,V2,int64
hogar,2013,2,V21,int64
hogar,2013,2,V22,int64
hogar,2013,2,V3,int64
hogar,2013,2,V4,int64
hogar,2013,2,V5,int64
hogar,2013,2,V6,int64
hogar,2013,2,V7,int64
hogar,2013,2,V8,int64
hogar,2013,2,V9,int64
hogar,2013,2,V10,int64
hogar,2013,2,V11,int64
hogar,2013,2,V12,int64
hogar,2013,2,V13,int64
hogar,2013,2,V14,int64
hogar,2013,2,V15,int64
hogar,2013,2,V16,int64
hogar,2013,2,V17,int64
hogar,2013,2,V18,int64
hogar,2013,2,V19_A,int64
hogar,2013,2,V19_B,int64
hogar,2013,2,IX_TOT,int64
hogar,2013,2,IX_MEN10,int64
hogar,2013,2,IX_MAYEQ10,int64
hogar,2013,2,ITF,int64
hogar,2013,2,DECIFR,str
hogar,2013,2,IDECIFR,str
hogar,2013,2,RDECIFR,str
hogar,2013,2,GDECIFR,str
hogar,2013,2,PDECIFR,str
hogar,2013,2,ADECIFR,str
hogar,2013,2,IPCF,float64
hogar,2013,2,DECCFR,str
hogar,2013,2,IDECCFR,str
hogar,2013,2,RDECCFR,str
hogar,2013,2,GDECCFR,str
hogar,2013,2,PDECCFR,str
hogar,2013,2,ADECCFR,str
hogar,2013,2,VII1_1,int64
hogar,2013,2,VII1_2,int64
hogar,2013,2,VII2_1,int64
hogar,2013,2,VII2_2,int64
hogar,2013,2,VII2_3,int64
hogar,2013,2,VII2_4,int64
hogar,2013,2,IDIMPH,str
individual,2013,2,CODUSU,string
individual,2013,2,NRO_HOGAR,Int16
individual,2013,2,COMPONENTE,Int16
individual,2013,2,H15,int64
individual,2013,2,ANO4,Int16
individual,2013,2,TRIMESTRE,Int16
individual,2013,2,REGION,int64
individual,2013,2,MAS_500,str
individual,2013,2,AGLOMERADO,Int16
individual,2013,2,PONDERA,int64
individual,2013,2,CH03,int64
individual,2013,2,CH04,int64
individual,2013,2,CH06,int64
individual,2013,2,CH07,int64
individual,2013,2,CH08,int64
individual,2013,2,CH09,int64
individual,2013,2,CH10,int64
individual,2013,2,CH11,int64
individual,2013,2,CH12,int64
individual,2013,2,CH13,int64
individual,2013,2,CH14,str
individual,2013,2,CH15,int64
individual,2013,2,CH15_COD,str
individual,2013,2,CH16,int64
individual,2013,2,CH16_COD,str
individual,2013,2,NIVEL_ED,int64
individual,2013,2,ESTADO,int64
individual,2013,2,CAT_OCUP,int64
individual,2013,2,CAT_INAC,int64
individual,2013,2,PP02C1,int64
individual,2013,2,PP02C2,int64
individual,2013,2,PP02C3,int64
individual,2013,2,PP02C4,int64
individual,2013,2,PP02C5,int64
individual,2013,2,PP02C6,int64
individual,2013,2,PP02C7,int64
individual,2013,2,PP02C8,int64
individual,2013,2,PP02E,int64
individual,2013,2,PP02H,int64
individual,2013,2,PP02I,int64
individual,2013,2,PP03C,int64
individual,2013,2,PP03D,int64
individual,2013,2,PP3E_TOT,int64
individual,2013,2,PP3F_TOT,int64
individual,2013,2,PP03G,int64
individual,2013,2,PP03H,int64
individual,2013,2,PP03I,int64
individual,2013,2,PP03J,int64
individual,2013,2,INTENSI,int64
individual,2013,2,PP04A,int64
individual,2013,2,PP04B_CAES,str
individual,2013,2,PP04B1,int64
individual,2013,2,PP04B2,int64
individual,2013,2,PP04B3_MES,int64
individual,2013,2,PP04B3_ANO,int64
individual,2013,2,PP04B3_DIA,int64
individual,2013,2,PP04C,int64
individual,2013,2,PP04C99,int64
individual,2013,2,PP04D_COD,str
individual,2013,2,PP04G,int64
individual,2013,2,PP05B2_MES,int64
individual,2013,2,PP05B2_ANO,int64
individual,2013,2,PP05B2_DIA,int64
individual,2013,2,PP05C_1,int64
individual,2013,2,PP05C_2,int64
individual,2013,2,PP05C_3,int64
individual,2013,2,PP05E,int64
individual,2013,2,PP05F,int64
individual,2013,2,PP05H,int64
individual,2013,2,PP06A,int64
individual,2013,2,PP06C,int64
individual,2013,2,PP06D,int64
individual,2013,2,PP06E,int64
individual,2013,2,PP06H,int64
individual,2013,2,PP07A,int64
individual,2013,2,PP07C,int64
individual,2013,2,PP07D,int64
individual,2013,2,PP07E,int64
individual,2013,2,PP07F1,int64
individual,2013,2,PP07F2,int64
individual,2013,2,PP07F3,int64
individual,2013,2,PP07F4,int64
individual,2013,2,PP07F5,int64
individual,2013,2,PP07G1,int64
individual,2013,2,PP07G2,int64
individual,2013,2,PP07G3,int64
individual,2013,2,PP07G4,int64
individual,2013,2,PP07G_59,int64
individual,2013,2,PP07H,int64
individual,2013,2,PP07I,int64
individual,2013,2,PP07J,int64
individual,2013,2,PP07K,int64
individual,2013,2,PP08D1,int64
individual,2013,2,PP08D4,int64
individual,2013,2,PP08F1,int64
individual,2013,2,PP08F2,int64
individual,2013,2,PP08J1,int64
individual,2013,2,PP08J2,int64
individual,2013,2,PP08J3,int64
individual,2013,2,PP09A,int64
individual,2013,2,PP09A_ESP,str
individual,2013,2,PP09B,int64
individual,2013,2,PP09C,int64
individual,2013,2,PP09C_ESP,str
individual,2013,2,PP10A,int64
individual,2013,2,PP10C,int64
individual,2013,2,PP10D,int64
individual,2013,2,PP10E,int64
individual,2013,2,PP11A,int64
individual,2013,2,PP11B_CAES,str
individual,2013,2,PP11B1,int64
individual,2013,2,PP11B2_MES,int64
individual,2013,2,PP11B2_ANO,int64
individual,2013,2,PP11B2_DIA,int64
individual,2013,2,PP11C,int64
individual,2013,2,PP11C99,int64
individual,2013,2,PP11D_COD,str
individual,2013,2,PP11G_ANO,int64
individual,2013,2,PP11G_MES,int64
individual,2013,2,PP11G_DIA,int64
individual,2013,2,PP11L,int64
individual,2013,2,PP11L1,int64
individual,2013,2,PP11M,int64
individual,2013,2,PP11N,int64
individual,2013,2,PP11O,int64
individual,2013,2,PP11P,int64
individual,2013,2,PP11Q,int64
individual,2013,2,PP11R,int64
individual,2013,2,PP11S,int64
individual,2013,2,PP11T,int64
individual,2013,2,P21,int64
individual,2013,2,DECOCUR,str
individual,2013,2,IDECOCUR,str
individual,2013,2,RDECOCUR,str
individual,2013,2,GDECOCUR,str
individual,2013,2,PDECOCUR,str
individual,2013,2,ADECOCUR,str
individual,2013,2,TOT_P12,int64
individual,2013,2,P47T,int64
individual,2013,2,DECINDR,str
individual,2013,2,IDECINDR,str
individual,2013,2,RDECINDR,str
individual,2013,2,GDECINDR,str
individual,2013,2,PDECINDR,str
individual,2013,2,ADECINDR,str
individual,2013,2,V2_M,int64
individual,2013,2,V3_M,int64
individual,2013,2,V4_M,int64
individual,2013,2,V5_M,int64
individual,2013,2,V8_M,int64
individual,2013,2,V9_M,int64
individual,2013,2,V10_M,int64
individual,2013,2,V11_M,int64
individual,2013,2,V12_M,int64
individual,2013,2,V18_M,int64
individual,2013,2,V19_AM,int64
individual,2013,2,V21_M,int64
individual,2013,2,T_VI,int64
individual,2013,2,ITF,int64
individual,2013,2,DECIFR,str
individual,2013,2,IDECIFR,str
individual,2013,2,RDECIFR,str
individual,2013,2,GDECIFR,str
individual,2013,2,PDECIFR,str
individual,2013,2,ADECIFR,str
individual,2013,2,IPCF,float64
individual,2013,2,DECCFR,str
individual,2013,2,IDECCFR,str
individual,2013,2,RDECCFR,str
individual,2013,2,GDECCFR,str
individual,2013,2,PDECCFR,str
individual,2013,2,ADECCFR,str
individual,2013,2,IDIMPP,str
hogar,2013,3,CODUSU,string
hogar,2013,3,NRO_HOGAR,Int16
hogar,2013,3,REALIZADA,int64
hogar,2013,3,ANO4,Int16
hogar,2013,3,TRIMESTRE,Int16
hogar,2013,3,REGION,int64
hogar,2013,3,MAS_500,str
hogar,2013,3,AGLOMERADO,Int16
hogar,2013,3,PONDERA,int64
hogar,2013,3,IV1,int64
hogar,2013,3,IV1_ESP,str
hogar,2013,3,IV2,int64
hogar,2013,3,IV3,int64
hogar,2013,3,IV3_ESP,str
hogar,2013,3,IV4,int64
hogar,2013,3,IV5,int64
hogar,2013,3,IV6,int64
hogar,2013,3,IV7,int64
hogar,2013,3,IV7_ESP,str
hogar,2013,3,IV8,int64
hogar,2013,3,IV9,int64
hogar,2013,3,IV10,int64
hogar,2013,3,IV11,int64
hogar,2013,3,IV12_1,int64
hogar,2013,3,IV12_2,float64
hogar,2013,3,IV12_3,int64
hogar,2013,3,II1,int64
hogar,2013,3,II2,int64
hogar,2013,3,II3,int64
hogar,2013,3,II3_1,int64
hogar,2013,3,II4_1,int64
hogar,2013,3,II4_2,int64
hogar,2013,3,II4_3,int64
hogar,2013,3,II5,int64
hogar,2013,3,II5_1,int64
hogar,2013,3,II6,int64
hogar,2013,3,II6_1,int64
hogar,2013,3,II7,int64
hogar,2013,3,II7_ESP,str
hogar,2013,3,II8,int64
hogar,2013,3,II8_ESP,str
hogar,2013,3,II9,int64
hogar,2013,3,V1,int64
hogar,2013,3,V2,int64
hogar,2013,3,V21,int64
hogar,2013,3,V22,int64
hogar,2013,3,V3,int64
hogar,2013,3,V4,int64
hogar,2013,3,V5,int64
hogar,2013,3,V6,int64
hogar,2013,3,V7,int64
hogar,2013,3,V8,int64
hogar,2013,3,V9,int64
hogar,2013,3,V10,int64
hogar,2013,3,V11,int64
hogar,2013,3,V12,int64
hogar,2013,3,V13,int64
hogar,2013,3,V14,int64
hogar,2013,3,V15,int64
hogar,2013,3,V16,int64
hogar,2013,3,V17,int64
hogar,2013,3,V18,int64
hogar,2013,3,V19_A,int64
hogar,2013,3,V19_B,int64
hogar,2013,3,IX_TOT,int64
hogar,2013,3,IX_MEN10,int64
hogar,2013,3,IX_MAYEQ10,int64
hogar,2013,3,ITF,int64
hogar,2013,3,DECIFR,str
hogar,2013,3,IDECIFR,str
hogar,2013,3,RDECIFR,str
hogar,2013,3,GDECIFR,str
hogar,2013,3,PDECIFR,str
hogar,2013,3,ADECIFR,str
hogar,2013,3,IPCF,float64
hogar,2013,3,DECCFR,str
hogar,2013,3,IDECCFR,str
hogar,2013,3,RDECCFR,str
hogar,2013,3,GDECCFR,str
hogar,2013,3,PDECCFR,str
hogar,2013,3,ADECCFR,str
hogar,2013,3,VII1_1,int64
hogar,2013,3,VII1_2,int64
hogar,2013,3,VII2_1,int64
hogar,2013,3,VII2_2,int64
hogar,2013,3,VII2_3,int64
hogar,2013,3,VII2_4,int64
hogar,2013,3,IDIMPH,str
individual,2013,3,CODUSU,string
individual,2013,3,NRO_HOGAR,Int16
individual,2013,3,COMPONENTE,Int16
individual,2013,3,H15,int64
individual,2013,3,ANO4,Int16
individual,2013,3,TRIMESTRE,Int16
individual,2013,3,REGION,int64
individual,2013,3,MAS_500,str
individual,2013,3,AGLOMERADO,Int16
individual,2013,3,PONDERA,int64
individual,2013,3,CH03,int64
individual,2013,3,CH04,int64
individual,2013,3,CH06,int64
individual,2013,3,CH07,int64
individual,2013,3,CH08,int64
individual,2013,3,CH09,int64
individual,2013,3,CH10,int64
individual,2013,3,CH11,int64
individual,2013,3,CH12,int64
individual,2013,3,CH13,int64
individual,2013,3,CH14,str
individual,2013,3,CH15,int64
individual,2013,3,CH15_COD,str
individual,2013,3,CH16,int64
individual,2013,3,CH16_COD,str
individual,2013,3,NIVEL_ED,int64
individual,2013,3,ESTADO,int64
individual,2013,3,CAT_OCUP,int64
individual,2013,3,CAT_INAC,int64
individual,2013,3,PP02C1,int64
individual,2013,3,PP02C2,int64
individual,2013,3,PP02C3,int64
individual,2013,3,PP02C4,int64
individual,2013,3,PP02C5,int64
individual,2013,3,PP02C6,int64
individual,2013,3,PP02C7,int64
individual,2013,3,PP02C8,int64
individual,2013,3,PP02E,int64
individual,2013,3,PP02H,int64
individual,2013,3,PP02I,int64
individual,2013,3,PP03C,int64
individual,2013,3,PP03D,int64
individual,2013,3,PP3E_TOT,int64
individual,2013,3,PP3F_TOT,int64
individual,2013,3,PP03G,int64
individual,2013,3,PP03H,int64
individual,2013,3,PP03I,int64
individual,2013,3,PP03J,int64
individual,2013,3,INTENSI,int64
individual,2013,3,PP04A,int64
individual,2013,3,PP04B_CAES,str
individual,2013,3,PP04B1,int64
individual,2013,3,PP04B2,int64
individual,2013,3,PP04B3_MES,int64
individual,2013,3,PP04B3_ANO,int64
individual,2013,3,PP04B3_DIA,int64
individual,2013,3,PP04C,int64
individual,2013,3,PP04C99,int64
individual,2013,3,PP04D_COD,str
individual,2013,3,PP04G,int64
individual,2013,3,PP05B2_MES,int64
individual,2013,3,PP05B2_ANO,int64
individual,2013,3,PP05B2_DIA,int64
individual,2013,3,PP05C_1,int64
individual,2013,3,PP05C_2,int64
individual,2013,3,PP05C_3,int64
individual,2013,3,PP05E,int64
individual,2013,3,PP05F,int64
individual,2013,3,PP05H,int64
individual,2013,3,PP06A,int64
individual,2013,3,PP06C,int64
individual,2013,3,PP06D,int64
individual,2013,3,PP06E,int64
individual,2013,3,PP06H,int64
individual,2013,3,PP07A,int64
individual,2013,3,PP07C,int64
individual,2013,3,PP07D,int64
individual,2013,3,PP07E,int64
individual,2013,3,PP07F1,int64
individual,2013,3,PP07F2,int64
individual,2013,3,PP07F3,int64
individual,2013,3,PP07F4,int64
individual,2013,3,PP07F5,int64
individual,2013,3,PP07G1,int64
individual,2013,3,PP07G2,int64
individual,2013,3,PP07G3,int64
individual,2013,3,PP07G4,int64
individual,2013,3,PP07G_59,int64
individual,2013,3,PP07H,int64
individual,2013,3,PP07I,int64
individual,2013,3,PP07J,int64
individual,2013,3,PP07K,int64
individual,2013,3,PP08D1,int64
individual,2013,3,PP08D4,int64
individual,2013,3,PP08F1,int64
individual,2013,3,PP08F2,int64
individual,2013,3,PP08J1,int64
individual,2013,3,PP08J2,int64
individual,2013,3,PP08J3,int64
individual,2013,3,PP09A,int64
individual,2013,3,PP09A_ESP,str
individual,2013,3,PP09B,int64
individual,2013,3,PP09C,int64
individual,2013,3,PP09C_ESP,str
individual,2013,3,PP10A,int64
individual,2013,3,PP10C,int64
individual,2013,3,PP10D,int64
individual,2013,3,PP10E,int64
individual,2013,3,PP11A,int64
individual,2013,3,PP11B_CAES,str
individual,2013,3,PP11B1,int64
individual,2013,3,PP11B2_MES,int64
individual,2013,3,PP11B2_ANO,int64
individual,2013,3,PP11B2_DIA,int64
individual,2013,3,PP11C,int64
individual,2013,3,PP11C99,int64
individual,2013,3,PP11D_COD,str
individual,2013,3,PP11G_ANO,int64
individual,2013,3,PP11G_MES,int64
individual,2013,3,PP11G_DIA,int64
individual,2013,3,PP11L,int64
individual,2013,3,PP11L1,int64
individual,2013,3,PP11M,int64
individual,2013,3,PP11N,int64
individual,2013,3,PP11O,int64
individual,2013,3,PP11P,int64
individual,2013,3,PP11Q,int64
individual,2013,3,PP11R,int64
individual,2013,3,PP11S,int64
individual,2013,3,PP11T,int64
individual,2013,3,P21,int64
individual,2013,3,DECOCUR,str
individual,2013,3,IDECOCUR,str
individual,2013,3,RDECOCUR,str
individual,2013,3,GDECOCUR,str
individual,2013,3,PDECOCUR,str
individual,2013,3,ADECOCUR,str
individual,2013,3,TOT_P12,int64
individual,2013,3,P47T,int64
individual,2013,3,DECINDR,str
individual,2013,3,IDECINDR,str
individual,2013,3,RDECINDR,str
individual,2013,3,GDECINDR,str
individual,2013,3,PDECINDR,str
individual,2013,3,ADECINDR,str
individual,2013,3,V2_M,int64
individual,2013,3,V3_M,int64
individual,2013,3,V4_M,int64
individual,2013,3,V5_M,int64
individual,2013,3,V8_M,int64
individual,2013,3,V9_M,int64
individual,2013,3,V10_M,int64
individual,2013,3,V11_M,int64
individual,2013,3,V12_M,int64
individual,2013,3,V18_M,int64
individual,2013,3,V19_AM,int64
individual,2013,3,V21_M,int64
individual,2013,3,T_VI,int64
individual,2013,3,ITF,int64
individual,2013,3,DECIFR,str
individual,2013,3,IDECIFR,str
individual,2013,3,RDECIFR,str
individual,2013,3,GDECIFR,str
individual,2013,3,PDECIFR,str
individual,2013,3,ADECIFR,str
individual,2013,3,IPCF,float64
individual,2013,3,DECCFR,str
individual,2013,3,IDECCFR,str
individual,2013,3,RDECCFR,str
individual,2013,3,GDECCFR,str
individual,2013,3,PDECCFR,str
individual,2013,3,ADECCFR,str
individual,2013,3,IDIMPP,str
hogar,2013,4,CODUSU,string
hogar,2013,4,NRO_HOGAR,Int16
hogar,2013,4,REALIZADA,int64
hogar,2013,4,ANO4,Int16
hogar,2013,4,TRIMESTRE,Int16
hogar,2013,4,REGION,int64
hogar,2013,4,MAS_500,str
hogar,2013,4,AGLOMERADO,Int16
hogar,2013,4,PONDERA,int64
hogar,2013,4,IV1,int64
hogar,2013,4,IV1_ESP,str
hogar,2013,4,IV2,int64
hogar,2013,4,IV3,int64
hogar,2013,4,IV3_ESP,str
hogar,2013,4,IV4,int64
hogar,2013,4,IV5,int64
hogar,2013,4,IV6,int64
hogar,2013,4,IV7,int64
hogar,2013,4,IV7_ESP,str
hogar,2013,4,IV8,int64
hogar,2013,4,IV9,int64
hogar,2013,4,IV10,int64
hogar,2013,4,IV11,int64
hogar,2013,4,IV12_1,int64
hogar,2013,4,IV12_2,int64
hogar,2013,4,IV12_3,int64
hogar,2013,4,II1,int64
hogar,2013,4,II2,int64
hogar,2013,4,II3,int64
hogar,2013,4,II3_1,int64
hogar,2013,4,II4_1,int64
hogar,2013,4,II4_2,int64
hogar,2013,4,II4_3,int64
hogar,2013,4,II5,int64
hogar,2013,4,II5_1,int64
hogar,2013,4,II6,int64
hogar,2013,4,II6_1,int64
hogar,2013,4,II7,int64
hogar,2013,4,II7_ESP,str
hogar,2013,4,II8,int64
hogar,2013,4,II8_ESP,str
hogar,2013,4,II9,int64
hogar,2013,4,V1,int64
hogar,2013,4,V2,int64
hogar,2013,4,V21,int64
hogar,2013,4,V22,int64
hogar,2013,4,V3,int64
hogar,2013,4,V4,int64
hogar,2013,4,V5,int64
hogar,2013,4,V6,int64
hogar,2013,4,V7,int64
hogar,2013,4,V8,int64
hogar,2013,4,V9,int64
hogar,2013,4,V10,int64
hogar,2013,4,V11,int64
hogar,2013,4,V12,int64
hogar,2013,4,V13,int64
hogar,2013,4,V14,int64
hogar,2013,4,V15,int64
hogar,2013,4,V16,int64
hogar,2013,4,V17,int64
hogar,2013,4,V18,int64
hogar,2013,4,V19_A,int64
hogar,2013,4,V19_B,int64
hogar,2013,4,IX_TOT,int64
hogar,2013,4,IX_MEN10,int64
hogar,2013,4,IX_MAYEQ10,int64
hogar,2013,4,ITF,int64
hogar,2013,4,DECIFR,str
hogar,2013,4,IDECIFR,str
hogar,2013,4,RDECIFR,str
hogar,2013,4,GDECIFR,str
hogar,2013,4,PDECIFR,str
hogar,2013,4,ADECIFR,str
hogar,2013,4,IPCF,float64
hogar,2013,4,DECCFR,str
hogar,2013,4,IDECCFR,str
hogar,2013,4,RDECCFR,str
hogar,2013,4,GDECCFR,str
hogar,2013,4,PDECCFR,str
hogar,2013,4,ADECCFR,str
hogar,2013,4,VII1_1,int64
hogar,2013,4,VII1_2,int64
hogar,2013,4,VII2_1,int64
hogar,2013,4,VII2_2,int64
hogar,2013,4,VII2_3,int64
hogar,2013,4,VII2_4,int64
hogar,2013,4,IDIMPH,str
individual,2013,4,CODUSU,string
individual,2013,4,NRO_HOGAR,Int16
individual,2013,4,COMPONENTE,Int16
individual,2013,4,H15,int64
individual,2013,4,ANO4,Int16
individual,2013,4,TRIMESTRE,Int16
individual,2013,4,REGION,int64
individual,2013,4,MAS_500,str
individual,2013,4,AGLOMERADO,Int16
individual,2013,4,PONDERA,int64
individual,2013,4,CH03,int64
individual,2013,4,CH04,int64
individual,2013,4,CH06,int64
individual,2013,4,CH07,int64
individual,2013,4,CH08,int64
individual,2013,4,CH09,int64
individual,2013,4,CH10,int64
individual,2013,4,CH11,int64
individual,2013,4,CH12,int64
individual,2013,4,CH13,int64
individual,2013,4,CH14,str
individual,2013,4,CH15,int64
individual,2013,4,CH15_COD,str
individual,2013,4,CH16,int64
individual,2013,4,CH16_COD,str
individual,2013,4,NIVEL_ED,int64
individual,2013,4,ESTADO,int64
individual,2013,4,CAT_OCUP,int64
individual,2013,4,CAT_INAC,int64
individual,2013,4,PP02C1,int64
individual,2013,4,PP02C2,int64
individual,2013,4,PP02C3,int64
individual,2013,4,PP02C4,int64
individual,2013,4,PP02C5,int64
individual,2013,4,PP02C6,int64
individual,2013,4,PP02C7,int64
individual,2013,4,PP02C8,int64
individual,2013,4,PP02E,int64
individual,2013,4,PP02H,int64
individual,2013,4,PP02I,int64
individual,2013,4,PP03C,int64
individual,2013,4,PP03D,float64
individual,2013,4,PP3E_TOT,int64
individual,2013,4,PP3F_TOT,int64
individual,2013,4,PP03G,int64
individual,2013,4,PP03H,int64
individual,2013,4,PP03I,int64
individual,2013,4,PP03J,int64
individual,2013,4,INTENSI,int64
individual,2013,4,PP04A,int64
individual,2013,4,PP04B_CAES,str
individual,2013,4,PP04B1,int64
individual,2013,4,PP04B2,int64
individual,2013,4,PP04B3_MES,int64
individual,2013,4,PP04B3_ANO,int64
individual,2013,4,PP04B3_DIA,int64
individual,2013,4,PP04C,int64
individual,2013,4,PP04C99,int64
individual,2013,4,PP04D_COD,str
individual,2013,4,PP04G,int64
individual,2013,4,PP05B2_MES,int64
individual,2013,4,PP05B2_ANO,int64
individual,2013,4,PP05B2_DIA,int64
individual,2013,4,PP05C_1,int64
individual,2013,4,PP05C_2,int64
individual,2013,4,PP05C_3,int64
individual,2013,4,PP05E,int64
individual,2013,4,PP05F,int64
individual,2013,4,PP05H,int64
individual,2013,4,PP06A,int64
individual,2013,4,PP06C,int64
individual,2013,4,PP06D,int64
individual,2013,4,PP06E,int64
individual,2013,4,PP06H,int64
individual,2013,4,PP07A,int64
individual,2013,4,PP07C,int64
individual,2013,4,PP07D,int64
individual,2013,4,PP07E,int64
individual,2013,4,PP07F1,int64
individual,2013,4,PP07F2,int64
individual,2013,4,PP07F3,int64
individual,2013,4,PP07F4,int64
individual,2013,4,PP07F5,int64
individual,2013,4,PP07G1,int64
individual,2013,4,PP07G2,int64
individual,2013,4,PP07G3,int64
individual,2013,4,PP07G4,int64
individual,2013,4,PP07G_59,int64
individual,2013,4,PP07H,int64
individual,2013,4,PP07I,int64
individual,2013,4,PP07J,int64
individual,2013,4,PP07K,int64
individual,2013,4,PP08D1,int64
individual,2013,4,PP08D4,int64
individual,2013,4,PP08F1,int64
individual,2013,4,PP08F2,int64
individual,2013,4,PP08J1,int64
individual,2013,4,PP08J2,int64
individual,2013,4,PP08J3,int64
individual,2013,4,PP09A,int64
individual,2013,4,PP09A_ESP,str
individual,2013,4,PP09B,int64
individual,2013,4,PP09C,int64
individual,2013,4,PP09C_ESP,str
individual,2013,4,PP10A,int64
individual,2013,4,PP10C,int64
individual,2013,4,PP10D,int64
individual,2013,4,PP10E,int64
individual,2013,4,PP11A,int64
individual,2013,4,PP11B_CAES,str
individual,2013,4,PP11B1,int64
individual,2013,4,PP11B2_MES,int64
individual,2013,4,PP11B2_ANO,int64
individual,2013,4,PP11B2_DIA,int64
individual,2013,4,PP11C,int64
individual,2013,4,PP11C99,int64
individual,2013,4,PP11D_COD,str
individual,2013,4,PP11G_ANO,int64
individual,2013,4,PP11G_MES,int64
individual,2013,4,PP11G_DIA,int64
individual,2013,4,PP11L,int64
individual,2013,4,PP11L1,int64
individual,2013,4,PP11M,int64
individual,2013,4,PP11N,int64
individual,2013,4,PP11O,int64
individual,2013,4,PP11P,int64
individual,2013,4,PP11Q,int64
individual,2013,4,PP11R,int64
individual,2013,4,PP11S,int64
individual,2013,4,PP11T,int64
individual,2013,4,P21,int64
individual,2013,4,DECOCUR,str
individual,2013,4,IDECOCUR,str
individual,2013,4,RDECOCUR,str
individual,2013,4,GDECOCUR,str
individual,2013,4,PDECOCUR,str
individual,2013,4,ADECOCUR,str
individual,2013,4,TOT_P12,int64
individual,2013,4,P47T,int64
individual,2013,4,DECINDR,str
individual,2013,4,IDECINDR,str
individual,2013,4,RDECINDR,str
individual,2013,4,GDECINDR,str
individual,2013,4,PDECINDR,str
individual,2013,4,ADECINDR,str
individual,2013,4,V2_M,int64
individual,2013,4,V3_M,int64
individual,2013,4,V4_M,int64
individual,2013,4,V5_M,int64
individual,2013,4,V8_M,int64
individual,2013,4,V9_M,int64
individual,2013,4,V10_M,int64
individual,2013,4,V11_M,int64
individual,2013,4,V12_M,int64
individual,2013,4,V18_M,int64
individual,2013,4,V19_AM,int64
individual,2013,4,V21_M,int64
individual,2013,4,T_VI,int64
individual,2013,4,ITF,int64
individual,2013,4,DECIFR,str
individual,2013,4,IDECIFR,str
individual,2013,4,RDECIFR,str
individual,2013,4,GDECIFR,str
individual,2013,4,PDECIFR,str
individual,2013,4,ADECIFR,str
individual,2013,4,IPCF,float64
individual,2013,4,DECCFR,str
individual,2013,4,IDECCFR,str
individual,2013,4,RDECCFR,str
individual,2013,4,GDECCFR,str
individual,2013,4,PDECCFR,str
individual,2013,4,ADECCFR,str
individual,2013,4,IDIMPP,str
hogar,2014,1,CODUSU,string
hogar,2014,1,NRO_HOGAR,Int16
hogar,2014,1,REALIZADA,int64
hogar,2014,1,ANO4,Int16
hogar,2014,1,TRIMESTRE,Int16
hogar,2014,1,REGION,int64
hogar,2014,1,MAS_500,str
hogar,2014,1,AGLOMERADO,Int16
hogar,2014,1,PONDERA,int64
hogar,2014,1,IV1,int64
hogar,2014,1,IV1_ESP,str
hogar,2014,1,IV2,int64
hogar,2014,1,IV3,int64
hogar,2014,1,IV3_ESP,str
hogar,2014,1,IV4,int64
hogar,2014,1,IV5,int64
hogar,2014,1,IV6,int64
hogar,2014,1,IV7,int64
hogar,2014,1,IV7_ESP,str
hogar,2014,1,IV8,int64
hogar,2014,1,IV9,int64
hogar,2014,1,IV10,int64
hogar,2014,1,IV11,int64
hogar,2014,1,IV12_1,int64
hogar,2014,1,IV12_2,int64
hogar,2014,1,IV12_3,int64
hogar,2014,1,II1,int64
hogar,2014,1,II2,int64
hogar,2014,1,II3,int64
hogar,2014,1,II3_1,int64
hogar,2014,1,II4_1,int64
hogar,2014,1,II4_2,int64
hogar,2014,1,II4_3,int64
hogar,2014,1,II5,int64
hogar,2014,1,II5_1,int64
hogar,2014,1,II6,int64
hogar,2014,1,II6_1,int64
hogar,2014,1,II7,int64
hogar,2014,1,II7_ESP,str
hogar,2014,1,II8,int64
hogar,2014,1,II8_ESP,str
hogar,2014,1,II9,int64
hogar,2014,1,V1,int64
hogar,2014,1,V2,int64
hogar,2014,1,V21,int64
hogar,2014,1,V22,int64
hogar,2014,1,V3,int64
hogar,2014,1,V4,int64
hogar,2014,1,V5,int64
hogar,2014,1,V6,int64
hogar,2014,1,V7,int64
hogar,2014,1,V8,int64
hogar,2014,1,V9,int64
hogar,2014,1,V10,int64
hogar,2014,1,V11,int64
hogar,2014,1,V12,int64
hogar,2014,1,V13,int64
hogar,2014,1,V14,int64
hogar,2014,1,V15,int64
hogar,2014,1,V16,int64
hogar,2014,1,V17,int64
hogar,2014,1,V18,int64
hogar,2014,1,V19_A,int64
hogar,2014,1,V19_B,int64
hogar,2014,1,IX_TOT,int64
hogar,2014,1,IX_MEN10,int64
hogar,2014,1,IX_MAYEQ10,int64
hogar,2014,1,ITF,int64
hogar,2014,1,DECIFR,str
hogar,2014,1,IDECIFR,str
hogar,2014,1,RDECIFR,str
hogar,2014,1,GDECIFR,str
hogar,2014,1,PDECIFR,str
hogar,2014,1,ADECIFR,str
hogar,2014,1,IPCF,float64
hogar,2014,1,DECCFR,str
hogar,2014,1,IDECCFR,str
hogar,2014,1,RDECCFR,str
hogar,2014,1,GDECCFR,str
hogar,2014,1,PDECCFR,str
hogar,2014,1,ADECCFR,str
hogar,2014,1,VII1_1,int64
hogar,2014,1,VII1_2,int64
hogar,2014,1,VII2_1,int64
hogar,2014,1,VII2_2,int64
hogar,2014,1,VII2_3,int64
hogar,2014,1,VII2_4,int64
hogar,2014,1,IDIMPH,str
individual,2014,1,CODUSU,string
individual,2014,1,NRO_HOGAR,Int16
individual,2014,1,COMPONENTE,Int16
individual,2014,1,H15,int64
individual,2014,1,ANO4,Int16
individual,2014,1,TRIMESTRE,Int16
individual,2014,1,REGION,int64
individual,2014,1,MAS_500,str
individual,2014,1,AGLOMERADO,Int16
individual,2014,1,PONDERA,int64
individual,2014,1,CH03,int64
individual,2014,1,CH04,int64
individual,2014,1,CH06,int64
individual,2014,1,CH07,int64
individual,2014,1,CH08,int64
individual,2014,1,CH09,int64
individual,2014,1,CH10,int64
individual,2014,1,CH11,int64
individual,2014,1,CH12,int64
individual,2014,1,CH13,int64
individual,2014,1,CH14,str
individual,2014,1,CH15,int64
individual,2014,1,CH15_COD,str
individual,2014,1,CH16,int64
individual,2014,1,CH16_COD,str
individual,2014,1,NIVEL_ED,int64
individual,2014,1,ESTADO,int64
individual,2014,1,CAT_OCUP,int64
individual,2014,1,CAT_INAC,int64
individual,2014,1,PP02C1,int64
individual,2014,1,PP02C2,int64
individual,2014,1,PP02C3,int64
individual,2014,1,PP02C4,int64
individual,2014,1,PP02C5,int64
individual,2014,1,PP02C6,int64
individual,2014,1,PP02C7,int64
individual,2014,1,PP02C8,int64
individual,2014,1,PP02E,int64
individual,2014,1,PP02H,int64
individual,2014,1,PP02I,int64
individual,2014,1,PP03C,int64
individual,2014,1,PP03D,int64
individual,2014,1,PP3E_TOT,int64
individual,2014,1,PP3F_TOT,int64
individual,2014,1,PP03G,int64
individual,2014,1,PP03H,int64
individual,2014,1,PP03I,int64
individual,2014,1,PP03J,int64
individual,2014,1,INTENSI,int64
individual,2014,1,PP04A,int64
individual,2014,1,PP04B_CAES,str
individual,2014,1,PP04B1,int64
individual,2014,1,PP04B2,int64
individual,2014,1,PP04B3_MES,int64
individual,2014,1,PP04B3_ANO,int64
individual,2014,1,PP04B3_DIA,int64
individual,2014,1,PP04C,int64
individual,2014,1,PP04C99,int64
individual,2014,1,PP04D_COD,str
individual,2014,1,PP04G,int64
individual,2014,1,PP05B2_MES,int64
individual,2014,1,PP05B2_ANO,int64
individual,2014,1,PP05B2_DIA,int64
individual,2014,1,PP05C_1,int64
individual,2014,1,PP05C_2,int64
individual,2014,1,PP05C_3,int64
individual,2014,1,PP05E,int64
individual,2014,1,PP05F,int64
individual,2014,1,PP05H,int64
individual,2014,1,PP06A,int64
individual,2014,1,PP06C,int64
individual,2014,1,PP06D,int64
individual,2014,1,PP06E,int64
individual,2014,1,PP06H,int64
individual,2014,1,PP07A,int64
individual,2014,1,PP07C,int64
individual,2014,1,PP07D,int64
individual,2014,1,PP07E,int64
individual,2014,1,PP07F1,int64
individual,2014,1,PP07F2,int64
individual,2014,1,PP07F3,int64
individual,2014,1,PP07F4,int64
individual,2014,1,PP07F5,int64
individual,2014,1,PP07G1,int64
individual,2014,1,PP07G2,int64
individual,2014,1,PP07G3,int64
individual,2014,1,PP07G4,int64
individual,2014,1,PP07G_59,int64
individual,2014,1,PP07H,int64
individual,2014,1,PP07I,int64
individual,2014,1,PP07J,int64
individual,2014,1,PP07K,int64
individual,2014,1,PP08D1,int64
individual,2014,1,PP08D4,int64
individual,2014,1,PP08F1,int64
individual,2014,1,PP08F2,int64
individual,2014,1,PP08J1,int64
individual,2014,1,PP08J2,int64
individual,2014,1,PP08J3,int64
individual,2014,1,PP09A,int64
individual,2014,1,PP09A_ESP,str
individual,2014,1,PP09B,int64
individual,2014,1,PP09C,int64
individual,2014,1,PP09C_ESP,str
individual,2014,1,PP10A,int64
individual,2014,1,PP10C,int64
individual,2014,1,PP10D,int64
individual,2014,1,PP10E,int64
individual,2014,1,PP11A,int64
individual,2014,1,PP11B_CAES,str
individual,2014,1,PP11B1,int64
individual,2014,1,PP11B2_MES,int64
individual,2014,1,PP11B2_ANO,int64
individual,2014,1,PP11B2_DIA,int64
individual,2014,1,PP11C,int64
individual,2014,1,PP11C99,int64
individual,2014,1,PP11D_COD,str
individual,2014,1,PP11G_ANO,int64
individual,2014,1,PP11G_MES,int64
individual,2014,1,PP11G_DIA,int64
individual,2014,1,PP11L,int64
individual,2014,1,PP11L1,int64
individual,2014,1,PP11M,int64
individual,2014,1,PP11N,int64
individual,2014,1,PP11O,int64
individual,2014,1,PP11P,int64
individual,2014,1,PP11Q,int64
individual,2014,1,PP11R,int64
individual,2014,1,PP11S,int64
individual,2014,1,PP11T,int64
individual,2014,1,P21,int64
individual,2014,1,DECOCUR,str
individual,2014,1,IDECOCUR,str
individual,2014,1,RDECOCUR,str
individual,2014,1,GDECOCUR,str
individual,2014,1,PDECOCUR,str
individual,2014,1,ADECOCUR,str
individual,2014,1,TOT_P12,int64
individual,2014,1,P47T,int64
individual,2014,1,DECINDR,str
individual,2014,1,IDECINDR,str
individual,2014,1,RDECINDR,str
individual,2014,1,GDECINDR,str
individual,2014,1,PDECINDR,str
individual,2014,1,ADECINDR,str
individual,2014,1,V2_M,int64
individual,2014,1,V3_M,int64
individual,2014,1,V4_M,int64
individual,2014,1,V5_M,int64
individual,2014,1,V8_M,int64
individual,2014,1,V9_M,int64
individual,2014,1,V10_M,int64
individual,2014,1,V11_M,int64
individual,2014,1,V12_M,int64
individual,2014,1,V18_M,int64
individual,2014,1,V19_AM,int64
individual,2014,1,V21_M,int64
individual,2014,1,T_VI,int64
individual,2014,1,ITF,int64
individual,2014,1,DECIFR,str
individual,2014,1,IDECIFR,str
individual,2014,1,RDECIFR,str
individual,2014,1,GDECIFR,str
individual,2014,1,PDECIFR,str
individual,2014,1,ADECIFR,str
individual,2014,1,IPCF,float64
individual,2014,1,DECCFR,str
individual,2014,1,IDECCFR,str
individual,2014,1,RDECCFR,str
individual,2014,1,GDECCFR,str
individual,2014,1,PDECCFR,str
individual,2014,1,ADECCFR,str
individual,2014,1,IDIMPP,str
hogar,2014,2,CODUSU,string
hogar,2014,2,NRO_HOGAR,Int16
hogar,2014,2,REALIZADA,int64
hogar,2014,2,ANO4,Int16
hogar,2014,2,TRIMESTRE,Int16
hogar,2014,2,REGION,int64
hogar,2014,2,MAS_500,str
hogar,2014,2,AGLOMERADO,Int16
hogar,2014,2,PONDERA,int64
hogar,2014,2,IV1,int64
hogar,2014,2,IV1_ESP,str
hogar,2014,2,IV2,int64
hogar,2014,2,IV3,int64
hogar,2014,2,IV3_ESP,str
hogar,2014,2,IV4,int64
hogar,2014,2,IV5,int64
hogar,2014,2,IV6,int64
hogar,2014,2,IV7,int64
hogar,2014,2,IV7_ESP,str
hogar,2014,2,IV8,int64
hogar,2014,2,IV9,int64
hogar,2014,2,IV10,int64
hogar,2014,2,IV11,int64
hogar,2014,2,IV12_1,int64
hogar,2014,2,IV12_2,int64
hogar,2014,2,IV12_3,int64
hogar,2014,2,II1,int64
hogar,2014,2,II2,int64
hogar,2014,2,II3,int64
hogar,2014,2,II3_1,int64
hogar,2014,2,II4_1,int64
hogar,2014,2,II4_2,int64
hogar,2014,2,II4_3,int64
hogar,2014,2,II5,int64
hogar,2014,2,II5_1,int64
hogar,2014,2,II6,int64
hogar,2014,2,II6_1,int64
hogar,2014,2,II7,int64
hogar,2014,2,II7_ESP,str
hogar,2014,2,II8,int64
hogar,2014,2,II8_ESP,str
hogar,2014,2,II9,int64
hogar,2014,2,V1,int64
hogar,2014,2,V2,int64
hogar,2014,2,V21,int64
hogar,2014,2,V22,int64
hogar,2014,2,V3,int64
hogar,2014,2,V4,int64
hogar,2014,2,V5,int64
hogar,2014,2,V6,int64
hogar,2014,2,V7,int64
hogar,2014,2,V8,int64
hogar,2014,2,V9,int64
hogar,2014,2,V10,int64
hogar,2014,2,V11,int64
hogar,2014,2,V12,int64
hogar,2014,2,V13,int64
hogar,2014,2,V14,int64
hogar,2014,2,V15,int64
hogar,2014,2,V16,int64
hogar,2014,2,V17,int64
hogar,2014,2,V18,int64
hogar,2014,2,V19_A,int64
hogar,2014,2,V19_B,int64
hogar,2014,2,IX_TOT,int64
hogar,2014,2,IX_MEN10,int64
hogar,2014,2,IX_MAYEQ10,int64
hogar,2014,2,ITF,int64
hogar,2014,2,DECIFR,str
hogar,2014,2,IDECIFR,str
hogar,2014,2,RDECIFR,str
hogar,2014,2,GDECIFR,str
hogar,2014,2,PDECIFR,str
hogar,2014,2,ADECIFR,str
hogar,2014,2,IPCF,float64
hogar,2014,2,DECCFR,str
hogar,2014,2,IDECCFR,str
hogar,2014,2,RDECCFR,str
hogar,2014,2,GDECCFR,str
hogar,2014,2,PDECCFR,str
hogar,2014,2,ADECCFR,str
hogar,2014,2,VII1_1,int64
hogar,2014,2,VII1_2,int64
hogar,2014,2,VII2_1,int64
hogar,2014,2,VII2_2,int64
hogar,2014,2,VII2_3,int64
hogar,2014,2,VII2_4,int64
hogar,2014,2,IDIMPH,str
individual,2014,2,CODUSU,string
individual,2014,2,NRO_HOGAR,Int16
individual,2014,2,COMPONENTE,Int16
individual,2014,2,H15,int64
individual,2014,2,ANO4,Int16
individual,2014,2,TRIMESTRE,Int16
individual,2014,2,REGION,int64
individual,2014,2,MAS_500,str
individual,2014,2,AGLOMERADO,Int16
individual,2014,2,PONDERA,int64
individual,2014,2,CH03,int64
individual,2014,2,CH04,int64
individual,2014,2,CH06,int64
individual,2014,2,CH07,int64
individual,2014,2,CH08,int64
individual,2014,2,CH09,int64
individual,2014,2,CH10,int64
individual,2014,2,CH11,int64
individual,2014,2,CH12,int64
individual,2014,2,CH13,int64
individual,2014,2,CH14,str
individual,2014,2,CH15,int64
individual,2014,2,CH15_COD,str
individual,2014,2,CH16,int64
individual,2014,2,CH16_COD,str
individual,2014,2,NIVEL_ED,int64
individual,2014,2,ESTADO,int64
individual,2014,2,CAT_OCUP,int64
individual,2014,2,CAT_INAC,int64
individual,2014,2,PP02C1,int64
individual,2014,2,PP02C2,int64
individual,2014,2,PP02C3,int64
individual,2014,2,PP02C4,int64
individual,2014,2,PP02C5,int64
individual,2014,2,PP02C6,int64
individual,2014,2,PP02C7,int64
individual,2014,2,PP02C8,int64
individual,2014,2,PP02E,int64
individual,2014,2,PP02H,int64
individual,2014,2,PP02I,int64
individual,2014,2,PP03C,int64
individual,2014,2,PP03D,int64
individual,2014,2,PP3E_TOT,int64
individual,2014,2,PP3F_TOT,int64
individual,2014,2,PP03G,int64
individual,2014,2,PP03H,int64
individual,2014,2,PP03I,int64
individual,2014,2,PP03J,int64
individual,2014,2,INTENSI,int64
individual,2014,2,PP04A,int64
individual,2014,2,PP04B_CAES,str
individual,2014,2,PP04B1,int64
individual,2014,2,PP04B2,float64
individual,2014,2,PP04B3_MES,int64
individual,2014,2,PP04B3_ANO,int64
individual,2014,2,PP04B3_DIA,int64
individual,2014,2,PP04C,int64
individual,2014,2,PP04C99,int64
individual,2014,2,PP04D_COD,str
individual,2014,2,PP04G,int64
individual,2014,2,PP05B2_MES,int64
individual,2014,2,PP05B2_ANO,int64
individual,2014,2,PP05B2_DIA,int64
individual,2014,2,PP05C_1,int64
individual,2014,2,PP05C_2,int64
individual,2014,2,PP05C_3,int64
individual,2014,2,PP05E,int64
individual,2014,2,PP05F,int64
individual,2014,2,PP05H,int64
individual,2014,2,PP06A,int64
individual,2014,2,PP06C,int64
individual,2014,2,PP06D,int64
individual,2014,2,PP06E,int64
individual,2014,2,PP06H,int64
individual,2014,2,PP07A,int64
individual,2014,2,PP07C,int64
individual,2014,2,PP07D,int64
individual,2014,2,PP07E,int64
individual,2014,2,PP07F1,int64
individual,2014,2,PP07F2,int64
individual,2014,2,PP07F3,int64
individual,2014,2,PP07F4,int64
individual,2014,2,PP07F5,int64
individual,2014,2,PP07G1,int64
individual,2014,2,PP07G2,int64
individual,2014,2,PP07G3,int64
individual,2014,2,PP07G4,int64
individual,2014,2,PP07G_59,int64
individual,2014,2,PP07H,int64
individual,2014,2,PP07I,int64
individual,2014,2,PP07J,int64
individual,2014,2,PP07K,int64
individual,2014,2,PP08D1,int64
individual,2014,2,PP08D4,int64
individual,2014,2,PP08F1,int64
individual,2014,2,PP08F2,int64
individual,2014,2,PP08J1,int64
individual,2014,2,PP08J2,int64
individual,2014,2,PP08J3,int64
individual,2014,2,PP09A,int64
individual,2014,2,PP09A_ESP,str
individual,2014,2,PP09B,int64
individual,2014,2,PP09C,int64
individual,2014,2,PP09C_ESP,str
individual,2014,2,PP10A,int64
individual,2014,2,PP10C,int64
individual,2014,2,PP10D,int64
individual,2014,2,PP10E,int64
individual,2014,2,PP11A,int64
individual,2014,2,PP11B_CAES,str
individual,2014,2,PP11B1,int64
individual,2014,2,PP11B2_MES,int64
individual,2014,2,PP11B2_ANO,int64
individual,2014,2,PP11B2_DIA,int64
individual,2014,2,PP11C,int64
individual,2014,2,PP11C99,int64
individual,2014,2,PP11D_COD,str
individual,2014,2,PP11G_ANO,int64
individual,2014,2,PP11G_MES,int64
individual,2014,2,PP11G_DIA,int64
individual,2014,2,PP11L,int64
individual,2014,2,PP11L1,int64
individual,2014,2,PP11M,int64
individual,2014,2,PP11N,int64
individual,2014,2,PP11O,int64
individual,2014,2,PP11P,int64
individual,2014,2,PP11Q,int64
individual,2014,2,PP11R,int64
individual,2014,2,PP11S,int64
individual,2014,2,PP11T,int64
individual,2014,2,P21,int64
individual,2014,2,DECOCUR,str
individual,2014,2,IDECOCUR,str
individual,2014,2,RDECOCUR,str
individual,2014,2,GDECOCUR,str
individual,2014,2,PDECOCUR,str
individual,2014,2,ADECOCUR,str
individual,2014,2,TOT_P12,int64
individual,2014,2,P47T,int64
individual,2014,2,DECINDR,str
individual,2014,2,IDECINDR,str
individual,2014,2,RDECINDR,str
individual,2014,2,GDECINDR,str
individual,2014,2,PDECINDR,str
individual,2014,2,ADECINDR,str
individual,2014,2,V2_M,int64
individual,2014,2,V3_M,int64
individual,2014,2,V4_M,int64
individual,2014,2,V5_M,int64
individual,2014,2,V8_M,int64
individual,2014,2,V9_M,int64
individual,2014,2,V10_M,int64
individual,2014,2,V11_M,int64
individual,2014,2,V12_M,int64
individual,2014,2,V18_M,int64
individual,2014,2,V19_AM,int64
individual,2014,2,V21_M,int64
individual,2014,2,T_VI,int64
individual,2014,2,ITF,int64
individual,2014,2,DECIFR,str
individual,2014,2,IDECIFR,str
individual,2014,2,RDECIFR,str
individual,2014,2,GDECIFR,str
individual,2014,2,PDECIFR,str
individual,2014,2,ADECIFR,str
individual,2014,2,IPCF,float64
individual,2014,2,DECCFR,str
individual,2014,2,IDECCFR,str
individual,2014,2,RDECCFR,str
individual,2014,2,GDECCFR,str
individual,2014,2,PDECCFR,str
individual,2014,2,ADECCFR,str
individual,2014,2,IDIMPP,str
hogar,2014,3,CODUSU,string
hogar,2014,3,NRO_HOGAR,Int16
hogar,2014,3,REALIZADA,int64
hogar,2014,3,ANO4,Int16
hogar,2014,3,TRIMESTRE,Int16
hogar,2014,3,REGION,int64
hogar,2014,3,MAS_500,str
hogar,2014,3,AGLOMERADO,Int16
hogar,2014,3,PONDERA,int64
hogar,2014,3,IV1,int64
hogar,2014,3,IV1_ESP,str
hogar,2014,3,IV2,int64
hogar,2014,3,IV3,int64
hogar,2014,3,IV3_ESP,str
hogar,2014,3,IV4,int64
hogar,2014,3,IV5,int64
hogar,2014,3,IV6,int64
hogar,2014,3,IV7,int64
hogar,2014,3,IV7_ESP,str
hogar,2014,3,IV8,int64
hogar,2014,3,IV9,int64
hogar,2014,3,IV10,int64
hogar,2014,3,IV11,int64
hogar,2014,3,IV12_1,int64
hogar,2014,3,IV12_2,int64
hogar,2014,3,IV12_3,int64
hogar,2014,3,II1,int64
hogar,2014,3,II2,int64
hogar,2014,3,II3,int64
hogar,2014,3,II3_1,int64
hogar,2014,3,II4_1,int64
hogar,2014,3,II4_2,int64
hogar,2014,3,II4_3,int64
hogar,2014,3,II5,int64
hogar,2014,3,II5_1,int64
hogar,2014,3,II6,int64
hogar,2014,3,II6_1,int64
hogar,2014,3,II7,int64
hogar,2014,3,II7_ESP,str
hogar,2014,3,II8,int64
hogar,2014,3,II8_ESP,str
hogar,2014,3,II9,int64
hogar,2014,3,V1,int64
hogar,2014,3,V2,int64
hogar,2014,3,V21,int64
hogar,2014,3,V22,int64
hogar,2014,3,V3,int64
hogar,2014,3,V4,int64
hogar,2014,3,V5,int64
hogar,2014,3,V6,int64
hogar,2014,3,V7,int64
hogar,2014,3,V8,int64
hogar,2014,3,V9,int64
hogar,2014,3,V10,int64
hogar,2014,3,V11,int64
hogar,2014,3,V12,int64
hogar,2014,3,V13,int64
hogar,2014,3,V14,int64
hogar,2014,3,V15,int64
hogar,2014,3,V16,int64
hogar,2014,3,V17,int64
hogar,2014,3,V18,int64
hogar,2014,3,V19_A,int64
hogar,2014,3,V19_B,int64
hogar,2014,3,IX_TOT,int64
hogar,2014,3,IX_MEN10,int64
hogar,2014,3,IX_MAYEQ10,int64
hogar,2014,3,ITF,int64
hogar,2014,3,DECIFR,str
hogar,2014,3,IDECIFR,str
hogar,2014,3,RDECIFR,str
hogar,2014,3,GDECIFR,str
hogar,2014,3,PDECIFR,str
hogar,2014,3,ADECIFR,str
hogar,2014,3,IPCF,float64
hogar,2014,3,DECCFR,str
hogar,2014,3,IDECCFR,str
hogar,2014,3,RDECCFR,str
hogar,2014,3,GDECCFR,str
hogar,2014,3,PDECCFR,str
hogar,2014,3,ADECCFR,str
hogar,2014,3,VII1_1,int64
hogar,2014,3,VII1_2,int64
hogar,2014,3,VII2_1,int64
hogar,2014,3,VII2_2,int64
hogar,2014,3,VII2_3,int64
hogar,2014,3,VII2_4,int64
hogar,2014,3,IDIMPH,str
individual,2014,3,CODUSU,string
individual,2014,3,NRO_HOGAR,Int16
individual,2014,3,COMPONENTE,Int16
individual,2014,3,H15,int64
individual,2014,3,ANO4,Int16
individual,2014,3,TRIMESTRE,Int16
individual,2014,3,REGION,int64
individual,2014,3,MAS_500,str
individual,2014,3,AGLOMERADO,Int16
individual,2014,3,PONDERA,int64
individual,2014,3,CH03,int64
individual,2014,3,CH04,int64
individual,2014,3,CH06,int64
individual,2014,3,CH07,int64
individual,2014,3,CH08,int64
individual,2014,3,CH09,int64
individual,2014,3,CH10,int64
individual,2014,3,CH11,int64
individual,2014,3,CH12,int64
individual,2014,3,CH13,int64
individual,2014,3,CH14,str
individual,2014,3,CH15,int64
individual,2014,3,CH15_COD,str
individual,2014,3,CH16,int64
individual,2014,3,CH16_COD,str
individual,2014,3,NIVEL_ED,int64
individual,2014,3,ESTADO,int64
individual,2014,3,CAT_OCUP,int64
individual,2014,3,CAT_INAC,int64
individual,2014,3,PP02C1,int64
individual,2014,3,PP02C2,int64
individual,2014,3,PP02C3,int64
individual,2014,3,PP02C4,int64
individual,2014,3,PP02C5,int64
individual,2014,3,PP02C6,int64
individual,2014,3,PP02C7,int64
individual,2014,3,PP02C8,int64
individual,2014,3,PP02E,int64
individual,2014,3,PP02H,int64
individual,2014,3,PP02I,int64
individual,2014,3,PP03C,int64
individual,2014,3,PP03D,int64
individual,2014,3,PP3E_TOT,int64
individual,2014,3,PP3F_TOT,int64
individual,2014,3,PP03G,int64
individual,2014,3,PP03H,int64
individual,2014,3,PP03I,int64
individual,2014,3,PP03J,int64
individual,2014,3,INTENSI,int64
individual,2014,3,PP04A,int64
individual,2014,3,PP04B_CAES,str
individual,2014,3,PP04B1,int64
individual,2014,3,PP04B2,int64
individual,2014,3,PP04B3_MES,int64
individual,2014,3,PP04B3_ANO,int64
individual,2014,3,PP04B3_DIA,int64
individual,2014,3,PP04C,int64
individual,2014,3,PP04C99,int64
individual,2014,3,PP04D_COD,str
individual,2014,3,PP04G,int64
individual,2014,3,PP05B2_MES,int64
individual,2014,3,PP05B2_ANO,int64
individual,2014,3,PP05B2_DIA,int64
individual,2014,3,PP05C_1,int64
individual,2014,3,PP05C_2,int64
individual,2014,3,PP05C_3,int64
individual,2014,3,PP05E,int64
individual,2014,3,PP05F,int64
individual,2014,3,PP05H,int64
individual,2014,3,PP06A,int64
individual,2014,3,PP06C,int64
individual,2014,3,PP06D,int64
individual,2014,3,PP06E,int64
individual,2014,3,PP06H,int64
individual,2014,3,PP07A,int64
individual,2014,3,PP07C,int64
individual,2014,3,PP07D,int64
individual,2014,3,PP07E,int64
individual,2014,3,PP07F1,int64
individual,2014,3,PP07F2,int64
individual,2014,3,PP07F3,int64
individual,2014,3,PP07F4,int64
individual,2014,3,PP07F5,int64
individual,2014,3,PP07G1,int64
individual,2014,3,PP07G2,int64
individual,2014,3,PP07G3,int64
individual,2014,3,PP07G4,int64
individual,2014,3,PP07G_59,int64
individual,2014,3,PP07H,int64
individual,2014,3,PP07I,int64
individual,2014,3,PP07J,int64
individual,2014,3,PP07K,int64
individual,2014,3,PP08D1,int64
individual,2014,3,PP08D4,int64
individual,2014,3,PP08F1,int64
individual,2014,3,PP08F2,int64
individual,2014,3,PP08J1,int64
individual,2014,3,PP08J2,int64
individual,2014,3,PP08J3,int64
individual,2014,3,PP09A,int64
individual,2014,3,PP09A_ESP,str
individual,2014,3,PP09B,int64
individual,2014,3,PP09C,int64
individual,2014,3,PP09C_ESP,str
individual,2014,3,PP10A,int64
individual,2014,3,PP10C,int64
individual,2014,3,PP10D,int64
individual,2014,3,PP10E,int64
individual,2014,3,PP11A,int64
individual,2014,3,PP11B_CAES,str
individual,2014,3,PP11B1,int64
individual,2014,3,PP11B2_MES,int64
individual,2014,3,PP11B2_ANO,int64
individual,2014,3,PP11B2_DIA,int64
individual,2014,3,PP11C,int64
individual,2014,3,PP11C99,int64
individual,2014,3,PP11D_COD,str
individual,2014,3,PP11G_ANO,int64
individual,2014,3,PP11G_MES,int64
individual,2014,3,PP11G_DIA,int64
individual,2014,3,PP11L,int64
individual,2014,3,PP11L1,int64
individual,2014,3,PP11M,int64
individual,2014,3,PP11N,int64
individual,2014,3,PP11O,int64
individual,2014,3,PP11P,int64
individual,2014,3,PP11Q,int64
individual,2014,3,PP11R,int64
individual,2014,3,PP11S,int64
individual,2014,3,PP11T,int64
individual,2014,3,P21,int64
individual,2014,3,DECOCUR,str
individual,2014,3,IDECOCUR,str
individual,2014,3,RDECOCUR,str
individual,2014,3,GDECOCUR,str
individual,2014,3,PDECOCUR,str
individual,2014,3,ADECOCUR,str
individual,2014,3,TOT_P12,int64
individual,2014,3,P47T,int64
individual,2014,3,DECINDR,str
individual,2014,3,IDECINDR,str
individual,2014,3,RDECINDR,str
individual,2014,3,GDECINDR,str
individual,2014,3,PDECINDR,str
individual,2014,3,ADECINDR,str
individual,2014,3,V2_M,int64
individual,2014,3,V3_M,int64
individual,2014,3,V4_M,int64
individual,2014,3,V5_M,int64
individual,2014,3,V8_M,int64
individual,2014,3,V9_M,int64
individual,2014,3,V10_M,int64
individual,2014,3,V11_M,int64
individual,2014,3,V12_M,int64
individual,2014,3,V18_M,int64
individual,2014,3,V19_AM,int64
individual,2014,3,V21_M,int64
individual,2014,3,T_VI,int64
individual,2014,3,ITF,int64
individual,2014,3,DECIFR,str
individual,2014,3,IDECIFR,str
individual,2014,3,RDECIFR,str
individual,2014,3,GDECIFR,str
individual,2014,3,PDECIFR,str
individual,2014,3,ADECIFR,str
individual,2014,3,IPCF,float64
individual,2014,3,DECCFR,str
individual,2014,3,IDECCFR,str
individual,2014,3,RDECCFR,str
individual,2014,3,GDECCFR,str
individual,2014,3,PDECCFR,str
individual,2014,3,ADECCFR,str
individual,2014,3,IDIMPP,str
hogar,2014,4,CODUSU,string
hogar,2014,4,NRO_HOGAR,Int16
hogar,2014,4,REALIZADA,int64
hogar,2014,4,ANO4,Int16
hogar,2014,4,TRIMESTRE,Int16
hogar,2014,4,REGION,int64
hogar,2014,4,MAS_500,str
hogar,2014,4,AGLOMERADO,Int16
hogar,2014,4,PONDERA,int64
hogar,2014,4,IV1,int64
hogar,2014,4,IV1_ESP,str
hogar,2014,4,IV2,int64
hogar,2014,4,IV3,int64
hogar,2014,4,IV3_ESP,str
hogar,2014,4,IV4,int64
hogar,2014,4,IV5,int64
hogar,2014,4,IV6,int64
hogar,2014,4,IV7,int64
hogar,2014,4,IV7_ESP,str
hogar,2014,4,IV8,int64
hogar,2014,4,IV9,int64
hogar,2014,4,IV10,int64
hogar,2014,4,IV11,int64
hogar,2014,4,IV12_1,int64
hogar,2014,4,IV12_2,int64
hogar,2014,4,IV12_3,int64
hogar,2014,4,II1,int64
hogar,2014,4,II2,int64
hogar,2014,4,II3,int64
hogar,2014,4,II3_1,int64
hogar,2014,4,II4_1,int64
hogar,2014,4,II4_2,int64
hogar,2014,4,II4_3,int64
hogar,2014,4,II5,int64
hogar,2014,4,II5_1,int64
hogar,2014,4,II6,int64
hogar,2014,4,II6_1,int64
hogar,2014,4,II7,int64
hogar,2014,4,II7_ESP,str
hogar,2014,4,II8,int64
hogar,2014,4,II8_ESP,str
hogar,2014,4,II9,int64
hogar,2014,4,V1,int64
hogar,2014,4,V2,int64
hogar,2014,4,V21,int64
hogar,2014,4,V22,int64
hogar,2014,4,V3,int64
hogar,2014,4,V4,int64
hogar,2014,4,V5,int64
hogar,2014,4,V6,int64
hogar,2014,4,V7,int64
hogar,2014,4,V8,int64
hogar,2014,4,V9,int64
hogar,2014,4,V10,int64
hogar,2014,4,V11,int64
hogar,2014,4,V12,int64
hogar,2014,4,V13,int64
hogar,2014,4,V14,int64
hogar,2014,4,V15,int64
hogar,2014,4,V16,int64
hogar,2014,4,V17,int64
hogar,2014,4,V18,int64
hogar,2014,4,V19_A,int64
hogar,2014,4,V19_B,int64
hogar,2014,4,IX_TOT,int64
hogar,2014,4,IX_MEN10,int64
hogar,2014,4,IX_MAYEQ10,int64
hogar,2014,4,ITF,int64
hogar,2014,4,DECIFR,str
hogar,2014,4,IDECIFR,str
hogar,2014,4,RDECIFR,str
hogar,2014,4,GDECIFR,str
hogar,2014,4,PDECIFR,str
hogar,2014,4,ADECIFR,str
hogar,2014,4,IPCF,float64
hogar,2014,4,DECCFR,str
hogar,2014,4,IDECCFR,str
hogar,2014,4,RDECCFR,str
hogar,2014,4,GDECCFR,str
hogar,2014,4,PDECCFR,str
hogar,2014,4,ADECCFR,str
hogar,2014,4,VII1_1,int64
hogar,2014,4,VII1_2,int64
hogar,2014,4,VII2_1,int64
hogar,2014,4,VII2_2,int64
hogar,2014,4,VII2_3,int64
hogar,2014,4,VII2_4,int64
hogar,2014,4,IDIMPH,str
individual,2014,4,CODUSU,string
individual,2014,4,NRO_HOGAR,Int16
individual,2014,4,COMPONENTE,Int16
individual,2014,4,H15,int64
individual,2014,4,ANO4,Int16
individual,2014,4,TRIMESTRE,Int16
individual,2014,4,REGION,int64
individual,2014,4,MAS_500,str
individual,2014,4,AGLOMERADO,Int16
individual,2014,4,PONDERA,int64
individual,2014,4,CH03,int64
individual,2014,4,CH04,int64
individual,2014,4,CH06,int64
individual,2014,4,CH07,int64
individual,2014,4,CH08,int64
individual,2014,4,CH09,int64
individual,2014,4,CH10,int64
individual,2014,4,CH11,int64
individual,2014,4,CH12,int64
individual,2014,4,CH13,int64
individual,2014,4,CH14,str
individual,2014,4,CH15,int64
individual,2014,4,CH15_COD,str
individual,2014,4,CH16,int64
individual,2014,4,CH16_COD,str
individual,2014,4,NIVEL_ED,int64
individual,2014,4,ESTADO,int64
individual,2014,4,CAT_OCUP,int64
individual,2014,4,CAT_INAC,int64
individual,2014,4,PP02C1,int64
individual,2014,4,PP02C2,int64
individual,2014,4,PP02C3,int64
individual,2014,4,PP02C4,int64
individual,2014,4,PP02C5,int64
individual,2014,4,PP02C6,int64
individual,2014,4,PP02C7,int64
individual,2014,4,PP02C8,int64
individual,2014,4,PP02E,int64
individual,2014,4,PP02H,int64
individual,2014,4,PP02I,int64
individual,2014,4,PP03C,int64
individual,2014,4,PP03D,int64
individual,2014,4,PP3E_TOT,int64
individual,2014,4,PP3F_TOT,int64
individual,2014,4,PP03G,int64
individual,2014,4,PP03H,int64
individual,2014,4,PP03I,int64
individual,2014,4,PP03J,int64
individual,2014,4,INTENSI,int64
individual,2014,4,PP04A,int64
individual,2014,4,PP04B_CAES,str
individual,2014,4,PP04B1,int64
individual,2014,4,PP04B2,int64
individual,2014,4,PP04B3_MES,int64
individual,2014,4,PP04B3_ANO,int64
individual,2014,4,PP04B3_DIA,int64
individual,2014,4,PP04C,int64
individual,2014,4,PP04C99,int64
individual,2014,4,PP04D_COD,str
individual,2014,4,PP04G,int64
individual,2014,4,PP05B2_MES,int64
individual,2014,4,PP05B2_ANO,int64
individual,2014,4,PP05B2_DIA,int64
individual,2014,4,PP05C_1,int64
individual,2014,4,PP05C_2,int64
individual,2014,4,PP05C_3,int64
individual,2014,4,PP05E,int64
individual,2014,4,PP05F,int64
individual,2014,4,PP05H,int64
individual,2014,4,PP06A,int64
individual,2014,4,PP06C,int64
individual,2014,4,PP06D,int64
individual,2014,4,PP06E,int64
individual,2014,4,PP06H,int64
individual,2014,4,PP07A,int64
individual,2014,4,PP07C,int64
individual,2014,4,PP07D,int64
individual,2014,4,PP07E,int64
individual,2014,4,PP07F1,int64
individual,2014,4,PP07F2,int64
individual,2014,4,PP07F3,int64
individual,2014,4,PP07F4,int64
individual,2014,4,PP07F5,int64
individual,2014,4,PP07G1,int64
individual,2014,4,PP07G2,int64
individual,2014,4,PP07G3,int64
individual,2014,4,PP07G4,int64
individual,2014,4,PP07G_59,int64
individual,2014,4,PP07H,int64
individual,2014,4,PP07I,int64
individual,2014,4,PP07J,int64
individual,2014,4,PP07K,int64
individual,2014,4,PP08D1,int64
individual,2014,4,PP08D4,int64
individual,2014,4,PP08F1,int64
individual,2014,4,PP08F2,int64
individual,2014,4,PP08J1,int64
individual,2014,4,PP08J2,int64
individual,2014,4,PP08J3,int64
individual,2014,4,PP09A,int64
individual,2014,4,PP09A_ESP,str
individual,2014,4,PP09B,int64
individual,2014,4,PP09C,int64
individual,2014,4,PP09C_ESP,str
individual,2014,4,PP10A,int64
individual,2014,4,PP10C,int64
individual,2014,4,PP10D,int64
individual,2014,4,PP10E,int64
individual,2014,4,PP11A,int64
individual,2014,4,PP11B_CAES,str
individual,2014,4,PP11B1,int64
individual,2014,4,PP11B2_MES,int64
individual,2014,4,PP11B2_ANO,int64
individual,2014,4,PP11B2_DIA,int64
individual,2014,4,PP11C,int64
individual,2014,4,PP11C99,int64
individual,2014,4,PP11D_COD,str
individual,2014,4,PP11G_ANO,int64
individual,2014,4,PP11G_MES,int64
individual,2014,4,PP11G_DIA,int64
individual,2014,4,PP11L,int64
individual,2014,4,PP11L1,int64
individual,2014,4,PP11M,int64
individual,2014,4,PP11N,int64
individual,2014,4,PP11O,int64
individual,2014,4,PP11P,int64
individual,2014,4,PP11Q,int64
individual,2014,4,PP11R,int64
individual,2014,4,PP11S,int64
individual,2014,4,PP11T,int64
individual,2014,4,P21,int64
individual,2014,4,DECOCUR,str
individual,2014,4,IDECOCUR,str
individual,2014,4,RDECOCUR,str
individual,2014,4,GDECOCUR,str
individual,2014,4,PDECOCUR,str
individual,2014,4,ADECOCUR,str
individual,2014,4,TOT_P12,int64
individual,2014,4,P47T,int64
individual,2014,4,DECINDR,str
individual,2014,4,IDECINDR,str
individual,2014,4,RDECINDR,str
individual,2014,4,GDECINDR,str
individual,2014,4,PDECINDR,str
individual,2014,4,ADECINDR,str
individual,2014,4,V2_M,int64
individual,2014,4,V3_M,int64
individual,2014,4,V4_M,int64
individual,2014,4,V5_M,int64
individual,2014,4,V8_M,int64
individual,2014,4,V9_M,int64
individual,2014,4,V10_M,int64
individual,2014,4,V11_M,int64
individual,2014,4,V12_M,int64
individual,2014,4,V18_M,int64
individual,2014,4,V19_AM,int64
individual,2014,4,V21_M,int64
individual,2014,4,T_VI,int64
individual,2014,4,ITF,int64
individual,2014,4,DECIFR,str
individual,2014,4,IDECIFR,str
individual,2014,4,RDECIFR,str
individual,2014,4,GDECIFR,str
individual,2014,4,PDECIFR,str
individual,2014,4,ADECIFR,str
individual,2014,4,IPCF,float64
individual,2014,4,DECCFR,str
individual,2014,4,IDECCFR,str
individual,2014,4,RDECCFR,str
individual,2014,4,GDECCFR,str
individual,2014,4,PDECCFR,str
individual,2014,4,ADECCFR,str
individual,2014,4,IDIMPP,str
hogar,2015,1,CODUSU,string
hogar,2015,1,NRO_HOGAR,Int16
hogar,2015,1,REALIZADA,int64
hogar,2015,1,ANO4,Int16
hogar,2015,1,TRIMESTRE,Int16
hogar,2015,1,REGION,int64
hogar,2015,1,MAS_500,str
hogar,2015,1,AGLOMERADO,Int16
hogar,2015,1,PONDERA,int64
hogar,2015,1,IV1,int64
hogar,2015,1,IV1_ESP,str
hogar,2015,1,IV2,int64
hogar,2015,1,IV3,int64
hogar,2015,1,IV3_ESP,str
hogar,2015,1,IV4,int64
hogar,2015,1,IV5,int64
hogar,2015,1,IV6,int64
hogar,2015,1,IV7,int64
hogar,2015,1,IV7_ESP,str
hogar,2015,1,IV8,int64
hogar,2015,1,IV9,int64
hogar,2015,1,IV10,int64
hogar,2015,1,IV11,int64
hogar,2015,1,IV12_1,int64
hogar,2015,1,IV12_2,int64
hogar,2015,1,IV12_3,int64
hogar,2015,1,II1,int64
hogar,2015,1,II2,int64
hogar,2015,1,II3,int64
hogar,2015,1,II3_1,int64
hogar,2015,1,II4_1,int64
hogar,2015,1,II4_2,int64
hogar,2015,1,II4_3,int64
hogar,2015,1,II5,int64
hogar,2015,1,II5_1,int64
hogar,2015,1,II6,int64
hogar,2015,1,II6_1,int64
hogar,2015,1,II7,int64
hogar,2015,1,II7_ESP,str
hogar,2015,1,II8,int64
hogar,2015,1,II8_ESP,str
hogar,2015,1,II9,int64
hogar,2015,1,V1,int64
hogar,2015,1,V2,int64
hogar,2015,1,V21,int64
hogar,2015,1,V22,int64
hogar,2015,1,V3,int64
hogar,2015,1,V4,int64
hogar,2015,1,V5,int64
hogar,2015,1,V6,int64
hogar,2015,1,V7,int64
hogar,2015,1,V8,int64
hogar,2015,1,V9,int64
hogar,2015,1,V10,int64
hogar,2015,1,V11,int64
hogar,2015,1,V12,int64
hogar,2015,1,V13,int64
hogar,2015,1,V14,int64
hogar,2015,1,V15,int64
hogar,2015,1,V16,int64
hogar,2015,1,V17,int64
hogar,2015,1,V18,int64
hogar,2015,1,V19_A,int64
hogar,2015,1,V19_B,int64
hogar,2015,1,IX_TOT,int64
hogar,2015,1,IX_MEN10,int64
hogar,2015,1,IX_MAYEQ10,int64
hogar,2015,1,ITF,int64
hogar,2015,1,DECIFR,str
hogar,2015,1,IDECIFR,str
hogar,2015,1,RDECIFR,str
hogar,2015,1,GDECIFR,str
hogar,2015,1,PDECIFR,str
hogar,2015,1,ADECIFR,str
hogar,2015,1,IPCF,float64
hogar,2015,1,DECCFR,str
hogar,2015,1,IDECCFR,str
hogar,2015,1,RDECCFR,str
hogar,2015,1,GDECCFR,str
hogar,2015,1,PDECCFR,str
hogar,2015,1,ADECCFR,str
hogar,2015,1,VII1_1,int64
hogar,2015,1,VII1_2,int64
hogar,2015,1,VII2_1,int64
hogar,2015,1,VII2_2,int64
hogar,2015,1,VII2_3,int64
hogar,2015,1,VII2_4,int64
hogar,2015,1,IDIMPH,str
individual,2015,1,CODUSU,string
individual,2015,1,NRO_HOGAR,Int16
individual,2015,1,COMPONENTE,Int16
individual,2015,1,H15,int64
individual,2015,1,ANO4,Int16
individual,2015,1,TRIMESTRE,Int16
individual,2015,1,REGION,int64
individual,2015,1,MAS_500,str
individual,2015,1,AGLOMERADO,Int16
individual,2015,1,PONDERA,int64
individual,2015,1,CH03,int64
individual,2015,1,CH04,int64
individual,2015,1,CH06,int64
individual,2015,1,CH07,int64
individual,2015,1,CH08,int64
individual,2015,1,CH09,int64
individual,2015,1,CH10,int64
individual,2015,1,CH11,int64
individual,2015,1,CH12,int64
individual,2015,1,CH13,int64
individual,2015,1,CH14,str
individual,2015,1,CH15,int64
individual,2015,1,CH15_COD,str
individual,2015,1,CH16,int64
individual,2015,1,CH16_COD,str
individual,2015,1,NIVEL_ED,int64
individual,2015,1,ESTADO,int64
individual,2015,1,CAT_OCUP,int64
individual,2015,1,CAT_INAC,int64
individual,2015,1,PP02C1,int64
individual,2015,1,PP02C2,int64
individual,2015,1,PP02C3,int64
individual,2015,1,PP02C4,int64
individual,2015,1,PP02C5,int64
individual,2015,1,PP02C6,int64
individual,2015,1,PP02C7,int64
individual,2015,1,PP02C8,int64
individual,2015,1,PP02E,int64
individual,2015,1,PP02H,int64
individual,2015,1,PP02I,int64
individual,2015,1,PP03C,int64
individual,2015,1,PP03D,int64
individual,2015,1,PP3E_TOT,int64
individual,2015,1,PP3F_TOT,int64
individual,2015,1,PP03G,int64
individual,2015,1,PP03H,int64
individual,2015,1,PP03I,int64
individual,2015,1,PP03J,int64
individual,2015,1,INTENSI,int64
individual,2015,1,PP04A,int64
individual,2015,1,PP04B_CAES,str
individual,2015,1,PP04B1,int64
individual,2015,1,PP04B2,int64
individual,2015,1,PP04B3_MES,int64
individual,2015,1,PP04B3_ANO,int64
individual,2015,1,PP04B3_DIA,int64
individual,2015,1,PP04C,int64
individual,2015,1,PP04C99,int64
individual,2015,1,PP04D_COD,str
individual,2015,1,PP04G,int64
individual,2015,1,PP05B2_MES,int64
individual,2015,1,PP05B2_ANO,int64
individual,2015,1,PP05B2_DIA,int64
individual,2015,1,PP05C_1,int64
individual,2015,1,PP05C_2,int64
individual,2015,1,PP05C_3,int64
individual,2015,1,PP05E,int64
individual,2015,1,PP05F,int64
individual,2015,1,PP05H,int64
individual,2015,1,PP06A,int64
individual,2015,1,PP06C,int64
individual,2015,1,PP06D,int64
individual,2015,1,PP06E,int64
individual,2015,1,PP06H,int64
individual,2015,1,PP07A,int64
individual,2015,1,PP07C,int64
individual,2015,1,PP07D,int64
individual,2015,1,PP07E,int64
individual,2015,1,PP07F1,int64
individual,2015,1,PP07F2,int64
individual,2015,1,PP07F3,int64
individual,2015,1,PP07F4,int64
individual,2015,1,PP07F5,int64
individual,2015,1,PP07G1,int64
individual,2015,1,PP07G2,int64
individual,2015,1,PP07G3,int64
individual,2015,1,PP07G4,int64
individual,2015,1,PP07G_59,int64
individual,2015,1,PP07H,int64
individual,2015,1,PP07I,int64
individual,2015,1,PP07J,int64
individual,2015,1,PP07K,int64
individual,2015,1,PP08D1,int64
individual,2015,1,PP08D4,int64
individual,2015,1,PP08F1,int64
individual,2015,1,PP08F2,int64
individual,2015,1,PP08J1,int64
individual,2015,1,PP08J2,int64
individual,2015,1,PP08J3,int64
individual,2015,1,PP09A,int64
individual,2015,1,PP09A_ESP,str
individual,2015,1,PP09B,int64
individual,2015,1,PP09C,int64
individual,2015,1,PP09C_ESP,str
individual,2015,1,PP10A,int64
individual,2015,1,PP10C,int64
individual,2015,1,PP10D,int64
individual,2015,1,PP10E,int64
individual,2015,1,PP11A,int64
individual,2015,1,PP11B_CAES,str
individual,2015,1,PP11B1,int64
individual,2015,1,PP11B2_MES,int64
individual,2015,1,PP11B2_ANO,int64
individual,2015,1,PP11B2_DIA,int64
individual,2015,1,PP11C,int64
individual,2015,1,PP11C99,int64
individual,2015,1,PP11D_COD,str
individual,2015,1,PP11G_ANO,int64
individual,2015,1,PP11G_MES,int64
individual,2015,1,PP11G_DIA,int64
individual,2015,1,PP11L,int64
individual,2015,1,PP11L1,int64
individual,2015,1,PP11M,int64
individual,2015,1,PP11N,int64
individual,2015,1,PP11O,int64
individual,2015,1,PP11P,int64
individual,2015,1,PP11Q,int64
individual,2015,1,PP11R,int64
individual,2015,1,PP11S,int64
individual,2015,1,PP11T,int64
individual,2015,1,P21,int64
individual,2015,1,DECOCUR,str
individual,2015,1,IDECOCUR,str
individual,2015,1,RDECOCUR,str
individual,2015,1,GDECOCUR,str
individual,2015,1,PDECOCUR,str
individual,2015,1,ADECOCUR,str
individual,2015,1,TOT_P12,int64
individual,2015,1,P47T,int64
individual,2015,1,DECINDR,str
individual,2015,1,IDECINDR,str
individual,2015,1,RDECINDR,str
individual,2015,1,GDECINDR,str
individual,2015,1,PDECINDR,str
individual,2015,1,ADECINDR,str
individual,2015,1,V2_M,int64
individual,2015,1,V3_M,int64
individual,2015,1,V4_M,int64
individual,2015,1,V5_M,int64
individual,2015,1,V8_M,int64
individual,2015,1,V9_M,int64
individual,2015,1,V10_M,int64
individual,2015,1,V11_M,int64
individual,2015,1,V12_M,int64
individual,2015,1,V18_M,int64
individual,2015,1,V19_AM,int64
individual,2015,1,V21_M,int64
individual,2015,1,T_VI,int64
individual,2015,1,ITF,int64
individual,2015,1,DECIFR,str
individual,2015,1,IDECIFR,str
individual,2015,1,RDECIFR,str
individual,2015,1,GDECIFR,str
individual,2015,1,PDECIFR,str
individual,2015,1,ADECIFR,str
individual,2015,1,IPCF,float64
individual,2015,1,DECCFR,str
individual,2015,1,IDECCFR,str
individual,2015,1,RDECCFR,str
individual,2015,1,GDECCFR,str
individual,2015,1,PDECCFR,str
individual,2015,1,ADECCFR,str
individual,2015,1,IDIMPP,str
hogar,2015,2,CODUSU,string
hogar,2015,2,NRO_HOGAR,Int16
hogar,2015,2,REALIZADA,int64
hogar,2015,2,ANO4,Int16
hogar,2015,2,TRIMESTRE,Int16
hogar,2015,2,REGION,int64
hogar,2015,2,MAS_500,str
hogar,2015,2,AGLOMERADO,Int16
hogar,2015,2,PONDERA,int64
hogar,2015,2,IV1,int64
hogar,2015,2,IV1_ESP,str
hogar,2015,2,IV2,int64
hogar,2015,2,IV3,int64
hogar,2015,2,IV3_ESP,str
hogar,2015,2,IV4,int64
hogar,2015,2,IV5,int64
hogar,2015,2,IV6,int64
hogar,2015,2,IV7,int64
hogar,2015,2,IV7_ESP,str
hogar,2015,2,IV8,int64
hogar,2015,2,IV9,int64
hogar,2015,2,IV10,int64
hogar,2015,2,IV11,int64
hogar,2015,2,IV12_1,int64
hogar,2015,2,IV12_2,int64
hogar,2015,2,IV12_3,int64
hogar,2015,2,II1,int64
hogar,2015,2,II2,int64
hogar,2015,2,II3,int64
hogar,2015,2,II3_1,int64
hogar,2015,2,II4_1,int64
hogar,2015,2,II4_2,int64
hogar,2015,2,II4_3,int64
hogar,2015,2,II5,int64
hogar,2015,2,II5_1,int64
hogar,2015,2,II6,int64
hogar,2015,2,II6_1,int64
hogar,2015,2,II7,int64
hogar,2015,2,II7_ESP,str
hogar,2015,2,II8,int64
hogar,2015,2,II8_ESP,str
hogar,2015,2,II9,int64
hogar,2015,2,V1,int64
hogar,2015,2,V2,int64
hogar,2015,2,V21,int64
hogar,2015,2,V22,int64
hogar,2015,2,V3,int64
hogar,2015,2,V4,int64
hogar,2015,2,V5,int64
hogar,2015,2,V6,int64
hogar,2015,2,V7,int64
hogar,2015,2,V8,int64
hogar,2015,2,V9,int64
hogar,2015,2,V10,int64
hogar,2015,2,V11,int64
hogar,2015,2,V12,int64
hogar,2015,2,V13,int64
hogar,2015,2,V14,int64
hogar,2015,2,V15,int64
hogar,2015,2,V16,int64
hogar,2015,2,V17,int64
hogar,2015,2,V18,int64
hogar,2015,2,V19_A,int64
hogar,2015,2,V19_B,int64
hogar,2015,2,IX_TOT,int64
hogar,2015,2,IX_MEN10,int64
hogar,2015,2,IX_MAYEQ10,int64
hogar,2015,2,ITF,int64
hogar,2015,2,DECIFR,str
hogar,2015,2,IDECIFR,str
hogar,2015,2,RDECIFR,str
hogar,2015,2,GDECIFR,str
hogar,2015,2,PDECIFR,str
hogar,2015,2,ADECIFR,str
hogar,2015,2,IPCF,float64
hogar,2015,2,DECCFR,str
hogar,2015,2,IDECCFR,str
hogar,2015,2,RDECCFR,str
hogar,2015,2,GDECCFR,str
hogar,2015,2,PDECCFR,str
hogar,2015,2,ADECCFR,str
hogar,2015,2,VII1_1,int64
hogar,2015,2,VII1_2,int64
hogar,2015,2,VII2_1,int64
hogar,2015,2,VII2_2,int64
hogar,2015,2,VII2_3,int64
hogar,2015,2,VII2_4,int64
hogar,2015,2,IDIMPH,str
individual,2015,2,CODUSU,string
individual,2015,2,NRO_HOGAR,Int16
individual,2015,2,COMPONENTE,Int16
individual,2015,2,H15,int64
individual,2015,2,ANO4,Int16
individual,2015,2,TRIMESTRE,Int16
individual,2015,2,REGION,int64
individual,2015,2,MAS_500,str
individual,2015,2,AGLOMERADO,Int16
individual,2015,2,PONDERA,int64
individual,2015,2,CH03,int64
individual,2015,2,CH04,int64
individual,2015,2,CH06,int64
individual,2015,2,CH07,int64
individual,2015,2,CH08,int64
individual,2015,2,CH09,int64
individual,2015,2,CH10,int64
individual,2015,2,CH11,int64
individual,2015,2,CH12,int64
individual,2015,2,CH13,int64
individual,2015,2,CH14,str
individual,2015,2,CH15,int64
individual,2015,2,CH15_COD,str
individual,2015,2,CH16,int64
individual,2015,2,CH16_COD,str
individual,2015,2,NIVEL_ED,int64
individual,2015,2,ESTADO,int64
individual,2015,2,CAT_OCUP,int64
individual,2015,2,CAT_INAC,int64
individual,2015,2,PP02C1,int64
individual,2015,2,PP02C2,int64
individual,2015,2,PP02C3,int64
individual,2015,2,PP02C4,int64
individual,2015,2,PP02C5,int64
individual,2015,2,PP02C6,int64
individual,2015,2,PP02C7,int64
individual,2015,2,PP02C8,int64
individual,2015,2,PP02E,int64
individual,2015,2,PP02H,int64
individual,2015,2,PP02I,int64
individual,2015,2,PP03C,int64
individual,2015,2,PP03D,int64
individual,2015,2,PP3E_TOT,int64
individual,2015,2,PP3F_TOT,int64
individual,2015,2,PP03G,int64
individual,2015,2,PP03H,int64
individual,2015,2,PP03I,int64
individual,2015,2,PP03J,int64
individual,2015,2,INTENSI,int64
individual,2015,2,PP04A,int64
individual,2015,2,PP04B_CAES,str
individual,2015,2,PP04B1,int64
individual,2015,2,PP04B2,int64
individual,2015,2,PP04B3_MES,int64
individual,2015,2,PP04B3_ANO,int64
individual,2015,2,PP04B3_DIA,int64
individual,2015,2,PP04C,int64
individual,2015,2,PP04C99,int64
individual,2015,2,PP04D_COD,str
individual,2015,2,PP04G,int64
individual,2015,2,PP05B2_MES,int64
individual,2015,2,PP05B2_ANO,int64
individual,2015,2,PP05B2_DIA,int64
individual,2015,2,PP05C_1,int64
individual,2015,2,PP05C_2,int64
individual,2015,2,PP05C_3,int64
individual,2015,2,PP05E,int64
individual,2015,2,PP05F,int64
individual,2015,2,PP05H,int64
individual,2015,2,PP06A,int64
individual,2015,2,PP06C,int64
individual,2015,2,PP06D,int64
individual,2015,2,PP06E,int64
individual,2015,2,PP06H,int64
individual,2015,2,PP07A,int64
individual,2015,2,PP07C,int64
individual,2015,2,PP07D,int64
individual,2015,2,PP07E,int64
individual,2015,2,PP07F1,int64
individual,2015,2,PP07F2,int64
individual,2015,2,PP07F3,int64
individual,2015,2,PP07F4,int64
individual,2015,2,PP07F5,int64
individual,2015,2,PP07G1,int64
individual,2015,2,PP07G2,int64
individual,2015,2,PP07G3,int64
individual,2015,2,PP07G4,int64
individual,2015,2,PP07G_59,int64
individual,2015,2,PP07H,int64
individual,2015,2,PP07I,int64
individual,2015,2,PP07J,int64
individual,2015,2,PP07K,int64
individual,2015,2,PP08D1,int64
individual,2015,2,PP08D4,int64
individual,2015,2,PP08F1,int64
individual,2015,2,PP08F2,int64
individual,2015,2,PP08J1,int64
individual,2015,2,PP08J2,int64
individual,2015,2,PP08J3,int64
individual,2015,2,PP09A,int64
individual,2015,2,PP09A_ESP,str
individual,2015,2,PP09B,int64
individual,2015,2,PP09C,int64
individual,2015,2,PP09C_ESP,str
individual,2015,2,PP10A,int64
individual,2015,2,PP10C,int64
individual,2015,2,PP10D,int64
individual,2015,2,PP10E,int64
individual,2015,2,PP11A,int64
individual,2015,2,PP11B_CAES,str
individual,2015,2,PP11B1,int64
individual,2015,2,PP11B2_MES,int64
individual,2015,2,PP11B2_ANO,int64
individual,2015,2,PP11B2_DIA,int64
individual,2015,2,PP11C,int64
individual,2015,2,PP11C99,int64
individual,2015,2,PP11D_COD,str
individual,2015,2,PP11G_ANO,int64
individual,2015,2,PP11G_MES,int64
individual,2015,2,PP11G_DIA,int64
individual,2015,2,PP11L,int64
individual,2015,2,PP11L1,int64
individual,2015,2,PP11M,int64
individual,2015,2,PP11N,int64
individual,2015,2,PP11O,int64
individual,2015,2,PP11P,int64
individual,2015,2,PP11Q,int64
individual,2015,2,PP11R,int64
individual,2015,2,PP11S,int64
individual,2015,2,PP11T,int64
individual,2015,2,P21,int64
individual,2015,2,DECOCUR,str
individual,2015,2,IDECOCUR,str
individual,2015,2,RDECOCUR,str
individual,2015,2,GDECOCUR,str
individual,2015,2,PDECOCUR,str
individual,2015,2,ADECOCUR,str
individual,2015,2,TOT_P12,int64
individual,2015,2,P47T,int64
individual,2015,2,DECINDR,str
individual,2015,2,IDECINDR,str
individual,2015,2,RDECINDR,str
individual,2015,2,GDECINDR,str
individual,2015,2,PDECINDR,str
individual,2015,2,ADECINDR,str
individual,2015,2,V2_M,int64
individual,2015,2,V3_M,int64
individual,2015,2,V4_M,int64
individual,2015,2,V5_M,int64
individual,2015,2,V8_M,int64
individual,2015,2,V9_M,int64
individual,2015,2,V10_M,int64
individual,2015,2,V11_M,int64
individual,2015,2,V12_M,int64
individual,2015,2,V18_M,int64
individual,2015,2,V19_AM,int64
individual,2015,2,V21_M,int64
individual,2015,2,T_VI,int64
individual,2015,2,ITF,int64
individual,2015,2,DECIFR,str
individual,2015,2,IDECIFR,str
individual,2015,2,RDECIFR,str
individual,2015,2,GDECIFR,str
individual,2015,2,PDECIFR,str
individual,2015,2,ADECIFR,str
individual,2015,2,IPCF,float64
individual,2015,2,DECCFR,str
individual,2015,2,IDECCFR,str
individual,2015,2,RDECCFR,str
individual,2015,2,GDECCFR,str
individual,2015,2,PDECCFR,str
individual,2015,2,ADECCFR,str
individual,2015,2,IDIMPP,str
hogar,2016,2,CODUSU,string
hogar,2016,2,ANO4,Int16
hogar,2016,2,TRIMESTRE,Int16
hogar,2016,2,NRO_HOGAR,Int16
hogar,2016,2,REALIZADA,int64
hogar,2016,2,REGION,int64
hogar,2016,2,MAS_500,str
hogar,2016,2,AGLOMERADO,Int16
hogar,2016,2,PONDERA,int64
hogar,2016,2,IV1,int64
hogar,2016,2,IV1_ESP,str
hogar,2016,2,IV2,int64
hogar,2016,2,IV3,int64
hogar,2016,2,IV3_ESP,str
hogar,2016,2,IV4,int64
hogar,2016,2,IV5,int64
hogar,2016,2,IV6,int64
hogar,2016,2,IV7,int64
hogar,2016,2,IV7_ESP,str
hogar,2016,2,IV8,int64
hogar,2016,2,IV9,int64
hogar,2016,2,IV10,int64
hogar,2016,2,IV11,int64
hogar,2016,2,IV12_1,int64
hogar,2016,2,IV12_2,int64
hogar,2016,2,IV12_3,int64
hogar,2016,2,II1,int64
hogar,2016,2,II2,int64
hogar,2016,2,II3,int64
hogar,2016,2,II3_1,int64
hogar,2016,2,II4_1,int64
hogar,2016,2,II4_2,int64
hogar,2016,2,II4_3,int64
hogar,2016,2,II5,int64
hogar,2016,2,II5_1,int64
hogar,2016,2,II6,int64
hogar,2016,2,II6_1,int64
hogar,2016,2,II7,int64
hogar,2016,2,II7_ESP,str
hogar,2016,2,II8,int64
hogar,2016,2,II8_ESP,str
hogar,2016,2,II9,int64
hogar,2016,2,V1,int64
hogar,2016,2,V2,int64
hogar,2016,2,V21,int64
hogar,2016,2,V22,int64
hogar,2016,2,V3,int64
hogar,2016,2,V4,int64
hogar,2016,2,V5,int64
hogar,2016,2,V6,int64
hogar,2016,2,V7,int64
hogar,2016,2,V8,int64
hogar,2016,2,V9,int64
hogar,2016,2,V10,int64
hogar,2016,2,V11,int64
hogar,2016,2,V12,int64
hogar,2016,2,V13,int64
hogar,2016,2,V14,int64
hogar,2016,2,V15,int64
hogar,2016,2,V16,int64
hogar,2016,2,V17,int64
hogar,2016,2,V18,int64
hogar,2016,2,V19_A,int64
hogar,2016,2,V19_B,int64
hogar,2016,2,IX_TOT,int64
hogar,2016,2,IX_MEN10,int64
hogar,2016,2,IX_MAYEQ10,int64
hogar,2016,2,ITF,int64
hogar,2016,2,DECIFR,str
hogar,2016,2,IDECIFR,str
hogar,2016,2,RDECIFR,str
hogar,2016,2,GDECIFR,str
hogar,2016,2,PDECIFR,str
hogar,2016,2,ADECIFR,str
hogar,2016,2,IPCF,float64
hogar,2016,2,DECCFR,str
hogar,2016,2,IDECCFR,str
hogar,2016,2,RDECCFR,str
hogar,2016,2,GDECCFR,str
hogar,2016,2,PDECCFR,str
hogar,2016,2,ADECCFR,str
hogar,2016,2,PONDIH,int64
hogar,2016,2,VII1_1,int64
hogar,2016,2,VII1_2,int64
hogar,2016,2,VII2_1,int64
hogar,2016,2,VII2_2,int64
hogar,2016,2,VII2_3,int64
hogar,2016,2,VII2_4,int64
individual,2016,2,CODUSU,string
individual,2016,2,ANO4,Int16
individual,2016,2,TRIMESTRE,Int16
individual,2016,2,NRO_HOGAR,Int16
individual,2016,2,COMPONENTE,Int16
individual,2016,2,H15,int64
individual,2016,2,REGION,int64
individual,2016,2,MAS_500,str
individual,2016,2,AGLOMERADO,Int16
individual,2016,2,PONDERA,int64
individual,2016,2,CH03,int64
individual,2016,2,CH04,int64
individual,2016,2,CH05,str
individual,2016,2,CH06,int64
individual,2016,2,CH07,int64
individual,2016,2,CH08,int64
individual,2016,2,CH09,int64
individual,2016,2,CH10,int64
individual,2016,2,CH11,int64
individual,2016,2,CH12,int64
individual,2016,2,CH13,int64
individual,2016,2,CH14,float64
individual,2016,2,CH15,int64
individual,2016,2,CH15_COD,str
individual,2016,2,CH16,int64
individual,2016,2,CH16_COD,str
individual,2016,2,NIVEL_ED,int64
individual,2016,2,ESTADO,int64
individual,2016,2,CAT_OCUP,int64
individual,2016,2,CAT_INAC,int64
individual,2016,2,IMPUTA,int64
individual,2016,2,PP02C1,int64
individual,2016,2,PP02C2,int64
individual,2016,2,PP02C3,int64
individual,2016,2,PP02C4,int64
individual,2016,2,PP02C5,int64
individual,2016,2,PP02C6,int64
individual,2016,2,PP02C7,int64
individual,2016,2,PP02C8,int64
individual,2016,2,PP02E,int64
individual,2016,2,PP02H,int64
individual,2016,2,PP02I,int64
individual,2016,2,PP03C,float64
individual,2016,2,PP03D,float64
individual,2016,2,PP3E_TOT,float64
individual,2016,2,PP3F_TOT,float64
individual,2016,2,PP03G,float64
individual,2016,2,PP03H,float64
individual,2016,2,PP03I,float64
individual,2016,2,PP03J,float64
individual,2016,2,INTENSI,float64
individual,2016,2,PP04A,float64
individual,2016,2,PP04B_COD,float64
individual,2016,2,PP04B1,float64
individual,2016,2,PP04B2,float64
individual,2016,2,PP04B3_MES,float64
individual,2016,2,PP04B3_ANO,float64
individual,2016,2,PP04B3_DIA,float64
individual,2016,2,PP04C,float64
individual,2016,2,PP04C99,float64
individual,2016,2,PP04D_COD,float64
individual,2016,2,PP04G,float64
individual,2016,2,PP05B2_MES,float64
individual,2016,2,PP05B2_ANO,float64
individual,2016,2,PP05B2_DIA,float64
individual,2016,2,PP05C_1,float64
individual,2016,2,PP05C_2,float64
individual,2016,2,PP05C_3,float64
individual,2016,2,PP05E,float64
individual,2016,2,PP05F,float64
individual,2016,2,PP05H,float64
individual,2016,2,PP06A,float64
individual,2016,2,PP06C,float64
individual,2016,2,PP06D,float64
individual,2016,2,PP06E,float64
individual,2016,2,PP06H,float64
individual,2016,2,PP07A,float64
individual,2016,2,PP07C,float64
individual,2016,2,PP07D,float64
individual,2016,2,PP07E,float64
individual,2016,2,PP07F1,float64
individual,2016,2,PP07F2,float64
individual,2016,2,PP07F3,float64
individual,2016,2,PP07F4,float64
individual,2016,2,PP07F5,float64
individual,2016,2,PP07G1,float64
individual,2016,2,PP07G2,float64
individual,2016,2,PP07G3,float64
individual,2016,2,PP07G4,float64
individual,2016,2,PP07G_59,float64
individual,2016,2,PP07H,float64
individual,2016,2,PP07I,float64
individual,2016,2,PP07J,float64
individual,2016,2,PP07K,float64
individual,2016,2,PP08D1,float64
individual,2016,2,PP08D4,float64
individual,2016,2,PP08F1,float64
individual,2016,2,PP08F2,float64
individual,2016,2,PP08J1,float64
individual,2016,2,PP08J2,float64
individual,2016,2,PP08J3,float64
individual,2016,2,PP09A,float64
individual,2016,2,PP09A_ESP,str
individual,2016,2,PP09B,float64
individual,2016,2,PP09C,float64
individual,2016,2,PP09C_ESP,str
individual,2016,2,PP10A,float64
individual,2016,2,PP10C,float64
individual,2016,2,PP10D,float64
individual,2016,2,PP10E,float64
individual,2016,2,PP11A,float64
individual,2016,2,PP11B_COD,float64
individual,2016,2,PP11B1,float64
individual,2016,2,PP11B2_MES,float64
individual,2016,2,PP11B2_ANO,float64
individual,2016,2,PP11B2_DIA,float64
individual,2016,2,PP11C,float64
individual,2016,2,PP11C99,float64
individual,2016,2,PP11D_COD,float64
individual,2016,2,PP11G_ANO,float64
individual,2016,2,PP11G_MES,float64
individual,2016,2,PP11G_DIA,float64
individual,2016,2,PP11L,float64
individual,2016,2,PP11L1,float64
individual,2016,2,PP11M,float64
individual,2016,2,PP11N,float64
individual,2016,2,PP11O,float64
individual,2016,2,PP11P,float64
individual,2016,2,PP11Q,float64
individual,2016,2,PP11R,float64
individual,2016,2,PP11S,float64
individual,2016,2,PP11T,float64
individual,2016,2,P21,int64
individual,2016,2,DECOCUR,int64
individual,2016,2,IDECOCUR,str
individual,2016,2,RDECOCUR,int64
individual,2016,2,GDECOCUR,str
individual,2016,2,PDECOCUR,str
individual,2016,2,ADECOCUR,int64
individual,2016,2,PONDIIO,int64
individual,2016,2,TOT_P12,int64
individual,2016,2,P47T,float64
individual,2016,2,DECINDR,int64
individual,2016,2,IDECINDR,str
individual,2016,2,RDECINDR,int64
individual,2016,2,GDECINDR,str
individual,2016,2,PDECINDR,str
individual,2016,2,ADECINDR,int64
individual,2016,2,PONDII,int64
individual,2016,2,V2_M,int64
individual,2016,2,V3_M,int64
individual,2016,2,V4_M,int64
individual,2016,2,V5_M,int64
individual,2016,2,V8_M,int64
individual,2016,2,V9_M,int64
individual,2016,2,V10_M,int64
individual,2016,2,V11_M,int64
individual,2016,2,V12_M,int64
individual,2016,2,V18_M,int64
individual,2016,2,V19_AM,int64
individual,2016,2,V21_M,int64
individual,2016,2,T_VI,int64
individual,2016,2,ITF,int64
individual,2016,2,DECIFR,str
individual,2016,2,IDECIFR,str
individual,2016,2,RDECIFR,str
individual,2016,2,GDECIFR,str
individual,2016,2,PDECIFR,str
individual,2016,2,ADECIFR,str
individual,2016,2,IPCF,float64
individual,2016,2,DECCFR,str
individual,2016,2,IDECCFR,str
individual,2016,2,RDECCFR,str
individual,2016,2,GDECCFR,str
individual,2016,2,PDECCFR,str
individual,2016,2,ADECCFR,str
individual,2016,2,PONDIH,int64
hogar,2016,3,CODUSU,string
hogar,2016,3,ANO4,Int16
hogar,2016,3,TRIMESTRE,Int16
hogar,2016,3,NRO_HOGAR,Int16
hogar,2016,3,REALIZADA,int64
hogar,2016,3,REGION,int64
hogar,2016,3,MAS_500,str
hogar,2016,3,AGLOMERADO,Int16
hogar,2016,3,PONDERA,int64
hogar,2016,3,IV1,int64
hogar,2016,3,IV1_ESP,str
hogar,2016,3,IV2,int64
hogar,2016,3,IV3,int64
hogar,2016,3,IV3_ESP,str
hogar,2016,3,IV4,int64
hogar,2016,3,IV5,int64
hogar,2016,3,IV6,int64
hogar,2016,3,IV7,int64
hogar,2016,3,IV7_ESP,str
hogar,2016,3,IV8,int64
hogar,2016,3,IV9,int64
hogar,2016,3,IV10,int64
hogar,2016,3,IV11,int64
hogar,2016,3,IV12_1,int64
hogar,2016,3,IV12_2,int64
hogar,2016,3,IV12_3,int64
hogar,2016,3,II1,int64
hogar,2016,3,II2,int64
hogar,2016,3,II3,int64
hogar,2016,3,II3_1,int64
hogar,2016,3,II4_1,int64
hogar,2016,3,II4_2,int64
hogar,2016,3,II4_3,int64
hogar,2016,3,II5,int64
hogar,2016,3,II5_1,int64
hogar,2016,3,II6,int64
hogar,2016,3,II6_1,int64
hogar,2016,3,II7,int64
hogar,2016,3,II7_ESP,str
hogar,2016,3,II8,int64
hogar,2016,3,II8_ESP,str
hogar,2016,3,II9,int64
hogar,2016,3,V1,int64
hogar,2016,3,V2,int64
hogar,2016,3,V21,int64
hogar,2016,3,V22,int64
hogar,2016,3,V3,int64
hogar,2016,3,V4,int64
hogar,2016,3,V5,int64
hogar,2016,3,V6,int64
hogar,2016,3,V7,int64
hogar,2016,3,V8,int64
hogar,2016,3,V9,int64
hogar,2016,3,V10,int64
hogar,2016,3,V11,int64
hogar,2016,3,V12,int64
hogar,2016,3,V13,int64
hogar,2016,3,V14,int64
hogar,2016,3,V15,int64
hogar,2016,3,V16,int64
hogar,2016,3,V17,int64
hogar,2016,3,V18,int64
hogar,2016,3,V19_A,int64
hogar,2016,3,V19_B,int64
hogar,2016,3,IX_TOT,int64
hogar,2016,3,IX_MEN10,int64
hogar,2016,3,IX_MAYEQ10,int64
hogar,2016,3,ITF,int64
hogar,2016,3,DECIFR,str
hogar,2016,3,IDECIFR,str
hogar,2016,3,RDECIFR,str
hogar,2016,3,GDECIFR,str
hogar,2016,3,PDECIFR,str
hogar,2016,3,ADECIFR,str
hogar,2016,3,IPCF,float64
hogar,2016,3,DECCFR,str
hogar,2016,3,IDECCFR,str
hogar,2016,3,RDECCFR,str
hogar,2016,3,GDECCFR,str
hogar,2016,3,PDECCFR,str
hogar,2016,3,ADECCFR,str
hogar,2016,3,PONDIH,int64
hogar,2016,3,VII1_1,int64
hogar,2016,3,VII1_2,int64
hogar,2016,3,VII2_1,int64
hogar,2016,3,VII2_2,int64
hogar,2016,3,VII2_3,int64
hogar,2016,3,VII2_4,int64
individual,2016,3,CODUSU,string
individual,2016,3,ANO4,Int16
individual,2016,3,TRIMESTRE,Int16
individual,2016,3,NRO_HOGAR,Int16
individual,2016,3,COMPONENTE,Int16
individual,2016,3,H15,int64
individual,2016,3,REGION,int64
individual,2016,3,MAS_500,str
individual,2016,3,AGLOMERADO,Int16
individual,2016,3,PONDERA,int64
individual,2016,3,CH03,int64
individual,2016,3,CH04,int64
individual,2016,3,CH05,str
individual,2016,3,CH06,int64
individual,2016,3,CH07,int64
individual,2016,3,CH08,int64
individual,2016,3,CH09,int64
individual,2016,3,CH10,int64
individual,2016,3,CH11,int64
individual,2016,3,CH12,int64
individual,2016,3,CH13,int64
individual,2016,3,CH14,float64
individual,2016,3,CH15,int64
individual,2016,3,CH15_COD,str
individual,2016,3,CH16,int64
individual,2016,3,CH16_COD,str
individual,2016,3,NIVEL_ED,int64
individual,2016,3,ESTADO,int64
individual,2016,3,CAT_OCUP,int64
individual,2016,3,CAT_INAC,int64
individual,2016,3,IMPUTA,int64
individual,2016,3,PP02C1,int64
individual,2016,3,PP02C2,int64
individual,2016,3,PP02C3,int64
individual,2016,3,PP02C4,int64
individual,2016,3,PP02C5,int64
individual,2016,3,PP02C6,int64
individual,2016,3,PP02C7,int64
individual,2016,3,PP02C8,int64
individual,2016,3,PP02E,int64
individual,2016,3,PP02H,int64
individual,2016,3,PP02I,int64
individual,2016,3,PP03C,float64
individual,2016,3,PP03D,float64
individual,2016,3,PP3E_TOT,float64
individual,2016,3,PP3F_TOT,float64
individual,2016,3,PP03G,float64
individual,2016,3,PP03H,float64
individual,2016,3,PP03I,float64
individual,2016,3,PP03J,float64
individual,2016,3,INTENSI,float64
individual,2016,3,PP04A,float64
individual,2016,3,PP04B_COD,float64
individual,2016,3,PP04B1,float64
individual,2016,3,PP04B2,float64
individual,2016,3,PP04B3_MES,float64
individual,2016,3,PP04B3_ANO,float64
individual,2016,3,PP04B3_DIA,float64
individual,2016,3,PP04C,float64
individual,2016,3,PP04C99,float64
individual,2016,3,PP04D_COD,float64
individual,2016,3,PP04G,float64
individual,2016,3,PP05B2_MES,float64
individual,2016,3,PP05B2_ANO,float64
individual,2016,3,PP05B2_DIA,float64
individual,2016,3,PP05C_1,float64
individual,2016,3,PP05C_2,float64
individual,2016,3,PP05C_3,float64
individual,2016,3,PP05E,float64
individual,2016,3,PP05F,float64
individual,2016,3,PP05H,float64
individual,2016,3,PP06A,float64
individual,2016,3,PP06C,float64
individual,2016,3,PP06D,float64
individual,2016,3,PP06E,float64
individual,2016,3,PP06H,float64
individual,2016,3,PP07A,float64
individual,2016,3,PP07C,float64
individual,2016,3,PP07D,float64
individual,2016,3,PP07E,float64
individual,2016,3,PP07F1,float64
individual,2016,3,PP07F2,float64
individual,2016,3,PP07F3,float64
individual,2016,3,PP07F4,float64
individual,2016,3,PP07F5,float64
individual,2016,3,PP07G1,float64
individual,2016,3,PP07G2,float64
individual,2016,3,PP07G3,float64
individual,2016,3,PP07G4,float64
individual,2016,3,PP07G_59,float64
individual,2016,3,PP07H,float64
individual,2016,3,PP07I,float64
individual,2016,3,PP07J,float64
individual,2016,3,PP07K,float64
individual,2016,3,PP08D1,float64
individual,2016,3,PP08D4,float64
individual,2016,3,PP08F1,float64
individual,2016,3,PP08F2,float64
individual,2016,3,PP08J1,float64
individual,2016,3,PP08J2,float64
individual,2016,3,PP08J3,float64
individual,2016,3,PP09A,float64
individual,2016,3,PP09A_ESP,str
individual,2016,3,PP09B,float64
individual,2016,3,PP09C,float64
individual,2016,3,PP09C_ESP,str
individual,2016,3,PP10A,float64
individual,2016,3,PP10C,float64
individual,2016,3,PP10D,float64
individual,2016,3,PP10E,float64
individual,2016,3,PP11A,float64
individual,2016,3,PP11B_COD,float64
individual,2016,3,PP11B1,float64
individual,2016,3,PP11B2_MES,float64
individual,2016,3,PP11B2_ANO,float64
individual,2016,3,PP11B2_DIA,float64
individual,2016,3,PP11C,float64
individual,2016,3,PP11C99,float64
individual,2016,3,PP11D_COD,float64
individual,2016,3,PP11G_ANO,float64
individual,2016,3,PP11G_MES,float64
individual,2016,3,PP11G_DIA,float64
individual,2016,3,PP11L,float64
individual,2016,3,PP11L1,float64
individual,2016,3,PP11M,float64
individual,2016,3,PP11N,float64
individual,2016,3,PP11O,float64
individual,2016,3,PP11P,float64
individual,2016,3,PP11Q,float64
individual,2016,3,PP11R,float64
individual,2016,3,PP11S,float64
individual,2016,3,PP11T,float64
individual,2016,3,P21,int64
individual,2016,3,DECOCUR,int64
individual,2016,3,IDECOCUR,str
individual,2016,3,RDECOCUR,int64
individual,2016,3,GDECOCUR,str
individual,2016,3,PDECOCUR,str
individual,2016,3,ADECOCUR,int64
individual,2016,3,PONDIIO,int64
individual,2016,3,TOT_P12,int64
individual,2016,3,P47T,float64
individual,2016,3,DECINDR,str
individual,2016,3,IDECINDR,str
individual,2016,3,RDECINDR,str
individual,2016,3,GDECINDR,str
individual,2016,3,PDECINDR,str
individual,2016,3,ADECINDR,str
individual,2016,3,PONDII,int64
individual,2016,3,V2_M,int64
individual,2016,3,V3_M,int64
individual,2016,3,V4_M,int64
individual,2016,3,V5_M,int64
individual,2016,3,V8_M,int64
individual,2016,3,V9_M,int64
individual,2016,3,V10_M,int64
individual,2016,3,V11_M,int64
individual,2016,3,V12_M,int64
individual,2016,3,V18_M,int64
individual,2016,3,V19_AM,int64
individual,2016,3,V21_M,int64
individual,2016,3,T_VI,int64
individual,2016,3,ITF,int64
individual,2016,3,DECIFR,str
individual,2016,3,IDECIFR,str
individual,2016,3,RDECIFR,str
individual,2016,3,GDECIFR,str
individual,2016,3,PDECIFR,str
individual,2016,3,ADECIFR,str
individual,2016,3,IPCF,float64
individual,2016,3,DECCFR,str
individual,2016,3,IDECCFR,str
individual,2016,3,RDECCFR,str
individual,2016,3,GDECCFR,str
individual,2016,3,PDECCFR,str
individual,2016,3,ADECCFR,str
individual,2016,3,PONDIH,int64
hogar,2016,4,CODUSU,string
hogar,2016,4,ANO4,Int16
hogar,2016,4,TRIMESTRE,Int16
hogar,2016,4,NRO_HOGAR,Int16
hogar,2016,4,REALIZADA,int64
hogar,2016,4,REGION,int64
hogar,2016,4,MAS_500,str
hogar,2016,4,AGLOMERADO,Int16
hogar,2016,4,PONDERA,int64
hogar,2016,4,IV1,int64
hogar,2016,4,IV1_ESP,str
hogar,2016,4,IV2,int64
hogar,2016,4,IV3,int64
hogar,2016,4,IV3_ESP,str
hogar,2016,4,IV4,int64
hogar,2016,4,IV5,int64
hogar,2016,4,IV6,int64
hogar,2016,4,IV7,int64
hogar,2016,4,IV7_ESP,str
hogar,2016,4,IV8,int64
hogar,2016,4,IV9,int64
hogar,2016,4,IV10,int64
hogar,2016,4,IV11,int64
hogar,2016,4,IV12_1,int64
hogar,2016,4,IV12_2,int64
hogar,2016,4,IV12_3,int64
hogar,2016,4,II1,int64
hogar,2016,4,II2,int64
hogar,2016,4,II3,int64
hogar,2016,4,II3_1,int64
hogar,2016,4,II4_1,int64
hogar,2016,4,II4_2,int64
hogar,2016,4,II4_3,int64
hogar,2016,4,II5,int64
hogar,2016,4,II5_1,int64
hogar,2016,4,II6,int64
hogar,2016,4,II6_1,int64
hogar,2016,4,II7,int64
hogar,2016,4,II7_ESP,str
hogar,2016,4,II8,int64
hogar,2016,4,II8_ESP,str
hogar,2016,4,II9,int64
hogar,2016,4,V1,int64
hogar,2016,4,V2,int64
hogar,2016,4,V21,int64
hogar,2016,4,V22,int64
hogar,2016,4,V3,int64
hogar,2016,4,V4,int64
hogar,2016,4,V5,int64
hogar,2016,4,V6,int64
hogar,2016,4,V7,int64
hogar,2016,4,V8,int64
hogar,2016,4,V9,int64
hogar,2016,4,V10,int64
hogar,2016,4,V11,int64
hogar,2016,4,V12,int64
hogar,2016,4,V13,int64
hogar,2016,4,V14,int64
hogar,2016,4,V15,int64
hogar,2016,4,V16,int64
hogar,2016,4,V17,int64
hogar,2016,4,V18,int64
hogar,2016,4,V19_A,int64
hogar,2016,4,V19_B,int64
hogar,2016,4,IX_TOT,int64
hogar,2016,4,IX_MEN10,int64
hogar,2016,4,IX_MAYEQ10,int64
hogar,2016,4,ITF,int64
hogar,2016,4,DECIFR,int64
hogar,2016,4,IDECIFR,str
hogar,2016,4,RDECIFR,int64
hogar,2016,4,GDECIFR,str
hogar,2016,4,PDECIFR,str
hogar,2016,4,ADECIFR,int64
hogar,2016,4,IPCF,float64
hogar,2016,4,DECCFR,int64
hogar,2016,4,IDECCFR,str
hogar,2016,4,RDECCFR,int64
hogar,2016,4,GDECCFR,str
hogar,2016,4,PDECCFR,str
hogar,2016,4,ADECCFR,int64
hogar,2016,4,PONDIH,int64
hogar,2016,4,VII1_1,int64
hogar,2016,4,VII1_2,int64
hogar,2016,4,VII2_1,int64
hogar,2016,4,VII2_2,int64
hogar,2016,4,VII2_3,int64
hogar,2016,4,VII2_4,int64
individual,2016,4,CODUSU,string
individual,2016,4,ANO4,Int16
individual,2016,4,TRIMESTRE,Int16
individual,2016,4,NRO_HOGAR,Int16
individual,2016,4,COMPONENTE,Int16
individual,2016,4,H15,int64
individual,2016,4,REGION,int64
individual,2016,4,MAS_500,str
individual,2016,4,AGLOMERADO,Int16
individual,2016,4,PONDERA,int64
individual,2016,4,CH03,int64
individual,2016,4,CH04,int64
individual,2016,4,CH05,str
individual,2016,4,CH06,int64
individual,2016,4,CH07,int64
individual,2016,4,CH08,int64
individual,2016,4,CH09,int64
individual,2016,4,CH10,int64
individual,2016,4,CH11,int64
individual,2016,4,CH12,int64
individual,2016,4,CH13,int64
individual,2016,4,CH14,float64
individual,2016,4,CH15,int64
individual,2016,4,CH15_COD,str
individual,2016,4,CH16,int64
individual,2016,4,CH16_COD,str
individual,2016,4,NIVEL_ED,int64
individual,2016,4,ESTADO,int64
individual,2016,4,CAT_OCUP,int64
individual,2016,4,CAT_INAC,int64
individual,2016,4,IMPUTA,int64
individual,2016,4,PP02C1,int64
individual,2016,4,PP02C2,int64
individual,2016,4,PP02C3,int64
individual,2016,4,PP02C4,int64
individual,2016,4,PP02C5,int64
individual,2016,4,PP02C6,int64
individual,2016,4,PP02C7,int64
individual,2016,4,PP02C8,int64
individual,2016,4,PP02E,int64
individual,2016,4,PP02H,int64
individual,2016,4,PP02I,int64
individual,2016,4,PP03C,float64
individual,2016,4,PP03D,float64
individual,2016,4,PP3E_TOT,float64
individual,2016,4,PP3F_TOT,float64
individual,2016,4,PP03G,float64
individual,2016,4,PP03H,float64
individual,2016,4,PP03I,float64
individual,2016,4,PP03J,float64
individual,2016,4,INTENSI,float64
individual,2016,4,PP04A,float64
individual,2016,4,PP04B_COD,float64
individual,2016,4,PP04B1,float64
individual,2016,4,PP04B2,float64
individual,2016,4,PP04B3_MES,float64
individual,2016,4,PP04B3_ANO,float64
individual,2016,4,PP04B3_DIA,float64
individual,2016,4,PP04C,float64
individual,2016,4,PP04C99,float64
individual,2016,4,PP04D_COD,float64
individual,2016,4,PP04G,float64
individual,2016,4,PP05B2_MES,float64
individual,2016,4,PP05B2_ANO,float64
individual,2016,4,PP05B2_DIA,float64
individual,2016,4,PP05C_1,float64
individual,2016,4,PP05C_2,float64
individual,2016,4,PP05C_3,float64
individual,2016,4,PP05E,float64
individual,2016,4,PP05F,float64
individual,2016,4,PP05H,float64
individual,2016,4,PP06A,float64
individual,2016,4,PP06C,float64
individual,2016,4,PP06D,float64
individual,2016,4,PP06E,float64
individual,2016,4,PP06H,float64
individual,2016,4,PP07A,float64
individual,2016,4,PP07C,float64
individual,2016,4,PP07D,float64
individual,2016,4,PP07E,float64
individual,2016,4,PP07F1,float64
individual,2016,4,PP07F2,float64
individual,2016,4,PP07F3,float64
individual,2016,4,PP07F4,float64
individual,2016,4,PP07F5,float64
individual,2016,4,PP07G1,float64
individual,2016,4,PP07G2,float64
individual,2016,4,PP07G3,float64
individual,2016,4,PP07G4,float64
individual,2016,4,PP07G_59,float64
individual,2016,4,PP07H,float64
individual,2016,4,PP07I,float64
individual,2016,4,PP07J,float64
individual,2016,4,PP07K,float64
individual,2016,4,PP08D1,float64
individual,2016,4,PP08D4,float64
individual,2016,4,PP08F1,float64
individual,2016,4,PP08F2,float64
individual,2016,4,PP08J1,float64
individual,2016,4,PP08J2,float64
individual,2016,4,PP08J3,float64
individual,2016,4,PP09A,float64
individual,2016,4,PP09A_ESP,str
individual,2016,4,PP09B,float64
individual,2016,4,PP09C,float64
individual,2016,4,PP09C_ESP,str
individual,2016,4,PP10A,float64
individual,2016,4,PP10C,float64
individual,2016,4,PP10D,float64
individual,2016,4,PP10E,float64
individual,2016,4,PP11A,float64
individual,2016,4,PP11B_COD,float64
individual,2016,4,PP11B1,float64
individual,2016,4,PP11B2_MES,float64
individual,2016,4,PP11B2_ANO,float64
individual,2016,4,PP11B2_DIA,float64
individual,2016,4,PP11C,float64
individual,2016,4,PP11C99,float64
individual,2016,4,PP11D_COD,float64
individual,2016,4,PP11G_ANO,float64
individual,2016,4,PP11G_MES,float64
individual,2016,4,PP11G_DIA,float64
individual,2016,4,PP11L,float64
individual,2016,4,PP11L1,float64
individual,2016,4,PP11M,float64
individual,2016,4,PP11N,float64
individual,2016,4,PP11O,float64
individual,2016,4,PP11P,float64
individual,2016,4,PP11Q,float64
individual,2016,4,PP11R,float64
individual,2016,4,PP11S,float64
individual,2016,4,PP11T,float64
individual,2016,4,P21,int64
individual,2016,4,DECOCUR,int64
individual,2016,4,IDECOCUR,str
individual,2016,4,RDECOCUR,int64
individual,2016,4,GDECOCUR,str
individual,2016,4,PDECOCUR,str
individual,2016,4,ADECOCUR,int64
individual,2016,4,PONDIIO,int64
individual,2016,4,TOT_P12,int64
individual,2016,4,P47T,float64
individual,2016,4,DECINDR,int64
individual,2016,4,IDECINDR,str
individual,2016,4,RDECINDR,int64
individual,2016,4,GDECINDR,str
individual,2016,4,PDECINDR,str
individual,2016,4,ADECINDR,int64
individual,2016,4,PONDII,int64
individual,2016,4,V2_M,int64
individual,2016,4,V3_M,int64
individual,2016,4,V4_M,int64
individual,2016,4,V5_M,int64
individual,2016,4,V8_M,int64
individual,2016,4,V9_M,int64
individual,2016,4,V10_M,int64
individual,2016,4,V11_M,int64
individual,2016,4,V12_M,int64
individual,2016,4,V18_M,int64
individual,2016,4,V19_AM,int64
individual,2016,4,V21_M,int64
individual,2016,4,T_VI,int64
individual,2016,4,ITF,int64
individual,2016,4,DECIFR,str
individual,2016,4,IDECIFR,str
individual,2016,4,RDECIFR,str
individual,2016,4,GDECIFR,str
individual,2016,4,PDECIFR,str
individual,2016,4,ADECIFR,str
individual,2016,4,IPCF,float64
individual,2016,4,DECCFR,str
individual,2016,4,IDECCFR,str
individual,2016,4,RDECCFR,str
individual,2016,4,GDECCFR,str
individual,2016,4,PDECCFR,str
individual,2016,4,ADECCFR,str
individual,2016,4,PONDIH,int64
hogar,2017,1,CODUSU,string
hogar,2017,1,ANO4,Int16
hogar,2017,1,TRIMESTRE,Int16
hogar,2017,1,NRO_HOGAR,Int16
hogar,2017,1,REALIZADA,int64
hogar,2017,1,REGION,int64
hogar,2017,1,MAS_500,str
hogar,2017,1,AGLOMERADO,Int16
hogar,2017,1,PONDERA,int64
hogar,2017,1,IV1,int64
hogar,2017,1,IV1_ESP,str
hogar,2017,1,IV2,int64
hogar,2017,1,IV3,int64
hogar,2017,1,IV3_ESP,str
hogar,2017,1,IV4,int64
hogar,2017,1,IV5,int64
hogar,2017,1,IV6,int64
hogar,2017,1,IV7,int64
hogar,2017,1,IV7_ESP,str
hogar,2017,1,IV8,int64
hogar,2017,1,IV9,int64
hogar,2017,1,IV10,int64
hogar,2017,1,IV11,int64
hogar,2017,1,IV12_1,int64
hogar,2017,1,IV12_2,int64
hogar,2017,1,IV12_3,int64
hogar,2017,1,II1,int64
hogar,2017,1,II2,int64
hogar,2017,1,II3,int64
hogar,2017,1,II3_1,int64
hogar,2017,1,II4_1,int64
hogar,2017,1,II4_2,int64
hogar,2017,1,II4_3,int64
hogar,2017,1,II5,int64
hogar,2017,1,II5_1,int64
hogar,2017,1,II6,int64
hogar,2017,1,II6_1,int64
hogar,2017,1,II7,int64
hogar,2017,1,II7_ESP,str
hogar,2017,1,II8,int64
hogar,2017,1,II8_ESP,str
hogar,2017,1,II9,int64
hogar,2017,1,V1,int64
hogar,2017,1,V2,int64
hogar,2017,1,V21,int64
hogar,2017,1,V22,int64
hogar,2017,1,V3,int64
hogar,2017,1,V4,int64
hogar,2017,1,V5,int64
hogar,2017,1,V6,int64
hogar,2017,1,V7,int64
hogar,2017,1,V8,int64
hogar,2017,1,V9,int64
hogar,2017,1,V10,int64
hogar,2017,1,V11,int64
hogar,2017,1,V12,int64
hogar,2017,1,V13,int64
hogar,2017,1,V14,int64
hogar,2017,1,V15,int64
hogar,2017,1,V16,int64
hogar,2017,1,V17,int64
hogar,2017,1,V18,int64
hogar,2017,1,V19_A,int64
hogar,2017,1,V19_B,int64
hogar,2017,1,IX_TOT,int64
hogar,2017,1,IX_MEN10,int64
hogar,2017,1,IX_MAYEQ10,int64
hogar,2017,1,ITF,int64
hogar,2017,1,DECIFR,int64
hogar,2017,1,IDECIFR,str
hogar,2017,1,RDECIFR,int64
hogar,2017,1,GDECIFR,str
hogar,2017,1,PDECIFR,str
hogar,2017,1,ADECIFR,int64
hogar,2017,1,IPCF,float64
hogar,2017,1,DECCFR,int64
hogar,2017,1,IDECCFR,str
hogar,2017,1,RDECCFR,int64
hogar,2017,1,GDECCFR,str
hogar,2017,1,PDECCFR,str
hogar,2017,1,ADECCFR,int64
hogar,2017,1,PONDIH,int64
hogar,2017,1,VII1_1,int64
hogar,2017,1,VII1_2,int64
hogar,2017,1,VII2_1,int64
hogar,2017,1,VII2_2,int64
hogar,2017,1,VII2_3,int64
hogar,2017,1,VII2_4,int64
individual,2017,1,CODUSU,string
individual,2017,1,ANO4,Int16
individual,2017,1,TRIMESTRE,Int16
individual,2017,1,NRO_HOGAR,Int16
individual,2017,1,COMPONENTE,Int16
individual,2017,1,H15,int64
individual,2017,1,REGION,int64
individual,2017,1,MAS_500,str
individual,2017,1,AGLOMERADO,Int16
individual,2017,1,PONDERA,int64
individual,2017,1,CH03,int64
individual,2017,1,CH04,int64
individual,2017,1,CH05,str
individual,2017,1,CH06,int64
individual,2017,1,CH07,int64
individual,2017,1,CH08,int64
individual,2017,1,CH09,int64
individual,2017,1,CH10,int64
individual,2017,1,CH11,int64
individual,2017,1,CH12,int64
individual,2017,1,CH13,int64
individual,2017,1,CH14,float64
individual,2017,1,CH15,int64
individual,2017,1,CH15_COD,float64
individual,2017,1,CH16,int64
individual,2017,1,CH16_COD,float64
individual,2017,1,NIVEL_ED,int64
individual,2017,1,ESTADO,int64
individual,2017,1,CAT_OCUP,int64
individual,2017,1,CAT_INAC,int64
individual,2017,1,IMPUTA,int64
individual,2017,1,PP02C1,int64
individual,2017,1,PP02C2,int64
individual,2017,1,PP02C3,int64
individual,2017,1,PP02C4,int64
individual,2017,1,PP02C5,int64
individual,2017,1,PP02C6,int64
individual,2017,1,PP02C7,int64
individual,2017,1,PP02C8,int64
individual,2017,1,PP02E,int64
individual,2017,1,PP02H,int64
individual,2017,1,PP02I,int64
individual,2017,1,PP03C,float64
individual,2017,1,PP03D,float64
individual,2017,1,PP3E_TOT,float64
individual,2017,1,PP3F_TOT,float64
individual,2017,1,PP03G,float64
individual,2017,1,PP03H,float64
individual,2017,1,PP03I,float64
individual,2017,1,PP03J,float64
individual,2017,1,INTENSI,float64
individual,2017,1,PP04A,float64
individual,2017,1,PP04B_COD,float64
individual,2017,1,PP04B1,float64
individual,2017,1,PP04B2,float64
individual,2017,1,PP04B3_MES,float64
individual,2017,1,PP04B3_ANO,float64
individual,2017,1,PP04B3_DIA,float64
individual,2017,1,PP04C,float64
individual,2017,1,PP04C99,float64
individual,2017,1,PP04D_COD,float64
individual,2017,1,PP04G,float64
individual,2017,1,PP05B2_MES,float64
individual,2017,1,PP05B2_ANO,float64
individual,2017,1,PP05B2_DIA,float64
individual,2017,1,PP05C_1,float64
individual,2017,1,PP05C_2,float64
individual,2017,1,PP05C_3,float64
individual,2017,1,PP05E,float64
individual,2017,1,PP05F,float64
individual,2017,1,PP05H,float64
individual,2017,1,PP06A,float64
individual,2017,1,PP06C,float64
individual,2017,1,PP06D,float64
individual,2017,1,PP06E,float64
individual,2017,1,PP06H,float64
individual,2017,1,PP07A,float64
individual,2017,1,PP07C,float64
individual,2017,1,PP07D,float64
individual,2017,1,PP07E,float64
individual,2017,1,PP07F1,float64
individual,2017,1,PP07F2,float64
individual,2017,1,PP07F3,float64
individual,2017,1,PP07F4,float64
individual,2017,1,PP07F5,float64
individual,2017,1,PP07G1,float64
individual,2017,1,PP07G2,float64
individual,2017,1,PP07G3,float64
individual,2017,1,PP07G4,float64
individual,2017,1,PP07G_59,float64
individual,2017,1,PP07H,float64
individual,2017,1,PP07I,float64
individual,2017,1,PP07J,float64
individual,2017,1,PP07K,float64
individual,2017,1,PP08D1,float64
individual,2017,1,PP08D4,float64
individual,2017,1,PP08F1,float64
individual,2017,1,PP08F2,float64
individual,2017,1,PP08J1,float64
individual,2017,1,PP08J2,float64
individual,2017,1,PP08J3,float64
individual,2017,1,PP09A,float64
individual,2017,1,PP09A_ESP,str
individual,2017,1,PP09B,float64
individual,2017,1,PP09C,float64
individual,2017,1,PP09C_ESP,str
individual,2017,1,PP10A,float64
individual,2017,1,PP10C,float64
individual,2017,1,PP10D,float64
individual,2017,1,PP10E,float64
individual,2017,1,PP11A,float64
individual,2017,1,PP11B_COD,float64
individual,2017,1,PP11B1,float64
individual,2017,1,PP11B2_MES,float64
individual,2017,1,PP11B2_ANO,float64
individual,2017,1,PP11B2_DIA,float64
individual,2017,1,PP11C,float64
individual,2017,1,PP11C99,float64
individual,2017,1,PP11D_COD,float64
individual,2017,1,PP11G_ANO,float64
individual,2017,1,PP11G_MES,float64
individual,2017,1,PP11G_DIA,float64
individual,2017,1,PP11L,float64
individual,2017,1,PP11L1,float64
individual,2017,1,PP11M,float64
individual,2017,1,PP11N,float64
individual,2017,1,PP11O,float64
individual,2017,1,PP11P,float64
individual,2017,1,PP11Q,float64
individual,2017,1,PP11R,float64
individual,2017,1,PP11S,float64
individual,2017,1,PP11T,float64
individual,2017,1,P21,int64
individual,2017,1,DECOCUR,int64
individual,2017,1,IDECOCUR,str
individual,2017,1,RDECOCUR,int64
individual,2017,1,GDECOCUR,str
individual,2017,1,PDECOCUR,str
individual,2017,1,ADECOCUR,int64
individual,2017,1,PONDIIO,int64
individual,2017,1,TOT_P12,int64
individual,2017,1,P47T,float64
individual,2017,1,DECINDR,int64
individual,2017,1,IDECINDR,str
individual,2017,1,RDECINDR,int64
individual,2017,1,GDECINDR,str
individual,2017,1,PDECINDR,str
individual,2017,1,ADECINDR,int64
individual,2017,1,PONDII,int64
individual,2017,1,V2_M,int64
individual,2017,1,V3_M,int64
individual,2017,1,V4_M,int64
individual,2017,1,V5_M,int64
individual,2017,1,V8_M,int64
individual,2017,1,V9_M,int64
individual,2017,1,V10_M,int64
individual,2017,1,V11_M,int64
individual,2017,1,V12_M,int64
individual,2017,1,V18_M,int64
individual,2017,1,V19_AM,int64
individual,2017,1,V21_M,int64
individual,2017,1,T_VI,int64
individual,2017,1,ITF,int64
individual,2017,1,DECIFR,str
individual,2017,1,IDECIFR,str
individual,2017,1,RDECIFR,str
individual,2017,1,GDECIFR,str
individual,2017,1,PDECIFR,str
individual,2017,1,ADECIFR,str
individual,2017,1,IPCF,float64
individual,2017,1,DECCFR,str
individual,2017,1,IDECCFR,str
individual,2017,1,RDECCFR,str
individual,2017,1,GDECCFR,str
individual,2017,1,PDECCFR,str
individual,2017,1,ADECCFR,str
individual,2017,1,PONDIH,int64
hogar,2017,2,CODUSU,string
hogar,2017,2,ANO4,Int16
hogar,2017,2,TRIMESTRE,Int16
hogar,2017,2,NRO_HOGAR,Int16
hogar,2017,2,REALIZADA,int64
hogar,2017,2,REGION,int64
hogar,2017,2,MAS_500,str
hogar,2017,2,AGLOMERADO,Int16
hogar,2017,2,PONDERA,int64
hogar,2017,2,IV1,int64
hogar,2017,2,IV1_ESP,str
hogar,2017,2,IV2,int64
hogar,2017,2,IV3,int64
hogar,2017,2,IV3_ESP,str
hogar,2017,2,IV4,int64
hogar,2017,2,IV5,int64
hogar,2017,2,IV6,int64
hogar,2017,2,IV7,int64
hogar,2017,2,IV7_ESP,str
hogar,2017,2,IV8,int64
hogar,2017,2,IV9,int64
hogar,2017,2,IV10,int64
hogar,2017,2,IV11,int64
hogar,2017,2,IV12_1,int64
hogar,2017,2,IV12_2,int64
hogar,2017,2,IV12_3,int64
hogar,2017,2,II1,int64
hogar,2017,2,II2,int64
hogar,2017,2,II3,int64
hogar,2017,2,II3_1,int64
hogar,2017,2,II4_1,int64
hogar,2017,2,II4_2,int64
hogar,2017,2,II4_3,int64
hogar,2017,2,II5,int64
hogar,2017,2,II5_1,int64
hogar,2017,2,II6,int64
hogar,2017,2,II6_1,int64
hogar,2017,2,II7,int64
hogar,2017,2,II7_ESP,str
hogar,2017,2,II8,int64
hogar,2017,2,II8_ESP,str
hogar,2017,2,II9,int64
hogar,2017,2,V1,int64
hogar,2017,2,V2,int64
hogar,2017,2,V21,int64
hogar,2017,2,V22,int64
hogar,2017,2,V3,int64
hogar,2017,2,V4,int64
hogar,2017,2,V5,int64
hogar,2017,2,V6,int64
hogar,2017,2,V7,int64
hogar,2017,2,V8,int64
hogar,2017,2,V9,int64
hogar,2017,2,V10,int64
hogar,2017,2,V11,int64
hogar,2017,2,V12,int64
hogar,2017,2,V13,int64
hogar,2017,2,V14,int64
hogar,2017,2,V15,int64
hogar,2017,2,V16,int64
hogar,2017,2,V17,int64
hogar,2017,2,V18,int64
hogar,2017,2,V19_A,int64
hogar,2017,2,V19_B,int64
hogar,2017,2,IX_TOT,int64
hogar,2017,2,IX_MEN10,int64
hogar,2017,2,IX_MAYEQ10,int64
hogar,2017,2,ITF,int64
hogar,2017,2,DECIFR,int64
hogar,2017,2,IDECIFR,str
hogar,2017,2,RDECIFR,int64
hogar,2017,2,GDECIFR,str
hogar,2017,2,PDECIFR,str
hogar,2017,2,ADECIFR,int64
hogar,2017,2,IPCF,float64
hogar,2017,2,DECCFR,int64
hogar,2017,2,IDECCFR,str
hogar,2017,2,RDECCFR,int64
hogar,2017,2,GDECCFR,str
hogar,2017,2,PDECCFR,str
hogar,2017,2,ADECCFR,int64
hogar,2017,2,PONDIH,int64
hogar,2017,2,VII1_1,int64
hogar,2017,2,VII1_2,int64
hogar,2017,2,VII2_1,int64
hogar,2017,2,VII2_2,int64
hogar,2017,2,VII2_3,int64
hogar,2017,2,VII2_4,int64
individual,2017,2,CODUSU,string
individual,2017,2,ANO4,Int16
individual,2017,2,TRIMESTRE,Int16
individual,2017,2,NRO_HOGAR,Int16
individual,2017,2,COMPONENTE,Int16
individual,2017,2,H15,int64
individual,2017,2,REGION,int64
individual,2017,2,MAS_500,str
individual,2017,2,AGLOMERADO,Int16
individual,2017,2,PONDERA,int64
individual,2017,2,CH03,int64
individual,2017,2,CH04,int64
individual,2017,2,CH05,str
individual,2017,2,CH06,int64
individual,2017,2,CH07,int64
individual,2017,2,CH08,int64
individual,2017,2,CH09,int64
individual,2017,2,CH10,int64
individual,2017,2,CH11,int64
individual,2017,2,CH12,int64
individual,2017,2,CH13,int64
individual,2017,2,CH14,float64
individual,2017,2,CH15,int64
individual,2017,2,CH15_COD,float64
individual,2017,2,CH16,int64
individual,2017,2,CH16_COD,float64
individual,2017,2,NIVEL_ED,int64
individual,2017,2,ESTADO,int64
individual,2017,2,CAT_OCUP,int64
individual,2017,2,CAT_INAC,int64
individual,2017,2,IMPUTA,int64
individual,2017,2,PP02C1,int64
individual,2017,2,PP02C2,int64
individual,2017,2,PP02C3,int64
individual,2017,2,PP02C4,int64
individual,2017,2,PP02C5,int64
individual,2017,2,PP02C6,int64
individual,2017,2,PP02C7,int64
individual,2017,2,PP02C8,int64
individual,2017,2,PP02E,int64
individual,2017,2,PP02H,int64
individual,2017,2,PP02I,int64
individual,2017,2,PP03C,float64
individual,2017,2,PP03D,float64
individual,2017,2,PP3E_TOT,float64
individual,2017,2,PP3F_TOT,float64
individual,2017,2,PP03G,float64
individual,2017,2,PP03H,float64
individual,2017,2,PP03I,float64
individual,2017,2,PP03J,float64
individual,2017,2,INTENSI,float64
individual,2017,2,PP04A,float64
individual,2017,2,PP04B_COD,float64
individual,2017,2,PP04B1,float64
individual,2017,2,PP04B2,float64
individual,2017,2,PP04B3_MES,float64
individual,2017,2,PP04B3_ANO,float64
individual,2017,2,PP04B3_DIA,float64
individual,2017,2,PP04C,float64
individual,2017,2,PP04C99,float64
individual,2017,2,PP04D_COD,float64
individual,2017,2,PP04G,float64
individual,2017,2,PP05B2_MES,float64
individual,2017,2,PP05B2_ANO,float64
individual,2017,2,PP05B2_DIA,float64
individual,2017,2,PP05C_1,float64
individual,2017,2,PP05C_2,float64
individual,2017,2,PP05C_3,float64
individual,2017,2,PP05E,float64
individual,2017,2,PP05F,float64
individual,2017,2,PP05H,float64
individual,2017,2,PP06A,float64
individual,2017,2,PP06C,float64
individual,2017,2,PP06D,float64
individual,2017,2,PP06E,float64
individual,2017,2,PP06H,float64
individual,2017,2,PP07A,float64
individual,2017,2,PP07C,float64
individual,2017,2,PP07D,float64
individual,2017,2,PP07E,float64
individual,2017,2,PP07F1,float64
individual,2017,2,PP07F2,float64
individual,2017,2,PP07F3,float64
individual,2017,2,PP07F4,float64
individual,2017,2,PP07F5,float64
individual,2017,2,PP07G1,float64
individual,2017,2,PP07G2,float64
individual,2017,2,PP07G3,float64
individual,2017,2,PP07G4,float64
individual,2017,2,PP07G_59,float64
individual,2017,2,PP07H,float64
individual,2017,2,PP07I,float64
individual,2017,2,PP07J,float64
individual,2017,2,PP07K,float64
individual,2017,2,PP08D1,float64
individual,2017,2,PP08D4,float64
individual,2017,2,PP08F1,float64
individual,2017,2,PP08F2,float64
individual,2017,2,PP08J1,float64
individual,2017,2,PP08J2,float64
individual,2017,2,PP08J3,float64
individual,2017,2,PP09A,float64
individual,2017,2,PP09A_ESP,str
individual,2017,2,PP09B,float64
individual,2017,2,PP09C,float64
individual,2017,2,PP09C_ESP,str
individual,2017,2,PP10A,float64
individual,2017,2,PP10C,float64
individual,2017,2,PP10D,float64
individual,2017,2,PP10E,float64
individual,2017,2,PP11A,float64
individual,2017,2,PP11B_COD,float64
individual,2017,2,PP11B1,float64
individual,2017,2,PP11B2_MES,float64
individual,2017,2,PP11B2_ANO,float64
individual,2017,2,PP11B2_DIA,float64
individual,2017,2,PP11C,float64
individual,2017,2,PP11C99,float64
individual,2017,2,PP11D_COD,float64
individual,2017,2,PP11G_ANO,float64
individual,2017,2,PP11G_MES,float64
individual,2017,2,PP11G_DIA,float64
individual,2017,2,PP11L,float64
individual,2017,2,PP11L1,float64
individual,2017,2,PP11M,float64
individual,2017,2,PP11N,float64
individual,2017,2,PP11O,float64
individual,2017,2,PP11P,float64
individual,2017,2,PP11Q,float64
individual,2017,2,PP11R,float64
individual,2017,2,PP11S,float64
individual,2017,2,PP11T,float64
individual,2017,2,P21,int64
individual,2017,2,DECOCUR,int64
individual,2017,2,IDECOCUR,str
individual,2017,2,RDECOCUR,int64
individual,2017,2,GDECOCUR,str
individual,2017,2,PDECOCUR,str
individual,2017,2,ADECOCUR,int64
individual,2017,2,PONDIIO,int64
individual,2017,2,TOT_P12,int64
individual,2017,2,P47T,float64
individual,2017,2,DECINDR,int64
individual,2017,2,IDECINDR,str
individual,2017,2,RDECINDR,int64
individual,2017,2,GDECINDR,str
individual,2017,2,PDECINDR,str
individual,2017,2,ADECINDR,int64
individual,2017,2,PONDII,int64
individual,2017,2,V2_M,int64
individual,2017,2,V3_M,int64
individual,2017,2,V4_M,int64
individual,2017,2,V5_M,int64
individual,2017,2,V8_M,int64
individual,2017,2,V9_M,int64
individual,2017,2,V10_M,int64
individual,2017,2,V11_M,int64
individual,2017,2,V12_M,int64
individual,2017,2,V18_M,int64
individual,2017,2,V19_AM,int64
individual,2017,2,V21_M,int64
individual,2017,2,T_VI,int64
individual,2017,2,ITF,int64
individual,2017,2,DECIFR,str
individual,2017,2,IDECIFR,str
individual,2017,2,RDECIFR,str
individual,2017,2,GDECIFR,str
individual,2017,2,PDECIFR,str
individual,2017,2,ADECIFR,str
individual,2017,2,IPCF,float64
individual,2017,2,DECCFR,str
individual,2017,2,IDECCFR,str
individual,2017,2,RDECCFR,str
individual,2017,2,GDECCFR,str
individual,2017,2,PDECCFR,str
individual,2017,2,ADECCFR,str
individual,2017,2,PONDIH,int64
hogar,2017,3,CODUSU,string
hogar,2017,3,ANO4,Int16
hogar,2017,3,TRIMESTRE,Int16
hogar,2017,3,NRO_HOGAR,Int16
hogar,2017,3,REALIZADA,int64
hogar,2017,3,REGION,int64
hogar,2017,3,MAS_500,str
hogar,2017,3,AGLOMERADO,Int16
hogar,2017,3,PONDERA,int64
hogar,2017,3,IV1,int64
hogar,2017,3,IV1_ESP,str
hogar,2017,3,IV2,int64
hogar,2017,3,IV3,int64
hogar,2017,3,IV3_ESP,str
hogar,2017,3,IV4,int64
hogar,2017,3,IV5,int64
hogar,2017,3,IV6,int64
hogar,2017,3,IV7,int64
hogar,2017,3,IV7_ESP,str
hogar,2017,3,IV8,int64
hogar,2017,3,IV9,int64
hogar,2017,3,IV10,int64
hogar,2017,3,IV11,int64
hogar,2017,3,IV12_1,int64
hogar,2017,3,IV12_2,int64
hogar,2017,3,IV12_3,int64
hogar,2017,3,II1,int64
hogar,2017,3,II2,int64
hogar,2017,3,II3,int64
hogar,2017,3,II3_1,int64
hogar,2017,3,II4_1,int64
hogar,2017,3,II4_2,int64
hogar,2017,3,II4_3,int64
hogar,2017,3,II5,int64
hogar,2017,3,II5_1,int64
hogar,2017,3,II6,int64
hogar,2017,3,II6_1,int64
hogar,2017,3,II7,int64
hogar,2017,3,II7_ESP,str
hogar,2017,3,II8,int64
hogar,2017,3,II8_ESP,str
hogar,2017,3,II9,int64
hogar,2017,3,V1,int64
hogar,2017,3,V2,int64
hogar,2017,3,V21,int64
hogar,2017,3,V22,int64
hogar,2017,3,V3,int64
hogar,2017,3,V4,int64
hogar,2017,3,V5,int64
hogar,2017,3,V6,int64
hogar,2017,3,V7,int64
hogar,2017,3,V8,int64
hogar,2017,3,V9,int64
hogar,2017,3,V10,int64
hogar,2017,3,V11,int64
hogar,2017,3,V12,int64
hogar,2017,3,V13,int64
hogar,2017,3,V14,int64
hogar,2017,3,V15,int64
hogar,2017,3,V16,int64
hogar,2017,3,V17,int64
hogar,2017,3,V18,int64
hogar,2017,3,V19_A,int64
hogar,2017,3,V19_B,int64
hogar,2017,3,IX_TOT,int64
hogar,2017,3,IX_MEN10,int64
hogar,2017,3,IX_MAYEQ10,int64
hogar,2017,3,ITF,int64
hogar,2017,3,DECIFR,int64
hogar,2017,3,IDECIFR,str
hogar,2017,3,RDECIFR,int64
hogar,2017,3,GDECIFR,str
hogar,2017,3,PDECIFR,str
hogar,2017,3,ADECIFR,int64
hogar,2017,3,IPCF,float64
hogar,2017,3,DECCFR,int64
hogar,2017,3,IDECCFR,str
hogar,2017,3,RDECCFR,int64
hogar,2017,3,GDECCFR,str
hogar,2017,3,PDECCFR,str
hogar,2017,3,ADECCFR,int64
hogar,2017,3,PONDIH,int64
hogar,2017,3,VII1_1,int64
hogar,2017,3,VII1_2,int64
hogar,2017,3,VII2_1,int64
hogar,2017,3,VII2_2,int64
hogar,2017,3,VII2_3,int64
hogar,2017,3,VII2_4,int64
individual,2017,3,CODUSU,string
individual,2017,3,ANO4,Int16
individual,2017,3,TRIMESTRE,Int16
individual,2017,3,NRO_HOGAR,Int16
individual,2017,3,COMPONENTE,Int16
individual,2017,3,H15,int64
individual,2017,3,REGION,int64
individual,2017,3,MAS_500,str
individual,2017,3,AGLOMERADO,Int16
individual,2017,3,PONDERA,int64
individual,2017,3,CH03,int64
individual,2017,3,CH04,int64
individual,2017,3,CH05,str
individual,2017,3,CH06,int64
individual,2017,3,CH07,int64
individual,2017,3,CH08,int64
individual,2017,3,CH09,int64
individual,2017,3,CH10,int64
individual,2017,3,CH11,int64
individual,2017,3,CH12,int64
individual,2017,3,CH13,int64
individual,2017,3,CH14,float64
individual,2017,3,CH15,int64
individual,2017,3,CH15_COD,float64
individual,2017,3,CH16,int64
individual,2017,3,CH16_COD,float64
individual,2017,3,NIVEL_ED,int64
individual,2017,3,ESTADO,int64
individual,2017,3,CAT_OCUP,float64
individual,2017,3,CAT_INAC,int64
individual,2017,3,IMPUTA,float64
individual,2017,3,PP02C1,int64
individual,2017,3,PP02C2,int64
individual,2017,3,PP02C3,int64
individual,2017,3,PP02C4,int64
individual,2017,3,PP02C5,int64
individual,2017,3,PP02C6,int64
individual,2017,3,PP02C7,int64
individual,2017,3,PP02C8,int64
individual,2017,3,PP02E,int64
individual,2017,3,PP02H,float64
individual,2017,3,PP02I,float64
individual,2017,3,PP03C,float64
individual,2017,3,PP03D,float64
individual,2017,3,PP3E_TOT,float64
individual,2017,3,PP3F_TOT,float64
individual,2017,3,PP03G,float64
individual,2017,3,PP03H,float64
individual,2017,3,PP03I,float64
individual,2017,3,PP03J,float64
individual,2017,3,INTENSI,float64
individual,2017,3,PP04A,float64
individual,2017,3,PP04B_COD,float64
individual,2017,3,PP04B1,float64
individual,2017,3,PP04B2,float64
individual,2017,3,PP04B3_MES,float64
individual,2017,3,PP04B3_ANO,float64
individual,2017,3,PP04B3_DIA,float64
individual,2017,3,PP04C,float64
individual,2017,3,PP04C99,float64
individual,2017,3,PP04D_COD,float64
individual,2017,3,PP04G,float64
individual,2017,3,PP05B2_MES,float64
individual,2017,3,PP05B2_ANO,float64
individual,2017,3,PP05B2_DIA,float64
individual,2017,3,PP05C_1,float64
individual,2017,3,PP05C_2,float64
individual,2017,3,PP05C_3,float64
individual,2017,3,PP05E,float64
individual,2017,3,PP05F,float64
individual,2017,3,PP05H,float64
individual,2017,3,PP06A,float64
individual,2017,3,PP06C,float64
individual,2017,3,PP06D,float64
individual,2017,3,PP06E,float64
individual,2017,3,PP06H,float64
individual,2017,3,PP07A,float64
individual,2017,3,PP07C,float64
individual,2017,3,PP07D,float64
individual,2017,3,PP07E,float64
individual,2017,3,PP07F1,float64
individual,2017,3,PP07F2,float64
individual,2017,3,PP07F3,float64
individual,2017,3,PP07F4,float64
individual,2017,3,PP07F5,float64
individual,2017,3,PP07G1,float64
individual,2017,3,PP07G2,float64
individual,2017,3,PP07G3,float64
individual,2017,3,PP07G4,float64
individual,2017,3,PP07G_59,float64
individual,2017,3,PP07H,float64
individual,2017,3,PP07I,float64
individual,2017,3,PP07J,float64
individual,2017,3,PP07K,float64
individual,2017,3,PP08D1,float64
individual,2017,3,PP08D4,float64
individual,2017,3,PP08F1,float64
individual,2017,3,PP08F2,float64
individual,2017,3,PP08J1,float64
individual,2017,3,PP08J2,float64
individual,2017,3,PP08J3,float64
individual,2017,3,PP09A,float64
individual,2017,3,PP09A_ESP,str
individual,2017,3,PP09B,float64
individual,2017,3,PP09C,float64
individual,2017,3,PP09C_ESP,str
individual,2017,3,PP10A,float64
individual,2017,3,PP10C,float64
individual,2017,3,PP10D,float64
individual,2017,3,PP10E,float64
individual,2017,3,PP11A,float64
individual,2017,3,PP11B_COD,float64
individual,2017,3,PP11B1,float64
individual,2017,3,PP11B2_MES,float64
individual,2017,3,PP11B2_ANO,float64
individual,2017,3,PP11B2_DIA,float64
individual,2017,3,PP11C,float64
individual,2017,3,PP11C99,float64
individual,2017,3,PP11D_COD,float64
individual,2017,3,PP11G_ANO,float64
individual,2017,3,PP11G_MES,float64
individual,2017,3,PP11G_DIA,float64
individual,2017,3,PP11L,float64
individual,2017,3,PP11L1,float64
individual,2017,3,PP11M,float64
individual,2017,3,PP11N,float64
individual,2017,3,PP11O,float64
individual,2017,3,PP11P,float64
individual,2017,3,PP11Q,float64
individual,2017,3,PP11R,float64
individual,2017,3,PP11S,float64
individual,2017,3,PP11T,float64
individual,2017,3,P21,int64
individual,2017,3,DECOCUR,int64
individual,2017,3,IDECOCUR,str
individual,2017,3,RDECOCUR,int64
individual,2017,3,GDECOCUR,str
individual,2017,3,PDECOCUR,str
individual,2017,3,ADECOCUR,int64
individual,2017,3,PONDIIO,int64
individual,2017,3,TOT_P12,int64
individual,2017,3,P47T,float64
individual,2017,3,DECINDR,int64
individual,2017,3,IDECINDR,str
individual,2017,3,RDECINDR,int64
individual,2017,3,GDECINDR,str
individual,2017,3,PDECINDR,str
individual,2017,3,ADECINDR,int64
individual,2017,3,PONDII,int64
individual,2017,3,V2_M,int64
individual,2017,3,V3_M,int64
individual,2017,3,V4_M,int64
individual,2017,3,V5_M,int64
individual,2017,3,V8_M,int64
individual,2017,3,V9_M,int64
individual,2017,3,V10_M,int64
individual,2017,3,V11_M,int64
individual,2017,3,V12_M,int64
individual,2017,3,V18_M,int64
individual,2017,3,V19_AM,int64
individual,2017,3,V21_M,int64
individual,2017,3,T_VI,int64
individual,2017,3,ITF,int64
individual,2017,3,DECIFR,str
individual,2017,3,IDECIFR,str
individual,2017,3,RDECIFR,str
individual,2017,3,GDECIFR,str
individual,2017,3,PDECIFR,str
individual,2017,3,ADECIFR,str
individual,2017,3,IPCF,float64
individual,2017,3,DECCFR,str
individual,2017,3,IDECCFR,str
individual,2017,3,RDECCFR,str
individual,2017,3,GDECCFR,str
individual,2017,3,PDECCFR,str
individual,2017,3,ADECCFR,str
individual,2017,3,PONDIH,int64
hogar,2017,4,CODUSU,string
hogar,2017,4,ANO4,Int16
hogar,2017,4,TRIMESTRE,Int16
hogar,2017,4,NRO_HOGAR,Int16
hogar,2017,4,REALIZADA,int64
hogar,2017,4,REGION,int64
hogar,2017,4,MAS_500,str
hogar,2017,4,AGLOMERADO,Int16
hogar,2017,4,PONDERA,int64
hogar,2017,4,IV1,int64
hogar,2017,4,IV1_ESP,str
hogar,2017,4,IV2,int64
hogar,2017,4,IV3,int64
hogar,2017,4,IV3_ESP,str
hogar,2017,4,IV4,int64
hogar,2017,4,IV5,int64
hogar,2017,4,IV6,int64
hogar,2017,4,IV7,int64
hogar,2017,4,IV7_ESP,str
hogar,2017,4,IV8,int64
hogar,2017,4,IV9,float64
hogar,2017,4,IV10,float64
hogar,2017,4,IV11,float64
hogar,2017,4,IV12_1,int64
hogar,2017,4,IV12_2,int64
hogar,2017,4,IV12_3,int64
hogar,2017,4,II1,int64
hogar,2017,4,II2,int64
hogar,2017,4,II3,int64
hogar,2017,4,II3_1,int64
hogar,2017,4,II4_1,int64
hogar,2017,4,II4_2,int64
hogar,2017,4,II4_3,int64
hogar,2017,4,II5,float64
hogar,2017,4,II5_1,float64
hogar,2017,4,II6,float64
hogar,2017,4,II6_1,float64
hogar,2017,4,II7,int64
hogar,2017,4,II7_ESP,str
hogar,2017,4,II8,int64
hogar,2017,4,II8_ESP,str
hogar,2017,4,II9,int64
hogar,2017,4,V1,int64
hogar,2017,4,V2,int64
hogar,2017,4,V21,int64
hogar,2017,4,V22,int64
hogar,2017,4,V3,int64
hogar,2017,4,V4,int64
hogar,2017,4,V5,int64
hogar,2017,4,V6,int64
hogar,2017,4,V7,int64
hogar,2017,4,V8,int64
hogar,2017,4,V9,int64
hogar,2017,4,V10,int64
hogar,2017,4,V11,int64
hogar,2017,4,V12,int64
hogar,2017,4,V13,int64
hogar,2017,4,V14,int64
hogar,2017,4,V15,int64
hogar,2017,4,V16,int64
hogar,2017,4,V17,int64
hogar,2017,4,V18,int64
hogar,2017,4,V19_A,int64
hogar,2017,4,V19_B,int64
hogar,2017,4,IX_TOT,int64
hogar,2017,4,IX_MEN10,int64
hogar,2017,4,IX_MAYEQ10,int64
hogar,2017,4,ITF,int64
hogar,2017,4,DECIFR,int64
hogar,2017,4,IDECIFR,str
hogar,2017,4,RDECIFR,int64
hogar,2017,4,GDECIFR,str
hogar,2017,4,PDECIFR,str
hogar,2017,4,ADECIFR,int64
hogar,2017,4,IPCF,float64
hogar,2017,4,DECCFR,int64
hogar,2017,4,IDECCFR,str
hogar,2017,4,RDECCFR,int64
hogar,2017,4,GDECCFR,str
hogar,2017,4,PDECCFR,str
hogar,2017,4,ADECCFR,int64
hogar,2017,4,PONDIH,int64
hogar,2017,4,VII1_1,int64
hogar,2017,4,VII1_2,int64
hogar,2017,4,VII2_1,int64
hogar,2017,4,VII2_2,int64
hogar,2017,4,VII2_3,int64
hogar,2017,4,VII2_4,int64
individual,2017,4,CODUSU,string
individual,2017,4,ANO4,Int16
individual,2017,4,TRIMESTRE,Int16
individual,2017,4,NRO_HOGAR,Int16
individual,2017,4,COMPONENTE,Int16
individual,2017,4,H15,int64
individual,2017,4,REGION,int64
individual,2017,4,MAS_500,str
individual,2017,4,AGLOMERADO,Int16
individual,2017,4,PONDERA,int64
individual,2017,4,CH03,int64
individual,2017,4,CH04,int64
individual,2017,4,CH05,str
individual,2017,4,CH06,int64
individual,2017,4,CH07,int64
individual,2017,4,CH08,int64
individual,2017,4,CH09,int64
individual,2017,4,CH10,int64
individual,2017,4,CH11,int64
individual,2017,4,CH12,int64
individual,2017,4,CH13,int64
individual,2017,4,CH14,float64
individual,2017,4,CH15,int64
individual,2017,4,CH15_COD,float64
individual,2017,4,CH16,int64
individual,2017,4,CH16_COD,float64
individual,2017,4,NIVEL_ED,int64
individual,2017,4,ESTADO,int64
individual,2017,4,CAT_OCUP,float64
individual,2017,4,CAT_INAC,float64
individual,2017,4,IMPUTA,float64
individual,2017,4,PP02C1,int64
individual,2017,4,PP02C2,int64
individual,2017,4,PP02C3,int64
individual,2017,4,PP02C4,int64
individual,2017,4,PP02C5,int64
individual,2017,4,PP02C6,int64
individual,2017,4,PP02C7,int64
individual,2017,4,PP02C8,int64
individual,2017,4,PP02E,int64
individual,2017,4,PP02H,int64
individual,2017,4,PP02I,int64
individual,2017,4,PP03C,float64
individual,2017,4,PP03D,float64
individual,2017,4,PP3E_TOT,float64
individual,2017,4,PP3F_TOT,float64
individual,2017,4,PP03G,float64
individual,2017,4,PP03H,float64
individual,2017,4,PP03I,float64
individual,2017,4,PP03J,float64
individual,2017,4,INTENSI,float64
individual,2017,4,PP04A,float64
individual,2017,4,PP04B_COD,float64
individual,2017,4,PP04B1,float64
individual,2017,4,PP04B2,float64
individual,2017,4,PP04B3_MES,float64
individual,2017,4,PP04B3_ANO,float64
individual,2017,4,PP04B3_DIA,float64
individual,2017,4,PP04C,float64
individual,2017,4,PP04C99,float64
individual,2017,4,PP04D_COD,float64
individual,2017,4,PP04G,float64
individual,2017,4,PP05B2_MES,float64
individual,2017,4,PP05B2_ANO,float64
individual,2017,4,PP05B2_DIA,float64
individual,2017,4,PP05C_1,float64
individual,2017,4,PP05C_2,float64
individual,2017,4,PP05C_3,float64
individual,2017,4,PP05E,float64
individual,2017,4,PP05F,float64
individual,2017,4,PP05H,float64
individual,2017,4,PP06A,float64
individual,2017,4,PP06C,float64
individual,2017,4,PP06D,float64
individual,2017,4,PP06E,float64
individual,2017,4,PP06H,float64
individual,2017,4,PP07A,float64
individual,2017,4,PP07C,float64
individual,2017,4,PP07D,float64
individual,2017,4,PP07E,float64
individual,2017,4,PP07F1,float64
individual,2017,4,PP07F2,float64
individual,2017,4,PP07F3,float64
individual,2017,4,PP07F4,float64
individual,2017,4,PP07F5,float64
individual,2017,4,PP07G1,float64
individual,2017,4,PP07G2,float64
individual,2017,4,PP07G3,float64
individual,2017,4,PP07G4,float64
individual,2017,4,PP07G_59,float64
individual,2017,4,PP07H,float64
individual,2017,4,PP07I,float64
individual,2017,4,PP07J,float64
individual,2017,4,PP07K,float64
individual,2017,4,PP08D1,float64
individual,2017,4,PP08D4,float64
individual,2017,4,PP08F1,float64
individual,2017,4,PP08F2,float64
individual,2017,4,PP08J1,float64
individual,2017,4,PP08J2,float64
individual,2017,4,PP08J3,float64
individual,2017,4,PP09A,float64
individual,2017,4,PP09A_ESP,str
individual,2017,4,PP09B,float64
individual,2017,4,PP09C,float64
individual,2017,4,PP09C_ESP,str
individual,2017,4,PP10A,float64
individual,2017,4,PP10C,float64
individual,2017,4,PP10D,float64
individual,2017,4,PP10E,float64
individual,2017,4,PP11A,float64
individual,2017,4,PP11B_COD,float64
individual,2017,4,PP11B1,float64
individual,2017,4,PP11B2_MES,float64
individual,2017,4,PP11B2_ANO,float64
individual,2017,4,PP11B2_DIA,float64
individual,2017,4,PP11C,float64
individual,2017,4,PP11C99,float64
individual,2017,4,PP11D_COD,float64
individual,2017,4,PP11G_ANO,float64
individual,2017,4,PP11G_MES,float64
individual,2017,4,PP11G_DIA,float64
individual,2017,4,PP11L,float64
individual,2017,4,PP11L1,float64
individual,2017,4,PP11M,float64
individual,2017,4,PP11N,float64
individual,2017,4,PP11O,float64
individual,2017,4,PP11P,float64
individual,2017,4,PP11Q,float64
individual,2017,4,PP11R,float64
individual,2017,4,PP11S,float64
individual,2017,4,PP11T,float64
individual,2017,4,P21,int64
individual,2017,4,DECOCUR,int64
individual,2017,4,IDECOCUR,str
individual,2017,4,RDECOCUR,int64
individual,2017,4,GDECOCUR,str
individual,2017,4,PDECOCUR,str
individual,2017,4,ADECOCUR,int64
individual,2017,4,PONDIIO,int64
individual,2017,4,TOT_P12,int64
individual,2017,4,P47T,float64
individual,2017,4,DECINDR,int64
individual,2017,4,IDECINDR,str
individual,2017,4,RDECINDR,int64
individual,2017,4,GDECINDR,str
individual,2017,4,PDECINDR,str
individual,2017,4,ADECINDR,int64
individual,2017,4,PONDII,int64
individual,2017,4,V2_M,int64
individual,2017,4,V3_M,int64
individual,2017,4,V4_M,int64
individual,2017,4,V5_M,int64
individual,2017,4,V8_M,int64
individual,2017,4,V9_M,int64
individual,2017,4,V10_M,int64
individual,2017,4,V11_M,int64
individual,2017,4,V12_M,int64
individual,2017,4,V18_M,int64
individual,2017,4,V19_AM,int64
individual,2017,4,V21_M,int64
individual,2017,4,T_VI,int64
individual,2017,4,ITF,int64
individual,2017,4,DECIFR,str
individual,2017,4,IDECIFR,str
individual,2017,4,RDECIFR,str
individual,2017,4,GDECIFR,str
individual,2017,4,PDECIFR,str
individual,2017,4,ADECIFR,str
individual,2017,4,IPCF,float64
individual,2017,4,DECCFR,str
individual,2017,4,IDECCFR,str
individual,2017,4,RDECCFR,str
individual,2017,4,GDECCFR,str
individual,2017,4,PDECCFR,str
individual,2017,4,ADECCFR,str
individual,2017,4,PONDIH,int64
hogar,2018,1,CODUSU,string
hogar,2018,1,ANO4,Int16
hogar,2018,1,TRIMESTRE,Int16
hogar,2018,1,NRO_HOGAR,Int16
hogar,2018,1,REALIZADA,int64
hogar,2018,1,REGION,int64
hogar,2018,1,MAS_500,str
hogar,2018,1,AGLOMERADO,Int16
hogar,2018,1,PONDERA,int64
hogar,2018,1,IV1,int64
hogar,2018,1,IV1_ESP,str
hogar,2018,1,IV2,int64
hogar,2018,1,IV3,int64
hogar,2018,1,IV3_ESP,str
hogar,2018,1,IV4,int64
hogar,2018,1,IV5,int64
hogar,2018,1,IV6,int64
hogar,2018,1,IV7,int64
hogar,2018,1,IV7_ESP,str
hogar,2018,1,IV8,int64
hogar,2018,1,IV9,int64
hogar,2018,1,IV10,int64
hogar,2018,1,IV11,int64
hogar,2018,1,IV12_1,int64
hogar,2018,1,IV12_2,int64
hogar,2018,1,IV12_3,int64
hogar,2018,1,II1,int64
hogar,2018,1,II2,int64
hogar,2018,1,II3,int64
hogar,2018,1,II3_1,int64
hogar,2018,1,II4_1,int64
hogar,2018,1,II4_2,int64
hogar,2018,1,II4_3,int64
hogar,2018,1,II5,int64
hogar,2018,1,II5_1,int64
hogar,2018,1,II6,int64
hogar,2018,1,II6_1,int64
hogar,2018,1,II7,int64
hogar,2018,1,II7_ESP,str
hogar,2018,1,II8,int64
hogar,2018,1,II8_ESP,str
hogar,2018,1,II9,int64
hogar,2018,1,V1,int64
hogar,2018,1,V2,int64
hogar,2018,1,V21,int64
hogar,2018,1,V22,int64
hogar,2018,1,V3,int64
hogar,2018,1,V4,int64
hogar,2018,1,V5,int64
hogar,2018,1,V6,int64
hogar,2018,1,V7,int64
hogar,2018,1,V8,int64
hogar,2018,1,V9,int64
hogar,2018,1,V10,int64
hogar,2018,1,V11,int64
hogar,2018,1,V12,int64
hogar,2018,1,V13,int64
hogar,2018,1,V14,int64
hogar,2018,1,V15,int64
hogar,2018,1,V16,int64
hogar,2018,1,V17,int64
hogar,2018,1,V18,int64
hogar,2018,1,V19_A,int64
hogar,2018,1,V19_B,int64
hogar,2018,1,IX_TOT,int64
hogar,2018,1,IX_MEN10,int64
hogar,2018,1,IX_MAYEQ10,int64
hogar,2018,1,ITF,int64
hogar,2018,1,DECIFR,int64
hogar,2018,1,IDECIFR,str
hogar,2018,1,RDECIFR,int64
hogar,2018,1,GDECIFR,str
hogar,2018,1,PDECIFR,str
hogar,2018,1,ADECIFR,int64
hogar,2018,1,IPCF,float64
hogar,2018,1,DECCFR,int64
hogar,2018,1,IDECCFR,str
hogar,2018,1,RDECCFR,int64
hogar,2018,1,GDECCFR,str
hogar,2018,1,PDECCFR,str
hogar,2018,1,ADECCFR,int64
hogar,2018,1,PONDIH,int64
hogar,2018,1,VII1_1,int64
hogar,2018,1,VII1_2,int64
hogar,2018,1,VII2_1,int64
hogar,2018,1,VII2_2,int64
hogar,2018,1,VII2_3,int64
hogar,2018,1,VII2_4,int64
individual,2018,1,CODUSU,string
individual,2018,1,ANO4,Int16
individual,2018,1,TRIMESTRE,Int16
individual,2018,1,NRO_HOGAR,Int16
individual,2018,1,COMPONENTE,Int16
individual,2018,1,H15,int64
individual,2018,1,REGION,int64
individual,2018,1,MAS_500,str
individual,2018,1,AGLOMERADO,Int16
individual,2018,1,PONDERA,int64
individual,2018,1,CH03,int64
individual,2018,1,CH04,int64
individual,2018,1,CH05,str
individual,2018,1,CH06,int64
individual,2018,1,CH07,int64
individual,2018,1,CH08,int64
individual,2018,1,CH09,int64
individual,2018,1,CH10,int64
individual,2018,1,CH11,int64
individual,2018,1,CH12,int64
individual,2018,1,CH13,int64
individual,2018,1,CH14,float64
individual,2018,1,CH15,int64
individual,2018,1,CH15_COD,float64
individual,2018,1,CH16,int64
individual,2018,1,CH16_COD,float64
individual,2018,1,NIVEL_ED,int64
individual,2018,1,ESTADO,int64
individual,2018,1,CAT_OCUP,int64
individual,2018,1,CAT_INAC,int64
individual,2018,1,IMPUTA,int64
individual,2018,1,PP02C1,int64
individual,2018,1,PP02C2,int64
individual,2018,1,PP02C3,int64
individual,2018,1,PP02C4,int64
individual,2018,1,PP02C5,int64
individual,2018,1,PP02C6,int64
individual,2018,1,PP02C7,int64
individual,2018,1,PP02C8,int64
individual,2018,1,PP02E,int64
individual,2018,1,PP02H,int64
individual,2018,1,PP02I,int64
individual,2018,1,PP03C,float64
individual,2018,1,PP03D,float64
individual,2018,1,PP3E_TOT,float64
individual,2018,1,PP3F_TOT,float64
individual,2018,1,PP03G,float64
individual,2018,1,PP03H,float64
individual,2018,1,PP03I,float64
individual,2018,1,PP03J,float64
individual,2018,1,INTENSI,float64
individual,2018,1,PP04A,float64
individual,2018,1,PP04B_COD,float64
individual,2018,1,PP04B1,float64
individual,2018,1,PP04B2,float64
individual,2018,1,PP04B3_MES,float64
individual,2018,1,PP04B3_ANO,float64
individual,2018,1,PP04B3_DIA,float64
individual,2018,1,PP04C,float64
individual,2018,1,PP04C99,float64
individual,2018,1,PP04D_COD,float64
individual,2018,1,PP04G,float64
individual,2018,1,PP05B2_MES,float64
individual,2018,1,PP05B2_ANO,float64
individual,2018,1,PP05B2_DIA,float64
individual,2018,1,PP05C_1,float64
individual,2018,1,PP05C_2,float64
individual,2018,1,PP05C_3,float64
individual,2018,1,PP05E,float64
individual,2018,1,PP05F,float64
individual,2018,1,PP05H,float64
individual,2018,1,PP06A,float64
individual,2018,1,PP06C,float64
individual,2018,1,PP06D,float64
individual,2018,1,PP06E,float64
individual,2018,1,PP06H,float64
individual,2018,1,PP07A,float64
individual,2018,1,PP07C,float64
individual,2018,1,PP07D,float64
individual,2018,1,PP07E,float64
individual,2018,1,PP07F1,float64
individual,2018,1,PP07F2,float64
individual,2018,1,PP07F3,float64
individual,2018,1,PP07F4,float64
individual,2018,1,PP07F5,float64
individual,2018,1,PP07G1,float64
individual,2018,1,PP07G2,float64
individual,2018,1,PP07G3,float64
individual,2018,1,PP07G4,float64
individual,2018,1,PP07G_59,float64
individual,2018,1,PP07H,float64
individual,2018,1,PP07I,float64
individual,2018,1,PP07J,float64
individual,2018,1,PP07K,float64
individual,2018,1,PP08D1,float64
individual,2018,1,PP08D4,float64
individual,2018,1,PP08F1,float64
individual,2018,1,PP08F2,float64
individual,2018,1,PP08J1,float64
individual,2018,1,PP08J2,float64
individual,2018,1,PP08J3,float64
individual,2018,1,PP09A,float64
individual,2018,1,PP09A_ESP,str
individual,2018,1,PP09B,float64
individual,2018,1,PP09C,float64
individual,2018,1,PP09C_ESP,str
individual,2018,1,PP10A,float64
individual,2018,1,PP10C,float64
individual,2018,1,PP10D,float64
individual,2018,1,PP10E,float64
individual,2018,1,PP11A,float64
individual,2018,1,PP11B_COD,float64
individual,2018,1,PP11B1,float64
individual,2018,1,PP11B2_MES,float64
individual,2018,1,PP11B2_ANO,float64
individual,2018,1,PP11B2_DIA,float64
individual,2018,1,PP11C,float64
individual,2018,1,PP11C99,float64
individual,2018,1,PP11D_COD,float64
individual,2018,1,PP11G_ANO,float64
individual,2018,1,PP11G_MES,float64
individual,2018,1,PP11G_DIA,float64
individual,2018,1,PP11L,float64
individual,2018,1,PP11L1,float64
individual,2018,1,PP11M,float64
individual,2018,1,PP11N,float64
individual,2018,1,PP11O,float64
individual,2018,1,PP11P,float64
individual,2018,1,PP11Q,float64
individual,2018,1,PP11R,float64
individual,2018,1,PP11S,float64
individual,2018,1,PP11T,float64
individual,2018,1,P21,int64
individual,2018,1,DECOCUR,int64
individual,2018,1,IDECOCUR,str
individual,2018,1,RDECOCUR,int64
individual,2018,1,GDECOCUR,str
individual,2018,1,PDECOCUR,str
individual,2018,1,ADECOCUR,int64
individual,2018,1,PONDIIO,int64
individual,2018,1,TOT_P12,int64
individual,2018,1,P47T,float64
individual,2018,1,DECINDR,int64
individual,2018,1,IDECINDR,str
individual,2018,1,RDECINDR,int64
individual,2018,1,GDECINDR,str
individual,2018,1,PDECINDR,str
individual,2018,1,ADECINDR,int64
individual,2018,1,PONDII,int64
individual,2018,1,V2_M,int64
individual,2018,1,V3_M,int64
individual,2018,1,V4_M,int64
individual,2018,1,V5_M,int64
individual,2018,1,V8_M,int64
individual,2018,1,V9_M,int64
individual,2018,1,V10_M,int64
individual,2018,1,V11_M,int64
individual,2018,1,V12_M,int64
individual,2018,1,V18_M,int64
individual,2018,1,V19_AM,int64
individual,2018,1,V21_M,int64
individual,2018,1,T_VI,int64
individual,2018,1,ITF,int64
individual,2018,1,DECIFR,str
individual,2018,1,IDECIFR,str
individual,2018,1,RDECIFR,str
individual,2018,1,GDECIFR,str
individual,2018,1,PDECIFR,str
individual,2018,1,ADECIFR,str
individual,2018,1,IPCF,float64
individual,2018,1,DECCFR,str
individual,2018,1,IDECCFR,str
individual,2018,1,RDECCFR,str
individual,2018,1,GDECCFR,str
individual,2018,1,PDECCFR,str
individual,2018,1,ADECCFR,str
individual,2018,1,PONDIH,int64
hogar,2018,2,CODUSU,string
hogar,2018,2,ANO4,Int16
hogar,2018,2,TRIMESTRE,Int16
hogar,2018,2,NRO_HOGAR,Int16
hogar,2018,2,REALIZADA,int64
hogar,2018,2,REGION,int64
hogar,2018,2,MAS_500,str
hogar,2018,2,AGLOMERADO,Int16
hogar,2018,2,PONDERA,int64
hogar,2018,2,IV1,int64
hogar,2018,2,IV1_ESP,str
hogar,2018,2,IV2,int64
hogar,2018,2,IV3,int64
hogar,2018,2,IV3_ESP,str
hogar,2018,2,IV4,int64
hogar,2018,2,IV5,int64
hogar,2018,2,IV6,int64
hogar,2018,2,IV7,int64
hogar,2018,2,IV7_ESP,str
hogar,2018,2,IV8,int64
hogar,2018,2,IV9,int64
hogar,2018,2,IV10,int64
hogar,2018,2,IV11,int64
hogar,2018,2,IV12_1,int64
hogar,2018,2,IV12_2,int64
hogar,2018,2,IV12_3,int64
hogar,2018,2,II1,int64
hogar,2018,2,II2,int64
hogar,2018,2,II3,int64
hogar,2018,2,II3_1,int64
hogar,2018,2,II4_1,int64
hogar,2018,2,II4_2,int64
hogar,2018,2,II4_3,int64
hogar,2018,2,II5,int64
hogar,2018,2,II5_1,int64
hogar,2018,2,II6,int64
hogar,2018,2,II6_1,int64
hogar,2018,2,II7,int64
hogar,2018,2,II7_ESP,str
hogar,2018,2,II8,int64
hogar,2018,2,II8_ESP,str
hogar,2018,2,II9,int64
hogar,2018,2,V1,int64
hogar,2018,2,V2,int64
hogar,2018,2,V21,int64
hogar,2018,2,V22,int64
hogar,2018,2,V3,int64
hogar,2018,2,V4,int64
hogar,2018,2,V5,int64
hogar,2018,2,V6,int64
hogar,2018,2,V7,int64
hogar,2018,2,V8,int64
hogar,2018,2,V9,int64
hogar,2018,2,V10,int64
hogar,2018,2,V11,int64
hogar,2018,2,V12,int64
hogar,2018,2,V13,int64
hogar,2018,2,V14,int64
hogar,2018,2,V15,int64
hogar,2018,2,V16,int64
hogar,2018,2,V17,int64
hogar,2018,2,V18,int64
hogar,2018,2,V19_A,int64
hogar,2018,2,V19_B,int64
hogar,2018,2,IX_TOT,int64
hogar,2018,2,IX_MEN10,int64
hogar,2018,2,IX_MAYEQ10,int64
hogar,2018,2,ITF,int64
hogar,2018,2,DECIFR,int64
hogar,2018,2,IDECIFR,str
hogar,2018,2,RDECIFR,int64
hogar,2018,2,GDECIFR,str
hogar,2018,2,PDECIFR,str
hogar,2018,2,ADECIFR,int64
hogar,2018,2,IPCF,float64
hogar,2018,2,DECCFR,int64
hogar,2018,2,IDECCFR,str
hogar,2018,2,RDECCFR,int64
hogar,2018,2,GDECCFR,str
hogar,2018,2,PDECCFR,str
hogar,2018,2,ADECCFR,int64
hogar,2018,2,PONDIH,int64
hogar,2018,2,VII1_1,int64
hogar,2018,2,VII1_2,int64
hogar,2018,2,VII2_1,int64
hogar,2018,2,VII2_2,int64
hogar,2018,2,VII2_3,int64
hogar,2018,2,VII2_4,int64
individual,2018,2,CODUSU,string
individual,2018,2,ANO4,Int16
individual,2018,2,TRIMESTRE,Int16
individual,2018,2,NRO_HOGAR,Int16
individual,2018,2,COMPONENTE,Int16
individual,2018,2,H15,int64
individual,2018,2,REGION,int64
individual,2018,2,MAS_500,str
individual,2018,2,AGLOMERADO,Int16
individual,2018,2,PONDERA,int64
individual,2018,2,CH03,int64
individual,2018,2,CH04,int64
individual,2018,2,CH05,str
individual,2018,2,CH06,int64
individual,2018,2,CH07,int64
individual,2018,2,CH08,int64
individual,2018,2,CH09,int64
individual,2018,2,CH10,int64
individual,2018,2,CH11,int64
individual,2018,2,CH12,int64
individual,2018,2,CH13,int64
individual,2018,2,CH14,float64
individual,2018,2,CH15,int64
individual,2018,2,CH15_COD,float64
individual,2018,2,CH16,int64
individual,2018,2,CH16_COD,float64
individual,2018,2,NIVEL_ED,int64
individual,2018,2,ESTADO,int64
individual,2018,2,CAT_OCUP,float64
individual,2018,2,CAT_INAC,int64
individual,2018,2,IMPUTA,int64
individual,2018,2,PP02C1,int64
individual,2018,2,PP02C2,int64
individual,2018,2,PP02C3,int64
individual,2018,2,PP02C4,int64
individual,2018,2,PP02C5,int64
individual,2018,2,PP02C6,int64
individual,2018,2,PP02C7,int64
individual,2018,2,PP02C8,int64
individual,2018,2,PP02E,int64
individual,2018,2,PP02H,int64
individual,2018,2,PP02I,int64
individual,2018,2,PP03C,float64
individual,2018,2,PP03D,float64
individual,2018,2,PP3E_TOT,float64
individual,2018,2,PP3F_TOT,float64
individual,2018,2,PP03G,float64
individual,2018,2,PP03H,float64
individual,2018,2,PP03I,float64
individual,2018,2,PP03J,float64
individual,2018,2,INTENSI,float64
individual,2018,2,PP04A,float64
individual,2018,2,PP04B_COD,float64
individual,2018,2,PP04B1,float64
individual,2018,2,PP04B2,float64
individual,2018,2,PP04B3_MES,float64
individual,2018,2,PP04B3_ANO,float64
individual,2018,2,PP04B3_DIA,float64
individual,2018,2,PP04C,float64
individual,2018,2,PP04C99,float64
individual,2018,2,PP04D_COD,float64
individual,2018,2,PP04G,float64
individual,2018,2,PP05B2_MES,float64
individual,2018,2,PP05B2_ANO,float64
individual,2018,2,PP05B2_DIA,float64
individual,2018,2,PP05C_1,float64
individual,2018,2,PP05C_2,float64
individual,2018,2,PP05C_3,float64
individual,2018,2,PP05E,float64
individual,2018,2,PP05F,float64
individual,2018,2,PP05H,float64
individual,2018,2,PP06A,float64
individual,2018,2,PP06C,float64
individual,2018,2,PP06D,float64
individual,2018,2,PP06E,float64
individual,2018,2,PP06H,float64
individual,2018,2,PP07A,float64
individual,2018,2,PP07C,float64
individual,2018,2,PP07D,float64
individual,2018,2,PP07E,float64
individual,2018,2,PP07F1,float64
individual,2018,2,PP07F2,float64
individual,2018,2,PP07F3,float64
individual,2018,2,PP07F4,float64
individual,2018,2,PP07F5,float64
individual,2018,2,PP07G1,float64
individual,2018,2,PP07G2,float64
individual,2018,2,PP07G3,float64
individual,2018,2,PP07G4,float64
individual,2018,2,PP07G_59,float64
individual,2018,2,PP07H,float64
individual,2018,2,PP07I,float64
individual,2018,2,PP07J,float64
individual,2018,2,PP07K,float64
individual,2018,2,PP08D1,float64
individual,2018,2,PP08D4,float64
individual,2018,2,PP08F1,float64
individual,2018,2,PP08F2,float64
individual,2018,2,PP08J1,float64
individual,2018,2,PP08J2,float64
individual,2018,2,PP08J3,float64
individual,2018,2,PP09A,float64
individual,2018,2,PP09A_ESP,str
individual,2018,2,PP09B,float64
individual,2018,2,PP09C,float64
individual,2018,2,PP09C_ESP,str
individual,2018,2,PP10A,float64
individual,2018,2,PP10C,float64
individual,2018,2,PP10D,float64
individual,2018,2,PP10E,float64
individual,2018,2,PP11A,float64
individual,2018,2,PP11B_COD,float64
individual,2018,2,PP11B1,float64
individual,2018,2,PP11B2_MES,float64
individual,2018,2,PP11B2_ANO,float64
individual,2018,2,PP11B2_DIA,float64
individual,2018,2,PP11C,float64
individual,2018,2,PP11C99,float64
individual,2018,2,PP11D_COD,float64
individual,2018,2,PP11G_ANO,float64
individual,2018,2,PP11G_MES,float64
individual,2018,2,PP11G_DIA,float64
individual,2018,2,PP11L,float64
individual,2018,2,PP11L1,float64
individual,2018,2,PP11M,float64
individual,2018,2,PP11N,float64
individual,2018,2,PP11O,float64
individual,2018,2,PP11P,float64
individual,2018,2,PP11Q,float64
individual,2018,2,PP11R,float64
individual,2018,2,PP11S,float64
individual,2018,2,PP11T,float64
individual,2018,2,P21,int64
individual,2018,2,DECOCUR,int64
individual,2018,2,IDECOCUR,str
individual,2018,2,RDECOCUR,int64
individual,2018,2,GDECOCUR,str
individual,2018,2,PDECOCUR,str
individual,2018,2,ADECOCUR,int64
individual,2018,2,PONDIIO,int64
individual,2018,2,TOT_P12,int64
individual,2018,2,P47T,float64
individual,2018,2,DECINDR,int64
individual,2018,2,IDECINDR,str
individual,2018,2,RDECINDR,int64
individual,2018,2,GDECINDR,str
individual,2018,2,PDECINDR,str
individual,2018,2,ADECINDR,int64
individual,2018,2,PONDII,int64
individual,2018,2,V2_M,int64
individual,2018,2,V3_M,int64
individual,2018,2,V4_M,int64
individual,2018,2,V5_M,int64
individual,2018,2,V8_M,int64
individual,2018,2,V9_M,int64
individual,2018,2,V10_M,int64
individual,2018,2,V11_M,int64
individual,2018,2,V12_M,int64
individual,2018,2,V18_M,int64
individual,2018,2,V19_AM,int64
individual,2018,2,V21_M,int64
individual,2018,2,T_VI,int64
individual,2018,2,ITF,int64
individual,2018,2,DECIFR,str
individual,2018,2,IDECIFR,str
individual,2018,2,RDECIFR,str
individual,2018,2,GDECIFR,str
individual,2018,2,PDECIFR,str
individual,2018,2,ADECIFR,str
individual,2018,2,IPCF,float64
individual,2018,2,DECCFR,str
individual,2018,2,IDECCFR,str
individual,2018,2,RDECCFR,str
individual,2018,2,GDECCFR,str
individual,2018,2,PDECCFR,str
individual,2018,2,ADECCFR,str
individual,2018,2,PONDIH,int64
hogar,2018,3,CODUSU,string
hogar,2018,3,ANO4,Int16
hogar,2018,3,TRIMESTRE,Int16
hogar,2018,3,NRO_HOGAR,Int16
hogar,2018,3,REALIZADA,int64
hogar,2018,3,REGION,int64
hogar,2018,3,MAS_500,str
hogar,2018,3,AGLOMERADO,Int16
hogar,2018,3,PONDERA,int64
hogar,2018,3,IV1,int64
hogar,2018,3,IV1_ESP,str
hogar,2018,3,IV2,int64
hogar,2018,3,IV3,int64
hogar,2018,3,IV3_ESP,str
hogar,2018,3,IV4,int64
hogar,2018,3,IV5,int64
hogar,2018,3,IV6,int64
hogar,2018,3,IV7,int64
hogar,2018,3,IV7_ESP,str
hogar,2018,3,IV8,int64
hogar,2018,3,IV9,int64
hogar,2018,3,IV10,int64
hogar,2018,3,IV11,int64
hogar,2018,3,IV12_1,int64
hogar,2018,3,IV12_2,int64
hogar,2018,3,IV12_3,int64
hogar,2018,3,II1,int64
hogar,2018,3,II2,int64
hogar,2018,3,II3,int64
hogar,2018,3,II3_1,int64
hogar,2018,3,II4_1,int64
hogar,2018,3,II4_2,int64
hogar,2018,3,II4_3,int64
hogar,2018,3,II5,int64
hogar,2018,3,II5_1,int64
hogar,2018,3,II6,int64
hogar,2018,3,II6_1,int64
hogar,2018,3,II7,int64
hogar,2018,3,II7_ESP,str
hogar,2018,3,II8,int64
hogar,2018,3,II8_ESP,str
hogar,2018,3,II9,int64
hogar,2018,3,V1,int64
hogar,2018,3,V2,int64
hogar,2018,3,V21,int64
hogar,2018,3,V22,int64
hogar,2018,3,V3,int64
hogar,2018,3,V4,int64
hogar,2018,3,V5,int64
hogar,2018,3,V6,int64
hogar,2018,3,V7,int64
hogar,2018,3,V8,int64
hogar,2018,3,V9,int64
hogar,2018,3,V10,int64
hogar,2018,3,V11,int64
hogar,2018,3,V12,int64
hogar,2018,3,V13,int64
hogar,2018,3,V14,int64
hogar,2018,3,V15,int64
hogar,2018,3,V16,int64
hogar,2018,3,V17,int64
hogar,2018,3,V18,int64
hogar,2018,3,V19_A,int64
hogar,2018,3,V19_B,int64
hogar,2018,3,IX_TOT,int64
hogar,2018,3,IX_MEN10,int64
hogar,2018,3,IX_MAYEQ10,int64
hogar,2018,3,ITF,int64
hogar,2018,3,DECIFR,int64
hogar,2018,3,IDECIFR,str
hogar,2018,3,RDECIFR,int64
hogar,2018,3,GDECIFR,str
hogar,2018,3,PDECIFR,str
hogar,2018,3,ADECIFR,int64
hogar,2018,3,IPCF,float64
hogar,2018,3,DECCFR,int64
hogar,2018,3,IDECCFR,str
hogar,2018,3,RDECCFR,int64
hogar,2018,3,GDECCFR,str
hogar,2018,3,PDECCFR,str
hogar,2018,3,ADECCFR,int64
hogar,2018,3,PONDIH,int64
hogar,2018,3,VII1_1,int64
hogar,2018,3,VII1_2,int64
hogar,2018,3,VII2_1,int64
hogar,2018,3,VII2_2,int64
hogar,2018,3,VII2_3,int64
hogar,2018,3,VII2_4,int64
individual,2018,3,CODUSU,string
individual,2018,3,ANO4,Int16
individual,2018,3,TRIMESTRE,Int16
individual,2018,3,NRO_HOGAR,Int16
individual,2018,3,COMPONENTE,Int16
individual,2018,3,H15,int64
individual,2018,3,REGION,int64
individual,2018,3,MAS_500,str
individual,2018,3,AGLOMERADO,Int16
individual,2018,3,PONDERA,int64
individual,2018,3,CH03,int64
individual,2018,3,CH04,int64
individual,2018,3,CH05,str
individual,2018,3,CH06,int64
individual,2018,3,CH07,int64
individual,2018,3,CH08,int64
individual,2018,3,CH09,int64
individual,2018,3,CH10,int64
individual,2018,3,CH11,int64
individual,2018,3,CH12,int64
individual,2018,3,CH13,int64
individual,2018,3,CH14,float64
individual,2018,3,CH15,int64
individual,2018,3,CH15_COD,float64
individual,2018,3,CH16,int64
individual,2018,3,CH16_COD,float64
individual,2018,3,NIVEL_ED,int64
individual,2018,3,ESTADO,int64
individual,2018,3,CAT_OCUP,int64
individual,2018,3,CAT_INAC,int64
individual,2018,3,IMPUTA,int64
individual,2018,3,PP02C1,int64
individual,2018,3,PP02C2,int64
individual,2018,3,PP02C3,int64
individual,2018,3,PP02C4,int64
individual,2018,3,PP02C5,int64
individual,2018,3,PP02C6,int64
individual,2018,3,PP02C7,int64
individual,2018,3,PP02C8,int64
individual,2018,3,PP02E,int64
individual,2018,3,PP02H,int64
individual,2018,3,PP02I,int64
individual,2018,3,PP03C,float64
individual,2018,3,PP03D,float64
individual,2018,3,PP3E_TOT,float64
individual,2018,3,PP3F_TOT,float64
individual,2018,3,PP03G,float64
individual,2018,3,PP03H,float64
individual,2018,3,PP03I,float64
individual,2018,3,PP03J,float64
individual,2018,3,INTENSI,float64
individual,2018,3,PP04A,float64
individual,2018,3,PP04B_COD,float64
individual,2018,3,PP04B1,float64
individual,2018,3,PP04B2,float64
individual,2018,3,PP04B3_MES,float64
individual,2018,3,PP04B3_ANO,float64
individual,2018,3,PP04B3_DIA,float64
individual,2018,3,PP04C,float64
individual,2018,3,PP04C99,float64
individual,2018,3,PP04D_COD,float64
individual,2018,3,PP04G,float64
individual,2018,3,PP05B2_MES,float64
individual,2018,3,PP05B2_ANO,float64
individual,2018,3,PP05B2_DIA,float64
individual,2018,3,PP05C_1,float64
individual,2018,3,PP05C_2,float64
individual,2018,3,PP05C_3,float64
individual,2018,3,PP05E,float64
individual,2018,3,PP05F,float64
individual,2018,3,PP05H,float64
individual,2018,3,PP06A,float64
individual,2018,3,PP06C,float64
individual,2018,3,PP06D,float64
individual,2018,3,PP06E,float64
individual,2018,3,PP06H,float64
individual,2018,3,PP07A,float64
individual,2018,3,PP07C,float64
individual,2018,3,PP07D,float64
individual,2018,3,PP07E,float64
individual,2018,3,PP07F1,float64
individual,2018,3,PP07F2,float64
individual,2018,3,PP07F3,float64
individual,2018,3,PP07F4,float64
individual,2018,3,PP07F5,float64
individual,2018,3,PP07G1,float64
individual,2018,3,PP07G2,float64
individual,2018,3,PP07G3,float64
individual,2018,3,PP07G4,float64
individual,2018,3,PP07G_59,float64
individual,2018,3,PP07H,float64
individual,2018,3,PP07I,float64
individual,2018,3,PP07J,float64
individual,2018,3,PP07K,float64
individual,2018,3,PP08D1,float64
individual,2018,3,PP08D4,float64
individual,2018,3,PP08F1,float64
individual,2018,3,PP08F2,float64
individual,2018,3,PP08J1,float64
individual,2018,3,PP08J2,float64
individual,2018,3,PP08J3,float64
individual,2018,3,PP09A,float64
individual,2018,3,PP09A_ESP,str
individual,2018,3,PP09B,float64
individual,2018,3,PP09C,float64
individual,2018,3,PP09C_ESP,str
individual,2018,3,PP10A,float64
individual,2018,3,PP10C,float64
individual,2018,3,PP10D,float64
individual,2018,3,PP10E,float64
individual,2018,3,PP11A,float64
individual,2018,3,PP11B_COD,float64
individual,2018,3,PP11B1,float64
individual,2018,3,PP11B2_MES,float64
individual,2018,3,PP11B2_ANO,float64
individual,2018,3,PP11B2_DIA,float64
individual,2018,3,PP11C,float64
individual,2018,3,PP11C99,float64
individual,2018,3,PP11D_COD,float64
individual,2018,3,PP11G_ANO,float64
individual,2018,3,PP11G_MES,float64
individual,2018,3,PP11G_DIA,float64
individual,2018,3,PP11L,float64
individual,2018,3,PP11L1,float64
individual,2018,3,PP11M,float64
individual,2018,3,PP11N,float64
individual,2018,3,PP11O,float64
individual,2018,3,PP11P,float64
individual,2018,3,PP11Q,float64
individual,2018,3,PP11R,float64
individual,2018,3,PP11S,float64
individual,2018,3,PP11T,float64
individual,2018,3,P21,int64
individual,2018,3,DECOCUR,int64
individual,2018,3,IDECOCUR,str
individual,2018,3,RDECOCUR,int64
individual,2018,3,GDECOCUR,str
individual,2018,3,PDECOCUR,str
individual,2018,3,ADECOCUR,int64
individual,2018,3,PONDIIO,int64
individual,2018,3,TOT_P12,int64
individual,2018,3,P47T,float64
individual,2018,3,DECINDR,int64
individual,2018,3,IDECINDR,str
individual,2018,3,RDECINDR,int64
individual,2018,3,GDECINDR,str
individual,2018,3,PDECINDR,str
individual,2018,3,ADECINDR,int64
individual,2018,3,PONDII,int64
individual,2018,3,V2_M,int64
individual,2018,3,V3_M,int64
individual,2018,3,V4_M,int64
individual,2018,3,V5_M,int64
individual,2018,3,V8_M,int64
individual,2018,3,V9_M,int64
individual,2018,3,V10_M,int64
individual,2018,3,V11_M,int64
individual,2018,3,V12_M,int64
individual,2018,3,V18_M,int64
individual,2018,3,V19_AM,int64
individual,2018,3,V21_M,int64
individual,2018,3,T_VI,int64
individual,2018,3,ITF,int64
individual,2018,3,DECIFR,str
individual,2018,3,IDECIFR,str
individual,2018,3,RDECIFR,str
individual,2018,3,GDECIFR,str
individual,2018,3,PDECIFR,str
individual,2018,3,ADECIFR,str
individual,2018,3,IPCF,float64
individual,2018,3,DECCFR,str
individual,2018,3,IDECCFR,str
individual,2018,3,RDECCFR,str
individual,2018,3,GDECCFR,str
individual,2018,3,PDECCFR,str
individual,2018,3,ADECCFR,str
individual,2018,3,PONDIH,int64
hogar,2018,4,CODUSU,string
hogar,2018,4,ANO4,Int16
hogar,2018,4,TRIMESTRE,Int16
hogar,2018,4,NRO_HOGAR,Int16
hogar,2018,4,REALIZADA,int64
hogar,2018,4,REGION,int64
hogar,2018,4,MAS_500,str
hogar,2018,4,AGLOMERADO,Int16
hogar,2018,4,PONDERA,int64
hogar,2018,4,IV1,int64
hogar,2018,4,IV1_ESP,str
hogar,2018,4,IV2,int64
hogar,2018,4,IV3,int64
hogar,2018,4,IV3_ESP,str
hogar,2018,4,IV4,int64
hogar,2018,4,IV5,int64
hogar,2018,4,IV6,int64
hogar,2018,4,IV7,int64
hogar,2018,4,IV7_ESP,str
hogar,2018,4,IV8,int64
hogar,2018,4,IV9,int64
hogar,2018,4,IV10,int64
hogar,2018,4,IV11,int64
hogar,2018,4,IV12_1,int64
hogar,2018,4,IV12_2,int64
hogar,2018,4,IV12_3,int64
hogar,2018,4,II1,int64
hogar,2018,4,II2,int64
hogar,2018,4,II3,int64
hogar,2018,4,II3_1,int64
hogar,2018,4,II4_1,int64
hogar,2018,4,II4_2,int64
hogar,2018,4,II4_3,int64
hogar,2018,4,II5,int64
hogar,2018,4,II5_1,int64
hogar,2018,4,II6,int64
hogar,2018,4,II6_1,int64
hogar,2018,4,II7,int64
hogar,2018,4,II7_ESP,str
hogar,2018,4,II8,int64
hogar,2018,4,II8_ESP,str
hogar,2018,4,II9,int64
hogar,2018,4,V1,int64
hogar,2018,4,V2,int64
hogar,2018,4,V21,int64
hogar,2018,4,V22,int64
hogar,2018,4,V3,int64
hogar,2018,4,V4,int64
hogar,2018,4,V5,int64
hogar,2018,4,V6,int64
hogar,2018,4,V7,int64
hogar,2018,4,V8,int64
hogar,2018,4,V9,int64
hogar,2018,4,V10,int64
hogar,2018,4,V11,int64
hogar,2018,4,V12,int64
hogar,2018,4,V13,int64
hogar,2018,4,V14,int64
hogar,2018,4,V15,int64
hogar,2018,4,V16,int64
hogar,2018,4,V17,int64
hogar,2018,4,V18,int64
hogar,2018,4,V19_A,int64
hogar,2018,4,V19_B,int64
hogar,2018,4,IX_TOT,int64
hogar,2018,4,IX_MEN10,int64
hogar,2018,4,IX_MAYEQ10,int64
hogar,2018,4,ITF,int64
hogar,2018,4,DECIFR,str
hogar,2018,4,IDECIFR,str
hogar,2018,4,RDECIFR,str
hogar,2018,4,GDECIFR,str
hogar,2018,4,PDECIFR,str
hogar,2018,4,ADECIFR,str
hogar,2018,4,IPCF,float64
hogar,2018,4,DECCFR,str
hogar,2018,4,IDECCFR,str
hogar,2018,4,RDECCFR,str
hogar,2018,4,GDECCFR,str
hogar,2018,4,PDECCFR,str
hogar,2018,4,ADECCFR,str
hogar,2018,4,PONDIH,int64
hogar,2018,4,VII1_1,int64
hogar,2018,4,VII1_2,int64
hogar,2018,4,VII2_1,int64
hogar,2018,4,VII2_2,int64
hogar,2018,4,VII2_3,int64
hogar,2018,4,VII2_4,int64
individual,2018,4,CODUSU,string
individual,2018,4,ANO4,Int16
individual,2018,4,TRIMESTRE,Int16
individual,2018,4,NRO_HOGAR,Int16
individual,2018,4,COMPONENTE,Int16
individual,2018,4,H15,int64
individual,2018,4,REGION,int64
individual,2018,4,MAS_500,str
individual,2018,4,AGLOMERADO,Int16
individual,2018,4,PONDERA,int64
individual,2018,4,CH03,int64
individual,2018,4,CH04,int64
individual,2018,4,CH05,str
individual,2018,4,CH06,int64
individual,2018,4,CH07,int64
individual,2018,4,CH08,int64
individual,2018,4,CH09,int64
individual,2018,4,CH10,int64
individual,2018,4,CH11,int64
individual,2018,4,CH12,int64
individual,2018,4,CH13,int64
individual,2018,4,CH14,float64
individual,2018,4,CH15,int64
individual,2018,4,CH15_COD,float64
individual,2018,4,CH16,int64
individual,2018,4,CH16_COD,float64
individual,2018,4,NIVEL_ED,int64
individual,2018,4,ESTADO,int64
individual,2018,4,CAT_OCUP,int64
individual,2018,4,CAT_INAC,int64
individual,2018,4,IMPUTA,int64
individual,2018,4,PP02C1,int64
individual,2018,4,PP02C2,int64
individual,2018,4,PP02C3,int64
individual,2018,4,PP02C4,int64
individual,2018,4,PP02C5,int64
individual,2018,4,PP02C6,int64
individual,2018,4,PP02C7,int64
individual,2018,4,PP02C8,int64
individual,2018,4,PP02E,int64
individual,2018,4,PP02H,int64
individual,2018,4,PP02I,int64
individual,2018,4,PP03C,float64
individual,2018,4,PP03D,float64
individual,2018,4,PP3E_TOT,float64
individual,2018,4,PP3F_TOT,float64
individual,2018,4,PP03G,float64
individual,2018,4,PP03H,float64
individual,2018,4,PP03I,float64
individual,2018,4,PP03J,float64
individual,2018,4,INTENSI,float64
individual,2018,4,PP04A,float64
individual,2018,4,PP04B_COD,float64
individual,2018,4,PP04B1,float64
individual,2018,4,PP04B2,float64
individual,2018,4,PP04B3_MES,float64
individual,2018,4,PP04B3_ANO,float64
individual,2018,4,PP04B3_DIA,float64
individual,2018,4,PP04C,float64
individual,2018,4,PP04C99,float64
individual,2018,4,PP04D_COD,float64
individual,2018,4,PP04G,float64
individual,2018,4,PP05B2_MES,float64
individual,2018,4,PP05B2_ANO,float64
individual,2018,4,PP05B2_DIA,float64
individual,2018,4,PP05C_1,float64
individual,2018,4,PP05C_2,float64
individual,2018,4,PP05C_3,float64
individual,2018,4,PP05E,float64
individual,2018,4,PP05F,float64
individual,2018,4,PP05H,float64
individual,2018,4,PP06A,float64
individual,2018,4,PP06C,float64
individual,2018,4,PP06D,float64
individual,2018,4,PP06E,float64
individual,2018,4,PP06H,float64
individual,2018,4,PP07A,float64
individual,2018,4,PP07C,float64
individual,2018,4,PP07D,float64
individual,2018,4,PP07E,float64
individual,2018,4,PP07F1,float64
individual,2018,4,PP07F2,float64
individual,2018,4,PP07F3,float64
individual,2018,4,PP07F4,float64
individual,2018,4,PP07F5,float64
individual,2018,4,PP07G1,float64
individual,2018,4,PP07G2,float64
individual,2018,4,PP07G3,float64
individual,2018,4,PP07G4,float64
individual,2018,4,PP07G_59,float64
individual,2018,4,PP07H,float64
individual,2018,4,PP07I,float64
individual,2018,4,PP07J,float64
individual,2018,4,PP07K,float64
individual,2018,4,PP08D1,float64
individual,2018,4,PP08D4,float64
individual,2018,4,PP08F1,float64
individual,2018,4,PP08F2,float64
individual,2018,4,PP08J1,float64
individual,2018,4,PP08J2,float64
individual,2018,4,PP08J3,float64
individual,2018,4,PP09A,float64
individual,2018,4,PP09A_ESP,str
individual,2018,4,PP09B,float64
individual,2018,4,PP09C,float64
individual,2018,4,PP09C_ESP,str
individual,2018,4,PP10A,float64
individual,2018,4,PP10C,float64
individual,2018,4,PP10D,float64
individual,2018,4,PP10E,float64
individual,2018,4,PP11A,float64
individual,2018,4,PP11B_COD,float64
individual,2018,4,PP11B1,float64
individual,2018,4,PP11B2_MES,float64
individual,2018,4,PP11B2_ANO,float64
individual,2018,4,PP11B2_DIA,float64
individual,2018,4,PP11C,float64
individual,2018,4,PP11C99,float64
individual,2018,4,PP11D_COD,float64
individual,2018,4,PP11G_ANO,float64
individual,2018,4,PP11G_MES,float64
individual,2018,4,PP11G_DIA,float64
individual,2018,4,PP11L,float64
individual,2018,4,PP11L1,float64
individual,2018,4,PP11M,float64
individual,2018,4,PP11N,float64
individual,2018,4,PP11O,float64
individual,2018,4,PP11P,float64
individual,2018,4,PP11Q,float64
individual,2018,4,PP11R,float64
individual,2018,4,PP11S,float64
individual,2018,4,PP11T,float64
individual,2018,4,P21,int64
individual,2018,4,DECOCUR,int64
individual,2018,4,IDECOCUR,str
individual,2018,4,RDECOCUR,int64
individual,2018,4,GDECOCUR,str
individual,2018,4,PDECOCUR,str
individual,2018,4,ADECOCUR,int64
individual,2018,4,PONDIIO,int64
individual,2018,4,TOT_P12,int64
individual,2018,4,P47T,float64
individual,2018,4,DECINDR,int64
individual,2018,4,IDECINDR,str
individual,2018,4,RDECINDR,int64
individual,2018,4,GDECINDR,str
individual,2018,4,PDECINDR,str
individual,2018,4,ADECINDR,int64
individual,2018,4,PONDII,int64
individual,2018,4,V2_M,int64
individual,2018,4,V3_M,int64
individual,2018,4,V4_M,int64
individual,2018,4,V5_M,int64
individual,2018,4,V8_M,int64
individual,2018,4,V9_M,int64
individual,2018,4,V10_M,int64
individual,2018,4,V11_M,int64
individual,2018,4,V12_M,int64
individual,2018,4,V18_M,int64
individual,2018,4,V19_AM,int64
individual,2018,4,V21_M,int64
individual,2018,4,T_VI,int64
individual,2018,4,ITF,int64
individual,2018,4,DECIFR,str
individual,2018,4,IDECIFR,str
individual,2018,4,RDECIFR,str
individual,2018,4,GDECIFR,str
individual,2018,4,PDECIFR,str
individual,2018,4,ADECIFR,str
individual,2018,4,IPCF,float64
individual,2018,4,DECCFR,str
individual,2018,4,IDECCFR,str
individual,2018,4,RDECCFR,str
individual,2018,4,GDECCFR,str
individual,2018,4,PDECCFR,str
individual,2018,4,ADECCFR,str
individual,2018,4,PONDIH,int64
hogar,2019,1,CODUSU,string
hogar,2019,1,ANO4,Int16
hogar,2019,1,TRIMESTRE,Int16
hogar,2019,1,NRO_HOGAR,Int16
hogar,2019,1,REALIZADA,int64
hogar,2019,1,REGION,int64
hogar,2019,1,MAS_500,str
hogar,2019,1,AGLOMERADO,Int16
hogar,2019,1,PONDERA,int64
hogar,2019,1,IV1,int64
hogar,2019,1,IV1_ESP,str
hogar,2019,1,IV2,int64
hogar,2019,1,IV3,int64
hogar,2019,1,IV3_ESP,str
hogar,2019,1,IV4,int64
hogar,2019,1,IV5,int64
hogar,2019,1,IV6,int64
hogar,2019,1,IV7,int64
hogar,2019,1,IV7_ESP,str
hogar,2019,1,IV8,int64
hogar,2019,1,IV9,int64
hogar,2019,1,IV10,int64
hogar,2019,1,IV11,int64
hogar,2019,1,IV12_1,int64
hogar,2019,1,IV12_2,int64
hogar,2019,1,IV12_3,int64
hogar,2019,1,II1,int64
hogar,2019,1,II2,int64
hogar,2019,1,II3,int64
hogar,2019,1,II3_1,int64
hogar,2019,1,II4_1,int64
hogar,2019,1,II4_2,int64
hogar,2019,1,II4_3,int64
hogar,2019,1,II5,int64
hogar,2019,1,II5_1,int64
hogar,2019,1,II6,int64
hogar,2019,1,II6_1,int64
hogar,2019,1,II7,int64
hogar,2019,1,II7_ESP,str
hogar,2019,1,II8,int64
hogar,2019,1,II8_ESP,str
hogar,2019,1,II9,int64
hogar,2019,1,V1,int64
hogar,2019,1,V2,int64
hogar,2019,1,V21,int64
hogar,2019,1,V22,int64
hogar,2019,1,V3,int64
hogar,2019,1,V4,int64
hogar,2019,1,V5,int64
hogar,2019,1,V6,int64
hogar,2019,1,V7,int64
hogar,2019,1,V8,int64
hogar,2019,1,V9,int64
hogar,2019,1,V10,int64
hogar,2019,1,V11,int64
hogar,2019,1,V12,int64
hogar,2019,1,V13,int64
hogar,2019,1,V14,int64
hogar,2019,1,V15,int64
hogar,2019,1,V16,int64
hogar,2019,1,V17,int64
hogar,2019,1,V18,int64
hogar,2019,1,V19_A,int64
hogar,2019,1,V19_B,int64
hogar,2019,1,IX_TOT,int64
hogar,2019,1,IX_MEN10,int64
hogar,2019,1,IX_MAYEQ10,int64
hogar,2019,1,ITF,int64
hogar,2019,1,DECIFR,int64
hogar,2019,1,IDECIFR,str
hogar,2019,1,RDECIFR,int64
hogar,2019,1,GDECIFR,str
hogar,2019,1,PDECIFR,str
hogar,2019,1,ADECIFR,int64
hogar,2019,1,IPCF,float64
hogar,2019,1,DECCFR,int64
hogar,2019,1,IDECCFR,str
hogar,2019,1,RDECCFR,int64
hogar,2019,1,GDECCFR,str
hogar,2019,1,PDECCFR,str
hogar,2019,1,ADECCFR,int64
hogar,2019,1,PONDIH,int64
hogar,2019,1,VII1_1,int64
hogar,2019,1,VII1_2,int64
hogar,2019,1,VII2_1,int64
hogar,2019,1,VII2_2,int64
hogar,2019,1,VII2_3,int64
hogar,2019,1,VII2_4,int64
individual,2019,1,CODUSU,string
individual,2019,1,ANO4,Int16
individual,2019,1,TRIMESTRE,Int16
individual,2019,1,NRO_HOGAR,Int16
individual,2019,1,COMPONENTE,Int16
individual,2019,1,H15,int64
individual,2019,1,REGION,int64
individual,2019,1,MAS_500,str
individual,2019,1,AGLOMERADO,Int16
individual,2019,1,PONDERA,int64
individual,2019,1,CH03,int64
individual,2019,1,CH04,int64
individual,2019,1,CH05,str
individual,2019,1,CH06,int64
individual,2019,1,CH07,int64
individual,2019,1,CH08,int64
individual,2019,1,CH09,int64
individual,2019,1,CH10,int64
individual,2019,1,CH11,int64
individual,2019,1,CH12,int64
individual,2019,1,CH13,int64
individual,2019,1,CH14,float64
individual,2019,1,CH15,int64
individual,2019,1,CH15_COD,float64
individual,2019,1,CH16,int64
individual,2019,1,CH16_COD,float64
individual,2019,1,NIVEL_ED,int64
individual,2019,1,ESTADO,int64
individual,2019,1,CAT_OCUP,int64
individual,2019,1,CAT_INAC,int64
individual,2019,1,IMPUTA,int64
individual,2019,1,PP02C1,int64
individual,2019,1,PP02C2,int64
individual,2019,1,PP02C3,int64
individual,2019,1,PP02C4,int64
individual,2019,1,PP02C5,int64
individual,2019,1,PP02C6,int64
individual,2019,1,PP02C7,int64
individual,2019,1,PP02C8,int64
individual,2019,1,PP02E,int64
individual,2019,1,PP02H,int64
individual,2019,1,PP02I,int64
individual,2019,1,PP03C,float64
individual,2019,1,PP03D,float64
individual,2019,1,PP3E_TOT,float64
individual,2019,1,PP3F_TOT,float64
individual,2019,1,PP03G,float64
individual,2019,1,PP03H,float64
individual,2019,1,PP03I,float64
individual,2019,1,PP03J,float64
individual,2019,1,INTENSI,float64
individual,2019,1,PP04A,float64
individual,2019,1,PP04B_COD,float64
individual,2019,1,PP04B1,float64
individual,2019,1,PP04B2,float64
individual,2019,1,PP04B3_MES,float64
individual,2019,1,PP04B3_ANO,float64
individual,2019,1,PP04B3_DIA,float64
individual,2019,1,PP04C,float64
individual,2019,1,PP04C99,float64
individual,2019,1,PP04D_COD,float64
individual,2019,1,PP04G,float64
individual,2019,1,PP05B2_MES,float64
individual,2019,1,PP05B2_ANO,float64
individual,2019,1,PP05B2_DIA,float64
individual,2019,1,PP05C_1,float64
individual,2019,1,PP05C_2,float64
individual,2019,1,PP05C_3,float64
individual,2019,1,PP05E,float64
individual,2019,1,PP05F,float64
individual,2019,1,PP05H,float64
individual,2019,1,PP06A,float64
individual,2019,1,PP06C,float64
individual,2019,1,PP06D,float64
individual,2019,1,PP06E,float64
individual,2019,1,PP06H,float64
individual,2019,1,PP07A,float64
individual,2019,1,PP07C,float64
individual,2019,1,PP07D,float64
individual,2019,1,PP07E,float64
individual,2019,1,PP07F1,float64
individual,2019,1,PP07F2,float64
individual,2019,1,PP07F3,float64
individual,2019,1,PP07F4,float64
individual,2019,1,PP07F5,float64
individual,2019,1,PP07G1,float64
individual,2019,1,PP07G2,float64
individual,2019,1,PP07G3,float64
individual,2019,1,PP07G4,float64
individual,2019,1,PP07G_59,float64
individual,2019,1,PP07H,float64
individual,2019,1,PP07I,float64
individual,2019,1,PP07J,float64
individual,2019,1,PP07K,float64
individual,2019,1,PP08D1,float64
individual,2019,1,PP08D4,float64
individual,2019,1,PP08F1,float64
individual,2019,1,PP08F2,float64
individual,2019,1,PP08J1,float64
individual,2019,1,PP08J2,float64
individual,2019,1,PP08J3,float64
individual,2019,1,PP09A,float64
individual,2019,1,PP09A_ESP,str
individual,2019,1,PP09B,float64
individual,2019,1,PP09C,float64
individual,2019,1,PP09C_ESP,str
individual,2019,1,PP10A,float64
individual,2019,1,PP10C,float64
individual,2019,1,PP10D,float64
individual,2019,1,PP10E,float64
individual,2019,1,PP11A,float64
individual,2019,1,PP11B_COD,float64
individual,2019,1,PP11B1,float64
individual,2019,1,PP11B2_MES,float64
individual,2019,1,PP11B2_ANO,float64
individual,2019,1,PP11B2_DIA,float64
individual,2019,1,PP11C,float64
individual,2019,1,PP11C99,float64
individual,2019,1,PP11D_COD,float64
individual,2019,1,PP11G_ANO,float64
individual,2019,1,PP11G_MES,float64
individual,2019,1,PP11G_DIA,float64
individual,2019,1,PP11L,float64
individual,2019,1,PP11L1,float64
individual,2019,1,PP11M,float64
individual,2019,1,PP11N,float64
individual,2019,1,PP11O,float64
individual,2019,1,PP11P,float64
individual,2019,1,PP11Q,float64
individual,2019,1,PP11R,float64
individual,2019,1,PP11S,float64
individual,2019,1,PP11T,float64
individual,2019,1,P21,int64
individual,2019,1,DECOCUR,int64
individual,2019,1,IDECOCUR,str
individual,2019,1,RDECOCUR,int64
individual,2019,1,GDECOCUR,str
individual,2019,1,PDECOCUR,str
individual,2019,1,ADECOCUR,int64
individual,2019,1,PONDIIO,int64
individual,2019,1,TOT_P12,int64
individual,2019,1,P47T,float64
individual,2019,1,DECINDR,int64
individual,2019,1,IDECINDR,str
individual,2019,1,RDECINDR,int64
individual,2019,1,GDECINDR,str
individual,2019,1,PDECINDR,str
individual,2019,1,ADECINDR,int64
individual,2019,1,PONDII,int64
individual,2019,1,V2_M,int64
individual,2019,1,V3_M,int64
individual,2019,1,V4_M,int64
individual,2019,1,V5_M,int64
individual,2019,1,V8_M,int64
individual,2019,1,V9_M,int64
individual,2019,1,V10_M,int64
individual,2019,1,V11_M,int64
individual,2019,1,V12_M,int64
individual,2019,1,V18_M,int64
individual,2019,1,V19_AM,int64
individual,2019,1,V21_M,int64
individual,2019,1,T_VI,int64
individual,2019,1,ITF,int64
individual,2019,1,DECIFR,str
individual,2019,1,IDECIFR,str
individual,2019,1,RDECIFR,str
individual,2019,1,GDECIFR,str
individual,2019,1,PDECIFR,str
individual,2019,1,ADECIFR,str
individual,2019,1,IPCF,float64
individual,2019,1,DECCFR,str
individual,2019,1,IDECCFR,str
individual,2019,1,RDECCFR,str
individual,2019,1,GDECCFR,str
individual,2019,1,PDECCFR,str
individual,2019,1,ADECCFR,str
individual,2019,1,PONDIH,int64
hogar,2019,2,CODUSU,string
hogar,2019,2,ANO4,Int16
hogar,2019,2,TRIMESTRE,Int16
hogar,2019,2,NRO_HOGAR,Int16
hogar,2019,2,REALIZADA,int64
hogar,2019,2,REGION,int64
hogar,2019,2,MAS_500,str
hogar,2019,2,AGLOMERADO,Int16
hogar,2019,2,PONDERA,int64
hogar,2019,2,IV1,int64
hogar,2019,2,IV1_ESP,str
hogar,2019,2,IV2,int64
hogar,2019,2,IV3,int64
hogar,2019,2,IV3_ESP,str
hogar,2019,2,IV4,int64
hogar,2019,2,IV5,int64
hogar,2019,2,IV6,int64
hogar,2019,2,IV7,int64
hogar,2019,2,IV7_ESP,str
hogar,2019,2,IV8,int64
hogar,2019,2,IV9,int64
hogar,2019,2,IV10,int64
hogar,2019,2,IV11,int64
hogar,2019,2,IV12_1,int64
hogar,2019,2,IV12_2,int64
hogar,2019,2,IV12_3,int64
hogar,2019,2,II1,int64
hogar,2019,2,II2,int64
hogar,2019,2,II3,int64
hogar,2019,2,II3_1,int64
hogar,2019,2,II4_1,int64
hogar,2019,2,II4_2,int64
hogar,2019,2,II4_3,int64
hogar,2019,2,II5,int64
hogar,2019,2,II5_1,int64
hogar,2019,2,II6,int64
hogar,2019,2,II6_1,int64
hogar,2019,2,II7,int64
hogar,2019,2,II7_ESP,str
hogar,2019,2,II8,int64
hogar,2019,2,II8_ESP,str
hogar,2019,2,II9,int64
hogar,2019,2,V1,int64
hogar,2019,2,V2,int64
hogar,2019,2,V21,int64
hogar,2019,2,V22,int64
hogar,2019,2,V3,int64
hogar,2019,2,V4,int64
hogar,2019,2,V5,int64
hogar,2019,2,V6,int64
hogar,2019,2,V7,int64
hogar,2019,2,V8,int64
hogar,2019,2,V9,int64
hogar,2019,2,V10,int64
hogar,2019,2,V11,int64
hogar,2019,2,V12,int64
hogar,2019,2,V13,int64
hogar,2019,2,V14,int64
hogar,2019,2,V15,int64
hogar,2019,2,V16,int64
hogar,2019,2,V17,int64
hogar,2019,2,V18,int64
hogar,2019,2,V19_A,int64
hogar,2019,2,V19_B,int64
hogar,2019,2,IX_TOT,int64
hogar,2019,2,IX_MEN10,int64
hogar,2019,2,IX_MAYEQ10,int64
hogar,2019,2,ITF,int64
hogar,2019,2,DECIFR,int64
hogar,2019,2,IDECIFR,str
hogar,2019,2,RDECIFR,int64
hogar,2019,2,GDECIFR,str
hogar,2019,2,PDECIFR,str
hogar,2019,2,ADECIFR,int64
hogar,2019,2,IPCF,float64
hogar,2019,2,DECCFR,int64
hogar,2019,2,IDECCFR,str
hogar,2019,2,RDECCFR,int64
hogar,2019,2,GDECCFR,str
hogar,2019,2,PDECCFR,str
hogar,2019,2,ADECCFR,int64
hogar,2019,2,PONDIH,int64
hogar,2019,2,VII1_1,int64
hogar,2019,2,VII1_2,int64
hogar,2019,2,VII2_1,int64
hogar,2019,2,VII2_2,int64
hogar,2019,2,VII2_3,int64
hogar,2019,2,VII2_4,int64
individual,2019,2,CODUSU,string
individual,2019,2,ANO4,Int16
individual,2019,2,TRIMESTRE,Int16
individual,2019,2,NRO_HOGAR,Int16
individual,2019,2,COMPONENTE,Int16
individual,2019,2,H15,int64
individual,2019,2,REGION,int64
individual,2019,2,MAS_500,str
individual,2019,2,AGLOMERADO,Int16
individual,2019,2,PONDERA,int64
individual,2019,2,CH03,int64
individual,2019,2,CH04,int64
individual,2019,2,CH05,str
individual,2019,2,CH06,int64
individual,2019,2,CH07,int64
individual,2019,2,CH08,int64
individual,2019,2,CH09,int64
individual,2019,2,CH10,int64
individual,2019,2,CH11,int64
individual,2019,2,CH12,int64
individual,2019,2,CH13,int64
individual,2019,2,CH14,float64
individual,2019,2,CH15,int64
individual,2019,2,CH15_COD,float64
individual,2019,2,CH16,int64
individual,2019,2,CH16_COD,float64
individual,2019,2,NIVEL_ED,int64
individual,2019,2,ESTADO,int64
individual,2019,2,CAT_OCUP,int64
individual,2019,2,CAT_INAC,int64
individual,2019,2,IMPUTA,int64
individual,2019,2,PP02C1,int64
individual,2019,2,PP02C2,int64
individual,2019,2,PP02C3,int64
individual,2019,2,PP02C4,int64
individual,2019,2,PP02C5,int64
individual,2019,2,PP02C6,int64
individual,2019,2,PP02C7,int64
individual,2019,2,PP02C8,int64
individual,2019,2,PP02E,int64
individual,2019,2,PP02H,int64
individual,2019,2,PP02I,int64
individual,2019,2,PP03C,float64
individual,2019,2,PP03D,float64
individual,2019,2,PP3E_TOT,float64
individual,2019,2,PP3F_TOT,float64
individual,2019,2,PP03G,float64
individual,2019,2,PP03H,float64
individual,2019,2,PP03I,float64
individual,2019,2,PP03J,float64
individual,2019,2,INTENSI,float64
individual,2019,2,PP04A,float64
individual,2019,2,PP04B_COD,float64
individual,2019,2,PP04B1,float64
individual,2019,2,PP04B2,float64
individual,2019,2,PP04B3_MES,float64
individual,2019,2,PP04B3_ANO,float64
individual,2019,2,PP04B3_DIA,float64
individual,2019,2,PP04C,float64
individual,2019,2,PP04C99,float64
individual,2019,2,PP04D_COD,float64
individual,2019,2,PP04G,float64
individual,2019,2,PP05B2_MES,float64
individual,2019,2,PP05B2_ANO,float64
individual,2019,2,PP05B2_DIA,float64
individual,2019,2,PP05C_1,float64
individual,2019,2,PP05C_2,float64
individual,2019,2,PP05C_3,float64
individual,2019,2,PP05E,float64
individual,2019,2,PP05F,float64
individual,2019,2,PP05H,float64
individual,2019,2,PP06A,float64
individual,2019,2,PP06C,float64
individual,2019,2,PP06D,float64
individual,2019,2,PP06E,float64
individual,2019,2,PP06H,float64
individual,2019,2,PP07A,float64
individual,2019,2,PP07C,float64
individual,2019,2,PP07D,float64
individual,2019,2,PP07E,float64
individual,2019,2,PP07F1,float64
individual,2019,2,PP07F2,float64
individual,2019,2,PP07F3,float64
individual,2019,2,PP07F4,float64
individual,2019,2,PP07F5,float64
individual,2019,2,PP07G1,float64
individual,2019,2,PP07G2,float64
individual,2019,2,PP07G3,float64
individual,2019,2,PP07G4,float64
individual,2019,2,PP07G_59,float64
individual,2019,2,PP07H,float64
individual,2019,2,PP07I,float64
individual,2019,2,PP07J,float64
individual,2019,2,PP07K,float64
individual,2019,2,PP08D1,float64
individual,2019,2,PP08D4,float64
individual,2019,2,PP08F1,float64
individual,2019,2,PP08F2,float64
individual,2019,2,PP08J1,float64
individual,2019,2,PP08J2,float64
individual,2019,2,PP08J3,float64
individual,2019,2,PP09A,float64
individual,2019,2,PP09A_ESP,str
individual,2019,2,PP09B,float64
individual,2019,2,PP09C,float64
individual,2019,2,PP09C_ESP,str
individual,2019,2,PP10A,float64
individual,2019,2,PP10C,float64
individual,2019,2,PP10D,float64
individual,2019,2,PP10E,float64
individual,2019,2,PP11A,float64
individual,2019,2,PP11B_COD,float64
individual,2019,2,PP11B1,float64
individual,2019,2,PP11B2_MES,float64
individual,2019,2,PP11B2_ANO,float64
individual,2019,2,PP11B2_DIA,float64
individual,2019,2,PP11C,float64
individual,2019,2,PP11C99,float64
individual,2019,2,PP11D_COD,float64
individual,2019,2,PP11G_ANO,float64
individual,2019,2,PP11G_MES,float64
individual,2019,2,PP11G_DIA,float64
individual,2019,2,PP11L,float64
individual,2019,2,PP11L1,float64
individual,2019,2,PP11M,float64
individual,2019,2,PP11N,float64
individual,2019,2,PP11O,float64
individual,2019,2,PP11P,float64
individual,2019,2,PP11Q,float64
individual,2019,2,PP11R,float64
individual,2019,2,PP11S,float64
individual,2019,2,PP11T,float64
individual,2019,2,P21,int64
individual,2019,2,DECOCUR,int64
individual,2019,2,IDECOCUR,str
individual,2019,2,RDECOCUR,int64
individual,2019,2,GDECOCUR,str
individual,2019,2,PDECOCUR,str
individual,2019,2,ADECOCUR,int64
individual,2019,2,PONDIIO,int64
individual,2019,2,TOT_P12,int64
individual,2019,2,P47T,float64
individual,2019,2,DECINDR,int64
individual,2019,2,IDECINDR,str
individual,2019,2,RDECINDR,int64
individual,2019,2,GDECINDR,str
individual,2019,2,PDECINDR,str
individual,2019,2,ADECINDR,int64
individual,2019,2,PONDII,int64
individual,2019,2,V2_M,int64
individual,2019,2,V3_M,int64
individual,2019,2,V4_M,int64
individual,2019,2,V5_M,int64
individual,2019,2,V8_M,int64
individual,2019,2,V9_M,int64
individual,2019,2,V10_M,int64
individual,2019,2,V11_M,int64
individual,2019,2,V12_M,int64
individual,2019,2,V18_M,int64
individual,2019,2,V19_AM,int64
individual,2019,2,V21_M,int64
individual,2019,2,T_VI,int64
individual,2019,2,ITF,int64
individual,2019,2,DECIFR,str
individual,2019,2,IDECIFR,str
individual,2019,2,RDECIFR,str
individual,2019,2,GDECIFR,str
individual,2019,2,PDECIFR,str
individual,2019,2,ADECIFR,str
individual,2019,2,IPCF,float64
individual,2019,2,DECCFR,str
individual,2019,2,IDECCFR,str
individual,2019,2,RDECCFR,str
individual,2019,2,GDECCFR,str
individual,2019,2,PDECCFR,str
individual,2019,2,ADECCFR,str
individual,2019,2,PONDIH,int64
hogar,2019,3,CODUSU,string
hogar,2019,3,ANO4,Int16
hogar,2019,3,TRIMESTRE,Int16
hogar,2019,3,NRO_HOGAR,Int16
hogar,2019,3,REALIZADA,int64
hogar,2019,3,REGION,int64
hogar,2019,3,MAS_500,str
hogar,2019,3,AGLOMERADO,Int16
hogar,2019,3,PONDERA,int64
hogar,2019,3,IV1,int64
hogar,2019,3,IV1_ESP,str
hogar,2019,3,IV2,int64
hogar,2019,3,IV3,int64
hogar,2019,3,IV3_ESP,str
hogar,2019,3,IV4,int64
hogar,2019,3,IV5,int64
hogar,2019,3,IV6,int64
hogar,2019,3,IV7,int64
hogar,2019,3,IV7_ESP,str
hogar,2019,3,IV8,int64
hogar,2019,3,IV9,int64
hogar,2019,3,IV10,int64
hogar,2019,3,IV11,int64
hogar,2019,3,IV12_1,int64
hogar,2019,3,IV12_2,int64
hogar,2019,3,IV12_3,int64
hogar,2019,3,II1,int64
hogar,2019,3,II2,int64
hogar,2019,3,II3,int64
hogar,2019,3,II3_1,int64
hogar,2019,3,II4_1,int64
hogar,2019,3,II4_2,int64
hogar,2019,3,II4_3,int64
hogar,2019,3,II5,int64
hogar,2019,3,II5_1,int64
hogar,2019,3,II6,int64
hogar,2019,3,II6_1,int64
hogar,2019,3,II7,int64
hogar,2019,3,II7_ESP,str
hogar,2019,3,II8,int64
hogar,2019,3,II8_ESP,str
hogar,2019,3,II9,int64
hogar,2019,3,V1,int64
hogar,2019,3,V2,int64
hogar,2019,3,V21,int64
hogar,2019,3,V22,int64
hogar,2019,3,V3,int64
hogar,2019,3,V4,int64
hogar,2019,3,V5,int64
hogar,2019,3,V6,int64
hogar,2019,3,V7,int64
hogar,2019,3,V8,int64
hogar,2019,3,V9,int64
hogar,2019,3,V10,int64
hogar,2019,3,V11,int64
hogar,2019,3,V12,int64
hogar,2019,3,V13,int64
hogar,2019,3,V14,int64
hogar,2019,3,V15,int64
hogar,2019,3,V16,int64
hogar,2019,3,V17,int64
hogar,2019,3,V18,int64
hogar,2019,3,V19_A,int64
hogar,2019,3,V19_B,int64
hogar,2019,3,IX_TOT,int64
hogar,2019,3,IX_MEN10,int64
hogar,2019,3,IX_MAYEQ10,int64
hogar,2019,3,ITF,int64
hogar,2019,3,DECIFR,int64
hogar,2019,3,IDECIFR,str
hogar,2019,3,RDECIFR,int64
hogar,2019,3,GDECIFR,str
hogar,2019,3,PDECIFR,str
hogar,2019,3,ADECIFR,int64
hogar,2019,3,IPCF,float64
hogar,2019,3,DECCFR,int64
hogar,2019,3,IDECCFR,str
hogar,2019,3,RDECCFR,int64
hogar,2019,3,GDECCFR,str
hogar,2019,3,PDECCFR,str
hogar,2019,3,ADECCFR,int64
hogar,2019,3,PONDIH,int64
hogar,2019,3,VII1_1,int64
hogar,2019,3,VII1_2,int64
hogar,2019,3,VII2_1,int64
hogar,2019,3,VII2_2,int64
hogar,2019,3,VII2_3,int64
hogar,2019,3,VII2_4,int64
individual,2019,3,CODUSU,string
individual,2019,3,ANO4,Int16
individual,2019,3,TRIMESTRE,Int16
individual,2019,3,NRO_HOGAR,Int16
individual,2019,3,COMPONENTE,Int16
individual,2019,3,H15,int64
individual,2019,3,REGION,int64
individual,2019,3,MAS_500,str
individual,2019,3,AGLOMERADO,Int16
individual,2019,3,PONDERA,int64
individual,2019,3,CH03,int64
individual,2019,3,CH04,int64
individual,2019,3,CH05,str
individual,2019,3,CH06,int64
individual,2019,3,CH07,int64
individual,2019,3,CH08,int64
individual,2019,3,CH09,int64
individual,2019,3,CH10,int64
individual,2019,3,CH11,int64
individual,2019,3,CH12,int64
individual,2019,3,CH13,int64
individual,2019,3,CH14,float64
individual,2019,3,CH15,int64
individual,2019,3,CH15_COD,float64
individual,2019,3,CH16,int64
individual,2019,3,CH16_COD,float64
individual,2019,3,NIVEL_ED,int64
individual,2019,3,ESTADO,int64
individual,2019,3,CAT_OCUP,int64
individual,2019,3,CAT_INAC,int64
individual,2019,3,IMPUTA,int64
individual,2019,3,PP02C1,int64
individual,2019,3,PP02C2,int64
individual,2019,3,PP02C3,int64
individual,2019,3,PP02C4,int64
individual,2019,3,PP02C5,int64
individual,2019,3,PP02C6,int64
individual,2019,3,PP02C7,int64
individual,2019,3,PP02C8,int64
individual,2019,3,PP02E,int64
individual,2019,3,PP02H,int64
individual,2019,3,PP02I,int64
individual,2019,3,PP03C,float64
individual,2019,3,PP03D,float64
individual,2019,3,PP3E_TOT,float64
individual,2019,3,PP3F_TOT,float64
individual,2019,3,PP03G,float64
individual,2019,3,PP03H,float64
individual,2019,3,PP03I,float64
individual,2019,3,PP03J,float64
individual,2019,3,INTENSI,float64
individual,2019,3,PP04A,float64
individual,2019,3,PP04B_COD,float64
individual,2019,3,PP04B1,float64
individual,2019,3,PP04B2,float64
individual,2019,3,PP04B3_MES,float64
individual,2019,3,PP04B3_ANO,float64
individual,2019,3,PP04B3_DIA,float64
individual,2019,3,PP04C,float64
individual,2019,3,PP04C99,float64
individual,2019,3,PP04D_COD,float64
individual,2019,3,PP04G,float64
individual,2019,3,PP05B2_MES,float64
individual,2019,3,PP05B2_ANO,float64
individual,2019,3,PP05B2_DIA,float64
individual,2019,3,PP05C_1,float64
individual,2019,3,PP05C_2,float64
individual,2019,3,PP05C_3,float64
individual,2019,3,PP05E,float64
individual,2019,3,PP05F,float64
individual,2019,3,PP05H,float64
individual,2019,3,PP06A,float64
individual,2019,3,PP06C,float64
individual,2019,3,PP06D,float64
individual,2019,3,PP06E,float64
individual,2019,3,PP06H,float64
individual,2019,3,PP07A,float64
individual,2019,3,PP07C,float64
individual,2019,3,PP07D,float64
individual,2019,3,PP07E,float64
individual,2019,3,PP07F1,float64
individual,2019,3,PP07F2,float64
individual,2019,3,PP07F3,float64
individual,2019,3,PP07F4,float64
individual,2019,3,PP07F5,float64
individual,2019,3,PP07G1,float64
individual,2019,3,PP07G2,float64
individual,2019,3,PP07G3,float64
individual,2019,3,PP07G4,float64
individual,2019,3,PP07G_59,float64
individual,2019,3,PP07H,float64
individual,2019,3,PP07I,float64
individual,2019,3,PP07J,float64
individual,2019,3,PP07K,float64
individual,2019,3,PP08D1,float64
individual,2019,3,PP08D4,float64
individual,2019,3,PP08F1,float64
individual,2019,3,PP08F2,float64
individual,2019,3,PP08J1,float64
individual,2019,3,PP08J2,float64
individual,2019,3,PP08J3,float64
individual,2019,3,PP09A,float64
individual,2019,3,PP09A_ESP,str
individual,2019,3,PP09B,float64
individual,2019,3,PP09C,float64
individual,2019,3,PP09C_ESP,str
individual,2019,3,PP10A,float64
individual,2019,3,PP10C,float64
individual,2019,3,PP10D,float64
individual,2019,3,PP10E,float64
individual,2019,3,PP11A,float64
individual,2019,3,PP11B_COD,float64
individual,2019,3,PP11B1,float64
individual,2019,3,PP11B2_MES,float64
individual,2019,3,PP11B2_ANO,float64
individual,2019,3,PP11B2_DIA,float64
individual,2019,3,PP11C,float64
individual,2019,3,PP11C99,float64
individual,2019,3,PP11D_COD,float64
individual,2019,3,PP11G_ANO,float64
individual,2019,3,PP11G_MES,float64
individual,2019,3,PP11G_DIA,float64
individual,2019,3,PP11L,float64
individual,2019,3,PP11L1,float64
individual,2019,3,PP11M,float64
individual,2019,3,PP11N,float64
individual,2019,3,PP11O,float64
individual,2019,3,PP11P,float64
individual,2019,3,PP11Q,float64
individual,2019,3,PP11R,float64
individual,2019,3,PP11S,float64
individual,2019,3,PP11T,float64
individual,2019,3,P21,int64
individual,2019,3,DECOCUR,int64
individual,2019,3,IDECOCUR,str
individual,2019,3,RDECOCUR,int64
individual,2019,3,GDECOCUR,str
individual,2019,3,PDECOCUR,str
individual,2019,3,ADECOCUR,int64
individual,2019,3,PONDIIO,int64
individual,2019,3,TOT_P12,int64
individual,2019,3,P47T,float64
individual,2019,3,DECINDR,int64
individual,2019,3,IDECINDR,str
individual,2019,3,RDECINDR,int64
individual,2019,3,GDECINDR,str
individual,2019,3,PDECINDR,str
individual,2019,3,ADECINDR,int64
individual,2019,3,PONDII,int64
individual,2019,3,V2_M,int64
individual,2019,3,V3_M,int64
individual,2019,3,V4_M,int64
individual,2019,3,V5_M,int64
individual,2019,3,V8_M,int64
individual,2019,3,V9_M,int64
individual,2019,3,V10_M,int64
individual,2019,3,V11_M,int64
individual,2019,3,V12_M,int64
individual,2019,3,V18_M,int64
individual,2019,3,V19_AM,int64
individual,2019,3,V21_M,int64
individual,2019,3,T_VI,int64
individual,2019,3,ITF,int64
individual,2019,3,DECIFR,str
individual,2019,3,IDECIFR,str
individual,2019,3,RDECIFR,str
individual,2019,3,GDECIFR,str
individual,2019,3,PDECIFR,str
individual,2019,3,ADECIFR,str
individual,2019,3,IPCF,float64
individual,2019,3,DECCFR,str
individual,2019,3,IDECCFR,str
individual,2019,3,RDECCFR,str
individual,2019,3,GDECCFR,str
individual,2019,3,PDECCFR,str
individual,2019,3,ADECCFR,str
individual,2019,3,PONDIH,int64
hogar,2019,4,CODUSU,string
hogar,2019,4,ANO4,Int16
hogar,2019,4,TRIMESTRE,Int16
hogar,2019,4,NRO_HOGAR,Int16
hogar,2019,4,REALIZADA,int64
hogar,2019,4,REGION,int64
hogar,2019,4,MAS_500,str
hogar,2019,4,AGLOMERADO,Int16
hogar,2019,4,PONDERA,int64
hogar,2019,4,IV1,int64
hogar,2019,4,IV1_ESP,str
hogar,2019,4,IV2,int64
hogar,2019,4,IV3,int64
hogar,2019,4,IV3_ESP,str
hogar,2019,4,IV4,int64
hogar,2019,4,IV5,int64
hogar,2019,4,IV6,int64
hogar,2019,4,IV7,int64
hogar,2019,4,IV7_ESP,str
hogar,2019,4,IV8,int64
hogar,2019,4,IV9,int64
hogar,2019,4,IV10,int64
hogar,2019,4,IV11,int64
hogar,2019,4,IV12_1,int64
hogar,2019,4,IV12_2,int64
hogar,2019,4,IV12_3,int64
hogar,2019,4,II1,int64
hogar,2019,4,II2,int64
hogar,2019,4,II3,int64
hogar,2019,4,II3_1,int64
hogar,2019,4,II4_1,int64
hogar,2019,4,II4_2,int64
hogar,2019,4,II4_3,int64
hogar,2019,4,II5,int64
hogar,2019,4,II5_1,int64
hogar,2019,4,II6,int64
hogar,2019,4,II6_1,int64
hogar,2019,4,II7,int64
hogar,2019,4,II7_ESP,str
hogar,2019,4,II8,int64
hogar,2019,4,II8_ESP,str
hogar,2019,4,II9,int64
hogar,2019,4,V1,int64
hogar,2019,4,V2,int64
hogar,2019,4,V21,int64
hogar,2019,4,V22,int64
hogar,2019,4,V3,int64
hogar,2019,4,V4,int64
hogar,2019,4,V5,int64
hogar,2019,4,V6,int64
hogar,2019,4,V7,int64
hogar,2019,4,V8,int64
hogar,2019,4,V9,int64
hogar,2019,4,V10,int64
hogar,2019,4,V11,int64
hogar,2019,4,V12,int64
hogar,2019,4,V13,int64
hogar,2019,4,V14,int64
hogar,2019,4,V15,int64
hogar,2019,4,V16,int64
hogar,2019,4,V17,int64
hogar,2019,4,V18,int64
hogar,2019,4,V19_A,int64
hogar,2019,4,V19_B,int64
hogar,2019,4,IX_TOT,int64
hogar,2019,4,IX_MEN10,int64
hogar,2019,4,IX_MAYEQ10,int64
hogar,2019,4,ITF,int64
hogar,2019,4,DECIFR,int64
hogar,2019,4,IDECIFR,str
hogar,2019,4,RDECIFR,int64
hogar,2019,4,GDECIFR,str
hogar,2019,4,PDECIFR,str
hogar,2019,4,ADECIFR,int64
hogar,2019,4,IPCF,float64
hogar,2019,4,DECCFR,int64
hogar,2019,4,IDECCFR,str
hogar,2019,4,RDECCFR,int64
hogar,2019,4,GDECCFR,str
hogar,2019,4,PDECCFR,str
hogar,2019,4,ADECCFR,int64
hogar,2019,4,PONDIH,int64
hogar,2019,4,VII1_1,int64
hogar,2019,4,VII1_2,int64
hogar,2019,4,VII2_1,int64
hogar,2019,4,VII2_2,int64
hogar,2019,4,VII2_3,int64
hogar,2019,4,VII2_4,int64
individual,2019,4,CODUSU,string
individual,2019,4,ANO4,Int16
individual,2019,4,TRIMESTRE,Int16
individual,2019,4,NRO_HOGAR,Int16
individual,2019,4,COMPONENTE,Int16
individual,2019,4,H15,int64
individual,2019,4,REGION,int64
individual,2019,4,MAS_500,str
individual,2019,4,AGLOMERADO,Int16
individual,2019,4,PONDERA,int64
individual,2019,4,CH03,int64
individual,2019,4,CH04,int64
individual,2019,4,CH05,str
individual,2019,4,CH06,int64
individual,2019,4,CH07,int64
individual,2019,4,CH08,int64
individual,2019,4,CH09,int64
individual,2019,4,CH10,int64
individual,2019,4,CH11,int64
individual,2019,4,CH12,int64
individual,2019,4,CH13,int64
individual,2019,4,CH14,float64
individual,2019,4,CH15,int64
individual,2019,4,CH15_COD,float64
individual,2019,4,CH16,int64
individual,2019,4,CH16_COD,float64
individual,2019,4,NIVEL_ED,int64
individual,2019,4,ESTADO,int64
individual,2019,4,CAT_OCUP,int64
individual,2019,4,CAT_INAC,int64
individual,2019,4,IMPUTA,int64
individual,2019,4,PP02C1,int64
individual,2019,4,PP02C2,int64
individual,2019,4,PP02C3,int64
individual,2019,4,PP02C4,int64
individual,2019,4,PP02C5,int64
individual,2019,4,PP02C6,int64
individual,2019,4,PP02C7,int64
individual,2019,4,PP02C8,int64
individual,2019,4,PP02E,int64
individual,2019,4,PP02H,int64
individual,2019,4,PP02I,int64
individual,2019,4,PP03C,float64
individual,2019,4,PP03D,float64
individual,2019,4,PP3E_TOT,float64
individual,2019,4,PP3F_TOT,float64
individual,2019,4,PP03G,float64
individual,2019,4,PP03H,float64
individual,2019,4,PP03I,float64
individual,2019,4,PP03J,float64
individual,2019,4,INTENSI,float64
individual,2019,4,PP04A,float64
individual,2019,4,PP04B_COD,float64
individual,2019,4,PP04B1,float64
individual,2019,4,PP04B2,float64
individual,2019,4,PP04B3_MES,float64
individual,2019,4,PP04B3_ANO,float64
individual,2019,4,PP04B3_DIA,float64
individual,2019,4,PP04C,float64
individual,2019,4,PP04C99,float64
individual,2019,4,PP04D_COD,float64
individual,2019,4,PP04G,float64
individual,2019,4,PP05B2_MES,float64
individual,2019,4,PP05B2_ANO,float64
individual,2019,4,PP05B2_DIA,float64
individual,2019,4,PP05C_1,float64
individual,2019,4,PP05C_2,float64
individual,2019,4,PP05C_3,float64
individual,2019,4,PP05E,float64
individual,2019,4,PP05F,float64
individual,2019,4,PP05H,float64
individual,2019,4,PP06A,float64
individual,2019,4,PP06C,float64
individual,2019,4,PP06D,float64
individual,2019,4,PP06E,float64
individual,2019,4,PP06H,float64
individual,2019,4,PP07A,float64
individual,2019,4,PP07C,float64
individual,2019,4,PP07D,float64
individual,2019,4,PP07E,float64
individual,2019,4,PP07F1,float64
individual,2019,4,PP07F2,float64
individual,2019,4,PP07F3,float64
individual,2019,4,PP07F4,float64
individual,2019,4,PP07F5,float64
individual,2019,4,PP07G1,float64
individual,2019,4,PP07G2,float64
individual,2019,4,PP07G3,float64
individual,2019,4,PP07G4,float64
individual,2019,4,PP07G_59,float64
individual,2019,4,PP07H,float64
individual,2019,4,PP07I,float64
individual,2019,4,PP07J,float64
individual,2019,4,PP07K,float64
individual,2019,4,PP08D1,float64
individual,2019,4,PP08D4,float64
individual,2019,4,PP08F1,float64
individual,2019,4,PP08F2,float64
individual,2019,4,PP08J1,float64
individual,2019,4,PP08J2,float64
individual,2019,4,PP08J3,float64
individual,2019,4,PP09A,float64
individual,2019,4,PP09A_ESP,str
individual,2019,4,PP09B,float64
individual,2019,4,PP09C,float64
individual,2019,4,PP09C_ESP,str
individual,2019,4,PP10A,float64
individual,2019,4,PP10C,float64
individual,2019,4,PP10D,float64
individual,2019,4,PP10E,float64
individual,2019,4,PP11A,float64
individual,2019,4,PP11B_COD,float64
individual,2019,4,PP11B1,float64
individual,2019,4,PP11B2_MES,float64
individual,2019,4,PP11B2_ANO,float64
individual,2019,4,PP11B2_DIA,float64
individual,2019,4,PP11C,float64
individual,2019,4,PP11C99,float64
individual,2019,4,PP11D_COD,float64
individual,2019,4,PP11G_ANO,float64
individual,2019,4,PP11G_MES,float64
individual,2019,4,PP11G_DIA,float64
individual,2019,4,PP11L,float64
individual,2019,4,PP11L1,float64
individual,2019,4,PP11M,float64
individual,2019,4,PP11N,float64
individual,2019,4,PP11O,float64
individual,2019,4,PP11P,float64
individual,2019,4,PP11Q,float64
individual,2019,4,PP11R,float64
individual,2019,4,PP11S,float64
individual,2019,4,PP11T,float64
individual,2019,4,P21,int64
individual,2019,4,DECOCUR,int64
individual,2019,4,IDECOCUR,str
individual,2019,4,RDECOCUR,int64
individual,2019,4,GDECOCUR,str
individual,2019,4,PDECOCUR,str
individual,2019,4,ADECOCUR,int64
individual,2019,4,PONDIIO,int64
individual,2019,4,TOT_P12,int64
individual,2019,4,P47T,float64
individual,2019,4,DECINDR,int64
individual,2019,4,IDECINDR,str
individual,2019,4,RDECINDR,int64
individual,2019,4,GDECINDR,str
individual,2019,4,PDECINDR,str
individual,2019,4,ADECINDR,int64
individual,2019,4,PONDII,int64
individual,2019,4,V2_M,int64
individual,2019,4,V3_M,int64
individual,2019,4,V4_M,int64
individual,2019,4,V5_M,int64
individual,2019,4,V8_M,int64
individual,2019,4,V9_M,int64
individual,2019,4,V10_M,int64
individual,2019,4,V11_M,int64
individual,2019,4,V12_M,int64
individual,2019,4,V18_M,int64
individual,2019,4,V19_AM,int64
individual,2019,4,V21_M,int64
individual,2019,4,T_VI,int64
individual,2019,4,ITF,int64
individual,2019,4,DECIFR,str
individual,2019,4,IDECIFR,str
individual,2019,4,RDECIFR,str
individual,2019,4,GDECIFR,str
individual,2019,4,PDECIFR,str
individual,2019,4,ADECIFR,str
individual,2019,4,IPCF,float64
individual,2019,4,DECCFR,str
individual,2019,4,IDECCFR,str
individual,2019,4,RDECCFR,str
individual,2019,4,GDECCFR,str
individual,2019,4,PDECCFR,str
individual,2019,4,ADECCFR,str
individual,2019,4,PONDIH,int64
hogar,2020,1,CODUSU,string
hogar,2020,1,ANO4,Int16
hogar,2020,1,TRIMESTRE,Int16
hogar,2020,1,NRO_HOGAR,Int16
hogar,2020,1,REALIZADA,int64
hogar,2020,1,REGION,int64
hogar,2020,1,MAS_500,float64
hogar,2020,1,AGLOMERADO,Int16
hogar,2020,1,PONDERA,int64
hogar,2020,1,IV1,int64
hogar,2020,1,IV1_ESP,str
hogar,2020,1,IV2,int64
hogar,2020,1,IV3,int64
hogar,2020,1,IV3_ESP,str
hogar,2020,1,IV4,int64
hogar,2020,1,IV5,int64
hogar,2020,1,IV6,int64
hogar,2020,1,IV7,int64
hogar,2020,1,IV7_ESP,str
hogar,2020,1,IV8,int64
hogar,2020,1,IV9,int64
hogar,2020,1,IV10,int64
hogar,2020,1,IV11,int64
hogar,2020,1,IV12_1,int64
hogar,2020,1,IV12_2,int64
hogar,2020,1,IV12_3,int64
hogar,2020,1,II1,int64
hogar,2020,1,II2,int64
hogar,2020,1,II3,int64
hogar,2020,1,II3_1,int64
hogar,2020,1,II4_1,int64
hogar,2020,1,II4_2,int64
hogar,2020,1,II4_3,int64
hogar,2020,1,II5,int64
hogar,2020,1,II5_1,int64
hogar,2020,1,II6,int64
hogar,2020,1,II6_1,int64
hogar,2020,1,II7,int64
hogar,2020,1,II7_ESP,str
hogar,2020,1,II8,int64
hogar,2020,1,II8_ESP,str
hogar,2020,1,II9,int64
hogar,2020,1,V1,int64
hogar,2020,1,V2,int64
hogar,2020,1,V21,int64
hogar,2020,1,V22,int64
hogar,2020,1,V3,int64
hogar,2020,1,V4,int64
hogar,2020,1,V5,int64
hogar,2020,1,V6,int64
hogar,2020,1,V7,int64
hogar,2020,1,V8,int64
hogar,2020,1,V9,int64
hogar,2020,1,V10,int64
hogar,2020,1,V11,int64
hogar,2020,1,V12,int64
hogar,2020,1,V13,int64
hogar,2020,1,V14,int64
hogar,2020,1,V15,int64
hogar,2020,1,V16,int64
hogar,2020,1,V17,int64
hogar,2020,1,V18,int64
hogar,2020,1,V19_A,int64
hogar,2020,1,V19_B,int64
hogar,2020,1,IX_TOT,int64
hogar,2020,1,IX_MEN10,int64
hogar,2020,1,IX_MAYEQ10,int64
hogar,2020,1,ITF,int64
hogar,2020,1,DECIFR,int64
hogar,2020,1,IDECIFR,str
hogar,2020,1,RDECIFR,int64
hogar,2020,1,GDECIFR,float64
hogar,2020,1,PDECIFR,float64
hogar,2020,1,ADECIFR,int64
hogar,2020,1,IPCF,float64
hogar,2020,1,DECCFR,int64
hogar,2020,1,IDECCFR,str
hogar,2020,1,RDECCFR,int64
hogar,2020,1,GDECCFR,float64
hogar,2020,1,PDECCFR,float64
hogar,2020,1,ADECCFR,int64
hogar,2020,1,PONDIH,int64
hogar,2020,1,VII1_1,int64
hogar,2020,1,VII1_2,int64
hogar,2020,1,VII2_1,int64
hogar,2020,1,VII2_2,int64
hogar,2020,1,VII2_3,int64
hogar,2020,1,VII2_4,int64
individual,2020,1,CODUSU,string
individual,2020,1,ANO4,Int16
individual,2020,1,TRIMESTRE,Int16
individual,2020,1,NRO_HOGAR,Int16
individual,2020,1,COMPONENTE,Int16
individual,2020,1,H15,int64
individual,2020,1,REGION,int64
individual,2020,1,MAS_500,float64
individual,2020,1,AGLOMERADO,Int16
individual,2020,1,PONDERA,int64
individual,2020,1,CH03,int64
individual,2020,1,CH04,int64
individual,2020,1,CH05,str
individual,2020,1,CH06,int64
individual,2020,1,CH07,int64
individual,2020,1,CH08,int64
individual,2020,1,CH09,int64
individual,2020,1,CH10,int64
individual,2020,1,CH11,int64
individual,2020,1,CH12,int64
individual,2020,1,CH13,int64
individual,2020,1,CH14,float64
individual,2020,1,CH15,int64
individual,2020,1,CH15_COD,float64
individual,2020,1,CH16,int64
individual,2020,1,CH16_COD,float64
individual,2020,1,NIVEL_ED,int64
individual,2020,1,ESTADO,int64
individual,2020,1,CAT_OCUP,int64
individual,2020,1,CAT_INAC,int64
individual,2020,1,IMPUTA,int64
individual,2020,1,PP02C1,int64
individual,2020,1,PP02C2,int64
individual,2020,1,PP02C3,int64
individual,2020,1,PP02C4,int64
individual,2020,1,PP02C5,int64
individual,2020,1,PP02C6,int64
individual,2020,1,PP02C7,int64
individual,2020,1,PP02C8,int64
individual,2020,1,PP02E,int64
individual,2020,1,PP02H,int64
individual,2020,1,PP02I,int64
individual,2020,1,PP03C,float64
individual,2020,1,PP03D,float64
individual,2020,1,PP3E_TOT,float64
individual,2020,1,PP3F_TOT,float64
individual,2020,1,PP03G,float64
individual,2020,1,PP03H,float64
individual,2020,1,PP03I,float64
individual,2020,1,PP03J,float64
individual,2020,1,INTENSI,float64
individual,2020,1,PP04A,float64
individual,2020,1,PP04B_COD,float64
individual,2020,1,PP04B1,float64
individual,2020,1,PP04B2,float64
individual,2020,1,PP04B3_MES,float64
individual,2020,1,PP04B3_ANO,float64
individual,2020,1,PP04B3_DIA,float64
individual,2020,1,PP04C,float64
individual,2020,1,PP04C99,float64
individual,2020,1,PP04D_COD,float64
individual,2020,1,PP04G,float64
individual,2020,1,PP05B2_MES,float64
individual,2020,1,PP05B2_ANO,float64
individual,2020,1,PP05B2_DIA,float64
individual,2020,1,PP05C_1,float64
individual,2020,1,PP05C_2,float64
individual,2020,1,PP05C_3,float64
individual,2020,1,PP05E,float64
individual,2020,1,PP05F,float64
individual,2020,1,PP05H,float64
individual,2020,1,PP06A,float64
individual,2020,1,PP06C,float64
individual,2020,1,PP06D,float64
individual,2020,1,PP06E,float64
individual,2020,1,PP06H,float64
individual,2020,1,PP07A,float64
individual,2020,1,PP07C,float64
individual,2020,1,PP07D,float64
individual,2020,1,PP07E,float64
individual,2020,1,PP07F1,float64
individual,2020,1,PP07F2,float64
individual,2020,1,PP07F3,float64
individual,2020,1,PP07F4,float64
individual,2020,1,PP07F5,float64
individual,2020,1,PP07G1,float64
individual,2020,1,PP07G2,float64
individual,2020,1,PP07G3,float64
individual,2020,1,PP07G4,float64
individual,2020,1,PP07G_59,float64
individual,2020,1,PP07H,float64
individual,2020,1,PP07I,float64
individual,2020,1,PP07J,float64
individual,2020,1,PP07K,float64
individual,2020,1,PP08D1,float64
individual,2020,1,PP08D4,float64
individual,2020,1,PP08F1,float64
individual,2020,1,PP08F2,float64
individual,2020,1,PP08J1,float64
individual,2020,1,PP08J2,float64
individual,2020,1,PP08J3,float64
individual,2020,1,PP09A,float64
individual,2020,1,PP09A_ESP,str
individual,2020,1,PP09B,float64
individual,2020,1,PP09C,float64
individual,2020,1,PP09C_ESP,str
individual,2020,1,PP10A,float64
individual,2020,1,PP10C,float64
individual,2020,1,PP10D,float64
individual,2020,1,PP10E,float64
individual,2020,1,PP11A,float64
individual,2020,1,PP11B_COD,float64
individual,2020,1,PP11B1,float64
individual,2020,1,PP11B2_MES,float64
individual,2020,1,PP11B2_ANO,float64
individual,2020,1,PP11B2_DIA,float64
individual,2020,1,PP11C,float64
individual,2020,1,PP11C99,float64
individual,2020,1,PP11D_COD,float64
individual,2020,1,PP11G_ANO,float64
individual,2020,1,PP11G_MES,float64
individual,2020,1,PP11G_DIA,float64
individual,2020,1,PP11L,float64
individual,2020,1,PP11L1,float64
individual,2020,1,PP11M,float64
individual,2020,1,PP11N,float64
individual,2020,1,PP11O,float64
individual,2020,1,PP11P,float64
individual,2020,1,PP11Q,float64
individual,2020,1,PP11R,float64
individual,2020,1,PP11S,float64
individual,2020,1,PP11T,float64
individual,2020,1,P21,int64
individual,2020,1,DECOCUR,int64
individual,2020,1,IDECOCUR,str
individual,2020,1,RDECOCUR,int64
individual,2020,1,GDECOCUR,float64
individual,2020,1,PDECOCUR,float64
individual,2020,1,ADECOCUR,int64
individual,2020,1,PONDIIO,int64
individual,2020,1,TOT_P12,int64
individual,2020,1,P47T,float64
individual,2020,1,DECINDR,int64
individual,2020,1,IDECINDR,str
individual,2020,1,RDECINDR,int64
individual,2020,1,GDECINDR,float64
individual,2020,1,PDECINDR,float64
individual,2020,1,ADECINDR,int64
individual,2020,1,PONDII,int64
individual,2020,1,V2_M,int64
individual,2020,1,V3_M,int64
individual,2020,1,V4_M,int64
individual,2020,1,V5_M,int64
individual,2020,1,V8_M,int64
individual,2020,1,V9_M,int64
individual,2020,1,V10_M,int64
individual,2020,1,V11_M,int64
individual,2020,1,V12_M,int64
individual,2020,1,V18_M,int64
individual,2020,1,V19_AM,int64
individual,2020,1,V21_M,int64
individual,2020,1,T_VI,int64
individual,2020,1,ITF,int64
individual,2020,1,DECIFR,str
individual,2020,1,IDECIFR,str
individual,2020,1,RDECIFR,str
individual,2020,1,GDECIFR,float64
individual,2020,1,PDECIFR,float64
individual,2020,1,ADECIFR,str
individual,2020,1,IPCF,float64
individual,2020,1,DECCFR,str
individual,2020,1,IDECCFR,str
individual,2020,1,RDECCFR,str
individual,2020,1,GDECCFR,float64
individual,2020,1,PDECCFR,float64
individual,2020,1,ADECCFR,str
individual,2020,1,PONDIH,int64
hogar,2020,2,CODUSU,string
hogar,2020,2,ANO4,Int16
hogar,2020,2,TRIMESTRE,Int16
hogar,2020,2,NRO_HOGAR,Int16
hogar,2020,2,REALIZADA,int64
hogar,2020,2,REGION,int64
hogar,2020,2,MAS_500,float64
hogar,2020,2,AGLOMERADO,Int16
hogar,2020,2,PONDERA,int64
hogar,2020,2,IV1,int64
hogar,2020,2,IV1_ESP,str
hogar,2020,2,IV2,int64
hogar,2020,2,IV3,int64
hogar,2020,2,IV3_ESP,str
hogar,2020,2,IV4,int64
hogar,2020,2,IV5,int64
hogar,2020,2,IV6,int64
hogar,2020,2,IV7,int64
hogar,2020,2,IV7_ESP,str
hogar,2020,2,IV8,int64
hogar,2020,2,IV9,int64
hogar,2020,2,IV10,int64
hogar,2020,2,IV11,int64
hogar,2020,2,IV12_1,int64
hogar,2020,2,IV12_2,int64
hogar,2020,2,IV12_3,int64
hogar,2020,2,II1,int64
hogar,2020,2,II2,int64
hogar,2020,2,II3,int64
hogar,2020,2,II3_1,int64
hogar,2020,2,II4_1,int64
hogar,2020,2,II4_2,int64
hogar,2020,2,II4_3,int64
hogar,2020,2,II5,int64
hogar,2020,2,II5_1,int64
hogar,2020,2,II6,int64
hogar,2020,2,II6_1,int64
hogar,2020,2,II7,int64
hogar,2020,2,II7_ESP,str
hogar,2020,2,II8,int64
hogar,2020,2,II8_ESP,str
hogar,2020,2,II9,int64
hogar,2020,2,V1,int64
hogar,2020,2,V2,int64
hogar,2020,2,V21,int64
hogar,2020,2,V22,int64
hogar,2020,2,V3,int64
hogar,2020,2,V4,int64
hogar,2020,2,V5,int64
hogar,2020,2,V6,int64
hogar,2020,2,V7,int64
hogar,2020,2,V8,int64
hogar,2020,2,V9,int64
hogar,2020,2,V10,int64
hogar,2020,2,V11,int64
hogar,2020,2,V12,int64
hogar,2020,2,V13,int64
hogar,2020,2,V14,int64
hogar,2020,2,V15,int64
hogar,2020,2,V16,int64
hogar,2020,2,V17,int64
hogar,2020,2,V18,int64
hogar,2020,2,V19_A,int64
hogar,2020,2,V19_B,int64
hogar,2020,2,IX_TOT,int64
hogar,2020,2,IX_MEN10,int64
hogar,2020,2,IX_MAYEQ10,int64
hogar,2020,2,ITF,int64
hogar,2020,2,DECIFR,int64
hogar,2020,2,IDECIFR,str
hogar,2020,2,RDECIFR,int64
hogar,2020,2,GDECIFR,float64
hogar,2020,2,PDECIFR,float64
hogar,2020,2,ADECIFR,int64
hogar,2020,2,IPCF,float64
hogar,2020,2,DECCFR,int64
hogar,2020,2,IDECCFR,str
hogar,2020,2,RDECCFR,int64
hogar,2020,2,GDECCFR,float64
hogar,2020,2,PDECCFR,float64
hogar,2020,2,ADECCFR,int64
hogar,2020,2,PONDIH,int64
hogar,2020,2,VII1_1,int64
hogar,2020,2,VII1_2,int64
hogar,2020,2,VII2_1,int64
hogar,2020,2,VII2_2,int64
hogar,2020,2,VII2_3,int64
hogar,2020,2,VII2_4,int64
individual,2020,2,CODUSU,string
individual,2020,2,ANO4,Int16
individual,2020,2,TRIMESTRE,Int16
individual,2020,2,NRO_HOGAR,Int16
individual,2020,2,COMPONENTE,Int16
individual,2020,2,H15,int64
individual,2020,2,REGION,int64
individual,2020,2,MAS_500,float64
individual,2020,2,AGLOMERADO,Int16
individual,2020,2,PONDERA,int64
individual,2020,2,CH03,int64
individual,2020,2,CH04,int64
individual,2020,2,CH05,str
individual,2020,2,CH06,int64
individual,2020,2,CH07,int64
individual,2020,2,CH08,int64
individual,2020,2,CH09,int64
individual,2020,2,CH10,int64
individual,2020,2,CH11,int64
individual,2020,2,CH12,int64
individual,2020,2,CH13,int64
individual,2020,2,CH14,float64
individual,2020,2,CH15,int64
individual,2020,2,CH15_COD,float64
individual,2020,2,CH16,int64
individual,2020,2,CH16_COD,float64
individual,2020,2,NIVEL_ED,int64
individual,2020,2,ESTADO,int64
individual,2020,2,CAT_OCUP,int64
individual,2020,2,CAT_INAC,int64
individual,2020,2,IMPUTA,int64
individual,2020,2,PP02C1,int64
individual,2020,2,PP02C2,int64
individual,2020,2,PP02C3,int64
individual,2020,2,PP02C4,int64
individual,2020,2,PP02C5,int64
individual,2020,2,PP02C6,int64
individual,2020,2,PP02C7,int64
individual,2020,2,PP02C8,int64
individual,2020,2,PP02E,int64
individual,2020,2,PP02H,int64
individual,2020,2,PP02I,int64
individual,2020,2,PP03C,float64
individual,2020,2,PP03D,float64
individual,2020,2,PP3E_TOT,float64
individual,2020,2,PP3F_TOT,float64
individual,2020,2,PP03G,float64
individual,2020,2,PP03H,float64
individual,2020,2,PP03I,float64
individual,2020,2,PP03J,float64
individual,2020,2,INTENSI,float64
individual,2020,2,PP04A,float64
individual,2020,2,PP04B_COD,float64
individual,2020,2,PP04B1,float64
individual,2020,2,PP04B2,float64
individual,2020,2,PP04B3_MES,float64
individual,2020,2,PP04B3_ANO,float64
individual,2020,2,PP04B3_DIA,float64
individual,2020,2,PP04C,float64
individual,2020,2,PP04C99,float64
individual,2020,2,PP04D_COD,float64
individual,2020,2,PP04G,float64
individual,2020,2,PP05B2_MES,float64
individual,2020,2,PP05B2_ANO,float64
individual,2020,2,PP05B2_DIA,float64
individual,2020,2,PP05C_1,float64
individual,2020,2,PP05C_2,float64
individual,2020,2,PP05C_3,float64
individual,2020,2,PP05E,float64
individual,2020,2,PP05F,float64
individual,2020,2,PP05H,float64
individual,2020,2,PP06A,float64
individual,2020,2,PP06C,float64
individual,2020,2,PP06D,float64
individual,2020,2,PP06E,float64
individual,2020,2,PP06H,float64
individual,2020,2,PP07A,float64
individual,2020,2,PP07C,float64
individual,2020,2,PP07D,float64
individual,2020,2,PP07E,float64
individual,2020,2,PP07F1,float64
individual,2020,2,PP07F2,float64
individual,2020,2,PP07F3,float64
individual,2020,2,PP07F4,float64
individual,2020,2,PP07F5,float64
individual,2020,2,PP07G1,float64
individual,2020,2,PP07G2,float64
individual,2020,2,PP07G3,float64
individual,2020,2,PP07G4,float64
individual,2020,2,PP07G_59,float64
individual,2020,2,PP07H,float64
individual,2020,2,PP07I,float64
individual,2020,2,PP07J,float64
individual,2020,2,PP07K,float64
individual,2020,2,PP08D1,float64
individual,2020,2,PP08D4,float64
individual,2020,2,PP08F1,float64
individual,2020,2,PP08F2,float64
individual,2020,2,PP08J1,float64
individual,2020,2,PP08J2,float64
individual,2020,2,PP08J3,float64
individual,2020,2,PP09A,float64
individual,2020,2,PP09A_ESP,str
individual,2020,2,PP09B,float64
individual,2020,2,PP09C,float64
individual,2020,2,PP09C_ESP,str
individual,2020,2,PP10A,float64
individual,2020,2,PP10C,float64
individual,2020,2,PP10D,float64
individual,2020,2,PP10E,float64
individual,2020,2,PP11A,float64
individual,2020,2,PP11B_COD,float64
individual,2020,2,PP11B1,float64
individual,2020,2,PP11B2_MES,float64
individual,2020,2,PP11B2_ANO,float64
individual,2020,2,PP11B2_DIA,float64
individual,2020,2,PP11C,float64
individual,2020,2,PP11C99,float64
individual,2020,2,PP11D_COD,float64
individual,2020,2,PP11G_ANO,float64
individual,2020,2,PP11G_MES,float64
individual,2020,2,PP11G_DIA,float64
individual,2020,2,PP11L,float64
individual,2020,2,PP11L1,float64
individual,2020,2,PP11M,float64
individual,2020,2,PP11N,float64
individual,2020,2,PP11O,float64
individual,2020,2,PP11P,float64
individual,2020,2,PP11Q,float64
individual,2020,2,PP11R,float64
individual,2020,2,PP11S,float64
individual,2020,2,PP11T,float64
individual,2020,2,P21,int64
individual,2020,2,DECOCUR,int64
individual,2020,2,IDECOCUR,str
individual,2020,2,RDECOCUR,int64
individual,2020,2,GDECOCUR,float64
individual,2020,2,PDECOCUR,float64
individual,2020,2,ADECOCUR,int64
individual,2020,2,PONDIIO,int64
individual,2020,2,TOT_P12,int64
individual,2020,2,P47T,float64
individual,2020,2,DECINDR,int64
individual,2020,2,IDECINDR,str
individual,2020,2,RDECINDR,int64
individual,2020,2,GDECINDR,float64
individual,2020,2,PDECINDR,float64
individual,2020,2,ADECINDR,int64
individual,2020,2,PONDII,int64
individual,2020,2,V2_M,int64
individual,2020,2,V3_M,int64
individual,2020,2,V4_M,int64
individual,2020,2,V5_M,int64
individual,2020,2,V8_M,int64
individual,2020,2,V9_M,int64
individual,2020,2,V10_M,int64
individual,2020,2,V11_M,int64
individual,2020,2,V12_M,int64
individual,2020,2,V18_M,int64
individual,2020,2,V19_AM,int64
individual,2020,2,V21_M,int64
individual,2020,2,T_VI,int64
individual,2020,2,ITF,int64
individual,2020,2,DECIFR,str
individual,2020,2,IDECIFR,str
individual,2020,2,RDECIFR,str
individual,2020,2,GDECIFR,float64
individual,2020,2,PDECIFR,float64
individual,2020,2,ADECIFR,str
individual,2020,2,IPCF,float64
individual,2020,2,DECCFR,str
individual,2020,2,IDECCFR,str
individual,2020,2,RDECCFR,str
individual,2020,2,GDECCFR,float64
individual,2020,2,PDECCFR,float64
individual,2020,2,ADECCFR,str
individual,2020,2,PONDIH,int64
hogar,2020,3,CODUSU,string
hogar,2020,3,ANO4,Int16
hogar,2020,3,TRIMESTRE,Int16
hogar,2020,3,NRO_HOGAR,Int16
hogar,2020,3,REALIZADA,int64
hogar,2020,3,REGION,int64
hogar,2020,3,MAS_500,str
hogar,2020,3,AGLOMERADO,Int16
hogar,2020,3,PONDERA,int64
hogar,2020,3,IV1,int64
hogar,2020,3,IV1_ESP,str
hogar,2020,3,IV2,int64
hogar,2020,3,IV3,int64
hogar,2020,3,IV3_ESP,str
hogar,2020,3,IV4,int64
hogar,2020,3,IV5,int64
hogar,2020,3,IV6,int64
hogar,2020,3,IV7,int64
hogar,2020,3,IV7_ESP,str
hogar,2020,3,IV8,int64
hogar,2020,3,IV9,int64
hogar,2020,3,IV10,int64
hogar,2020,3,IV11,int64
hogar,2020,3,IV12_1,int64
hogar,2020,3,IV12_2,int64
hogar,2020,3,IV12_3,int64
hogar,2020,3,II1,int64
hogar,2020,3,II2,int64
hogar,2020,3,II3,int64
hogar,2020,3,II3_1,int64
hogar,2020,3,II4_1,int64
hogar,2020,3,II4_2,int64
hogar,2020,3,II4_3,int64
hogar,2020,3,II5,int64
hogar,2020,3,II5_1,int64
hogar,2020,3,II6,int64
hogar,2020,3,II6_1,int64
hogar,2020,3,II7,int64
hogar,2020,3,II7_ESP,str
hogar,2020,3,II8,int64
hogar,2020,3,II8_ESP,str
hogar,2020,3,II9,int64
hogar,2020,3,V1,int64
hogar,2020,3,V2,int64
hogar,2020,3,V21,int64
hogar,2020,3,V22,int64
hogar,2020,3,V3,int64
hogar,2020,3,V4,int64
hogar,2020,3,V5,int64
hogar,2020,3,V6,int64
hogar,2020,3,V7,int64
hogar,2020,3,V8,int64
hogar,2020,3,V9,int64
hogar,2020,3,V10,int64
hogar,2020,3,V11,int64
hogar,2020,3,V12,int64
hogar,2020,3,V13,int64
hogar,2020,3,V14,int64
hogar,2020,3,V15,int64
hogar,2020,3,V16,int64
hogar,2020,3,V17,int64
hogar,2020,3,V18,int64
hogar,2020,3,V19_A,int64
hogar,2020,3,V19_B,int64
hogar,2020,3,IX_TOT,int64
hogar,2020,3,IX_MEN10,int64
hogar,2020,3,IX_MAYEQ10,int64
hogar,2020,3,ITF,int64
hogar,2020,3,DECIFR,int64
hogar,2020,3,IDECIFR,str
hogar,2020,3,RDECIFR,int64
hogar,2020,3,GDECIFR,float64
hogar,2020,3,PDECIFR,float64
hogar,2020,3,ADECIFR,int64
hogar,2020,3,IPCF,float64
hogar,2020,3,DECCFR,int64
hogar,2020,3,IDECCFR,str
hogar,2020,3,RDECCFR,int64
hogar,2020,3,GDECCFR,float64
hogar,2020,3,PDECCFR,float64
hogar,2020,3,ADECCFR,int64
hogar,2020,3,PONDIH,int64
hogar,2020,3,VII1_1,int64
hogar,2020,3,VII1_2,int64
hogar,2020,3,VII2_1,int64
hogar,2020,3,VII2_2,int64
hogar,2020,3,VII2_3,int64
hogar,2020,3,VII2_4,int64
individual,2020,3,CODUSU,string
individual,2020,3,ANO4,Int16
individual,2020,3,TRIMESTRE,Int16
individual,2020,3,NRO_HOGAR,Int16
individual,2020,3,COMPONENTE,Int16
individual,2020,3,H15,int64
individual,2020,3,REGION,int64
individual,2020,3,MAS_500,str
individual,2020,3,AGLOMERADO,Int16
individual,2020,3,PONDERA,int64
individual,2020,3,CH03,int64
individual,2020,3,CH04,int64
individual,2020,3,CH05,str
individual,2020,3,CH06,int64
individual,2020,3,CH07,int64
individual,2020,3,CH08,int64
individual,2020,3,CH09,int64
individual,2020,3,CH10,int64
individual,2020,3,CH11,int64
individual,2020,3,CH12,int64
individual,2020,3,CH13,int64
individual,2020,3,CH14,float64
individual,2020,3,CH15,int64
individual,2020,3,CH15_COD,float64
individual,2020,3,CH16,int64
individual,2020,3,CH16_COD,float64
individual,2020,3,NIVEL_ED,int64
individual,2020,3,ESTADO,int64
individual,2020,3,CAT_OCUP,int64
individual,2020,3,CAT_INAC,int64
individual,2020,3,IMPUTA,int64
individual,2020,3,PP02C1,int64
individual,2020,3,PP02C2,int64
individual,2020,3,PP02C3,int64
individual,2020,3,PP02C4,int64
individual,2020,3,PP02C5,int64
individual,2020,3,PP02C6,int64
individual,2020,3,PP02C7,int64
individual,2020,3,PP02C8,int64
individual,2020,3,PP02E,int64
individual,2020,3,PP02H,int64
individual,2020,3,PP02I,int64
individual,2020,3,PP03C,float64
individual,2020,3,PP03D,float64
individual,2020,3,PP3E_TOT,float64
individual,2020,3,PP3F_TOT,float64
individual,2020,3,PP03G,float64
individual,2020,3,PP03H,float64
individual,2020,3,PP03I,float64
individual,2020,3,PP03J,float64
individual,2020,3,INTENSI,float64
individual,2020,3,PP04A,float64
individual,2020,3,PP04B_COD,float64
individual,2020,3,PP04B1,float64
individual,2020,3,PP04B2,float64
individual,2020,3,PP04B3_MES,float64
individual,2020,3,PP04B3_ANO,float64
individual,2020,3,PP04B3_DIA,float64
individual,2020,3,PP04C,float64
individual,2020,3,PP04C99,float64
individual,2020,3,PP04D_COD,float64
individual,2020,3,PP04G,float64
individual,2020,3,PP05B2_MES,float64
individual,2020,3,PP05B2_ANO,float64
individual,2020,3,PP05B2_DIA,float64
individual,2020,3,PP05C_1,float64
individual,2020,3,PP05C_2,float64
individual,2020,3,PP05C_3,float64
individual,2020,3,PP05E,float64
individual,2020,3,PP05F,float64
individual,2020,3,PP05H,float64
individual,2020,3,PP06A,float64
individual,2020,3,PP06C,float64
individual,2020,3,PP06D,float64
individual,2020,3,PP06E,float64
individual,2020,3,PP06H,float64
individual,2020,3,PP07A,float64
individual,2020,3,PP07C,float64
individual,2020,3,PP07D,float64
individual,2020,3,PP07E,float64
individual,2020,3,PP07F1,float64
individual,2020,3,PP07F2,float64
individual,2020,3,PP07F3,float64
individual,2020,3,PP07F4,float64
individual,2020,3,PP07F5,float64
individual,2020,3,PP07G1,float64
individual,2020,3,PP07G2,float64
individual,2020,3,PP07G3,float64
individual,2020,3,PP07G4,float64
individual,2020,3,PP07G_59,float64
individual,2020,3,PP07H,float64
individual,2020,3,PP07I,float64
individual,2020,3,PP07J,float64
individual,2020,3,PP07K,float64
individual,2020,3,PP08D1,float64
individual,2020,3,PP08D4,float64
individual,2020,3,PP08F1,float64
individual,2020,3,PP08F2,float64
individual,2020,3,PP08J1,float64
individual,2020,3,PP08J2,float64
individual,2020,3,PP08J3,float64
individual,2020,3,PP09A,float64
individual,2020,3,PP09A_ESP,str
individual,2020,3,PP09B,float64
individual,2020,3,PP09C,float64
individual,2020,3,PP09C_ESP,str
individual,2020,3,PP10A,float64
individual,2020,3,PP10C,float64
individual,2020,3,PP10D,float64
individual,2020,3,PP10E,float64
individual,2020,3,PP11A,float64
individual,2020,3,PP11B_COD,float64
individual,2020,3,PP11B1,float64
individual,2020,3,PP11B2_MES,float64
individual,2020,3,PP11B2_ANO,float64
individual,2020,3,PP11B2_DIA,float64
individual,2020,3,PP11C,float64
individual,2020,3,PP11C99,float64
individual,2020,3,PP11D_COD,float64
individual,2020,3,PP11G_ANO,float64
individual,2020,3,PP11G_MES,float64
individual,2020,3,PP11G_DIA,float64
individual,2020,3,PP11L,float64
individual,2020,3,PP11L1,float64
individual,2020,3,PP11M,float64
individual,2020,3,PP11N,float64
individual,2020,3,PP11O,float64
individual,2020,3,PP11P,float64
individual,2020,3,PP11Q,float64
individual,2020,3,PP11R,float64
individual,2020,3,PP11S,float64
individual,2020,3,PP11T,float64
individual,2020,3,P21,int64
individual,2020,3,DECOCUR,int64
individual,2020,3,IDECOCUR,str
individual,2020,3,RDECOCUR,int64
individual,2020,3,GDECOCUR,float64
individual,2020,3,PDECOCUR,float64
individual,2020,3,ADECOCUR,int64
individual,2020,3,PONDIIO,int64
individual,2020,3,TOT_P12,int64
individual,2020,3,P47T,float64
individual,2020,3,DECINDR,int64
individual,2020,3,IDECINDR,str
individual,2020,3,RDECINDR,int64
individual,2020,3,GDECINDR,float64
individual,2020,3,PDECINDR,float64
individual,2020,3,ADECINDR,int64
individual,2020,3,PONDII,int64
individual,2020,3,V2_M,int64
individual,2020,3,V3_M,int64
individual,2020,3,V4_M,int64
individual,2020,3,V5_M,int64
individual,2020,3,V8_M,int64
individual,2020,3,V9_M,int64
individual,2020,3,V10_M,int64
individual,2020,3,V11_M,int64
individual,2020,3,V12_M,int64
individual,2020,3,V18_M,int64
individual,2020,3,V19_AM,int64
individual,2020,3,V21_M,int64
individual,2020,3,T_VI,int64
individual,2020,3,ITF,int64
individual,2020,3,DECIFR,str
individual,2020,3,IDECIFR,str
individual,2020,3,RDECIFR,str
individual,2020,3,GDECIFR,float64
individual,2020,3,PDECIFR,float64
individual,2020,3,ADECIFR,str
individual,2020,3,IPCF,float64
individual,2020,3,DECCFR,str
individual,2020,3,IDECCFR,str
individual,2020,3,RDECCFR,str
individual,2020,3,GDECCFR,float64
individual,2020,3,PDECCFR,float64
individual,2020,3,ADECCFR,str
individual,2020,3,PONDIH,int64
hogar,2020,4,CODUSU,string
hogar,2020,4,ANO4,Int16
hogar,2020,4,TRIMESTRE,Int16
hogar,2020,4,NRO_HOGAR,Int16
hogar,2020,4,REALIZADA,int64
hogar,2020,4,REGION,int64
hogar,2020,4,MAS_500,str
hogar,2020,4,AGLOMERADO,Int16
hogar,2020,4,PONDERA,int64
hogar,2020,4,IV1,int64
hogar,2020,4,IV1_ESP,str
hogar,2020,4,IV2,int64
hogar,2020,4,IV3,int64
hogar,2020,4,IV3_ESP,str
hogar,2020,4,IV4,int64
hogar,2020,4,IV5,int64
hogar,2020,4,IV6,int64
hogar,2020,4,IV7,int64
hogar,2020,4,IV7_ESP,str
hogar,2020,4,IV8,int64
hogar,2020,4,IV9,int64
hogar,2020,4,IV10,int64
hogar,2020,4,IV11,int64
hogar,2020,4,IV12_1,int64
hogar,2020,4,IV12_2,int64
hogar,2020,4,IV12_3,int64
hogar,2020,4,II1,int64
hogar,2020,4,II2,int64
hogar,2020,4,II3,int64
hogar,2020,4,II3_1,int64
hogar,2020,4,II4_1,int64
hogar,2020,4,II4_2,int64
hogar,2020,4,II4_3,int64
hogar,2020,4,II5,int64
hogar,2020,4,II5_1,int64
hogar,2020,4,II6,int64
hogar,2020,4,II6_1,int64
hogar,2020,4,II7,int64
hogar,2020,4,II7_ESP,str
hogar,2020,4,II8,int64
hogar,2020,4,II8_ESP,str
hogar,2020,4,II9,int64
hogar,2020,4,V1,int64
hogar,2020,4,V2,int64
hogar,2020,4,V21,int64
hogar,2020,4,V22,int64
hogar,2020,4,V3,int64
hogar,2020,4,V4,int64
hogar,2020,4,V5,int64
hogar,2020,4,V6,int64
hogar,2020,4,V7,int64
hogar,2020,4,V8,int64
hogar,2020,4,V9,int64
hogar,2020,4,V10,int64
hogar,2020,4,V11,int64
hogar,2020,4,V12,int64
hogar,2020,4,V13,int64
hogar,2020,4,V14,int64
hogar,2020,4,V15,int64
hogar,2020,4,V16,int64
hogar,2020,4,V17,int64
hogar,2020,4,V18,int64
hogar,2020,4,V19_A,int64
hogar,2020,4,V19_B,int64
hogar,2020,4,IX_TOT,int64
hogar,2020,4,IX_MEN10,int64
hogar,2020,4,IX_MAYEQ10,int64
hogar,2020,4,ITF,int64
hogar,2020,4,DECIFR,int64
hogar,2020,4,IDECIFR,float64
hogar,2020,4,RDECIFR,int64
hogar,2020,4,GDECIFR,float64
hogar,2020,4,PDECIFR,float64
hogar,2020,4,ADECIFR,int64
hogar,2020,4,IPCF,float64
hogar,2020,4,DECCFR,int64
hogar,2020,4,IDECCFR,float64
hogar,2020,4,RDECCFR,int64
hogar,2020,4,GDECCFR,float64
hogar,2020,4,PDECCFR,float64
hogar,2020,4,ADECCFR,int64
hogar,2020,4,PONDIH,int64
hogar,2020,4,VII1_1,int64
hogar,2020,4,VII1_2,int64
hogar,2020,4,VII2_1,int64
hogar,2020,4,VII2_2,int64
hogar,2020,4,VII2_3,int64
hogar,2020,4,VII2_4,int64
individual,2020,4,CODUSU,string
individual,2020,4,ANO4,Int16
individual,2020,4,TRIMESTRE,Int16
individual,2020,4,NRO_HOGAR,Int16
individual,2020,4,COMPONENTE,Int16
individual,2020,4,H15,int64
individual,2020,4,REGION,int64
individual,2020,4,MAS_500,str
individual,2020,4,AGLOMERADO,Int16
individual,2020,4,PONDERA,int64
individual,2020,4,CH03,int64
individual,2020,4,CH04,int64
individual,2020,4,CH05,str
individual,2020,4,CH06,int64
individual,2020,4,CH07,int64
individual,2020,4,CH08,int64
individual,2020,4,CH09,int64
individual,2020,4,CH10,int64
individual,2020,4,CH11,int64
individual,2020,4,CH12,int64
individual,2020,4,CH13,int64
individual,2020,4,CH14,float64
individual,2020,4,CH15,int64
individual,2020,4,CH15_COD,float64
individual,2020,4,CH16,int64
individual,2020,4,CH16_COD,float64
individual,2020,4,NIVEL_ED,int64
individual,2020,4,ESTADO,int64
individual,2020,4,CAT_OCUP,int64
individual,2020,4,CAT_INAC,int64
individual,2020,4,IMPUTA,float64
individual,2020,4,PP02C1,int64
individual,2020,4,PP02C2,int64
individual,2020,4,PP02C3,int64
individual,2020,4,PP02C4,int64
individual,2020,4,PP02C5,int64
individual,2020,4,PP02C6,int64
individual,2020,4,PP02C7,int64
individual,2020,4,PP02C8,int64
individual,2020,4,PP02E,int64
individual,2020,4,PP02H,int64
individual,2020,4,PP02I,int64
individual,2020,4,PP03C,float64
individual,2020,4,PP03D,float64
individual,2020,4,PP3E_TOT,float64
individual,2020,4,PP3F_TOT,float64
individual,2020,4,PP03G,float64
individual,2020,4,PP03H,float64
individual,2020,4,PP03I,float64
individual,2020,4,PP03J,float64
individual,2020,4,INTENSI,float64
individual,2020,4,PP04A,float64
individual,2020,4,PP04B_COD,float64
individual,2020,4,PP04B1,float64
individual,2020,4,PP04B2,float64
individual,2020,4,PP04B3_MES,float64
individual,2020,4,PP04B3_ANO,float64
individual,2020,4,PP04B3_DIA,float64
individual,2020,4,PP04C,float64
individual,2020,4,PP04C99,float64
individual,2020,4,PP04D_COD,float64
individual,2020,4,PP04G,float64
individual,2020,4,PP05B2_MES,float64
individual,2020,4,PP05B2_ANO,float64
individual,2020,4,PP05B2_DIA,float64
individual,2020,4,PP05C_1,float64
individual,2020,4,PP05C_2,float64
individual,2020,4,PP05C_3,float64
individual,2020,4,PP05E,float64
individual,2020,4,PP05F,float64
individual,2020,4,PP05H,float64
individual,2020,4,PP06A,float64
individual,2020,4,PP06C,float64
individual,2020,4,PP06D,float64
individual,2020,4,PP06E,float64
individual,2020,4,PP06H,float64
individual,2020,4,PP07A,float64
individual,2020,4,PP07C,float64
individual,2020,4,PP07D,float64
individual,2020,4,PP07E,float64
individual,2020,4,PP07F1,float64
individual,2020,4,PP07F2,float64
individual,2020,4,PP07F3,float64
individual,2020,4,PP07F4,float64
individual,2020,4,PP07F5,float64
individual,2020,4,PP07G1,float64
individual,2020,4,PP07G2,float64
individual,2020,4,PP07G3,float64
individual,2020,4,PP07G4,float64
individual,2020,4,PP07G_59,float64
individual,2020,4,PP07H,float64
individual,2020,4,PP07I,float64
individual,2020,4,PP07J,float64
individual,2020,4,PP07K,float64
individual,2020,4,PP08D1,float64
individual,2020,4,PP08D4,float64
individual,2020,4,PP08F1,float64
individual,2020,4,PP08F2,float64
individual,2020,4,PP08J1,float64
individual,2020,4,PP08J2,float64
individual,2020,4,PP08J3,float64
individual,2020,4,PP09A,float64
individual,2020,4,PP09A_ESP,str
individual,2020,4,PP09B,float64
individual,2020,4,PP09C,float64
individual,2020,4,PP09C_ESP,str
individual,2020,4,PP10A,float64
individual,2020,4,PP10C,float64
individual,2020,4,PP10D,float64
individual,2020,4,PP10E,float64
individual,2020,4,PP11A,float64
individual,2020,4,PP11B_COD,float64
individual,2020,4,PP11B1,float64
individual,2020,4,PP11B2_MES,float64
individual,2020,4,PP11B2_ANO,float64
individual,2020,4,PP11B2_DIA,float64
individual,2020,4,PP11C,float64
individual,2020,4,PP11C99,float64
individual,2020,4,PP11D_COD,float64
individual,2020,4,PP11G_ANO,float64
individual,2020,4,PP11G_MES,float64
individual,2020,4,PP11G_DIA,float64
individual,2020,4,PP11L,float64
individual,2020,4,PP11L1,float64
individual,2020,4,PP11M,float64
individual,2020,4,PP11N,float64
individual,2020,4,PP11O,float64
individual,2020,4,PP11P,float64
individual,2020,4,PP11Q,float64
individual,2020,4,PP11R,float64
individual,2020,4,PP11S,float64
individual,2020,4,PP11T,float64
individual,2020,4,P21,int64
individual,2020,4,DECOCUR,int64
individual,2020,4,IDECOCUR,float64
individual,2020,4,RDECOCUR,int64
individual,2020,4,GDECOCUR,float64
individual,2020,4,PDECOCUR,float64
individual,2020,4,ADECOCUR,int64
individual,2020,4,PONDIIO,int64
individual,2020,4,TOT_P12,int64
individual,2020,4,P47T,float64
individual,2020,4,DECINDR,int64
individual,2020,4,IDECINDR,float64
individual,2020,4,RDECINDR,int64
individual,2020,4,GDECINDR,float64
individual,2020,4,PDECINDR,float64
individual,2020,4,ADECINDR,int64
individual,2020,4,PONDII,int64
individual,2020,4,V2_M,int64
individual,2020,4,V3_M,int64
individual,2020,4,V4_M,int64
individual,2020,4,V5_M,int64
individual,2020,4,V8_M,int64
individual,2020,4,V9_M,int64
individual,2020,4,V10_M,int64
individual,2020,4,V11_M,int64
individual,2020,4,V12_M,int64
individual,2020,4,V18_M,int64
individual,2020,4,V19_AM,int64
individual,2020,4,V21_M,int64
individual,2020,4,T_VI,int64
individual,2020,4,ITF,int64
individual,2020,4,DECIFR,int64
individual,2020,4,IDECIFR,float64
individual,2020,4,RDECIFR,int64
individual,2020,4,GDECIFR,float64
individual,2020,4,PDECIFR,float64
individual,2020,4,ADECIFR,int64
individual,2020,4,IPCF,float64
individual,2020,4,DECCFR,int64
individual,2020,4,IDECCFR,float64
individual,2020,4,RDECCFR,int64
individual,2020,4,GDECCFR,float64
individual,2020,4,PDECCFR,float64
individual,2020,4,ADECCFR,int64
individual,2020,4,PONDIH,int64
hogar,2021,1,CODUSU,string
hogar,2021,1,ANO4,Int16
hogar,2021,1,TRIMESTRE,Int16
hogar,2021,1,NRO_HOGAR,Int16
hogar,2021,1,REALIZADA,int64
hogar,2021,1,REGION,int64
hogar,2021,1,MAS_500,str
hogar,2021,1,AGLOMERADO,Int16
hogar,2021,1,PONDERA,int64
hogar,2021,1,IV1,int64
hogar,2021,1,IV1_ESP,float64
hogar,2021,1,IV2,int64
hogar,2021,1,IV3,int64
hogar,2021,1,IV3_ESP,float64
hogar,2021,1,IV4,int64
hogar,2021,1,IV5,int64
hogar,2021,1,IV6,int64
hogar,2021,1,IV7,int64
hogar,2021,1,IV7_ESP,float64
hogar,2021,1,IV8,int64
hogar,2021,1,IV9,int64
hogar,2021,1,IV10,int64
hogar,2021,1,IV11,int64
hogar,2021,1,IV12_1,int64
hogar,2021,1,IV12_2,int64
hogar,2021,1,IV12_3,int64
hogar,2021,1,II1,int64
hogar,2021,1,II2,int64
hogar,2021,1,II3,int64
hogar,2021,1,II3_1,int64
hogar,2021,1,II4_1,int64
hogar,2021,1,II4_2,int64
hogar,2021,1,II4_3,int64
hogar,2021,1,II5,int64
hogar,2021,1,II5_1,int64
hogar,2021,1,II6,int64
hogar,2021,1,II6_1,int64
hogar,2021,1,II7,int64
hogar,2021,1,II7_ESP,float64
hogar,2021,1,II8,int64
hogar,2021,1,II8_ESP,float64
hogar,2021,1,II9,int64
hogar,2021,1,V1,int64
hogar,2021,1,V2,int64
hogar,2021,1,V21,int64
hogar,2021,1,V22,int64
hogar,2021,1,V3,int64
hogar,2021,1,V4,int64
hogar,2021,1,V5,int64
hogar,2021,1,V6,int64
hogar,2021,1,V7,int64
hogar,2021,1,V8,int64
hogar,2021,1,V9,int64
hogar,2021,1,V10,int64
hogar,2021,1,V11,int64
hogar,2021,1,V12,int64
hogar,2021,1,V13,int64
hogar,2021,1,V14,int64
hogar,2021,1,V15,int64
hogar,2021,1,V16,int64
hogar,2021,1,V17,int64
hogar,2021,1,V18,int64
hogar,2021,1,V19_A,int64
hogar,2021,1,V19_B,int64
hogar,2021,1,IX_TOT,int64
hogar,2021,1,IX_MEN10,int64
hogar,2021,1,IX_MAYEQ10,int64
hogar,2021,1,ITF,float64
hogar,2021,1,DECIFR,float64
hogar,2021,1,IDECIFR,float64
hogar,2021,1,RDECIFR,float64
hogar,2021,1,GDECIFR,float64
hogar,2021,1,PDECIFR,float64
hogar,2021,1,ADECIFR,float64
hogar,2021,1,IPCF,str
hogar,2021,1,DECCFR,float64
hogar,2021,1,IDECCFR,float64
hogar,2021,1,RDECCFR,float64
hogar,2021,1,GDECCFR,float64
hogar,2021,1,PDECCFR,float64
hogar,2021,1,ADECCFR,float64
hogar,2021,1,PONDIH,int64
hogar,2021,1,VII1_1,int64
hogar,2021,1,VII1_2,int64
hogar,2021,1,VII2_1,int64
hogar,2021,1,VII2_2,int64
hogar,2021,1,VII2_3,int64
hogar,2021,1,VII2_4,int64
individual,2021,1,CODUSU,string
individual,2021,1,ANO4,Int16
individual,2021,1,TRIMESTRE,Int16
individual,2021,1,NRO_HOGAR,Int16
individual,2021,1,COMPONENTE,Int16
individual,2021,1,H15,int64
individual,2021,1,REGION,int64
individual,2021,1,MAS_500,str
individual,2021,1,AGLOMERADO,Int16
individual,2021,1,PONDERA,int64
individual,2021,1,CH03,int64
individual,2021,1,CH04,int64
individual,2021,1,CH05,str
individual,2021,1,CH06,int64
individual,2021,1,CH07,int64
individual,2021,1,CH08,int64
individual,2021,1,CH09,int64
individual,2021,1,CH10,int64
individual,2021,1,CH11,int64
individual,2021,1,CH12,int64
individual,2021,1,CH13,int64
individual,2021,1,CH14,float64
individual,2021,1,CH15,int64
individual,2021,1,CH15_COD,float64
individual,2021,1,CH16,int64
individual,2021,1,CH16_COD,float64
individual,2021,1,NIVEL_ED,int64
individual,2021,1,ESTADO,int64
individual,2021,1,CAT_OCUP,int64
individual,2021,1,CAT_INAC,int64
individual,2021,1,IMPUTA,float64
individual,2021,1,PP02C1,int64
individual,2021,1,PP02C2,int64
individual,2021,1,PP02C3,int64
individual,2021,1,PP02C4,int64
individual,2021,1,PP02C5,int64
individual,2021,1,PP02C6,int64
individual,2021,1,PP02C7,int64
individual,2021,1,PP02C8,int64
individual,2021,1,PP02E,int64
individual,2021,1,PP02H,int64
individual,2021,1,PP02I,int64
individual,2021,1,PP03C,float64
individual,2021,1,PP03D,float64
individual,2021,1,PP3E_TOT,str
individual,2021,1,PP3F_TOT,str
individual,2021,1,PP03G,float64
individual,2021,1,PP03H,float64
individual,2021,1,PP03I,float64
individual,2021,1,PP03J,float64
individual,2021,1,INTENSI,float64
individual,2021,1,PP04A,float64
individual,2021,1,PP04B_COD,float64
individual,2021,1,PP04B1,float64
individual,2021,1,PP04B2,float64
individual,2021,1,PP04B3_MES,float64
individual,2021,1,PP04B3_ANO,float64
individual,2021,1,PP04B3_DIA,float64
individual,2021,1,PP04C,float64
individual,2021,1,PP04C99,float64
individual,2021,1,PP04D_COD,float64
individual,2021,1,PP04G,float64
individual,2021,1,PP05B2_MES,float64
individual,2021,1,PP05B2_ANO,float64
individual,2021,1,PP05B2_DIA,float64
individual,2021,1,PP05C_1,float64
individual,2021,1,PP05C_2,float64
individual,2021,1,PP05C_3,float64
individual,2021,1,PP05E,float64
individual,2021,1,PP05F,float64
individual,2021,1,PP05H,float64
individual,2021,1,PP06A,float64
individual,2021,1,PP06C,float64
individual,2021,1,PP06D,float64
individual,2021,1,PP06E,float64
individual,2021,1,PP06H,float64
individual,2021,1,PP07A,float64
individual,2021,1,PP07C,float64
individual,2021,1,PP07D,float64
individual,2021,1,PP07E,float64
individual,2021,1,PP07F1,float64
individual,2021,1,PP07F2,float64
individual,2021,1,PP07F3,float64
individual,2021,1,PP07F4,float64
individual,2021,1,PP07F5,float64
individual,2021,1,PP07G1,float64
individual,2021,1,PP07G2,float64
individual,2021,1,PP07G3,float64
individual,2021,1,PP07G4,float64
individual,2021,1,PP07G_59,float64
individual,2021,1,PP07H,float64
individual,2021,1,PP07I,float64
individual,2021,1,PP07J,float64
individual,2021,1,PP07K,float64
individual,2021,1,PP08D1,float64
individual,2021,1,PP08D4,float64
individual,2021,1,PP08F1,float64
individual,2021,1,PP08F2,float64
individual,2021,1,PP08J1,float64
individual,2021,1,PP08J2,float64
individual,2021,1,PP08J3,float64
individual,2021,1,PP09A,float64
individual,2021,1,PP09A_ESP,float64
individual,2021,1,PP09B,float64
individual,2021,1,PP09C,float64
individual,2021,1,PP09C_ESP,float64
individual,2021,1,PP10A,float64
individual,2021,1,PP10C,float64
individual,2021,1,PP10D,float64
individual,2021,1,PP10E,float64
individual,2021,1,PP11A,float64
individual,2021,1,PP11B_COD,float64
individual,2021,1,PP11B1,float64
individual,2021,1,PP11B2_MES,float64
individual,2021,1,PP11B2_ANO,float64
individual,2021,1,PP11B2_DIA,float64
individual,2021,1,PP11C,float64
individual,2021,1,PP11C99,float64
individual,2021,1,PP11D_COD,float64
individual,2021,1,PP11G_ANO,float64
individual,2021,1,PP11G_MES,float64
individual,2021,1,PP11G_DIA,float64
individual,2021,1,PP11L,float64
individual,2021,1,PP11L1,float64
individual,2021,1,PP11M,float64
individual,2021,1,PP11N,float64
individual,2021,1,PP11O,float64
individual,2021,1,PP11P,float64
individual,2021,1,PP11Q,float64
individual,2021,1,PP11R,float64
individual,2021,1,PP11S,float64
individual,2021,1,PP11T,float64
individual,2021,1,P21,float64
individual,2021,1,DECOCUR,int64
individual,2021,1,IDECOCUR,float64
individual,2021,1,RDECOCUR,int64
individual,2021,1,GDECOCUR,float64
individual,2021,1,PDECOCUR,float64
individual,2021,1,ADECOCUR,int64
individual,2021,1,PONDIIO,int64
individual,2021,1,TOT_P12,float64
individual,2021,1,P47T,float64
individual,2021,1,DECINDR,int64
individual,2021,1,IDECINDR,float64
individual,2021,1,RDECINDR,int64
individual,2021,1,GDECINDR,float64
individual,2021,1,PDECINDR,float64
individual,2021,1,ADECINDR,int64
individual,2021,1,PONDII,int64
individual,2021,1,V2_M,float64
individual,2021,1,V3_M,float64
individual,2021,1,V4_M,int64
individual,2021,1,V5_M,int64
individual,2021,1,V8_M,float64
individual,2021,1,V9_M,float64
individual,2021,1,V10_M,float64
individual,2021,1,V11_M,int64
individual,2021,1,V12_M,int64
individual,2021,1,V18_M,int64
individual,2021,1,V19_AM,int64
individual,2021,1,V21_M,int64
individual,2021,1,T_VI,float64
individual,2021,1,ITF,float64
individual,2021,1,DECIFR,float64
individual,2021,1,IDECIFR,float64
individual,2021,1,RDECIFR,float64
individual,2021,1,GDECIFR,float64
individual,2021,1,PDECIFR,float64
individual,2021,1,ADECIFR,float64
individual,2021,1,IPCF,str
individual,2021,1,DECCFR,float64
individual,2021,1,IDECCFR,float64
individual,2021,1,RDECCFR,float64
individual,2021,1,GDECCFR,float64
individual,2021,1,PDECCFR,float64
individual,2021,1,ADECCFR,float64
individual,2021,1,PONDIH,int64
hogar,2021,2,CODUSU,string
hogar,2021,2,ANO4,Int16
hogar,2021,2,TRIMESTRE,Int16
hogar,2021,2,NRO_HOGAR,Int16
hogar,2021,2,REALIZADA,int64
hogar,2021,2,REGION,int64
hogar,2021,2,MAS_500,str
hogar,2021,2,AGLOMERADO,Int16
hogar,2021,2,PONDERA,int64
hogar,2021,2,IV1,int64
hogar,2021,2,IV1_ESP,str
hogar,2021,2,IV2,int64
hogar,2021,2,IV3,int64
hogar,2021,2,IV3_ESP,str
hogar,2021,2,IV4,int64
hogar,2021,2,IV5,int64
hogar,2021,2,IV6,int64
hogar,2021,2,IV7,int64
hogar,2021,2,IV7_ESP,str
hogar,2021,2,IV8,int64
hogar,2021,2,IV9,int64
hogar,2021,2,IV10,int64
hogar,2021,2,IV11,int64
hogar,2021,2,IV12_1,int64
hogar,2021,2,IV12_2,int64
hogar,2021,2,IV12_3,int64
hogar,2021,2,II1,int64
hogar,2021,2,II2,int64
hogar,2021,2,II3,int64
hogar,2021,2,II3_1,int64
hogar,2021,2,II4_1,int64
hogar,2021,2,II4_2,int64
hogar,2021,2,II4_3,int64
hogar,2021,2,II5,int64
hogar,2021,2,II5_1,int64
hogar,2021,2,II6,int64
hogar,2021,2,II6_1,int64
hogar,2021,2,II7,int64
hogar,2021,2,II7_ESP,str
hogar,2021,2,II8,int64
hogar,2021,2,II8_ESP,str
hogar,2021,2,II9,int64
hogar,2021,2,V1,int64
hogar,2021,2,V2,int64
hogar,2021,2,V21,int64
hogar,2021,2,V22,int64
hogar,2021,2,V3,int64
hogar,2021,2,V4,int64
hogar,2021,2,V5,int64
hogar,2021,2,V6,int64
hogar,2021,2,V7,int64
hogar,2021,2,V8,int64
hogar,2021,2,V9,int64
hogar,2021,2,V10,int64
hogar,2021,2,V11,int64
hogar,2021,2,V12,int64
hogar,2021,2,V13,int64
hogar,2021,2,V14,int64
hogar,2021,2,V15,int64
hogar,2021,2,V16,int64
hogar,2021,2,V17,int64
hogar,2021,2,V18,int64
hogar,2021,2,V19_A,int64
hogar,2021,2,V19_B,int64
hogar,2021,2,IX_TOT,int64
hogar,2021,2,IX_MEN10,int64
hogar,2021,2,IX_MAYEQ10,int64
hogar,2021,2,ITF,int64
hogar,2021,2,DECIFR,int64
hogar,2021,2,IDECIFR,float64
hogar,2021,2,RDECIFR,int64
hogar,2021,2,GDECIFR,float64
hogar,2021,2,PDECIFR,float64
hogar,2021,2,ADECIFR,int64
hogar,2021,2,IPCF,float64
hogar,2021,2,DECCFR,int64
hogar,2021,2,IDECCFR,float64
hogar,2021,2,RDECCFR,int64
hogar,2021,2,GDECCFR,float64
hogar,2021,2,PDECCFR,float64
hogar,2021,2,ADECCFR,int64
hogar,2021,2,PONDIH,int64
hogar,2021,2,VII1_1,int64
hogar,2021,2,VII1_2,int64
hogar,2021,2,VII2_1,int64
hogar,2021,2,VII2_2,int64
hogar,2021,2,VII2_3,int64
hogar,2021,2,VII2_4,int64
individual,2021,2,CODUSU,string
individual,2021,2,ANO4,Int16
individual,2021,2,TRIMESTRE,Int16
individual,2021,2,NRO_HOGAR,Int16
individual,2021,2,COMPONENTE,Int16
individual,2021,2,H15,int64
individual,2021,2,REGION,int64
individual,2021,2,MAS_500,str
individual,2021,2,AGLOMERADO,Int16
individual,2021,2,PONDERA,int64
individual,2021,2,CH03,int64
individual,2021,2,CH04,int64
individual,2021,2,CH05,str
individual,2021,2,CH06,int64
individual,2021,2,CH07,int64
individual,2021,2,CH08,int64
individual,2021,2,CH09,int64
individual,2021,2,CH10,int64
individual,2021,2,CH11,int64
individual,2021,2,CH12,int64
individual,2021,2,CH13,int64
individual,2021,2,CH14,float64
individual,2021,2,CH15,int64
individual,2021,2,CH15_COD,float64
individual,2021,2,CH16,int64
individual,2021,2,CH16_COD,float64
individual,2021,2,NIVEL_ED,int64
individual,2021,2,ESTADO,int64
individual,2021,2,CAT_OCUP,int64
individual,2021,2,CAT_INAC,int64
individual,2021,2,IMPUTA,float64
individual,2021,2,PP02C1,int64
individual,2021,2,PP02C2,int64
individual,2021,2,PP02C3,int64
individual,2021,2,PP02C4,int64
individual,2021,2,PP02C5,int64
individual,2021,2,PP02C6,int64
individual,2021,2,PP02C7,int64
individual,2021,2,PP02C8,int64
individual,2021,2,PP02E,int64
individual,2021,2,PP02H,int64
individual,2021,2,PP02I,int64
individual,2021,2,PP03C,float64
individual,2021,2,PP03D,float64
individual,2021,2,PP3E_TOT,float64
individual,2021,2,PP3F_TOT,float64
individual,2021,2,PP03G,float64
individual,2021,2,PP03H,float64
individual,2021,2,PP03I,float64
individual,2021,2,PP03J,float64
individual,2021,2,INTENSI,float64
individual,2021,2,PP04A,float64
individual,2021,2,PP04B_COD,float64
individual,2021,2,PP04B1,float64
individual,2021,2,PP04B2,float64
individual,2021,2,PP04B3_MES,float64
individual,2021,2,PP04B3_ANO,float64
individual,2021,2,PP04B3_DIA,float64
individual,2021,2,PP04C,float64
individual,2021,2,PP04C99,float64
individual,2021,2,PP04D_COD,float64
individual,2021,2,PP04G,float64
individual,2021,2,PP05B2_MES,float64
individual,2021,2,PP05B2_ANO,float64
individual,2021,2,PP05B2_DIA,float64
individual,2021,2,PP05C_1,float64
individual,2021,2,PP05C_2,float64
individual,2021,2,PP05C_3,float64
individual,2021,2,PP05E,float64
individual,2021,2,PP05F,float64
individual,2021,2,PP05H,float64
individual,2021,2,PP06A,float64
individual,2021,2,PP06C,float64
individual,2021,2,PP06D,float64
individual,2021,2,PP06E,float64
individual,2021,2,PP06H,float64
individual,2021,2,PP07A,float64
individual,2021,2,PP07C,float64
individual,2021,2,PP07D,float64
individual,2021,2,PP07E,float64
individual,2021,2,PP07F1,float64
individual,2021,2,PP07F2,float64
individual,2021,2,PP07F3,float64
individual,2021,2,PP07F4,float64
individual,2021,2,PP07F5,float64
individual,2021,2,PP07G1,float64
individual,2021,2,PP07G2,float64
individual,2021,2,PP07G3,float64
individual,2021,2,PP07G4,float64
individual,2021,2,PP07G_59,float64
individual,2021,2,PP07H,float64
individual,2021,2,PP07I,float64
individual,2021,2,PP07J,float64
individual,2021,2,PP07K,float64
individual,2021,2,PP08D1,float64
individual,2021,2,PP08D4,float64
individual,2021,2,PP08F1,float64
individual,2021,2,PP08F2,float64
individual,2021,2,PP08J1,float64
individual,2021,2,PP08J2,float64
individual,2021,2,PP08J3,float64
individual,2021,2,PP09A,float64
individual,2021,2,PP09A_ESP,str
individual,2021,2,PP09B,float64
individual,2021,2,PP09C,float64
individual,2021,2,PP09C_ESP,str
individual,2021,2,PP10A,float64
individual,2021,2,PP10C,float64
individual,2021,2,PP10D,float64
individual,2021,2,PP10E,float64
individual,2021,2,PP11A,float64
individual,2021,2,PP11B_COD,float64
individual,2021,2,PP11B1,float64
individual,2021,2,PP11B2_MES,float64
individual,2021,2,PP11B2_ANO,float64
individual,2021,2,PP11B2_DIA,float64
individual,2021,2,PP11C,float64
individual,2021,2,PP11C99,float64
individual,2021,2,PP11D_COD,float64
individual,2021,2,PP11G_ANO,float64
individual,2021,2,PP11G_MES,float64
individual,2021,2,PP11G_DIA,float64
individual,2021,2,PP11L,float64
individual,2021,2,PP11L1,float64
individual,2021,2,PP11M,float64
individual,2021,2,PP11N,float64
individual,2021,2,PP11O,float64
individual,2021,2,PP11P,float64
individual,2021,2,PP11Q,float64
individual,2021,2,PP11R,float64
individual,2021,2,PP11S,float64
individual,2021,2,PP11T,float64
individual,2021,2,P21,int64
individual,2021,2,DECOCUR,int64
individual,2021,2,IDECOCUR,float64
individual,2021,2,RDECOCUR,int64
individual,2021,2,GDECOCUR,float64
individual,2021,2,PDECOCUR,float64
individual,2021,2,ADECOCUR,int64
individual,2021,2,PONDIIO,int64
individual,2021,2,TOT_P12,int64
individual,2021,2,P47T,float64
individual,2021,2,DECINDR,int64
individual,2021,2,IDECINDR,float64
individual,2021,2,RDECINDR,int64
individual,2021,2,GDECINDR,float64
individual,2021,2,PDECINDR,float64
individual,2021,2,ADECINDR,int64
individual,2021,2,PONDII,int64
individual,2021,2,V2_M,int64
individual,2021,2,V3_M,int64
individual,2021,2,V4_M,int64
individual,2021,2,V5_M,int64
individual,2021,2,V8_M,int64
individual,2021,2,V9_M,int64
individual,2021,2,V10_M,int64
individual,2021,2,V11_M,int64
individual,2021,2,V12_M,int64
individual,2021,2,V18_M,int64
individual,2021,2,V19_AM,int64
individual,2021,2,V21_M,int64
individual,2021,2,T_VI,int64
individual,2021,2,ITF,int64
individual,2021,2,DECIFR,int64
individual,2021,2,IDECIFR,float64
individual,2021,2,RDECIFR,int64
individual,2021,2,GDECIFR,float64
individual,2021,2,PDECIFR,float64
individual,2021,2,ADECIFR,int64
individual,2021,2,IPCF,float64
individual,2021,2,DECCFR,int64
individual,2021,2,IDECCFR,float64
individual,2021,2,RDECCFR,int64
individual,2021,2,GDECCFR,float64
individual,2021,2,PDECCFR,float64
individual,2021,2,ADECCFR,int64
individual,2021,2,PONDIH,int64
hogar,2021,3,CODUSU,string
hogar,2021,3,ANO4,Int16
hogar,2021,3,TRIMESTRE,Int16
hogar,2021,3,NRO_HOGAR,Int16
hogar,2021,3,REALIZADA,int64
hogar,2021,3,REGION,int64
hogar,2021,3,MAS_500,str
hogar,2021,3,AGLOMERADO,Int16
hogar,2021,3,PONDERA,int64
hogar,2021,3,IV1,int64
hogar,2021,3,IV1_ESP,str
hogar,2021,3,IV2,int64
hogar,2021,3,IV3,int64
hogar,2021,3,IV3_ESP,str
hogar,2021,3,IV4,int64
hogar,2021,3,IV5,int64
hogar,2021,3,IV6,int64
hogar,2021,3,IV7,int64
hogar,2021,3,IV7_ESP,str
hogar,2021,3,IV8,int64
hogar,2021,3,IV9,int64
hogar,2021,3,IV10,int64
hogar,2021,3,IV11,int64
hogar,2021,3,IV12_1,int64
hogar,2021,3,IV12_2,int64
hogar,2021,3,IV12_3,int64
hogar,2021,3,II1,int64
hogar,2021,3,II2,int64
hogar,2021,3,II3,int64
hogar,2021,3,II3_1,int64
hogar,2021,3,II4_1,int64
hogar,2021,3,II4_2,int64
hogar,2021,3,II4_3,int64
hogar,2021,3,II5,int64
hogar,2021,3,II5_1,int64
hogar,2021,3,II6,int64
hogar,2021,3,II6_1,int64
hogar,2021,3,II7,int64
hogar,2021,3,II7_ESP,str
hogar,2021,3,II8,int64
hogar,2021,3,II8_ESP,str
hogar,2021,3,II9,int64
hogar,2021,3,V1,int64
hogar,2021,3,V2,int64
hogar,2021,3,V21,int64
hogar,2021,3,V22,int64
hogar,2021,3,V3,int64
hogar,2021,3,V4,int64
hogar,2021,3,V5,int64
hogar,2021,3,V6,int64
hogar,2021,3,V7,int64
hogar,2021,3,V8,int64
hogar,2021,3,V9,int64
hogar,2021,3,V10,int64
hogar,2021,3,V11,int64
hogar,2021,3,V12,int64
hogar,2021,3,V13,int64
hogar,2021,3,V14,int64
hogar,2021,3,V15,int64
hogar,2021,3,V16,int64
hogar,2021,3,V17,int64
hogar,2021,3,V18,int64
hogar,2021,3,V19_A,int64
hogar,2021,3,V19_B,int64
hogar,2021,3,IX_TOT,int64
hogar,2021,3,IX_MEN10,int64
hogar,2021,3,IX_MAYEQ10,int64
hogar,2021,3,ITF,int64
hogar,2021,3,DECIFR,int64
hogar,2021,3,IDECIFR,float64
hogar,2021,3,RDECIFR,int64
hogar,2021,3,GDECIFR,float64
hogar,2021,3,PDECIFR,float64
hogar,2021,3,ADECIFR,int64
hogar,2021,3,IPCF,str
hogar,2021,3,DECCFR,int64
hogar,2021,3,IDECCFR,float64
hogar,2021,3,RDECCFR,int64
hogar,2021,3,GDECCFR,float64
hogar,2021,3,PDECCFR,float64
hogar,2021,3,ADECCFR,int64
hogar,2021,3,PONDIH,int64
hogar,2021,3,VII1_1,int64
hogar,2021,3,VII1_2,int64
hogar,2021,3,VII2_1,int64
hogar,2021,3,VII2_2,int64
hogar,2021,3,VII2_3,int64
hogar,2021,3,VII2_4,int64
hogar,2021,3,UNNAMED: 88,float64
individual,2021,3,CODUSU,string
individual,2021,3,ANO4,Int16
individual,2021,3,TRIMESTRE,Int16
individual,2021,3,NRO_HOGAR,Int16
individual,2021,3,COMPONENTE,Int16
individual,2021,3,H15,int64
individual,2021,3,REGION,int64
individual,2021,3,MAS_500,str
individual,2021,3,AGLOMERADO,Int16
individual,2021,3,PONDERA,int64
individual,2021,3,CH03,int64
individual,2021,3,CH04,int64
individual,2021,3,CH05,str
individual,2021,3,CH06,int64
individual,2021,3,CH07,int64
individual,2021,3,CH08,int64
individual,2021,3,CH09,int64
individual,2021,3,CH10,int64
individual,2021,3,CH11,int64
individual,2021,3,CH12,int64
individual,2021,3,CH13,int64
individual,2021,3,CH14,float64
individual,2021,3,CH15,int64
individual,2021,3,CH15_COD,float64
individual,2021,3,CH16,int64
individual,2021,3,CH16_COD,float64
individual,2021,3,NIVEL_ED,int64
individual,2021,3,ESTADO,int64
individual,2021,3,CAT_OCUP,int64
individual,2021,3,CAT_INAC,int64
individual,2021,3,IMPUTA,float64
individual,2021,3,PP02C1,int64
individual,2021,3,PP02C2,int64
individual,2021,3,PP02C3,int64
individual,2021,3,PP02C4,int64
individual,2021,3,PP02C5,int64
individual,2021,3,PP02C6,int64
individual,2021,3,PP02C7,int64
individual,2021,3,PP02C8,int64
individual,2021,3,PP02E,int64
individual,2021,3,PP02H,int64
individual,2021,3,PP02I,int64
individual,2021,3,PP03C,float64
individual,2021,3,PP03D,float64
individual,2021,3,PP3E_TOT,str
individual,2021,3,PP3F_TOT,str
individual,2021,3,PP03G,float64
individual,2021,3,PP03H,float64
individual,2021,3,PP03I,float64
individual,2021,3,PP03J,float64
individual,2021,3,INTENSI,float64
individual,2021,3,PP04A,float64
individual,2021,3,PP04B_COD,float64
individual,2021,3,PP04B1,float64
individual,2021,3,PP04B2,float64
individual,2021,3,PP04B3_MES,float64
individual,2021,3,PP04B3_ANO,float64
individual,2021,3,PP04B3_DIA,float64
individual,2021,3,PP04C,float64
individual,2021,3,PP04C99,float64
individual,2021,3,PP04D_COD,float64
individual,2021,3,PP04G,float64
individual,2021,3,PP05B2_MES,float64
individual,2021,3,PP05B2_ANO,float64
individual,2021,3,PP05B2_DIA,float64
individual,2021,3,PP05C_1,float64
individual,2021,3,PP05C_2,float64
individual,2021,3,PP05C_3,float64
individual,2021,3,PP05E,float64
individual,2021,3,PP05F,float64
individual,2021,3,PP05H,float64
individual,2021,3,PP06A,float64
individual,2021,3,PP06C,float64
individual,2021,3,PP06D,float64
individual,2021,3,PP06E,float64
individual,2021,3,PP06H,float64
individual,2021,3,PP07A,float64
individual,2021,3,PP07C,float64
individual,2021,3,PP07D,float64
individual,2021,3,PP07E,float64
individual,2021,3,PP07F1,float64
individual,2021,3,PP07F2,float64
individual,2021,3,PP07F3,float64
individual,2021,3,PP07F4,float64
individual,2021,3,PP07F5,float64
individual,2021,3,PP07G1,float64
individual,2021,3,PP07G2,float64
individual,2021,3,PP07G3,float64
individual,2021,3,PP07G4,float64
individual,2021,3,PP07G_59,float64
individual,2021,3,PP07H,float64
individual,2021,3,PP07I,float64
individual,2021,3,PP07J,float64
individual,2021,3,PP07K,float64
individual,2021,3,PP08D1,float64
individual,2021,3,PP08D4,float64
individual,2021,3,PP08F1,float64
individual,2021,3,PP08F2,float64
individual,2021,3,PP08J1,float64
individual,2021,3,PP08J2,float64
individual,2021,3,PP08J3,float64
individual,2021,3,PP09A,float64
individual,2021,3,PP09A_ESP,str
individual,2021,3,PP09B,float64
individual,2021,3,PP09C,float64
individual,2021,3,PP09C_ESP,str
individual,2021,3,PP10A,float64
individual,2021,3,PP10C,float64
individual,2021,3,PP10D,float64
individual,2021,3,PP10E,float64
individual,2021,3,PP11A,float64
individual,2021,3,PP11B_COD,float64
individual,2021,3,PP11B1,float64
individual,2021,3,PP11B2_MES,float64
individual,2021,3,PP11B2_ANO,float64
individual,2021,3,PP11B2_DIA,float64
individual,2021,3,PP11C,float64
individual,2021,3,PP11C99,float64
individual,2021,3,PP11D_COD,float64
individual,2021,3,PP11G_ANO,float64
individual,2021,3,PP11G_MES,float64
individual,2021,3,PP11G_DIA,float64
individual,2021,3,PP11L,float64
individual,2021,3,PP11L1,float64
individual,2021,3,PP11M,float64
individual,2021,3,PP11N,float64
individual,2021,3,PP11O,float64
individual,2021,3,PP11P,float64
individual,2021,3,PP11Q,float64
individual,2021,3,PP11R,float64
individual,2021,3,PP11S,float64
individual,2021,3,PP11T,float64
individual,2021,3,P21,int64
individual,2021,3,DECOCUR,int64
individual,2021,3,IDECOCUR,float64
individual,2021,3,RDECOCUR,int64
individual,2021,3,GDECOCUR,float64
individual,2021,3,PDECOCUR,float64
individual,2021,3,ADECOCUR,int64
individual,2021,3,PONDIIO,int64
individual,2021,3,TOT_P12,int64
individual,2021,3,P47T,float64
individual,2021,3,DECINDR,int64
individual,2021,3,IDECINDR,float64
individual,2021,3,RDECINDR,int64
individual,2021,3,GDECINDR,float64
individual,2021,3,PDECINDR,float64
individual,2021,3,ADECINDR,int64
individual,2021,3,PONDII,int64
individual,2021,3,V2_M,int64
individual,2021,3,V3_M,int64
individual,2021,3,V4_M,int64
individual,2021,3,V5_M,int64
individual,2021,3,V8_M,int64
individual,2021,3,V9_M,int64
individual,2021,3,V10_M,int64
individual,2021,3,V11_M,int64
individual,2021,3,V12_M,int64
individual,2021,3,V18_M,int64
individual,2021,3,V19_AM,int64
individual,2021,3,V21_M,int64
individual,2021,3,T_VI,int64
individual,2021,3,ITF,int64
individual,2021,3,DECIFR,int64
individual,2021,3,IDECIFR,float64
individual,2021,3,RDECIFR,int64
individual,2021,3,GDECIFR,float64
individual,2021,3,PDECIFR,float64
individual,2021,3,ADECIFR,int64
individual,2021,3,IPCF,str
individual,2021,3,DECCFR,int64
individual,2021,3,IDECCFR,float64
individual,2021,3,RDECCFR,int64
individual,2021,3,GDECCFR,float64
individual,2021,3,PDECCFR,float64
individual,2021,3,ADECCFR,int64
individual,2021,3,PONDIH,int64
individual,2021,3,UNNAMED: 177,float64
hogar,2021,4,CODUSU,string
hogar,2021,4,ANO4,Int16
hogar,2021,4,TRIMESTRE,Int16
hogar,2021,4,NRO_HOGAR,Int16
hogar,2021,4,REALIZADA,int64
hogar,2021,4,REGION,int64
hogar,2021,4,MAS_500,str
hogar,2021,4,AGLOMERADO,Int16
hogar,2021,4,PONDERA,int64
hogar,2021,4,IV1,int64
hogar,2021,4,IV1_ESP,str
hogar,2021,4,IV2,int64
hogar,2021,4,IV3,int64
hogar,2021,4,IV3_ESP,str
hogar,2021,4,IV4,int64
hogar,2021,4,IV5,int64
hogar,2021,4,IV6,int64
hogar,2021,4,IV7,int64
hogar,2021,4,IV7_ESP,str
hogar,2021,4,IV8,int64
hogar,2021,4,IV9,int64
hogar,2021,4,IV10,int64
hogar,2021,4,IV11,int64
hogar,2021,4,IV12_1,int64
hogar,2021,4,IV12_2,int64
hogar,2021,4,IV12_3,int64
hogar,2021,4,II1,int64
hogar,2021,4,II2,int64
hogar,2021,4,II3,int64
hogar,2021,4,II3_1,int64
hogar,2021,4,II4_1,int64
hogar,2021,4,II4_2,int64
hogar,2021,4,II4_3,int64
hogar,2021,4,II5,int64
hogar,2021,4,II5_1,int64
hogar,2021,4,II6,int64
hogar,2021,4,II6_1,int64
hogar,2021,4,II7,int64
hogar,2021,4,II7_ESP,str
hogar,2021,4,II8,int64
hogar,2021,4,II8_ESP,str
hogar,2021,4,II9,int64
hogar,2021,4,V1,int64
hogar,2021,4,V2,int64
hogar,2021,4,V21,int64
hogar,2021,4,V22,int64
hogar,2021,4,V3,int64
hogar,2021,4,V4,int64
hogar,2021,4,V5,int64
hogar,2021,4,V6,int64
hogar,2021,4,V7,int64
hogar,2021,4,V8,int64
hogar,2021,4,V9,int64
hogar,2021,4,V10,int64
hogar,2021,4,V11,int64
hogar,2021,4,V12,int64
hogar,2021,4,V13,int64
hogar,2021,4,V14,int64
hogar,2021,4,V15,int64
hogar,2021,4,V16,int64
hogar,2021,4,V17,int64
hogar,2021,4,V18,int64
hogar,2021,4,V19_A,int64
hogar,2021,4,V19_B,int64
hogar,2021,4,IX_TOT,int64
hogar,2021,4,IX_MEN10,int64
hogar,2021,4,IX_MAYEQ10,int64
hogar,2021,4,ITF,int64
hogar,2021,4,DECIFR,int64
hogar,2021,4,IDECIFR,float64
hogar,2021,4,RDECIFR,int64
hogar,2021,4,GDECIFR,float64
hogar,2021,4,PDECIFR,float64
hogar,2021,4,ADECIFR,int64
hogar,2021,4,IPCF,float64
hogar,2021,4,DECCFR,int64
hogar,2021,4,IDECCFR,float64
hogar,2021,4,RDECCFR,int64
hogar,2021,4,GDECCFR,float64
hogar,2021,4,PDECCFR,float64
hogar,2021,4,ADECCFR,int64
hogar,2021,4,PONDIH,int64
hogar,2021,4,VII1_1,int64
hogar,2021,4,VII1_2,int64
hogar,2021,4,VII2_1,int64
hogar,2021,4,VII2_2,int64
hogar,2021,4,VII2_3,int64
hogar,2021,4,VII2_4,int64
individual,2021,4,CODUSU,string
individual,2021,4,ANO4,Int16
individual,2021,4,TRIMESTRE,Int16
individual,2021,4,NRO_HOGAR,Int16
individual,2021,4,COMPONENTE,Int16
individual,2021,4,H15,int64
individual,2021,4,REGION,int64
individual,2021,4,MAS_500,str
individual,2021,4,AGLOMERADO,Int16
individual,2021,4,PONDERA,int64
individual,2021,4,CH03,int64
individual,2021,4,CH04,int64
individual,2021,4,CH05,str
individual,2021,4,CH06,int64
individual,2021,4,CH07,int64
individual,2021,4,CH08,int64
individual,2021,4,CH09,int64
individual,2021,4,CH10,int64
individual,2021,4,CH11,int64
individual,2021,4,CH12,int64
individual,2021,4,CH13,int64
individual,2021,4,CH14,float64
individual,2021,4,CH15,int64
individual,2021,4,CH15_COD,float64
individual,2021,4,CH16,int64
individual,2021,4,CH16_COD,float64
individual,2021,4,NIVEL_ED,int64
individual,2021,4,ESTADO,int64
individual,2021,4,CAT_OCUP,int64
individual,2021,4,CAT_INAC,int64
individual,2021,4,IMPUTA,float64
individual,2021,4,PP02C1,int64
individual,2021,4,PP02C2,int64
individual,2021,4,PP02C3,int64
individual,2021,4,PP02C4,int64
individual,2021,4,PP02C5,int64
individual,2021,4,PP02C6,int64
individual,2021,4,PP02C7,int64
individual,2021,4,PP02C8,int64
individual,2021,4,PP02E,int64
individual,2021,4,PP02H,int64
individual,2021,4,PP02I,int64
individual,2021,4,PP03C,float64
individual,2021,4,PP03D,float64
individual,2021,4,PP3E_TOT,float64
individual,2021,4,PP3F_TOT,float64
individual,2021,4,PP03G,float64
individual,2021,4,PP03H,float64
individual,2021,4,PP03I,float64
individual,2021,4,PP03J,float64
individual,2021,4,INTENSI,float64
individual,2021,4,PP04A,float64
individual,2021,4,PP04B_COD,float64
individual,2021,4,PP04B1,float64
individual,2021,4,PP04B2,float64
individual,2021,4,PP04B3_MES,float64
individual,2021,4,PP04B3_ANO,float64
individual,2021,4,PP04B3_DIA,float64
individual,2021,4,PP04C,float64
individual,2021,4,PP04C99,float64
individual,2021,4,PP04D_COD,float64
individual,2021,4,PP04G,float64
individual,2021,4,PP05B2_MES,float64
individual,2021,4,PP05B2_ANO,float64
individual,2021,4,PP05B2_DIA,float64
individual,2021,4,PP05C_1,float64
individual,2021,4,PP05C_2,float64
individual,2021,4,PP05C_3,float64
individual,2021,4,PP05E,float64
individual,2021,4,PP05F,float64
individual,2021,4,PP05H,float64
individual,2021,4,PP06A,float64
individual,2021,4,PP06C,float64
individual,2021,4,PP06D,float64
individual,2021,4,PP06E,float64
individual,2021,4,PP06H,float64
individual,2021,4,PP07A,float64
individual,2021,4,PP07C,float64
individual,2021,4,PP07D,float64
individual,2021,4,PP07E,float64
individual,2021,4,PP07F1,float64
individual,2021,4,PP07F2,float64
individual,2021,4,PP07F3,float64
individual,2021,4,PP07F4,float64
individual,2021,4,PP07F5,float64
individual,2021,4,PP07G1,float64
individual,2021,4,PP07G2,float64
individual,2021,4,PP07G3,float64
individual,2021,4,PP07G4,float64
individual,2021,4,PP07G_59,float64
individual,2021,4,PP07H,float64
individual,2021,4,PP07I,float64
individual,2021,4,PP07J,float64
individual,2021,4,PP07K,float64
individual,2021,4,PP08D1,float64
individual,2021,4,PP08D4,float64
individual,2021,4,PP08F1,float64
individual,2021,4,PP08F2,float64
individual,2021,4,PP08J1,float64
individual,2021,4,PP08J2,float64
individual,2021,4,PP08J3,float64
individual,2021,4,PP09A,float64
individual,2021,4,PP09A_ESP,str
individual,2021,4,PP09B,float64
individual,2021,4,PP09C,float64
individual,2021,4,PP09C_ESP,str
individual,2021,4,PP10A,float64
individual,2021,4,PP10C,float64
individual,2021,4,PP10D,float64
individual,2021,4,PP10E,float64
individual,2021,4,PP11A,float64
individual,2021,4,PP11B_COD,float64
individual,2021,4,PP11B1,float64
individual,2021,4,PP11B2_MES,float64
individual,2021,4,PP11B2_ANO,float64
individual,2021,4,PP11B2_DIA,float64
individual,2021,4,PP11C,float64
individual,2021,4,PP11C99,float64
individual,2021,4,PP11D_COD,float64
individual,2021,4,PP11G_ANO,float64
individual,2021,4,PP11G_MES,float64
individual,2021,4,PP11G_DIA,float64
individual,2021,4,PP11L,float64
individual,2021,4,PP11L1,float64
individual,2021,4,PP11M,float64
individual,2021,4,PP11N,float64
individual,2021,4,PP11O,float64
individual,2021,4,PP11P,float64
individual,2021,4,PP11Q,float64
individual,2021,4,PP11R,float64
individual,2021,4,PP11S,float64
individual,2021,4,PP11T,float64
individual,2021,4,P21,int64
individual,2021,4,DECOCUR,int64
individual,2021,4,IDECOCUR,float64
individual,2021,4,RDECOCUR,int64
individual,2021,4,GDECOCUR,float64
individual,2021,4,PDECOCUR,float64
individual,2021,4,ADECOCUR,int64
individual,2021,4,PONDIIO,int64
individual,2021,4,TOT_P12,int64
individual,2021,4,P47T,float64
individual,2021,4,DECINDR,int64
individual,2021,4,IDECINDR,float64
individual,2021,4,RDECINDR,int64
individual,2021,4,GDECINDR,float64
individual,2021,4,PDECINDR,float64
individual,2021,4,ADECINDR,int64
individual,2021,4,PONDII,int64
individual,2021,4,V2_M,int64
individual,2021,4,V3_M,int64
individual,2021,4,V4_M,int64
individual,2021,4,V5_M,int64
individual,2021,4,V8_M,int64
individual,2021,4,V9_M,int64
individual,2021,4,V10_M,int64
individual,2021,4,V11_M,int64
individual,2021,4,V12_M,int64
individual,2021,4,V18_M,int64
individual,2021,4,V19_AM,int64
individual,2021,4,V21_M,int64
individual,2021,4,T_VI,int64
individual,2021,4,ITF,int64
individual,2021,4,DECIFR,int64
individual,2021,4,IDECIFR,float64
individual,2021,4,RDECIFR,int64
individual,2021,4,GDECIFR,float64
individual,2021,4,PDECIFR,float64
individual,2021,4,ADECIFR,int64
individual,2021,4,IPCF,float64
individual,2021,4,DECCFR,int64
individual,2021,4,IDECCFR,float64
individual,2021,4,RDECCFR,int64
individual,2021,4,GDECCFR,float64
individual,2021,4,PDECCFR,float64
individual,2021,4,ADECCFR,int64
individual,2021,4,PONDIH,int64
hogar,2022,1,CODUSU,string
hogar,2022,1,ANO4,Int16
hogar,2022,1,TRIMESTRE,Int16
hogar,2022,1,NRO_HOGAR,Int16
hogar,2022,1,REALIZADA,int64
hogar,2022,1,REGION,int64
hogar,2022,1,MAS_500,str
hogar,2022,1,AGLOMERADO,Int16
hogar,2022,1,PONDERA,int64
hogar,2022,1,IV1,int64
hogar,2022,1,IV1_ESP,str
hogar,2022,1,IV2,int64
hogar,2022,1,IV3,int64
hogar,2022,1,IV3_ESP,str
hogar,2022,1,IV4,int64
hogar,2022,1,IV5,int64
hogar,2022,1,IV6,int64
hogar,2022,1,IV7,int64
hogar,2022,1,IV7_ESP,str
hogar,2022,1,IV8,int64
hogar,2022,1,IV9,int64
hogar,2022,1,IV10,int64
hogar,2022,1,IV11,int64
hogar,2022,1,IV12_1,int64
hogar,2022,1,IV12_2,int64
hogar,2022,1,IV12_3,int64
hogar,2022,1,II1,int64
hogar,2022,1,II2,int64
hogar,2022,1,II3,int64
hogar,2022,1,II3_1,int64
hogar,2022,1,II4_1,int64
hogar,2022,1,II4_2,int64
hogar,2022,1,II4_3,int64
hogar,2022,1,II5,int64
hogar,2022,1,II5_1,int64
hogar,2022,1,II6,int64
hogar,2022,1,II6_1,int64
hogar,2022,1,II7,int64
hogar,2022,1,II7_ESP,str
hogar,2022,1,II8,int64
hogar,2022,1,II8_ESP,str
hogar,2022,1,II9,int64
hogar,2022,1,V1,int64
hogar,2022,1,V2,int64
hogar,2022,1,V21,int64
hogar,2022,1,V22,int64
hogar,2022,1,V3,int64
hogar,2022,1,V4,int64
hogar,2022,1,V5,int64
hogar,2022,1,V6,int64
hogar,2022,1,V7,int64
hogar,2022,1,V8,int64
hogar,2022,1,V9,int64
hogar,2022,1,V10,int64
hogar,2022,1,V11,int64
hogar,2022,1,V12,int64
hogar,2022,1,V13,int64
hogar,2022,1,V14,int64
hogar,2022,1,V15,int64
hogar,2022,1,V16,int64
hogar,2022,1,V17,int64
hogar,2022,1,V18,int64
hogar,2022,1,V19_A,int64
hogar,2022,1,V19_B,int64
hogar,2022,1,IX_TOT,int64
hogar,2022,1,IX_MEN10,int64
hogar,2022,1,IX_MAYEQ10,int64
hogar,2022,1,ITF,int64
hogar,2022,1,DECIFR,int64
hogar,2022,1,IDECIFR,float64
hogar,2022,1,RDECIFR,int64
hogar,2022,1,GDECIFR,float64
hogar,2022,1,PDECIFR,float64
hogar,2022,1,ADECIFR,int64
hogar,2022,1,IPCF,float64
hogar,2022,1,DECCFR,int64
hogar,2022,1,IDECCFR,float64
hogar,2022,1,RDECCFR,int64
hogar,2022,1,GDECCFR,float64
hogar,2022,1,PDECCFR,float64
hogar,2022,1,ADECCFR,int64
hogar,2022,1,PONDIH,int64
hogar,2022,1,VII1_1,int64
hogar,2022,1,VII1_2,int64
hogar,2022,1,VII2_1,int64
hogar,2022,1,VII2_2,int64
hogar,2022,1,VII2_3,int64
hogar,2022,1,VII2_4,int64
individual,2022,1,CODUSU,string
individual,2022,1,ANO4,Int16
individual,2022,1,TRIMESTRE,Int16
individual,2022,1,NRO_HOGAR,Int16
individual,2022,1,COMPONENTE,Int16
individual,2022,1,H15,int64
individual,2022,1,REGION,int64
individual,2022,1,MAS_500,str
individual,2022,1,AGLOMERADO,Int16
individual,2022,1,PONDERA,int64
individual,2022,1,CH03,int64
individual,2022,1,CH04,int64
individual,2022,1,CH05,str
individual,2022,1,CH06,int64
individual,2022,1,CH07,int64
individual,2022,1,CH08,int64
individual,2022,1,CH09,int64
individual,2022,1,CH10,int64
individual,2022,1,CH11,int64
individual,2022,1,CH12,int64
individual,2022,1,CH13,int64
individual,2022,1,CH14,float64
individual,2022,1,CH15,int64
individual,2022,1,CH15_COD,float64
individual,2022,1,CH16,int64
individual,2022,1,CH16_COD,float64
individual,2022,1,NIVEL_ED,int64
individual,2022,1,ESTADO,int64
individual,2022,1,CAT_OCUP,int64
individual,2022,1,CAT_INAC,int64
individual,2022,1,IMPUTA,float64
individual,2022,1,PP02C1,int64
individual,2022,1,PP02C2,int64
individual,2022,1,PP02C3,int64
individual,2022,1,PP02C4,int64
individual,2022,1,PP02C5,int64
individual,2022,1,PP02C6,int64
individual,2022,1,PP02C7,int64
individual,2022,1,PP02C8,int64
individual,2022,1,PP02E,int64
individual,2022,1,PP02H,int64
individual,2022,1,PP02I,int64
individual,2022,1,PP03C,float64
individual,2022,1,PP03D,float64
individual,2022,1,PP3E_TOT,float64
individual,2022,1,PP3F_TOT,float64
individual,2022,1,PP03G,float64
individual,2022,1,PP03H,float64
individual,2022,1,PP03I,float64
individual,2022,1,PP03J,float64
individual,2022,1,INTENSI,float64
individual,2022,1,PP04A,float64
individual,2022,1,PP04B_COD,float64
individual,2022,1,PP04B1,float64
individual,2022,1,PP04B2,float64
individual,2022,1,PP04B3_MES,float64
individual,2022,1,PP04B3_ANO,float64
individual,2022,1,PP04B3_DIA,float64
individual,2022,1,PP04C,float64
individual,2022,1,PP04C99,float64
individual,2022,1,PP04D_COD,float64
individual,2022,1,PP04G,float64
individual,2022,1,PP05B2_MES,float64
individual,2022,1,PP05B2_ANO,float64
individual,2022,1,PP05B2_DIA,float64
individual,2022,1,PP05C_1,float64
individual,2022,1,PP05C_2,float64
individual,2022,1,PP05C_3,float64
individual,2022,1,PP05E,float64
individual,2022,1,PP05F,float64
individual,2022,1,PP05H,float64
individual,2022,1,PP06A,float64
individual,2022,1,PP06C,float64
individual,2022,1,PP06D,float64
individual,2022,1,PP06E,float64
individual,2022,1,PP06H,float64
individual,2022,1,PP07A,float64
individual,2022,1,PP07C,float64
individual,2022,1,PP07D,float64
individual,2022,1,PP07E,float64
individual,2022,1,PP07F1,float64
individual,2022,1,PP07F2,float64
individual,2022,1,PP07F3,float64
individual,2022,1,PP07F4,float64
individual,2022,1,PP07F5,float64
individual,2022,1,PP07G1,float64
individual,2022,1,PP07G2,float64
individual,2022,1,PP07G3,float64
individual,2022,1,PP07G4,float64
individual,2022,1,PP07G_59,float64
individual,2022,1,PP07H,float64
individual,2022,1,PP07I,float64
individual,2022,1,PP07J,float64
individual,2022,1,PP07K,float64
individual,2022,1,PP08D1,float64
individual,2022,1,PP08D4,float64
individual,2022,1,PP08F1,float64
individual,2022,1,PP08F2,float64
individual,2022,1,PP08J1,float64
individual,2022,1,PP08J2,float64
individual,2022,1,PP08J3,float64
individual,2022,1,PP09A,float64
individual,2022,1,PP09A_ESP,str
individual,2022,1,PP09B,float64
individual,2022,1,PP09C,float64
individual,2022,1,PP09C_ESP,str
individual,2022,1,PP10A,float64
individual,2022,1,PP10C,float64
individual,2022,1,PP10D,float64
individual,2022,1,PP10E,float64
individual,2022,1,PP11A,float64
individual,2022,1,PP11B_COD,float64
individual,2022,1,PP11B1,float64
individual,2022,1,PP11B2_MES,float64
individual,2022,1,PP11B2_ANO,float64
individual,2022,1,PP11B2_DIA,float64
individual,2022,1,PP11C,float64
individual,2022,1,PP11C99,float64
individual,2022,1,PP11D_COD,float64
individual,2022,1,PP11G_ANO,float64
individual,2022,1,PP11G_MES,float64
individual,2022,1,PP11G_DIA,float64
individual,2022,1,PP11L,float64
individual,2022,1,PP11L1,float64
individual,2022,1,PP11M,float64
individual,2022,1,PP11N,float64
individual,2022,1,PP11O,float64
individual,2022,1,PP11P,float64
individual,2022,1,PP11Q,float64
individual,2022,1,PP11R,float64
individual,2022,1,PP11S,float64
individual,2022,1,PP11T,float64
individual,2022,1,P21,int64
individual,2022,1,DECOCUR,int64
individual,2022,1,IDECOCUR,float64
individual,2022,1,RDECOCUR,int64
individual,2022,1,GDECOCUR,float64
individual,2022,1,PDECOCUR,float64
individual,2022,1,ADECOCUR,int64
individual,2022,1,PONDIIO,int64
individual,2022,1,TOT_P12,int64
individual,2022,1,P47T,float64
individual,2022,1,DECINDR,int64
individual,2022,1,IDECINDR,float64
individual,2022,1,RDECINDR,int64
individual,2022,1,GDECINDR,float64
individual,2022,1,PDECINDR,float64
individual,2022,1,ADECINDR,int64
individual,2022,1,PONDII,int64
individual,2022,1,V2_M,int64
individual,2022,1,V3_M,int64
individual,2022,1,V4_M,int64
individual,2022,1,V5_M,int64
individual,2022,1,V8_M,int64
individual,2022,1,V9_M,int64
individual,2022,1,V10_M,int64
individual,2022,1,V11_M,int64
individual,2022,1,V12_M,int64
individual,2022,1,V18_M,int64
individual,2022,1,V19_AM,int64
individual,2022,1,V21_M,int64
individual,2022,1,T_VI,int64
individual,2022,1,ITF,int64
individual,2022,1,DECIFR,int64
individual,2022,1,IDECIFR,float64
individual,2022,1,RDECIFR,int64
individual,2022,1,GDECIFR,float64
individual,2022,1,PDECIFR,float64
individual,2022,1,ADECIFR,int64
individual,2022,1,IPCF,float64
individual,2022,1,DECCFR,int64
individual,2022,1,IDECCFR,float64
individual,2022,1,RDECCFR,int64
individual,2022,1,GDECCFR,float64
individual,2022,1,PDECCFR,float64
individual,2022,1,ADECCFR,int64
individual,2022,1,PONDIH,int64
hogar,2022,2,CODUSU,string
hogar,2022,2,ANO4,Int16
hogar,2022,2,TRIMESTRE,Int16
hogar,2022,2,NRO_HOGAR,Int16
hogar,2022,2,REALIZADA,int64
hogar,2022,2,REGION,int64
hogar,2022,2,MAS_500,str
hogar,2022,2,AGLOMERADO,Int16
hogar,2022,2,PONDERA,int64
hogar,2022,2,IV1,int64
hogar,2022,2,IV1_ESP,str
hogar,2022,2,IV2,int64
hogar,2022,2,IV3,int64
hogar,2022,2,IV3_ESP,str
hogar,2022,2,IV4,int64
hogar,2022,2,IV5,int64
hogar,2022,2,IV6,int64
hogar,2022,2,IV7,int64
hogar,2022,2,IV7_ESP,str
hogar,2022,2,IV8,int64
hogar,2022,2,IV9,int64
hogar,2022,2,IV10,int64
hogar,2022,2,IV11,int64
hogar,2022,2,IV12_1,int64
hogar,2022,2,IV12_2,int64
hogar,2022,2,IV12_3,int64
hogar,2022,2,II1,int64
hogar,2022,2,II2,int64
hogar,2022,2,II3,int64
hogar,2022,2,II3_1,int64
hogar,2022,2,II4_1,int64
hogar,2022,2,II4_2,int64
hogar,2022,2,II4_3,int64
hogar,2022,2,II5,int64
hogar,2022,2,II5_1,int64
hogar,2022,2,II6,int64
hogar,2022,2,II6_1,int64
hogar,2022,2,II7,int64
hogar,2022,2,II7_ESP,str
hogar,2022,2,II8,int64
hogar,2022,2,II8_ESP,str
hogar,2022,2,II9,int64
hogar,2022,2,V1,int64
hogar,2022,2,V2,int64
hogar,2022,2,V21,int64
hogar,2022,2,V22,int64
hogar,2022,2,V3,int64
hogar,2022,2,V4,int64
hogar,2022,2,V5,int64
hogar,2022,2,V6,int64
hogar,2022,2,V7,int64
hogar,2022,2,V8,int64
hogar,2022,2,V9,int64
hogar,2022,2,V10,int64
hogar,2022,2,V11,int64
hogar,2022,2,V12,int64
hogar,2022,2,V13,int64
hogar,2022,2,V14,int64
hogar,2022,2,V15,int64
hogar,2022,2,V16,int64
hogar,2022,2,V17,int64
hogar,2022,2,V18,int64
hogar,2022,2,V19_A,int64
hogar,2022,2,V19_B,int64
hogar,2022,2,IX_TOT,int64
hogar,2022,2,IX_MEN10,int64
hogar,2022,2,IX_MAYEQ10,int64
hogar,2022,2,ITF,int64
hogar,2022,2,DECIFR,int64
hogar,2022,2,IDECIFR,float64
hogar,2022,2,RDECIFR,int64
hogar,2022,2,GDECIFR,float64
hogar,2022,2,PDECIFR,float64
hogar,2022,2,ADECIFR,int64
hogar,2022,2,IPCF,float64
hogar,2022,2,DECCFR,int64
hogar,2022,2,IDECCFR,float64
hogar,2022,2,RDECCFR,int64
hogar,2022,2,GDECCFR,float64
hogar,2022,2,PDECCFR,float64
hogar,2022,2,ADECCFR,int64
hogar,2022,2,PONDIH,int64
hogar,2022,2,VII1_1,int64
hogar,2022,2,VII1_2,int64
hogar,2022,2,VII2_1,int64
hogar,2022,2,VII2_2,int64
hogar,2022,2,VII2_3,int64
hogar,2022,2,VII2_4,int64
individual,2022,2,CODUSU,string
individual,2022,2,ANO4,Int16
individual,2022,2,TRIMESTRE,Int16
individual,2022,2,NRO_HOGAR,Int16
individual,2022,2,COMPONENTE,Int16
individual,2022,2,H15,int64
individual,2022,2,REGION,int64
individual,2022,2,MAS_500,str
individual,2022,2,AGLOMERADO,Int16
individual,2022,2,PONDERA,int64
individual,2022,2,CH03,int64
individual,2022,2,CH04,int64
individual,2022,2,CH05,str
individual,2022,2,CH06,int64
individual,2022,2,CH07,int64
individual,2022,2,CH08,int64
individual,2022,2,CH09,int64
individual,2022,2,CH10,int64
individual,2022,2,CH11,int64
individual,2022,2,CH12,int64
individual,2022,2,CH13,int64
individual,2022,2,CH14,float64
individual,2022,2,CH15,int64
individual,2022,2,CH15_COD,float64
individual,2022,2,CH16,int64
individual,2022,2,CH16_COD,float64
individual,2022,2,NIVEL_ED,int64
individual,2022,2,ESTADO,int64
individual,2022,2,CAT_OCUP,int64
individual,2022,2,CAT_INAC,int64
individual,2022,2,IMPUTA,float64
individual,2022,2,PP02C1,int64
individual,2022,2,PP02C2,int64
individual,2022,2,PP02C3,int64
individual,2022,2,PP02C4,int64
individual,2022,2,PP02C5,int64
individual,2022,2,PP02C6,int64
individual,2022,2,PP02C7,int64
individual,2022,2,PP02C8,int64
individual,2022,2,PP02E,int64
individual,2022,2,PP02H,int64
individual,2022,2,PP02I,int64
individual,2022,2,PP03C,float64
individual,2022,2,PP03D,float64
individual,2022,2,PP3E_TOT,float64
individual,2022,2,PP3F_TOT,float64
individual,2022,2,PP03G,float64
individual,2022,2,PP03H,float64
individual,2022,2,PP03I,float64
individual,2022,2,PP03J,float64
individual,2022,2,INTENSI,float64
individual,2022,2,PP04A,float64
individual,2022,2,PP04B_COD,float64
individual,2022,2,PP04B1,float64
individual,2022,2,PP04B2,float64
individual,2022,2,PP04B3_MES,float64
individual,2022,2,PP04B3_ANO,float64
individual,2022,2,PP04B3_DIA,float64
individual,2022,2,PP04C,float64
individual,2022,2,PP04C99,float64
individual,2022,2,PP04D_COD,float64
individual,2022,2,PP04G,float64
individual,2022,2,PP05B2_MES,float64
individual,2022,2,PP05B2_ANO,float64
individual,2022,2,PP05B2_DIA,float64
individual,2022,2,PP05C_1,float64
individual,2022,2,PP05C_2,float64
individual,2022,2,PP05C_3,float64
individual,2022,2,PP05E,float64
individual,2022,2,PP05F,float64
individual,2022,2,PP05H,float64
individual,2022,2,PP06A,float64
individual,2022,2,PP06C,float64
individual,2022,2,PP06D,float64
individual,2022,2,PP06E,float64
individual,2022,2,PP06H,float64
individual,2022,2,PP07A,float64
individual,2022,2,PP07C,float64
individual,2022,2,PP07D,float64
individual,2022,2,PP07E,float64
individual,2022,2,PP07F1,float64
individual,2022,2,PP07F2,float64
individual,2022,2,PP07F3,float64
individual,2022,2,PP07F4,float64
individual,2022,2,PP07F5,float64
individual,2022,2,PP07G1,float64
individual,2022,2,PP07G2,float64
individual,2022,2,PP07G3,float64
individual,2022,2,PP07G4,float64
individual,2022,2,PP07G_59,float64
individual,2022,2,PP07H,float64
individual,2022,2,PP07I,float64
individual,2022,2,PP07J,float64
individual,2022,2,PP07K,float64
individual,2022,2,PP08D1,float64
individual,2022,2,PP08D4,float64
individual,2022,2,PP08F1,float64
individual,2022,2,PP08F2,float64
individual,2022,2,PP08J1,float64
individual,2022,2,PP08J2,float64
individual,2022,2,PP08J3,float64
individual,2022,2,PP09A,float64
individual,2022,2,PP09A_ESP,str
individual,2022,2,PP09B,float64
individual,2022,2,PP09C,float64
individual,2022,2,PP09C_ESP,str
individual,2022,2,PP10A,float64
individual,2022,2,PP10C,float64
individual,2022,2,PP10D,float64
individual,2022,2,PP10E,float64
individual,2022,2,PP11A,float64
individual,2022,2,PP11B_COD,float64
individual,2022,2,PP11B1,float64
individual,2022,2,PP11B2_MES,float64
individual,2022,2,PP11B2_ANO,float64
individual,2022,2,PP11B2_DIA,float64
individual,2022,2,PP11C,float64
individual,2022,2,PP11C99,float64
individual,2022,2,PP11D_COD,float64
individual,2022,2,PP11G_ANO,float64
individual,2022,2,PP11G_MES,float64
individual,2022,2,PP11G_DIA,float64
individual,2022,2,PP11L,float64
individual,2022,2,PP11L1,float64
individual,2022,2,PP11M,float64
individual,2022,2,PP11N,float64
individual,2022,2,PP11O,float64
individual,2022,2,PP11P,float64
individual,2022,2,PP11Q,float64
individual,2022,2,PP11R,float64
individual,2022,2,PP11S,float64
individual,2022,2,PP11T,float64
individual,2022,2,P21,int64
individual,2022,2,DECOCUR,int64
individual,2022,2,IDECOCUR,float64
individual,2022,2,RDECOCUR,int64
individual,2022,2,GDECOCUR,float64
individual,2022,2,PDECOCUR,float64
individual,2022,2,ADECOCUR,int64
individual,2022,2,PONDIIO,int64
individual,2022,2,TOT_P12,int64
individual,2022,2,P47T,float64
individual,2022,2,DECINDR,int64
individual,2022,2,IDECINDR,float64
individual,2022,2,RDECINDR,int64
individual,2022,2,GDECINDR,float64
individual,2022,2,PDECINDR,float64
individual,2022,2,ADECINDR,int64
individual,2022,2,PONDII,int64
individual,2022,2,V2_M,int64
individual,2022,2,V3_M,int64
individual,2022,2,V4_M,int64
individual,2022,2,V5_M,int64
individual,2022,2,V8_M,int64
individual,2022,2,V9_M,int64
individual,2022,2,V10_M,int64
individual,2022,2,V11_M,int64
individual,2022,2,V12_M,int64
individual,2022,2,V18_M,int64
individual,2022,2,V19_AM,int64
individual,2022,2,V21_M,int64
individual,2022,2,T_VI,int64
individual,2022,2,ITF,int64
individual,2022,2,DECIFR,int64
individual,2022,2,IDECIFR,float64
individual,2022,2,RDECIFR,int64
individual,2022,2,GDECIFR,float64
individual,2022,2,PDECIFR,float64
individual,2022,2,ADECIFR,int64
individual,2022,2,IPCF,float64
individual,2022,2,DECCFR,int64
individual,2022,2,IDECCFR,float64
individual,2022,2,RDECCFR,int64
individual,2022,2,GDECCFR,float64
individual,2022,2,PDECCFR,float64
individual,2022,2,ADECCFR,int64
individual,2022,2,PONDIH,int64
hogar,2022,3,CODUSU,string
hogar,2022,3,ANO4,Int16
hogar,2022,3,TRIMESTRE,Int16
hogar,2022,3,NRO_HOGAR,Int16
hogar,2022,3,REALIZADA,int64
hogar,2022,3,REGION,int64
hogar,2022,3,MAS_500,str
hogar,2022,3,AGLOMERADO,Int16
hogar,2022,3,PONDERA,int64
hogar,2022,3,IV1,int64
hogar,2022,3,IV1_ESP,str
hogar,2022,3,IV2,int64
hogar,2022,3,IV3,int64
hogar,2022,3,IV3_ESP,str
hogar,2022,3,IV4,int64
hogar,2022,3,IV5,int64
hogar,2022,3,IV6,int64
hogar,2022,3,IV7,int64
hogar,2022,3,IV7_ESP,str
hogar,2022,3,IV8,int64
hogar,2022,3,IV9,int64
hogar,2022,3,IV10,int64
hogar,2022,3,IV11,int64
hogar,2022,3,IV12_1,int64
hogar,2022,3,IV12_2,int64
hogar,2022,3,IV12_3,int64
hogar,2022,3,II1,int64
hogar,2022,3,II2,int64
hogar,2022,3,II3,int64
hogar,2022,3,II3_1,int64
hogar,2022,3,II4_1,int64
hogar,2022,3,II4_2,int64
hogar,2022,3,II4_3,int64
hogar,2022,3,II5,int64
hogar,2022,3,II5_1,int64
hogar,2022,3,II6,int64
hogar,2022,3,II6_1,int64
hogar,2022,3,II7,int64
hogar,2022,3,II7_ESP,str
hogar,2022,3,II8,int64
hogar,2022,3,II8_ESP,str
hogar,2022,3,II9,int64
hogar,2022,3,V1,int64
hogar,2022,3,V2,int64
hogar,2022,3,V21,int64
hogar,2022,3,V22,int64
hogar,2022,3,V3,int64
hogar,2022,3,V4,int64
hogar,2022,3,V5,int64
hogar,2022,3,V6,int64
hogar,2022,3,V7,int64
hogar,2022,3,V8,int64
hogar,2022,3,V9,int64
hogar,2022,3,V10,int64
hogar,2022,3,V11,int64
hogar,2022,3,V12,int64
hogar,2022,3,V13,int64
hogar,2022,3,V14,int64
hogar,2022,3,V15,int64
hogar,2022,3,V16,int64
hogar,2022,3,V17,int64
hogar,2022,3,V18,int64
hogar,2022,3,V19_A,int64
hogar,2022,3,V19_B,int64
hogar,2022,3,IX_TOT,int64
hogar,2022,3,IX_MEN10,int64
hogar,2022,3,IX_MAYEQ10,int64
hogar,2022,3,ITF,int64
hogar,2022,3,DECIFR,int64
hogar,2022,3,IDECIFR,float64
hogar,2022,3,RDECIFR,int64
hogar,2022,3,GDECIFR,float64
hogar,2022,3,PDECIFR,float64
hogar,2022,3,ADECIFR,int64
hogar,2022,3,IPCF,float64
hogar,2022,3,DECCFR,int64
hogar,2022,3,IDECCFR,float64
hogar,2022,3,RDECCFR,int64
hogar,2022,3,GDECCFR,float64
hogar,2022,3,PDECCFR,float64
hogar,2022,3,ADECCFR,int64
hogar,2022,3,PONDIH,int64
hogar,2022,3,VII1_1,int64
hogar,2022,3,VII1_2,int64
hogar,2022,3,VII2_1,int64
hogar,2022,3,VII2_2,int64
hogar,2022,3,VII2_3,int64
hogar,2022,3,VII2_4,int64
individual,2022,3,CODUSU,string
individual,2022,3,ANO4,Int16
individual,2022,3,TRIMESTRE,Int16
individual,2022,3,NRO_HOGAR,Int16
individual,2022,3,COMPONENTE,Int16
individual,2022,3,H15,int64
individual,2022,3,REGION,int64
individual,2022,3,MAS_500,str
individual,2022,3,AGLOMERADO,Int16
individual,2022,3,PONDERA,int64
individual,2022,3,CH03,int64
individual,2022,3,CH04,int64
individual,2022,3,CH05,str
individual,2022,3,CH06,int64
individual,2022,3,CH07,int64
individual,2022,3,CH08,int64
individual,2022,3,CH09,int64
individual,2022,3,CH10,int64
individual,2022,3,CH11,float64
individual,2022,3,CH12,int64
individual,2022,3,CH13,int64
individual,2022,3,CH14,float64
individual,2022,3,CH15,int64
individual,2022,3,CH15_COD,float64
individual,2022,3,CH16,int64
individual,2022,3,CH16_COD,float64
individual,2022,3,NIVEL_ED,int64
individual,2022,3,ESTADO,int64
individual,2022,3,CAT_OCUP,int64
individual,2022,3,CAT_INAC,int64
individual,2022,3,IMPUTA,float64
individual,2022,3,PP02C1,int64
individual,2022,3,PP02C2,int64
individual,2022,3,PP02C3,int64
individual,2022,3,PP02C4,int64
individual,2022,3,PP02C5,int64
individual,2022,3,PP02C6,int64
individual,2022,3,PP02C7,int64
individual,2022,3,PP02C8,int64
individual,2022,3,PP02E,int64
individual,2022,3,PP02H,int64
individual,2022,3,PP02I,int64
individual,2022,3,PP03C,float64
individual,2022,3,PP03D,float64
individual,2022,3,PP3E_TOT,float64
individual,2022,3,PP3F_TOT,float64
individual,2022,3,PP03G,float64
individual,2022,3,PP03H,float64
individual,2022,3,PP03I,float64
individual,2022,3,PP03J,float64
individual,2022,3,INTENSI,float64
individual,2022,3,PP04A,float64
individual,2022,3,PP04B_COD,float64
individual,2022,3,PP04B1,float64
individual,2022,3,PP04B2,float64
individual,2022,3,PP04B3_MES,float64
individual,2022,3,PP04B3_ANO,float64
individual,2022,3,PP04B3_DIA,float64
individual,2022,3,PP04C,float64
individual,2022,3,PP04C99,float64
individual,2022,3,PP04D_COD,float64
individual,2022,3,PP04G,float64
individual,2022,3,PP05B2_MES,float64
individual,2022,3,PP05B2_ANO,float64
individual,2022,3,PP05B2_DIA,float64
individual,2022,3,PP05C_1,float64
individual,2022,3,PP05C_2,float64
individual,2022,3,PP05C_3,float64
individual,2022,3,PP05E,float64
individual,2022,3,PP05F,float64
individual,2022,3,PP05H,float64
individual,2022,3,PP06A,float64
individual,2022,3,PP06C,float64
individual,2022,3,PP06D,float64
individual,2022,3,PP06E,float64
individual,2022,3,PP06H,float64
individual,2022,3,PP07A,float64
individual,2022,3,PP07C,float64
individual,2022,3,PP07D,float64
individual,2022,3,PP07E,float64
individual,2022,3,PP07F1,float64
individual,2022,3,PP07F2,float64
individual,2022,3,PP07F3,float64
individual,2022,3,PP07F4,float64
individual,2022,3,PP07F5,float64
individual,2022,3,PP07G1,float64
individual,2022,3,PP07G2,float64
individual,2022,3,PP07G3,float64
individual,2022,3,PP07G4,float64
individual,2022,3,PP07G_59,float64
individual,2022,3,PP07H,float64
individual,2022,3,PP07I,float64
individual,2022,3,PP07J,float64
individual,2022,3,PP07K,float64
individual,2022,3,PP08D1,float64
individual,2022,3,PP08D4,float64
individual,2022,3,PP08F1,float64
individual,2022,3,PP08F2,float64
individual,2022,3,PP08J1,float64
individual,2022,3,PP08J2,float64
individual,2022,3,PP08J3,float64
individual,2022,3,PP09A,float64
individual,2022,3,PP09A_ESP,str
individual,2022,3,PP09B,float64
individual,2022,3,PP09C,float64
individual,2022,3,PP09C_ESP,str
individual,2022,3,PP10A,float64
individual,2022,3,PP10C,float64
individual,2022,3,PP10D,float64
individual,2022,3,PP10E,float64
individual,2022,3,PP11A,float64
individual,2022,3,PP11B_COD,float64
individual,2022,3,PP11B1,float64
individual,2022,3,PP11B2_MES,float64
individual,2022,3,PP11B2_ANO,float64
individual,2022,3,PP11B2_DIA,float64
individual,2022,3,PP11C,float64
individual,2022,3,PP11C99,float64
individual,2022,3,PP11D_COD,float64
individual,2022,3,PP11G_ANO,float64
individual,2022,3,PP11G_MES,float64
individual,2022,3,PP11G_DIA,float64
individual,2022,3,PP11L,float64
individual,2022,3,PP11L1,float64
individual,2022,3,PP11M,float64
individual,2022,3,PP11N,float64
individual,2022,3,PP11O,float64
individual,2022,3,PP11P,float64
individual,2022,3,PP11Q,float64
individual,2022,3,PP11R,float64
individual,2022,3,PP11S,float64
individual,2022,3,PP11T,float64
individual,2022,3,P21,int64
individual,2022,3,DECOCUR,int64
individual,2022,3,IDECOCUR,float64
individual,2022,3,RDECOCUR,int64
individual,2022,3,GDECOCUR,float64
individual,2022,3,PDECOCUR,float64
individual,2022,3,ADECOCUR,int64
individual,2022,3,PONDIIO,int64
individual,2022,3,TOT_P12,int64
individual,2022,3,P47T,float64
individual,2022,3,DECINDR,int64
individual,2022,3,IDECINDR,float64
individual,2022,3,RDECINDR,int64
individual,2022,3,GDECINDR,float64
individual,2022,3,PDECINDR,float64
individual,2022,3,ADECINDR,int64
individual,2022,3,PONDII,int64
individual,2022,3,V2_M,int64
individual,2022,3,V3_M,int64
individual,2022,3,V4_M,int64
individual,2022,3,V5_M,int64
individual,2022,3,V8_M,int64
individual,2022,3,V9_M,int64
individual,2022,3,V10_M,int64
individual,2022,3,V11_M,int64
individual,2022,3,V12_M,int64
individual,2022,3,V18_M,int64
individual,2022,3,V19_AM,int64
individual,2022,3,V21_M,int64
individual,2022,3,T_VI,int64
individual,2022,3,ITF,int64
individual,2022,3,DECIFR,int64
individual,2022,3,IDECIFR,float64
individual,2022,3,RDECIFR,int64
individual,2022,3,GDECIFR,float64
individual,2022,3,PDECIFR,float64
individual,2022,3,ADECIFR,int64
individual,2022,3,IPCF,float64
individual,2022,3,DECCFR,int64
individual,2022,3,IDECCFR,float64
individual,2022,3,RDECCFR,int64
individual,2022,3,GDECCFR,float64
individual,2022,3,PDECCFR,float64
individual,2022,3,ADECCFR,int64
individual,2022,3,PONDIH,int64
hogar,2022,4,CODUSU,string
hogar,2022,4,ANO4,Int16
hogar,2022,4,TRIMESTRE,Int16
hogar,2022,4,NRO_HOGAR,Int16
hogar,2022,4,REALIZADA,int64
hogar,2022,4,REGION,int64
hogar,2022,4,MAS_500,str
hogar,2022,4,AGLOMERADO,Int16
hogar,2022,4,PONDERA,int64
hogar,2022,4,IV1,int64
hogar,2022,4,IV1_ESP,str
hogar,2022,4,IV2,int64
hogar,2022,4,IV3,int64
hogar,2022,4,IV3_ESP,str
hogar,2022,4,IV4,int64
hogar,2022,4,IV5,int64
hogar,2022,4,IV6,int64
hogar,2022,4,IV7,int64
hogar,2022,4,IV7_ESP,str
hogar,2022,4,IV8,int64
hogar,2022,4,IV9,int64
hogar,2022,4,IV10,int64
hogar,2022,4,IV11,int64
hogar,2022,4,IV12_1,int64
hogar,2022,4,IV12_2,int64
hogar,2022,4,IV12_3,int64
hogar,2022,4,II1,int64
hogar,2022,4,II2,int64
hogar,2022,4,II3,int64
hogar,2022,4,II3_1,int64
hogar,2022,4,II4_1,int64
hogar,2022,4,II4_2,int64
hogar,2022,4,II4_3,int64
hogar,2022,4,II5,int64
hogar,2022,4,II5_1,int64
hogar,2022,4,II6,int64
hogar,2022,4,II6_1,int64
hogar,2022,4,II7,int64
hogar,2022,4,II7_ESP,str
hogar,2022,4,II8,int64
hogar,2022,4,II8_ESP,str
hogar,2022,4,II9,int64
hogar,2022,4,V1,int64
hogar,2022,4,V2,int64
hogar,2022,4,V21,int64
hogar,2022,4,V22,int64
hogar,2022,4,V3,int64
hogar,2022,4,V4,int64
hogar,2022,4,V5,int64
hogar,2022,4,V6,int64
hogar,2022,4,V7,int64
hogar,2022,4,V8,int64
hogar,2022,4,V9,int64
hogar,2022,4,V10,int64
hogar,2022,4,V11,int64
hogar,2022,4,V12,int64
hogar,2022,4,V13,int64
hogar,2022,4,V14,int64
hogar,2022,4,V15,int64
hogar,2022,4,V16,int64
hogar,2022,4,V17,int64
hogar,2022,4,V18,int64
hogar,2022,4,V19_A,int64
hogar,2022,4,V19_B,int64
hogar,2022,4,IX_TOT,int64
hogar,2022,4,IX_MEN10,int64
hogar,2022,4,IX_MAYEQ10,int64
hogar,2022,4,ITF,int64
hogar,2022,4,DECIFR,int64
hogar,2022,4,IDECIFR,float64
hogar,2022,4,RDECIFR,int64
hogar,2022,4,GDECIFR,float64
hogar,2022,4,PDECIFR,float64
hogar,2022,4,ADECIFR,int64
hogar,2022,4,IPCF,float64
hogar,2022,4,DECCFR,int64
hogar,2022,4,IDECCFR,float64
hogar,2022,4,RDECCFR,int64
hogar,2022,4,GDECCFR,float64
hogar,2022,4,PDECCFR,float64
hogar,2022,4,ADECCFR,int64
hogar,2022,4,PONDIH,int64
hogar,2022,4,VII1_1,int64
hogar,2022,4,VII1_2,int64
hogar,2022,4,VII2_1,int64
hogar,2022,4,VII2_2,int64
hogar,2022,4,VII2_3,int64
hogar,2022,4,VII2_4,int64
individual,2022,4,CODUSU,string
individual,2022,4,ANO4,Int16
individual,2022,4,TRIMESTRE,Int16
individual,2022,4,NRO_HOGAR,Int16
individual,2022,4,COMPONENTE,Int16
individual,2022,4,H15,int64
individual,2022,4,REGION,int64
individual,2022,4,MAS_500,str
individual,2022,4,AGLOMERADO,Int16
individual,2022,4,PONDERA,int64
individual,2022,4,CH03,int64
individual,2022,4,CH04,int64
individual,2022,4,CH05,str
individual,2022,4,CH06,int64
individual,2022,4,CH07,int64
individual,2022,4,CH08,int64
individual,2022,4,CH09,int64
individual,2022,4,CH10,int64
individual,2022,4,CH11,int64
individual,2022,4,CH12,int64
individual,2022,4,CH13,int64
individual,2022,4,CH14,float64
individual,2022,4,CH15,int64
individual,2022,4,CH15_COD,float64
individual,2022,4,CH16,int64
individual,2022,4,CH16_COD,float64
individual,2022,4,NIVEL_ED,int64
individual,2022,4,ESTADO,int64
individual,2022,4,CAT_OCUP,int64
individual,2022,4,CAT_INAC,int64
individual,2022,4,IMPUTA,float64
individual,2022,4,PP02C1,int64
individual,2022,4,PP02C2,int64
individual,2022,4,PP02C3,int64
individual,2022,4,PP02C4,int64
individual,2022,4,PP02C5,int64
individual,2022,4,PP02C6,int64
individual,2022,4,PP02C7,int64
individual,2022,4,PP02C8,int64
individual,2022,4,PP02E,int64
individual,2022,4,PP02H,int64
individual,2022,4,PP02I,int64
individual,2022,4,PP03C,float64
individual,2022,4,PP03D,float64
individual,2022,4,PP3E_TOT,float64
individual,2022,4,PP3F_TOT,float64
individual,2022,4,PP03G,float64
individual,2022,4,PP03H,float64
individual,2022,4,PP03I,float64
individual,2022,4,PP03J,float64
individual,2022,4,INTENSI,float64
individual,2022,4,PP04A,float64
individual,2022,4,PP04B_COD,float64
individual,2022,4,PP04B1,float64
individual,2022,4,PP04B2,float64
individual,2022,4,PP04B3_MES,float64
individual,2022,4,PP04B3_ANO,float64
individual,2022,4,PP04B3_DIA,float64
individual,2022,4,PP04C,float64
individual,2022,4,PP04C99,float64
individual,2022,4,PP04D_COD,float64
individual,2022,4,PP04G,float64
individual,2022,4,PP05B2_MES,float64
individual,2022,4,PP05B2_ANO,float64
individual,2022,4,PP05B2_DIA,float64
individual,2022,4,PP05C_1,float64
individual,2022,4,PP05C_2,float64
individual,2022,4,PP05C_3,float64
individual,2022,4,PP05E,float64
individual,2022,4,PP05F,float64
individual,2022,4,PP05H,float64
individual,2022,4,PP06A,float64
individual,2022,4,PP06C,float64
individual,2022,4,PP06D,float64
individual,2022,4,PP06E,float64
individual,2022,4,PP06H,float64
individual,2022,4,PP07A,float64
individual,2022,4,PP07C,float64
individual,2022,4,PP07D,float64
individual,2022,4,PP07E,float64
individual,2022,4,PP07F1,float64
individual,2022,4,PP07F2,float64
individual,2022,4,PP07F3,float64
individual,2022,4,PP07F4,float64
individual,2022,4,PP07F5,float64
individual,2022,4,PP07G1,float64
individual,2022,4,PP07G2,float64
individual,2022,4,PP07G3,float64
individual,2022,4,PP07G4,float64
individual,2022,4,PP07G_59,float64
individual,2022,4,PP07H,float64
individual,2022,4,PP07I,float64
individual,2022,4,PP07J,float64
individual,2022,4,PP07K,float64
individual,2022,4,PP08D1,float64
individual,2022,4,PP08D4,float64
individual,2022,4,PP08F1,float64
individual,2022,4,PP08F2,float64
individual,2022,4,PP08J1,float64
individual,2022,4,PP08J2,float64
individual,2022,4,PP08J3,float64
individual,2022,4,PP09A,float64
individual,2022,4,PP09A_ESP,str
individual,2022,4,PP09B,float64
individual,2022,4,PP09C,float64
individual,2022,4,PP09C_ESP,str
individual,2022,4,PP10A,float64
individual,2022,4,PP10C,float64
individual,2022,4,PP10D,float64
individual,2022,4,PP10E,float64
individual,2022,4,PP11A,float64
individual,2022,4,PP11B_COD,float64
individual,2022,4,PP11B1,float64
individual,2022,4,PP11B2_MES,float64
individual,2022,4,PP11B2_ANO,float64
individual,2022,4,PP11B2_DIA,float64
individual,2022,4,PP11C,float64
individual,2022,4,PP11C99,float64
individual,2022,4,PP11D_COD,float64
individual,2022,4,PP11G_ANO,float64
individual,2022,4,PP11G_MES,float64
individual,2022,4,PP11G_DIA,float64
individual,2022,4,PP11L,float64
individual,2022,4,PP11L1,float64
individual,2022,4,PP11M,float64
individual,2022,4,PP11N,float64
individual,2022,4,PP11O,float64
individual,2022,4,PP11P,float64
individual,2022,4,PP11Q,float64
individual,2022,4,PP11R,float64
individual,2022,4,PP11S,float64
individual,2022,4,PP11T,float64
individual,2022,4,P21,int64
individual,2022,4,DECOCUR,int64
individual,2022,4,IDECOCUR,float64
individual,2022,4,RDECOCUR,int64
individual,2022,4,GDECOCUR,float64
individual,2022,4,PDECOCUR,float64
individual,2022,4,ADECOCUR,int64
individual,2022,4,PONDIIO,int64
individual,2022,4,TOT_P12,int64
individual,2022,4,P47T,float64
individual,2022,4,DECINDR,int64
individual,2022,4,IDECINDR,float64
individual,2022,4,RDECINDR,int64
individual,2022,4,GDECINDR,float64
individual,2022,4,PDECINDR,float64
individual,2022,4,ADECINDR,int64
individual,2022,4,PONDII,int64
individual,2022,4,V2_M,int64
individual,2022,4,V3_M,int64
individual,2022,4,V4_M,int64
individual,2022,4,V5_M,int64
individual,2022,4,V8_M,int64
individual,2022,4,V9_M,int64
individual,2022,4,V10_M,int64
individual,2022,4,V11_M,int64
individual,2022,4,V12_M,int64
individual,2022,4,V18_M,int64
individual,2022,4,V19_AM,int64
individual,2022,4,V21_M,int64
individual,2022,4,T_VI,int64
individual,2022,4,ITF,int64
individual,2022,4,DECIFR,int64
individual,2022,4,IDECIFR,float64
individual,2022,4,RDECIFR,int64
individual,2022,4,GDECIFR,float64
individual,2022,4,PDECIFR,float64
individual,2022,4,ADECIFR,int64
individual,2022,4,IPCF,float64
individual,2022,4,DECCFR,int64
individual,2022,4,IDECCFR,float64
individual,2022,4,RDECCFR,int64
individual,2022,4,GDECCFR,float64
individual,2022,4,PDECCFR,float64
individual,2022,4,ADECCFR,int64
individual,2022,4,PONDIH,int64
hogar,2023,1,CODUSU,string
hogar,2023,1,ANO4,Int16
hogar,2023,1,TRIMESTRE,Int16
hogar,2023,1,NRO_HOGAR,Int16
hogar,2023,1,REALIZADA,int64
hogar,2023,1,REGION,int64
hogar,2023,1,MAS_500,str
hogar,2023,1,AGLOMERADO,Int16
hogar,2023,1,PONDERA,int64
hogar,2023,1,IV1,int64
hogar,2023,1,IV1_ESP,str
hogar,2023,1,IV2,int64
hogar,2023,1,IV3,int64
hogar,2023,1,IV3_ESP,str
hogar,2023,1,IV4,int64
hogar,2023,1,IV5,int64
hogar,2023,1,IV6,int64
hogar,2023,1,IV7,int64
hogar,2023,1,IV7_ESP,str
hogar,2023,1,IV8,int64
hogar,2023,1,IV9,int64
hogar,2023,1,IV10,int64
hogar,2023,1,IV11,int64
hogar,2023,1,IV12_1,int64
hogar,2023,1,IV12_2,int64
hogar,2023,1,IV12_3,int64
hogar,2023,1,II1,int64
hogar,2023,1,II2,int64
hogar,2023,1,II3,int64
hogar,2023,1,II3_1,int64
hogar,2023,1,II4_1,int64
hogar,2023,1,II4_2,int64
hogar,2023,1,II4_3,int64
hogar,2023,1,II5,int64
hogar,2023,1,II5_1,int64
hogar,2023,1,II6,int64
hogar,2023,1,II6_1,int64
hogar,2023,1,II7,int64
hogar,2023,1,II7_ESP,str
hogar,2023,1,II8,int64
hogar,2023,1,II8_ESP,str
hogar,2023,1,II9,int64
hogar,2023,1,V1,int64
hogar,2023,1,V2,int64
hogar,2023,1,V21,int64
hogar,2023,1,V22,int64
hogar,2023,1,V3,int64
hogar,2023,1,V4,int64
hogar,2023,1,V5,int64
hogar,2023,1,V6,int64
hogar,2023,1,V7,int64
hogar,2023,1,V8,int64
hogar,2023,1,V9,int64
hogar,2023,1,V10,int64
hogar,2023,1,V11,int64
hogar,2023,1,V12,int64
hogar,2023,1,V13,int64
hogar,2023,1,V14,int64
hogar,2023,1,V15,int64
hogar,2023,1,V16,int64
hogar,2023,1,V17,int64
hogar,2023,1,V18,int64
hogar,2023,1,V19_A,int64
hogar,2023,1,V19_B,int64
hogar,2023,1,IX_TOT,int64
hogar,2023,1,IX_MEN10,int64
hogar,2023,1,IX_MAYEQ10,int64
hogar,2023,1,ITF,int64
hogar,2023,1,DECIFR,int64
hogar,2023,1,IDECIFR,float64
hogar,2023,1,RDECIFR,int64
hogar,2023,1,GDECIFR,float64
hogar,2023,1,PDECIFR,float64
hogar,2023,1,ADECIFR,int64
hogar,2023,1,IPCF,float64
hogar,2023,1,DECCFR,int64
hogar,2023,1,IDECCFR,float64
hogar,2023,1,RDECCFR,int64
hogar,2023,1,GDECCFR,float64
hogar,2023,1,PDECCFR,float64
hogar,2023,1,ADECCFR,int64
hogar,2023,1,PONDIH,int64
hogar,2023,1,VII1_1,int64
hogar,2023,1,VII1_2,int64
hogar,2023,1,VII2_1,int64
hogar,2023,1,VII2_2,int64
hogar,2023,1,VII2_3,int64
hogar,2023,1,VII2_4,int64
individual,2023,1,CODUSU,string
individual,2023,1,ANO4,Int16
individual,2023,1,TRIMESTRE,Int16
individual,2023,1,NRO_HOGAR,Int16
individual,2023,1,COMPONENTE,Int16
individual,2023,1,H15,int64
individual,2023,1,REGION,int64
individual,2023,1,MAS_500,str
individual,2023,1,AGLOMERADO,Int16
individual,2023,1,PONDERA,int64
individual,2023,1,CH03,int64
individual,2023,1,CH04,int64
individual,2023,1,CH05,str
individual,2023,1,CH06,int64
individual,2023,1,CH07,int64
individual,2023,1,CH08,float64
individual,2023,1,CH09,int64
individual,2023,1,CH10,int64
individual,2023,1,CH11,int64
individual,2023,1,CH12,int64
individual,2023,1,CH13,int64
individual,2023,1,CH14,float64
individual,2023,1,CH15,int64
individual,2023,1,CH15_COD,float64
individual,2023,1,CH16,int64
individual,2023,1,CH16_COD,float64
individual,2023,1,NIVEL_ED,int64
individual,2023,1,ESTADO,int64
individual,2023,1,CAT_OCUP,int64
individual,2023,1,CAT_INAC,int64
individual,2023,1,IMPUTA,float64
individual,2023,1,PP02C1,int64
individual,2023,1,PP02C2,int64
individual,2023,1,PP02C3,int64
individual,2023,1,PP02C4,int64
individual,2023,1,PP02C5,int64
individual,2023,1,PP02C6,int64
individual,2023,1,PP02C7,int64
individual,2023,1,PP02C8,int64
individual,2023,1,PP02E,int64
individual,2023,1,PP02H,int64
individual,2023,1,PP02I,int64
individual,2023,1,PP03C,float64
individual,2023,1,PP03D,float64
individual,2023,1,PP3E_TOT,float64
individual,2023,1,PP3F_TOT,float64
individual,2023,1,PP03G,float64
individual,2023,1,PP03H,float64
individual,2023,1,PP03I,float64
individual,2023,1,PP03J,float64
individual,2023,1,INTENSI,float64
individual,2023,1,PP04A,float64
individual,2023,1,PP04B_COD,float64
individual,2023,1,PP04B1,float64
individual,2023,1,PP04B2,float64
individual,2023,1,PP04B3_MES,float64
individual,2023,1,PP04B3_ANO,float64
individual,2023,1,PP04B3_DIA,float64
individual,2023,1,PP04C,float64
individual,2023,1,PP04C99,float64
individual,2023,1,PP04D_COD,float64
individual,2023,1,PP04G,float64
individual,2023,1,PP05B2_MES,float64
individual,2023,1,PP05B2_ANO,float64
individual,2023,1,PP05B2_DIA,float64
individual,2023,1,PP05C_1,float64
individual,2023,1,PP05C_2,float64
individual,2023,1,PP05C_3,float64
individual,2023,1,PP05E,float64
individual,2023,1,PP05F,float64
individual,2023,1,PP05H,float64
individual,2023,1,PP06A,float64
individual,2023,1,PP06C,float64
individual,2023,1,PP06D,float64
individual,2023,1,PP06E,float64
individual,2023,1,PP06H,float64
individual,2023,1,PP07A,float64
individual,2023,1,PP07C,float64
individual,2023,1,PP07D,float64
individual,2023,1,PP07E,float64
individual,2023,1,PP07F1,float64
individual,2023,1,PP07F2,float64
individual,2023,1,PP07F3,float64
individual,2023,1,PP07F4,float64
individual,2023,1,PP07F5,float64
individual,2023,1,PP07G1,float64
individual,2023,1,PP07G2,float64
individual,2023,1,PP07G3,float64
individual,2023,1,PP07G4,float64
individual,2023,1,PP07G_59,float64
individual,2023,1,PP07H,float64
individual,2023,1,PP07I,float64
individual,2023,1,PP07J,float64
individual,2023,1,PP07K,float64
individual,2023,1,PP08D1,float64
individual,2023,1,PP08D4,float64
individual,2023,1,PP08F1,float64
individual,2023,1,PP08F2,float64
individual,2023,1,PP08J1,float64
individual,2023,1,PP08J2,float64
individual,2023,1,PP08J3,float64
individual,2023,1,PP09A,float64
individual,2023,1,PP09A_ESP,str
individual,2023,1,PP09B,float64
individual,2023,1,PP09C,float64
individual,2023,1,PP09C_ESP,str
individual,2023,1,PP10A,float64
individual,2023,1,PP10C,float64
individual,2023,1,PP10D,float64
individual,2023,1,PP10E,float64
individual,2023,1,PP11A,float64
individual,2023,1,PP11B_COD,float64
individual,2023,1,PP11B1,float64
individual,2023,1,PP11B2_MES,float64
individual,2023,1,PP11B2_ANO,float64
individual,2023,1,PP11B2_DIA,float64
individual,2023,1,PP11C,float64
individual,2023,1,PP11C99,float64
individual,2023,1,PP11D_COD,float64
individual,2023,1,PP11G_ANO,float64
individual,2023,1,PP11G_MES,float64
individual,2023,1,PP11G_DIA,float64
individual,2023,1,PP11L,float64
individual,2023,1,PP11L1,float64
individual,2023,1,PP11M,float64
individual,2023,1,PP11N,float64
individual,2023,1,PP11O,float64
individual,2023,1,PP11P,float64
individual,2023,1,PP11Q,float64
individual,2023,1,PP11R,float64
individual,2023,1,PP11S,float64
individual,2023,1,PP11T,float64
individual,2023,1,P21,int64
individual,2023,1,DECOCUR,int64
individual,2023,1,IDECOCUR,float64
individual,2023,1,RDECOCUR,int64
individual,2023,1,GDECOCUR,float64
individual,2023,1,PDECOCUR,float64
individual,2023,1,ADECOCUR,int64
individual,2023,1,PONDIIO,int64
individual,2023,1,TOT_P12,int64
individual,2023,1,P47T,float64
individual,2023,1,DECINDR,int64
individual,2023,1,IDECINDR,float64
individual,2023,1,RDECINDR,int64
individual,2023,1,GDECINDR,float64
individual,2023,1,PDECINDR,float64
individual,2023,1,ADECINDR,int64
individual,2023,1,PONDII,int64
individual,2023,1,V2_M,int64
individual,2023,1,V3_M,int64
individual,2023,1,V4_M,int64
individual,2023,1,V5_M,int64
individual,2023,1,V8_M,int64
individual,2023,1,V9_M,int64
individual,2023,1,V10_M,int64
individual,2023,1,V11_M,int64
individual,2023,1,V12_M,int64
individual,2023,1,V18_M,int64
individual,2023,1,V19_AM,int64
individual,2023,1,V21_M,int64
individual,2023,1,T_VI,int64
individual,2023,1,ITF,int64
individual,2023,1,DECIFR,int64
individual,2023,1,IDECIFR,float64
individual,2023,1,RDECIFR,int64
individual,2023,1,GDECIFR,float64
individual,2023,1,PDECIFR,float64
individual,2023,1,ADECIFR,int64
individual,2023,1,IPCF,float64
individual,2023,1,DECCFR,int64
individual,2023,1,IDECCFR,float64
individual,2023,1,RDECCFR,int64
individual,2023,1,GDECCFR,float64
individual,2023,1,PDECCFR,float64
individual,2023,1,ADECCFR,int64
individual,2023,1,PONDIH,int64
hogar,2023,2,CODUSU,string
hogar,2023,2,ANO4,Int16
hogar,2023,2,TRIMESTRE,Int16
hogar,2023,2,NRO_HOGAR,Int16
hogar,2023,2,REALIZADA,int64
hogar,2023,2,REGION,int64
hogar,2023,2,MAS_500,str
hogar,2023,2,AGLOMERADO,Int16
hogar,2023,2,PONDERA,int64
hogar,2023,2,IV1,int64
hogar,2023,2,IV1_ESP,str
hogar,2023,2,IV2,int64
hogar,2023,2,IV3,int64
hogar,2023,2,IV3_ESP,str
hogar,2023,2,IV4,int64
hogar,2023,2,IV5,int64
hogar,2023,2,IV6,int64
hogar,2023,2,IV7,int64
hogar,2023,2,IV7_ESP,str
hogar,2023,2,IV8,int64
hogar,2023,2,IV9,int64
hogar,2023,2,IV10,int64
hogar,2023,2,IV11,int64
hogar,2023,2,IV12_1,int64
hogar,2023,2,IV12_2,int64
hogar,2023,2,IV12_3,int64
hogar,2023,2,II1,int64
hogar,2023,2,II2,int64
hogar,2023,2,II3,int64
hogar,2023,2,II3_1,int64
hogar,2023,2,II4_1,int64
hogar,2023,2,II4_2,int64
hogar,2023,2,II4_3,int64
hogar,2023,2,II5,int64
hogar,2023,2,II5_1,int64
hogar,2023,2,II6,int64
hogar,2023,2,II6_1,int64
hogar,2023,2,II7,int64
hogar,2023,2,II7_ESP,str
hogar,2023,2,II8,int64
hogar,2023,2,II8_ESP,str
hogar,2023,2,II9,int64
hogar,2023,2,V1,int64
hogar,2023,2,V2,int64
hogar,2023,2,V21,int64
hogar,2023,2,V22,int64
hogar,2023,2,V3,int64
hogar,2023,2,V4,int64
hogar,2023,2,V5,int64
hogar,2023,2,V6,int64
hogar,2023,2,V7,int64
hogar,2023,2,V8,int64
hogar,2023,2,V9,int64
hogar,2023,2,V10,int64
hogar,2023,2,V11,int64
hogar,2023,2,V12,int64
hogar,2023,2,V13,int64
hogar,2023,2,V14,int64
hogar,2023,2,V15,int64
hogar,2023,2,V16,int64
hogar,2023,2,V17,int64
hogar,2023,2,V18,int64
hogar,2023,2,V19_A,int64
hogar,2023,2,V19_B,int64
hogar,2023,2,IX_TOT,int64
hogar,2023,2,IX_MEN10,int64
hogar,2023,2,IX_MAYEQ10,int64
hogar,2023,2,ITF,int64
hogar,2023,2,DECIFR,int64
hogar,2023,2,IDECIFR,float64
hogar,2023,2,RDECIFR,int64
hogar,2023,2,GDECIFR,float64
hogar,2023,2,PDECIFR,float64
hogar,2023,2,ADECIFR,int64
hogar,2023,2,IPCF,float64
hogar,2023,2,DECCFR,int64
hogar,2023,2,IDECCFR,float64
hogar,2023,2,RDECCFR,int64
hogar,2023,2,GDECCFR,float64
hogar,2023,2,PDECCFR,float64
hogar,2023,2,ADECCFR,int64
hogar,2023,2,PONDIH,int64
hogar,2023,2,VII1_1,int64
hogar,2023,2,VII1_2,int64
hogar,2023,2,VII2_1,int64
hogar,2023,2,VII2_2,int64
hogar,2023,2,VII2_3,int64
hogar,2023,2,VII2_4,int64
individual,2023,2,CODUSU,string
individual,2023,2,ANO4,Int16
individual,2023,2,TRIMESTRE,Int16
individual,2023,2,NRO_HOGAR,Int16
individual,2023,2,COMPONENTE,Int16
individual,2023,2,H15,int64
individual,2023,2,REGION,int64
individual,2023,2,MAS_500,str
individual,2023,2,AGLOMERADO,Int16
individual,2023,2,PONDERA,int64
individual,2023,2,CH03,int64
individual,2023,2,CH04,int64
individual,2023,2,CH05,str
individual,2023,2,CH06,int64
individual,2023,2,CH07,int64
individual,2023,2,CH08,int64
individual,2023,2,CH09,int64
individual,2023,2,CH10,int64
individual,2023,2,CH11,int64
individual,2023,2,CH12,int64
individual,2023,2,CH13,int64
individual,2023,2,CH14,float64
individual,2023,2,CH15,int64
individual,2023,2,CH15_COD,float64
individual,2023,2,CH16,int64
individual,2023,2,CH16_COD,float64
individual,2023,2,NIVEL_ED,int64
individual,2023,2,ESTADO,int64
individual,2023,2,CAT_OCUP,int64
individual,2023,2,CAT_INAC,int64
individual,2023,2,IMPUTA,float64
individual,2023,2,PP02C1,int64
individual,2023,2,PP02C2,int64
individual,2023,2,PP02C3,int64
individual,2023,2,PP02C4,int64
individual,2023,2,PP02C5,int64
individual,2023,2,PP02C6,int64
individual,2023,2,PP02C7,int64
individual,2023,2,PP02C8,int64
individual,2023,2,PP02E,int64
individual,2023,2,PP02H,int64
individual,2023,2,PP02I,int64
individual,2023,2,PP03C,float64
individual,2023,2,PP03D,float64
individual,2023,2,PP3E_TOT,float64
individual,2023,2,PP3F_TOT,float64
individual,2023,2,PP03G,float64
individual,2023,2,PP03H,float64
individual,2023,2,PP03I,float64
individual,2023,2,PP03J,float64
individual,2023,2,INTENSI,float64
individual,2023,2,PP04A,float64
individual,2023,2,PP04B_COD,float64
individual,2023,2,PP04B1,float64
individual,2023,2,PP04B2,float64
individual,2023,2,PP04B3_MES,float64
individual,2023,2,PP04B3_ANO,float64
individual,2023,2,PP04B3_DIA,float64
individual,2023,2,PP04C,float64
individual,2023,2,PP04C99,float64
individual,2023,2,PP04D_COD,float64
individual,2023,2,PP04G,float64
individual,2023,2,PP05B2_MES,float64
individual,2023,2,PP05B2_ANO,float64
individual,2023,2,PP05B2_DIA,float64
individual,2023,2,PP05C_1,float64
individual,2023,2,PP05C_2,float64
individual,2023,2,PP05C_3,float64
individual,2023,2,PP05E,float64
individual,2023,2,PP05F,float64
individual,2023,2,PP05H,float64
individual,2023,2,PP06A,float64
individual,2023,2,PP06C,float64
individual,2023,2,PP06D,float64
individual,2023,2,PP06E,float64
individual,2023,2,PP06H,float64
individual,2023,2,PP07A,float64
individual,2023,2,PP07C,float64
individual,2023,2,PP07D,float64
individual,2023,2,PP07E,float64
individual,2023,2,PP07F1,float64
individual,2023,2,PP07F2,float64
individual,2023,2,PP07F3,float64
individual,2023,2,PP07F4,float64
individual,2023,2,PP07F5,float64
individual,2023,2,PP07G1,float64
individual,2023,2,PP07G2,float64
individual,2023,2,PP07G3,float64
individual,2023,2,PP07G4,float64
individual,2023,2,PP07G_59,float64
individual,2023,2,PP07H,float64
individual,2023,2,PP07I,float64
individual,2023,2,PP07J,float64
individual,2023,2,PP07K,float64
individual,2023,2,PP08D1,float64
individual,2023,2,PP08D4,float64
individual,2023,2,PP08F1,float64
individual,2023,2,PP08F2,float64
individual,2023,2,PP08J1,float64
individual,2023,2,PP08J2,float64
individual,2023,2,PP08J3,float64
individual,2023,2,PP09A,float64
individual,2023,2,PP09A_ESP,str
individual,2023,2,PP09B,float64
individual,2023,2,PP09C,float64
individual,2023,2,PP09C_ESP,str
individual,2023,2,PP10A,float64
individual,2023,2,PP10C,float64
individual,2023,2,PP10D,float64
individual,2023,2,PP10E,float64
individual,2023,2,PP11A,float64
individual,2023,2,PP11B_COD,float64
individual,2023,2,PP11B1,float64
individual,2023,2,PP11B2_MES,float64
individual,2023,2,PP11B2_ANO,float64
individual,2023,2,PP11B2_DIA,float64
individual,2023,2,PP11C,float64
individual,2023,2,PP11C99,float64
individual,2023,2,PP11D_COD,float64
individual,2023,2,PP11G_ANO,float64
individual,2023,2,PP11G_MES,float64
individual,2023,2,PP11G_DIA,float64
individual,2023,2,PP11L,float64
individual,2023,2,PP11L1,float64
individual,2023,2,PP11M,float64
individual,2023,2,PP11N,float64
individual,2023,2,PP11O,float64
individual,2023,2,PP11P,float64
individual,2023,2,PP11Q,float64
individual,2023,2,PP11R,float64
individual,2023,2,PP11S,float64
individual,2023,2,PP11T,float64
individual,2023,2,P21,int64
individual,2023,2,DECOCUR,int64
individual,2023,2,IDECOCUR,float64
individual,2023,2,RDECOCUR,int64
individual,2023,2,GDECOCUR,float64
individual,2023,2,PDECOCUR,float64
individual,2023,2,ADECOCUR,int64
individual,2023,2,PONDIIO,int64
individual,2023,2,TOT_P12,int64
individual,2023,2,P47T,float64
individual,2023,2,DECINDR,int64
individual,2023,2,IDECINDR,float64
individual,2023,2,RDECINDR,int64
individual,2023,2,GDECINDR,float64
individual,2023,2,PDECINDR,float64
individual,2023,2,ADECINDR,int64
individual,2023,2,PONDII,int64
individual,2023,2,V2_M,int64
individual,2023,2,V3_M,int64
individual,2023,2,V4_M,int64
individual,2023,2,V5_M,int64
individual,2023,2,V8_M,int64
individual,2023,2,V9_M,int64
individual,2023,2,V10_M,int64
individual,2023,2,V11_M,int64
individual,2023,2,V12_M,int64
individual,2023,2,V18_M,int64
individual,2023,2,V19_AM,int64
individual,2023,2,V21_M,int64
individual,2023,2,T_VI,int64
individual,2023,2,ITF,int64
individual,2023,2,DECIFR,int64
individual,2023,2,IDECIFR,float64
individual,2023,2,RDECIFR,int64
individual,2023,2,GDECIFR,float64
individual,2023,2,PDECIFR,float64
individual,2023,2,ADECIFR,int64
individual,2023,2,IPCF,float64
individual,2023,2,DECCFR,int64
individual,2023,2,IDECCFR,float64
individual,2023,2,RDECCFR,int64
individual,2023,2,GDECCFR,float64
individual,2023,2,PDECCFR,float64
individual,2023,2,ADECCFR,int64
individual,2023,2,PONDIH,int64
hogar,2023,3,CODUSU,string
hogar,2023,3,ANO4,Int16
hogar,2023,3,TRIMESTRE,Int16
hogar,2023,3,NRO_HOGAR,Int16
hogar,2023,3,REALIZADA,int64
hogar,2023,3,REGION,int64
hogar,2023,3,MAS_500,str
hogar,2023,3,AGLOMERADO,Int16
hogar,2023,3,PONDERA,int64
hogar,2023,3,IV1,float64
hogar,2023,3,IV1_ESP,str
hogar,2023,3,IV2,float64
hogar,2023,3,IV3,float64
hogar,2023,3,IV3_ESP,str
hogar,2023,3,IV4,float64
hogar,2023,3,IV5,float64
hogar,2023,3,IV6,float64
hogar,2023,3,IV7,float64
hogar,2023,3,IV7_ESP,str
hogar,2023,3,IV8,float64
hogar,2023,3,IV9,float64
hogar,2023,3,IV10,float64
hogar,2023,3,IV11,float64
hogar,2023,3,IV12_1,float64
hogar,2023,3,IV12_2,float64
hogar,2023,3,IV12_3,float64
hogar,2023,3,II1,float64
hogar,2023,3,II2,float64
hogar,2023,3,II3,float64
hogar,2023,3,II3_1,float64
hogar,2023,3,II4_1,float64
hogar,2023,3,II4_2,float64
hogar,2023,3,II4_3,float64
hogar,2023,3,II5,float64
hogar,2023,3,II5_1,float64
hogar,2023,3,II6,float64
hogar,2023,3,II6_1,float64
hogar,2023,3,II7,float64
hogar,2023,3,II7_ESP,str
hogar,2023,3,II8,float64
hogar,2023,3,II8_ESP,str
hogar,2023,3,II9,float64
hogar,2023,3,V1,int64
hogar,2023,3,V2,int64
hogar,2023,3,V21,int64
hogar,2023,3,V22,int64
hogar,2023,3,V3,int64
hogar,2023,3,V4,int64
hogar,2023,3,V5,int64
hogar,2023,3,V6,int64
hogar,2023,3,V7,int64
hogar,2023,3,V8,int64
hogar,2023,3,V9,int64
hogar,2023,3,V10,int64
hogar,2023,3,V11,int64
hogar,2023,3,V12,int64
hogar,2023,3,V13,int64
hogar,2023,3,V14,int64
hogar,2023,3,V15,int64
hogar,2023,3,V16,int64
hogar,2023,3,V17,int64
hogar,2023,3,V18,int64
hogar,2023,3,V19_A,int64
hogar,2023,3,V19_B,int64
hogar,2023,3,IX_TOT,int64
hogar,2023,3,IX_MEN10,int64
hogar,2023,3,IX_MAYEQ10,int64
hogar,2023,3,ITF,int64
hogar,2023,3,DECIFR,int64
hogar,2023,3,IDECIFR,float64
hogar,2023,3,RDECIFR,int64
hogar,2023,3,GDECIFR,float64
hogar,2023,3,PDECIFR,float64
hogar,2023,3,ADECIFR,int64
hogar,2023,3,IPCF,float64
hogar,2023,3,DECCFR,int64
hogar,2023,3,IDECCFR,float64
hogar,2023,3,RDECCFR,int64
hogar,2023,3,GDECCFR,float64
hogar,2023,3,PDECCFR,float64
hogar,2023,3,ADECCFR,int64
hogar,2023,3,PONDIH,int64
hogar,2023,3,VII1_1,int64
hogar,2023,3,VII1_2,int64
hogar,2023,3,VII2_1,int64
hogar,2023,3,VII2_2,int64
hogar,2023,3,VII2_3,int64
hogar,2023,3,VII2_4,int64
individual,2023,3,CODUSU,string
individual,2023,3,ANO4,Int16
individual,2023,3,TRIMESTRE,Int16
individual,2023,3,NRO_HOGAR,Int16
individual,2023,3,COMPONENTE,Int16
individual,2023,3,H15,int64
individual,2023,3,REGION,int64
individual,2023,3,MAS_500,str
individual,2023,3,AGLOMERADO,Int16
individual,2023,3,PONDERA,int64
individual,2023,3,CH03,int64
individual,2023,3,CH04,int64
individual,2023,3,CH05,str
individual,2023,3,CH06,int64
individual,2023,3,CH07,int64
individual,2023,3,CH08,int64
individual,2023,3,CH09,int64
individual,2023,3,CH10,int64
individual,2023,3,CH11,int64
individual,2023,3,CH12,int64
individual,2023,3,CH13,int64
individual,2023,3,CH14,float64
individual,2023,3,CH15,int64
individual,2023,3,CH15_COD,float64
individual,2023,3,CH16,int64
individual,2023,3,CH16_COD,float64
individual,2023,3,NIVEL_ED,int64
individual,2023,3,ESTADO,int64
individual,2023,3,CAT_OCUP,int64
individual,2023,3,CAT_INAC,int64
individual,2023,3,IMPUTA,float64
individual,2023,3,PP02C1,int64
individual,2023,3,PP02C2,int64
individual,2023,3,PP02C3,int64
individual,2023,3,PP02C4,int64
individual,2023,3,PP02C5,int64
individual,2023,3,PP02C6,int64
individual,2023,3,PP02C7,int64
individual,2023,3,PP02C8,int64
individual,2023,3,PP02E,int64
individual,2023,3,PP02H,int64
individual,2023,3,PP02I,int64
individual,2023,3,PP03C,float64
individual,2023,3,PP03D,float64
individual,2023,3,PP3E_TOT,float64
individual,2023,3,PP3F_TOT,float64
individual,2023,3,PP03G,float64
individual,2023,3,PP03H,float64
individual,2023,3,PP03I,float64
individual,2023,3,PP03J,float64
individual,2023,3,INTENSI,float64
individual,2023,3,PP04A,float64
individual,2023,3,PP04B_COD,float64
individual,2023,3,PP04B1,float64
individual,2023,3,PP04B2,float64
individual,2023,3,PP04B3_MES,float64
individual,2023,3,PP04B3_ANO,float64
individual,2023,3,PP04B3_DIA,float64
individual,2023,3,PP04C,float64
individual,2023,3,PP04C99,float64
individual,2023,3,PP04D_COD,float64
individual,2023,3,PP04G,float64
individual,2023,3,PP05B2_MES,float64
individual,2023,3,PP05B2_ANO,float64
individual,2023,3,PP05B2_DIA,float64
individual,2023,3,PP05C_1,float64
individual,2023,3,PP05C_2,float64
individual,2023,3,PP05C_3,float64
individual,2023,3,PP05E,float64
individual,2023,3,PP05F,float64
individual,2023,3,PP05H,float64
individual,2023,3,PP06A,float64
individual,2023,3,PP06C,float64
individual,2023,3,PP06D,float64
individual,2023,3,PP06E,float64
individual,2023,3,PP06H,float64
individual,2023,3,PP07A,float64
individual,2023,3,PP07C,float64
individual,2023,3,PP07D,float64
individual,2023,3,PP07E,float64
individual,2023,3,PP07F1,float64
individual,2023,3,PP07F2,float64
individual,2023,3,PP07F3,float64
individual,2023,3,PP07F4,float64
individual,2023,3,PP07F5,float64
individual,2023,3,PP07G1,float64
individual,2023,3,PP07G2,float64
individual,2023,3,PP07G3,float64
individual,2023,3,PP07G4,float64
individual,2023,3,PP07G_59,float64
individual,2023,3,PP07H,float64
individual,2023,3,PP07I,float64
individual,2023,3,PP07J,float64
individual,2023,3,PP07K,float64
individual,2023,3,PP08D1,float64
individual,2023,3,PP08D4,float64
individual,2023,3,PP08F1,float64
individual,2023,3,PP08F2,float64
individual,2023,3,PP08J1,float64
individual,2023,3,PP08J2,float64
individual,2023,3,PP08J3,float64
individual,2023,3,PP09A,float64
individual,2023,3,PP09A_ESP,str
individual,2023,3,PP09B,float64
individual,2023,3,PP09C,float64
individual,2023,3,PP09C_ESP,str
individual,2023,3,PP10A,float64
individual,2023,3,PP10C,float64
individual,2023,3,PP10D,float64
individual,2023,3,PP10E,float64
individual,2023,3,PP11A,float64
individual,2023,3,PP11B_COD,float64
individual,2023,3,PP11B1,float64
individual,2023,3,PP11B2_MES,float64
individual,2023,3,PP11B2_ANO,float64
individual,2023,3,PP11B2_DIA,float64
individual,2023,3,PP11C,float64
individual,2023,3,PP11C99,float64
individual,2023,3,PP11D_COD,float64
individual,2023,3,PP11G_ANO,float64
individual,2023,3,PP11G_MES,float64
individual,2023,3,PP11G_DIA,float64
individual,2023,3,PP11L,float64
individual,2023,3,PP11L1,float64
individual,2023,3,PP11M,float64
individual,2023,3,PP11N,float64
individual,2023,3,PP11O,float64
individual,2023,3,PP11P,float64
individual,2023,3,PP11Q,float64
individual,2023,3,PP11R,float64
individual,2023,3,PP11S,float64
individual,2023,3,PP11T,float64
individual,2023,3,P21,int64
individual,2023,3,DECOCUR,int64
individual,2023,3,IDECOCUR,float64
individual,2023,3,RDECOCUR,int64
individual,2023,3,GDECOCUR,float64
individual,2023,3,PDECOCUR,float64
individual,2023,3,ADECOCUR,int64
individual,2023,3,PONDIIO,int64
individual,2023,3,TOT_P12,int64
individual,2023,3,P47T,float64
individual,2023,3,DECINDR,int64
individual,2023,3,IDECINDR,float64
individual,2023,3,RDECINDR,int64
individual,2023,3,GDECINDR,float64
individual,2023,3,PDECINDR,float64
individual,2023,3,ADECINDR,int64
individual,2023,3,PONDII,int64
individual,2023,3,V2_M,int64
individual,2023,3,V3_M,int64
individual,2023,3,V4_M,int64
individual,2023,3,V5_M,int64
individual,2023,3,V8_M,int64
individual,2023,3,V9_M,int64
individual,2023,3,V10_M,int64
individual,2023,3,V11_M,int64
individual,2023,3,V12_M,int64
individual,2023,3,V18_M,int64
individual,2023,3,V19_AM,int64
individual,2023,3,V21_M,int64
individual,2023,3,T_VI,int64
individual,2023,3,ITF,int64
individual,2023,3,DECIFR,int64
individual,2023,3,IDECIFR,float64
individual,2023,3,RDECIFR,int64
individual,2023,3,GDECIFR,float64
individual,2023,3,PDECIFR,float64
individual,2023,3,ADECIFR,int64
individual,2023,3,IPCF,float64
individual,2023,3,DECCFR,int64
individual,2023,3,IDECCFR,float64
individual,2023,3,RDECCFR,int64
individual,2023,3,GDECCFR,float64
individual,2023,3,PDECCFR,float64
individual,2023,3,ADECCFR,int64
individual,2023,3,PONDIH,int64
hogar,2023,4,CODUSU,string
hogar,2023,4,ANO4,Int16
hogar,2023,4,TRIMESTRE,Int16
hogar,2023,4,NRO_HOGAR,Int16
hogar,2023,4,REALIZADA,int64
hogar,2023,4,REGION,int64
hogar,2023,4,MAS_500,str
hogar,2023,4,AGLOMERADO,Int16
hogar,2023,4,PONDERA,int64
hogar,2023,4,IV1,int64
hogar,2023,4,IV1_ESP,str
hogar,2023,4,IV2,int64
hogar,2023,4,IV3,int64
hogar,2023,4,IV3_ESP,str
hogar,2023,4,IV4,int64
hogar,2023,4,IV5,int64
hogar,2023,4,IV6,int64
hogar,2023,4,IV7,int64
hogar,2023,4,IV7_ESP,str
hogar,2023,4,IV8,int64
hogar,2023,4,IV9,int64
hogar,2023,4,IV10,int64
hogar,2023,4,IV11,int64
hogar,2023,4,IV12_1,int64
hogar,2023,4,IV12_2,int64
hogar,2023,4,IV12_3,int64
hogar,2023,4,II1,int64
hogar,2023,4,II2,int64
hogar,2023,4,II3,int64
hogar,2023,4,II3_1,int64
hogar,2023,4,II4_1,int64
hogar,2023,4,II4_2,int64
hogar,2023,4,II4_3,int64
hogar,2023,4,II5,int64
hogar,2023,4,II5_1,int64
hogar,2023,4,II6,int64
hogar,2023,4,II6_1,int64
hogar,2023,4,II7,int64
hogar,2023,4,II7_ESP,str
hogar,2023,4,II8,int64
hogar,2023,4,II8_ESP,str
hogar,2023,4,II9,int64
hogar,2023,4,V1,int64
hogar,2023,4,V2,int64
hogar,2023,4,V2_02,int64
hogar,2023,4,V2_03,int64
hogar,2023,4,V21_01,int64
hogar,2023,4,V22_01,int64
hogar,2023,4,V3,int64
hogar,2023,4,V4,int64
hogar,2023,4,V5_02,int64
hogar,2023,4,V5_03,int64
hogar,2023,4,V6,int64
hogar,2023,4,V7,int64
hogar,2023,4,V8,int64
hogar,2023,4,V9,int64
hogar,2023,4,V10,int64
hogar,2023,4,V11_01,int64
hogar,2023,4,V11_02,int64
hogar,2023,4,V12,int64
hogar,2023,4,V13,int64
hogar,2023,4,V14,int64
hogar,2023,4,V15,int64
hogar,2023,4,V16,int64
hogar,2023,4,V17,int64
hogar,2023,4,V18,int64
hogar,2023,4,V19_A,int64
hogar,2023,4,V19_B,int64
hogar,2023,4,IX_TOT,int64
hogar,2023,4,IX_MEN10,int64
hogar,2023,4,IX_MAYEQ10,int64
hogar,2023,4,ITF,int64
hogar,2023,4,DECIFR,int64
hogar,2023,4,IDECIFR,float64
hogar,2023,4,RDECIFR,int64
hogar,2023,4,GDECIFR,float64
hogar,2023,4,PDECIFR,float64
hogar,2023,4,ADECIFR,int64
hogar,2023,4,IPCF,float64
hogar,2023,4,DECCFR,int64
hogar,2023,4,IDECCFR,float64
hogar,2023,4,RDECCFR,int64
hogar,2023,4,GDECCFR,float64
hogar,2023,4,PDECCFR,float64
hogar,2023,4,ADECCFR,int64
hogar,2023,4,PONDIH,int64
hogar,2023,4,VII1_1,int64
hogar,2023,4,VII1_2,int64
hogar,2023,4,VII2_1,int64
hogar,2023,4,VII2_2,int64
hogar,2023,4,VII2_3,int64
hogar,2023,4,VII2_4,int64
hogar,2023,4,V5_01,int64
hogar,2023,4,V21_02,int64
hogar,2023,4,V21_03,int64
hogar,2023,4,V22_02,int64
hogar,2023,4,V22_03,int64
hogar,2023,4,V2_01,int64
individual,2023,4,CODUSU,string
individual,2023,4,ANO4,Int16
individual,2023,4,TRIMESTRE,Int16
individual,2023,4,NRO_HOGAR,Int16
individual,2023,4,COMPONENTE,Int16
individual,2023,4,H15,int64
individual,2023,4,REGION,int64
individual,2023,4,MAS_500,str
individual,2023,4,AGLOMERADO,Int16
individual,2023,4,PONDERA,int64
individual,2023,4,CH03,int64
individual,2023,4,CH04,int64
individual,2023,4,CH05,str
individual,2023,4,CH06,int64
individual,2023,4,CH07,int64
individual,2023,4,CH08,int64
individual,2023,4,CH09,int64
individual,2023,4,CH10,int64
individual,2023,4,CH11,int64
individual,2023,4,CH12,int64
individual,2023,4,CH13,int64
individual,2023,4,CH14,float64
individual,2023,4,CH15,int64
individual,2023,4,CH15_COD,float64
individual,2023,4,CH16,int64
individual,2023,4,CH16_COD,float64
individual,2023,4,NIVEL_ED,int64
individual,2023,4,ESTADO,int64
individual,2023,4,CAT_OCUP,int64
individual,2023,4,CAT_INAC,int64
individual,2023,4,IMPUTA,float64
individual,2023,4,PP02C1,int64
individual,2023,4,PP02C2,int64
individual,2023,4,PP02C3,int64
individual,2023,4,PP02C4,int64
individual,2023,4,PP02C5,int64
individual,2023,4,PP02C6,int64
individual,2023,4,PP02C7,int64
individual,2023,4,PP02C8,int64
individual,2023,4,PP02E,int64
individual,2023,4,PP02H,int64
individual,2023,4,PP02I,int64
individual,2023,4,PP03C,float64
individual,2023,4,PP03D,float64
individual,2023,4,PP3E_TOT,float64
individual,2023,4,PP3F_TOT,float64
individual,2023,4,PP03G,float64
individual,2023,4,PP03H,float64
individual,2023,4,PP03I,float64
individual,2023,4,PP03J,float64
individual,2023,4,INTENSI,float64
individual,2023,4,PP04A,float64
individual,2023,4,PP04B_COD,float64
individual,2023,4,PP04B1,float64
individual,2023,4,PP04B2,float64
individual,2023,4,PP04B3_MES,float64
individual,2023,4,PP04B3_ANO,float64
individual,2023,4,PP04B3_DIA,float64
individual,2023,4,PP04C,float64
individual,2023,4,PP04C99,float64
individual,2023,4,PP04D_COD,float64
individual,2023,4,PP04G,float64
individual,2023,4,PP05B2_MES,float64
individual,2023,4,PP05B2_ANO,float64
individual,2023,4,PP05B2_DIA,float64
individual,2023,4,PP05C_1,float64
individual,2023,4,PP05C_2,float64
individual,2023,4,PP05C_3,float64
individual,2023,4,PP05E,float64
individual,2023,4,PP05F,float64
individual,2023,4,PP05H,float64
individual,2023,4,PP06A,float64
individual,2023,4,PP06C,float64
individual,2023,4,PP06D,float64
individual,2023,4,PP06E,float64
individual,2023,4,PP06H,float64
individual,2023,4,PP07A,float64
individual,2023,4,PP07C,float64
individual,2023,4,PP07D,float64
individual,2023,4,PP07E,float64
individual,2023,4,PP07F1,float64
individual,2023,4,PP07F2,float64
individual,2023,4,PP07F3,float64
individual,2023,4,PP07F4,float64
individual,2023,4,PP07F5,float64
individual,2023,4,PP07G1,float64
individual,2023,4,PP07G2,float64
individual,2023,4,PP07G3,float64
individual,2023,4,PP07G4,float64
individual,2023,4,PP07G_59,float64
individual,2023,4,PP07H,float64
individual,2023,4,PP07I,float64
individual,2023,4,PP07J,float64
individual,2023,4,PP07K,float64
individual,2023,4,PP08D1,float64
individual,2023,4,PP08D4,float64
individual,2023,4,PP08F1,float64
individual,2023,4,PP08F2,float64
individual,2023,4,PP08J1,float64
individual,2023,4,PP08J2,float64
individual,2023,4,PP08J3,float64
individual,2023,4,PP09A,float64
individual,2023,4,PP09A_ESP,str
individual,2023,4,PP09B,float64
individual,2023,4,PP09C,float64
individual,2023,4,PP09C_ESP,str
individual,2023,4,PP10A,float64
individual,2023,4,PP10C,float64
individual,2023,4,PP10D,float64
individual,2023,4,PP10E,float64
individual,2023,4,PP11A,float64
individual,2023,4,PP11B_COD,float64
individual,2023,4,PP11B1,float64
individual,2023,4,PP11B2_MES,float64
individual,2023,4,PP11B2_ANO,float64
individual,2023,4,PP11B2_DIA,float64
individual,2023,4,PP11C,float64
individual,2023,4,PP11C99,float64
individual,2023,4,PP11D_COD,float64
individual,2023,4,PP11G_ANO,float64
individual,2023,4,PP11G_MES,float64
individual,2023,4,PP11G_DIA,float64
individual,2023,4,PP11L,float64
individual,2023,4,PP11L1,float64
individual,2023,4,PP11M,float64
individual,2023,4,PP11N,float64
individual,2023,4,PP11O,float64
individual,2023,4,PP11P,float64
individual,2023,4,PP11Q,float64
individual,2023,4,PP11R,float64
individual,2023,4,PP11S,float64
individual,2023,4,PP11T,float64
individual,2023,4,P21,int64
individual,2023,4,DECOCUR,int64
individual,2023,4,IDECOCUR,float64
individual,2023,4,RDECOCUR,int64
individual,2023,4,GDECOCUR,float64
individual,2023,4,PDECOCUR,float64
individual,2023,4,ADECOCUR,int64
individual,2023,4,PONDIIO,int64
individual,2023,4,TOT_P12,int64
individual,2023,4,P47T,float64
individual,2023,4,DECINDR,int64
individual,2023,4,IDECINDR,float64
individual,2023,4,RDECINDR,int64
individual,2023,4,GDECINDR,float64
individual,2023,4,PDECINDR,float64
individual,2023,4,ADECINDR,int64
individual,2023,4,PONDII,int64
individual,2023,4,V3_M,int64
individual,2023,4,V4_M,int64
individual,2023,4,V8_M,int64
individual,2023,4,V9_M,int64
individual,2023,4,V10_M,int64
individual,2023,4,V12_M,int64
individual,2023,4,V18_M,int64
individual,2023,4,V19_AM,int64
individual,2023,4,T_VI,int64
individual,2023,4,ITF,int64
individual,2023,4,DECIFR,int64
individual,2023,4,IDECIFR,float64
individual,2023,4,RDECIFR,int64
individual,2023,4,GDECIFR,float64
individual,2023,4,PDECIFR,float64
individual,2023,4,ADECIFR,int64
individual,2023,4,IPCF,float64
individual,2023,4,DECCFR,int64
individual,2023,4,IDECCFR,float64
individual,2023,4,RDECCFR,int64
individual,2023,4,GDECCFR,float64
individual,2023,4,PDECCFR,float64
individual,2023,4,ADECCFR,int64
individual,2023,4,PONDIH,int64
individual,2023,4,V2_02_M,int64
individual,2023,4,V2_03_M,int64
individual,2023,4,V5_03_M,int64
individual,2023,4,V11_02_M,int64
individual,2023,4,PP07B1_01,float64
individual,2023,4,EMPLEO,float64
individual,2023,4,SECTOR,float64
individual,2023,4,PP02A,int64
individual,2023,4,PP02B,int64
individual,2023,4,PP02D,int64
individual,2023,4,PP02F,int64
individual,2023,4,PP02G,int64
individual,2023,4,PP03K,float64
individual,2023,4,PP04A1,float64
individual,2023,4,PP05B3,float64
individual,2023,4,PP05I,float64
individual,2023,4,PP05J,float64
individual,2023,4,PP05K,float64
individual,2023,4,PP06E1,float64
individual,2023,4,PP06K,float64
individual,2023,4,PP06K_SEM,float64
individual,2023,4,PP06K_MES,float64
individual,2023,4,PP06L,float64
individual,2023,4,PP07F1_1,float64
individual,2023,4,PP07F1_2,float64
individual,2023,4,PP07F1_3,float64
individual,2023,4,PP07I2,float64
individual,2023,4,PP07I3,float64
individual,2023,4,PP07I4,float64
individual,2023,4,PP07L,float64
individual,2023,4,PP07M,float64
individual,2023,4,PP08G,float64
individual,2023,4,PP08G_DSEM,float64
individual,2023,4,PP08G_DMES,float64
individual,2023,4,PP08H,float64
individual,2023,4,PP10B1,float64
individual,2023,4,PP10B2,float64
individual,2023,4,PP10B3,float64
individual,2023,4,PP10B4,float64
individual,2023,4,PP10B5,float64
individual,2023,4,PP10B6,float64
individual,2023,4,PP10B7,float64
individual,2023,4,PP10B8,float64
individual,2023,4,PP10B9,float64
individual,2023,4,PP10B10,float64
individual,2023,4,PP11L2,float64
individual,2023,4,V2_01_M,int64
individual,2023,4,V5_01_M,int64
individual,2023,4,V5_02_M,int64
individual,2023,4,V11_01_M,int64
individual,2023,4,V21_01_M,int64
individual,2023,4,V21_02_M,int64
individual,2023,4,V21_03_M,int64
individual,2023,4,V22_01_M,int64
individual,2023,4,V22_02_M,int64
individual,2023,4,V22_03_M,int64
individual,2023,4,P_DECCF,float64
individual,2023,4,P_RDECCF,float64
individual,2023,4,P_GDECCF,float64
individual,2023,4,P_PDECCF,float64
individual,2023,4,P_IDECCF,float64
individual,2023,4,P_ADECCF,float64
hogar,2024,1,CODUSU,string
hogar,2024,1,ANO4,Int16
hogar,2024,1,TRIMESTRE,Int16
hogar,2024,1,NRO_HOGAR,Int16
hogar,2024,1,REALIZADA,int64
hogar,2024,1,REGION,int64
hogar,2024,1,MAS_500,str
hogar,2024,1,AGLOMERADO,Int16
hogar,2024,1,PONDERA,int64
hogar,2024,1,IV1,int64
hogar,2024,1,IV1_ESP,str
hogar,2024,1,IV2,int64
hogar,2024,1,IV3,int64
hogar,2024,1,IV3_ESP,str
hogar,2024,1,IV4,int64
hogar,2024,1,IV5,int64
hogar,2024,1,IV6,int64
hogar,2024,1,IV7,int64
hogar,2024,1,IV7_ESP,str
hogar,2024,1,IV8,int64
hogar,2024,1,IV9,int64
hogar,2024,1,IV10,int64
hogar,2024,1,IV11,int64
hogar,2024,1,IV12_1,int64
hogar,2024,1,IV12_2,int64
hogar,2024,1,IV12_3,int64
hogar,2024,1,II1,int64
hogar,2024,1,II2,int64
hogar,2024,1,II3,int64
hogar,2024,1,II3_1,int64
hogar,2024,1,II4_1,int64
hogar,2024,1,II4_2,int64
hogar,2024,1,II4_3,int64
hogar,2024,1,II5,int64
hogar,2024,1,II5_1,int64
hogar,2024,1,II6,int64
hogar,2024,1,II6_1,int64
hogar,2024,1,II7,int64
hogar,2024,1,II7_ESP,str
hogar,2024,1,II8,int64
hogar,2024,1,II8_ESP,str
hogar,2024,1,II9,int64
hogar,2024,1,V1,int64
hogar,2024,1,V2,int64
hogar,2024,1,V2_02,int64
hogar,2024,1,V2_03,int64
hogar,2024,1,V21_01,int64
hogar,2024,1,V22_01,int64
hogar,2024,1,V3,int64
hogar,2024,1,V4,int64
hogar,2024,1,V5_02,int64
hogar,2024,1,V5_03,int64
hogar,2024,1,V6,int64
hogar,2024,1,V7,int64
hogar,2024,1,V8,int64
hogar,2024,1,V9,int64
hogar,2024,1,V10,int64
hogar,2024,1,V11_01,int64
hogar,2024,1,V11_02,int64
hogar,2024,1,V12,int64
hogar,2024,1,V13,int64
hogar,2024,1,V14,int64
hogar,2024,1,V15,int64
hogar,2024,1,V16,int64
hogar,2024,1,V17,int64
hogar,2024,1,V18,int64
hogar,2024,1,V19_A,int64
hogar,2024,1,V19_B,int64
hogar,2024,1,IX_TOT,int64
hogar,2024,1,IX_MEN10,int64
hogar,2024,1,IX_MAYEQ10,int64
hogar,2024,1,ITF,int64
hogar,2024,1,DECIFR,int64
hogar,2024,1,IDECIFR,float64
hogar,2024,1,RDECIFR,int64
hogar,2024,1,GDECIFR,float64
hogar,2024,1,PDECIFR,float64
hogar,2024,1,ADECIFR,int64
hogar,2024,1,IPCF,float64
hogar,2024,1,DECCFR,int64
hogar,2024,1,IDECCFR,float64
hogar,2024,1,RDECCFR,int64
hogar,2024,1,GDECCFR,float64
hogar,2024,1,PDECCFR,float64
hogar,2024,1,ADECCFR,int64
hogar,2024,1,PONDIH,int64
hogar,2024,1,VII1_1,int64
hogar,2024,1,VII1_2,int64
hogar,2024,1,VII2_1,int64
hogar,2024,1,VII2_2,int64
hogar,2024,1,VII2_3,int64
hogar,2024,1,VII2_4,int64
hogar,2024,1,V5_01,int64
hogar,2024,1,V21_02,int64
hogar,2024,1,V21_03,int64
hogar,2024,1,V22_02,int64
hogar,2024,1,V22_03,int64
hogar,2024,1,V2_01,int64
individual,2024,1,CODUSU,string
individual,2024,1,ANO4,Int16
individual,2024,1,TRIMESTRE,Int16
individual,2024,1,NRO_HOGAR,Int16
individual,2024,1,COMPONENTE,Int16
individual,2024,1,H15,int64
individual,2024,1,REGION,int64
individual,2024,1,MAS_500,str
individual,2024,1,AGLOMERADO,Int16
individual,2024,1,PONDERA,int64
individual,2024,1,CH03,int64
individual,2024,1,CH04,int64
individual,2024,1,CH05,str
individual,2024,1,CH06,int64
individual,2024,1,CH07,int64
individual,2024,1,CH08,int64
individual,2024,1,CH09,int64
individual,2024,1,CH10,int64
individual,2024,1,CH11,int64
individual,2024,1,CH12,int64
individual,2024,1,CH13,int64
individual,2024,1,CH14,float64
individual,2024,1,CH15,int64
individual,2024,1,CH15_COD,float64
individual,2024,1,CH16,int64
individual,2024,1,CH16_COD,float64
individual,2024,1,NIVEL_ED,int64
individual,2024,1,ESTADO,int64
individual,2024,1,CAT_OCUP,int64
individual,2024,1,CAT_INAC,int64
individual,2024,1,IMPUTA,float64
individual,2024,1,PP02C1,int64
individual,2024,1,PP02C2,int64
individual,2024,1,PP02C3,int64
individual,2024,1,PP02C4,int64
individual,2024,1,PP02C5,int64
individual,2024,1,PP02C6,int64
individual,2024,1,PP02C7,int64
individual,2024,1,PP02C8,int64
individual,2024,1,PP02E,int64
individual,2024,1,PP02H,int64
individual,2024,1,PP02I,int64
individual,2024,1,PP03C,float64
individual,2024,1,PP03D,float64
individual,2024,1,PP3E_TOT,float64
individual,2024,1,PP3F_TOT,float64
individual,2024,1,PP03G,float64
individual,2024,1,PP03H,float64
individual,2024,1,PP03I,float64
individual,2024,1,PP03J,float64
individual,2024,1,INTENSI,float64
individual,2024,1,PP04A,float64
individual,2024,1,PP04B_COD,float64
individual,2024,1,PP04B1,float64
individual,2024,1,PP04B2,float64
individual,2024,1,PP04B3_MES,float64
individual,2024,1,PP04B3_ANO,float64
individual,2024,1,PP04B3_DIA,float64
individual,2024,1,PP04C,float64
individual,2024,1,PP04C99,float64
individual,2024,1,PP04D_COD,float64
individual,2024,1,PP04G,float64
individual,2024,1,PP05B2_MES,float64
individual,2024,1,PP05B2_ANO,float64
individual,2024,1,PP05B2_DIA,float64
individual,2024,1,PP05C_1,float64
individual,2024,1,PP05C_2,float64
individual,2024,1,PP05C_3,float64
individual,2024,1,PP05E,float64
individual,2024,1,PP05F,float64
individual,2024,1,PP05H,float64
individual,2024,1,PP06A,float64
individual,2024,1,PP06C,float64
individual,2024,1,PP06D,float64
individual,2024,1,PP06E,float64
individual,2024,1,PP06H,float64
individual,2024,1,PP07A,float64
individual,2024,1,PP07C,float64
individual,2024,1,PP07D,float64
individual,2024,1,PP07E,float64
individual,2024,1,PP07F1,float64
individual,2024,1,PP07F2,float64
individual,2024,1,PP07F3,float64
individual,2024,1,PP07F4,float64
individual,2024,1,PP07F5,float64
individual,2024,1,PP07G1,float64
individual,2024,1,PP07G2,float64
individual,2024,1,PP07G3,float64
individual,2024,1,PP07G4,float64
individual,2024,1,PP07G_59,float64
individual,2024,1,PP07H,float64
individual,2024,1,PP07I,float64
individual,2024,1,PP07J,float64
individual,2024,1,PP07K,float64
individual,2024,1,PP08D1,float64
individual,2024,1,PP08D4,float64
individual,2024,1,PP08F1,float64
individual,2024,1,PP08F2,float64
individual,2024,1,PP08J1,float64
individual,2024,1,PP08J2,float64
individual,2024,1,PP08J3,float64
individual,2024,1,PP09A,float64
individual,2024,1,PP09A_ESP,str
individual,2024,1,PP09B,float64
individual,2024,1,PP09C,float64
individual,2024,1,PP09C_ESP,str
individual,2024,1,PP10A,float64
individual,2024,1,PP10C,float64
individual,2024,1,PP10D,float64
individual,2024,1,PP10E,float64
individual,2024,1,PP11A,float64
individual,2024,1,PP11B_COD,float64
individual,2024,1,PP11B1,float64
individual,2024,1,PP11B2_MES,float64
individual,2024,1,PP11B2_ANO,float64
individual,2024,1,PP11B2_DIA,float64
individual,2024,1,PP11C,float64
individual,2024,1,PP11C99,float64
individual,2024,1,PP11D_COD,float64
individual,2024,1,PP11G_ANO,float64
individual,2024,1,PP11G_MES,float64
individual,2024,1,PP11G_DIA,float64
individual,2024,1,PP11L,float64
individual,2024,1,PP11L1,float64
individual,2024,1,PP11M,float64
individual,2024,1,PP11N,float64
individual,2024,1,PP11O,float64
individual,2024,1,PP11P,float64
individual,2024,1,PP11Q,float64
individual,2024,1,PP11R,float64
individual,2024,1,PP11S,float64
individual,2024,1,PP11T,float64
individual,2024,1,P21,int64
individual,2024,1,DECOCUR,int64
individual,2024,1,IDECOCUR,float64
individual,2024,1,RDECOCUR,int64
individual,2024,1,GDECOCUR,float64
individual,2024,1,PDECOCUR,float64
individual,2024,1,ADECOCUR,int64
individual,2024,1,PONDIIO,int64
individual,2024,1,TOT_P12,int64
individual,2024,1,P47T,float64
individual,2024,1,DECINDR,int64
individual,2024,1,IDECINDR,float64
individual,2024,1,RDECINDR,int64
individual,2024,1,GDECINDR,float64
individual,2024,1,PDECINDR,float64
individual,2024,1,ADECINDR,int64
individual,2024,1,PONDII,int64
individual,2024,1,V3_M,int64
individual,2024,1,V4_M,int64
individual,2024,1,V8_M,int64
individual,2024,1,V9_M,int64
individual,2024,1,V10_M,int64
individual,2024,1,V12_M,int64
individual,2024,1,V18_M,int64
individual,2024,1,V19_AM,int64
individual,2024,1,T_VI,int64
individual,2024,1,ITF,int64
individual,2024,1,DECIFR,int64
individual,2024,1,IDECIFR,float64
individual,2024,1,RDECIFR,int64
individual,2024,1,GDECIFR,float64
individual,2024,1,PDECIFR,float64
individual,2024,1,ADECIFR,int64
individual,2024,1,IPCF,float64
individual,2024,1,DECCFR,int64
individual,2024,1,IDECCFR,float64
individual,2024,1,RDECCFR,int64
individual,2024,1,GDECCFR,float64
individual,2024,1,PDECCFR,float64
individual,2024,1,ADECCFR,int64
individual,2024,1,PONDIH,int64
individual,2024,1,V2_02_M,int64
individual,2024,1,V2_03_M,int64
individual,2024,1,V5_03_M,int64
individual,2024,1,V11_02_M,int64
individual,2024,1,PP07B1_01,float64
individual,2024,1,EMPLEO,float64
individual,2024,1,SECTOR,float64
individual,2024,1,PP02A,int64
individual,2024,1,PP02B,int64
individual,2024,1,PP02D,int64
individual,2024,1,PP02F,int64
individual,2024,1,PP02G,int64
individual,2024,1,PP03K,float64
individual,2024,1,PP04A1,float64
individual,2024,1,PP05B3,float64
individual,2024,1,PP05I,float64
individual,2024,1,PP05J,float64
individual,2024,1,PP05K,float64
individual,2024,1,PP06E1,float64
individual,2024,1,PP06K,float64
individual,2024,1,PP06K_SEM,float64
individual,2024,1,PP06K_MES,float64
individual,2024,1,PP06L,float64
individual,2024,1,PP07F1_1,float64
individual,2024,1,PP07F1_2,float64
individual,2024,1,PP07F1_3,float64
individual,2024,1,PP07I2,float64
individual,2024,1,PP07I3,float64
individual,2024,1,PP07I4,float64
individual,2024,1,PP07L,float64
individual,2024,1,PP07M,float64
individual,2024,1,PP08G,float64
individual,2024,1,PP08G_DSEM,float64
individual,2024,1,PP08G_DMES,float64
individual,2024,1,PP08H,float64
individual,2024,1,PP10B1,float64
individual,2024,1,PP10B2,float64
individual,2024,1,PP10B3,float64
individual,2024,1,PP10B4,float64
individual,2024,1,PP10B5,float64
individual,2024,1,PP10B6,float64
individual,2024,1,PP10B7,float64
individual,2024,1,PP10B8,float64
individual,2024,1,PP10B9,float64
individual,2024,1,PP10B10,float64
individual,2024,1,PP11L2,float64
individual,2024,1,V2_01_M,int64
individual,2024,1,V5_01_M,int64
individual,2024,1,V5_02_M,int64
individual,2024,1,V11_01_M,int64
individual,2024,1,V21_01_M,int64
individual,2024,1,V21_02_M,int64
individual,2024,1,V21_03_M,int64
individual,2024,1,V22_01_M,int64
individual,2024,1,V22_02_M,int64
individual,2024,1,V22_03_M,int64
individual,2024,1,P_DECCF,float64
individual,2024,1,P_RDECCF,float64
individual,2024,1,P_GDECCF,float64
individual,2024,1,P_PDECCF,float64
individual,2024,1,P_IDECCF,float64
individual,2024,1,P_ADECCF,float64
hogar,2024,2,CODUSU,string
hogar,2024,2,ANO4,Int16
hogar,2024,2,TRIMESTRE,Int16
hogar,2024,2,NRO_HOGAR,Int16
hogar,2024,2,REALIZADA,int64
hogar,2024,2,REGION,int64
hogar,2024,2,MAS_500,str
hogar,2024,2,AGLOMERADO,Int16
hogar,2024,2,PONDERA,int64
hogar,2024,2,IV1,int64
hogar,2024,2,IV1_ESP,str
hogar,2024,2,IV2,int64
hogar,2024,2,IV3,int64
hogar,2024,2,IV3_ESP,str
hogar,2024,2,IV4,int64
hogar,2024,2,IV5,int64
hogar,2024,2,IV6,int64
hogar,2024,2,IV7,int64
hogar,2024,2,IV7_ESP,str
hogar,2024,2,IV8,int64
hogar,2024,2,IV9,int64
hogar,2024,2,IV10,int64
hogar,2024,2,IV11,int64
hogar,2024,2,IV12_1,int64
hogar,2024,2,IV12_2,int64
hogar,2024,2,IV12_3,int64
hogar,2024,2,II1,int64
hogar,2024,2,II2,int64
hogar,2024,2,II3,int64
hogar,2024,2,II3_1,int64
hogar,2024,2,II4_1,int64
hogar,2024,2,II4_2,int64
hogar,2024,2,II4_3,int64
hogar,2024,2,II5,int64
hogar,2024,2,II5_1,int64
hogar,2024,2,II6,int64
hogar,2024,2,II6_1,int64
hogar,2024,2,II7,int64
hogar,2024,2,II7_ESP,str
hogar,2024,2,II8,int64
hogar,2024,2,II8_ESP,str
hogar,2024,2,II9,int64
hogar,2024,2,V1,int64
hogar,2024,2,V2,int64
hogar,2024,2,V2_02,int64
hogar,2024,2,V2_03,int64
hogar,2024,2,V21_01,int64
hogar,2024,2,V22_01,int64
hogar,2024,2,V3,int64
hogar,2024,2,V4,int64
hogar,2024,2,V5_02,int64
hogar,2024,2,V5_03,int64
hogar,2024,2,V6,int64
hogar,2024,2,V7,int64
hogar,2024,2,V8,int64
hogar,2024,2,V9,int64
hogar,2024,2,V10,int64
hogar,2024,2,V11_01,int64
hogar,2024,2,V11_02,int64
hogar,2024,2,V12,int64
hogar,2024,2,V13,int64
hogar,2024,2,V14,int64
hogar,2024,2,V15,int64
hogar,2024,2,V16,int64
hogar,2024,2,V17,int64
hogar,2024,2,V18,int64
hogar,2024,2,V19_A,int64
hogar,2024,2,V19_B,int64
hogar,2024,2,IX_TOT,int64
hogar,2024,2,IX_MEN10,int64
hogar,2024,2,IX_MAYEQ10,int64
hogar,2024,2,ITF,int64
hogar,2024,2,DECIFR,int64
hogar,2024,2,IDECIFR,float64
hogar,2024,2,RDECIFR,int64
hogar,2024,2,GDECIFR,float64
hogar,2024,2,PDECIFR,float64
hogar,2024,2,ADECIFR,int64
hogar,2024,2,IPCF,float64
hogar,2024,2,DECCFR,int64
hogar,2024,2,IDECCFR,float64
hogar,2024,2,RDECCFR,int64
hogar,2024,2,GDECCFR,float64
hogar,2024,2,PDECCFR,float64
hogar,2024,2,ADECCFR,int64
hogar,2024,2,PONDIH,int64
hogar,2024,2,VII1_1,int64
hogar,2024,2,VII1_2,int64
hogar,2024,2,VII2_1,int64
hogar,2024,2,VII2_2,int64
hogar,2024,2,VII2_3,int64
hogar,2024,2,VII2_4,int64
hogar,2024,2,V5_01,int64
hogar,2024,2,V21_02,int64
hogar,2024,2,V21_03,int64
hogar,2024,2,V22_02,int64
hogar,2024,2,V22_03,int64
hogar,2024,2,V2_01,int64
individual,2024,2,CODUSU,string
individual,2024,2,ANO4,Int16
individual,2024,2,TRIMESTRE,Int16
individual,2024,2,NRO_HOGAR,Int16
individual,2024,2,COMPONENTE,Int16
individual,2024,2,H15,int64
individual,2024,2,REGION,int64
individual,2024,2,MAS_500,str
individual,2024,2,AGLOMERADO,Int16
individual,2024,2,PONDERA,int64
individual,2024,2,CH03,int64
individual,2024,2,CH04,int64
individual,2024,2,CH05,str
individual,2024,2,CH06,int64
individual,2024,2,CH07,int64
individual,2024,2,CH08,int64
individual,2024,2,CH09,int64
individual,2024,2,CH10,int64
individual,2024,2,CH11,int64
individual,2024,2,CH12,int64
individual,2024,2,CH13,int64
individual,2024,2,CH14,float64
individual,2024,2,CH15,int64
individual,2024,2,CH15_COD,float64
individual,2024,2,CH16,int64
individual,2024,2,CH16_COD,float64
individual,2024,2,NIVEL_ED,int64
individual,2024,2,ESTADO,int64
individual,2024,2,CAT_OCUP,int64
individual,2024,2,CAT_INAC,int64
individual,2024,2,IMPUTA,float64
individual,2024,2,PP02C1,int64
individual,2024,2,PP02C2,int64
individual,2024,2,PP02C3,int64
individual,2024,2,PP02C4,int64
individual,2024,2,PP02C5,int64
individual,2024,2,PP02C6,int64
individual,2024,2,PP02C7,int64
individual,2024,2,PP02C8,int64
individual,2024,2,PP02E,int64
individual,2024,2,PP02H,int64
individual,2024,2,PP02I,int64
individual,2024,2,PP03C,float64
individual,2024,2,PP03D,float64
individual,2024,2,PP3E_TOT,float64
individual,2024,2,PP3F_TOT,float64
individual,2024,2,PP03G,float64
individual,2024,2,PP03H,float64
individual,2024,2,PP03I,float64
individual,2024,2,PP03J,float64
individual,2024,2,INTENSI,float64
individual,2024,2,PP04A,float64
individual,2024,2,PP04B_COD,float64
individual,2024,2,PP04B1,float64
individual,2024,2,PP04B2,float64
individual,2024,2,PP04B3_MES,float64
individual,2024,2,PP04B3_ANO,float64
individual,2024,2,PP04B3_DIA,float64
individual,2024,2,PP04C,float64
individual,2024,2,PP04C99,float64
individual,2024,2,PP04D_COD,float64
individual,2024,2,PP04G,float64
individual,2024,2,PP05B2_MES,float64
individual,2024,2,PP05B2_ANO,float64
individual,2024,2,PP05B2_DIA,float64
individual,2024,2,PP05C_1,float64
individual,2024,2,PP05C_2,float64
individual,2024,2,PP05C_3,float64
individual,2024,2,PP05E,float64
individual,2024,2,PP05F,float64
individual,2024,2,PP05H,float64
individual,2024,2,PP06A,float64
individual,2024,2,PP06C,float64
individual,2024,2,PP06D,float64
individual,2024,2,PP06E,float64
individual,2024,2,PP06H,float64
individual,2024,2,PP07A,float64
individual,2024,2,PP07C,float64
individual,2024,2,PP07D,float64
individual,2024,2,PP07E,float64
individual,2024,2,PP07F1,float64
individual,2024,2,PP07F2,float64
individual,2024,2,PP07F3,float64
individual,2024,2,PP07F4,float64
individual,2024,2,PP07F5,float64
individual,2024,2,PP07G1,float64
individual,2024,2,PP07G2,float64
individual,2024,2,PP07G3,float64
individual,2024,2,PP07G4,float64
individual,2024,2,PP07G_59,float64
individual,2024,2,PP07H,float64
individual,2024,2,PP07I,float64
individual,2024,2,PP07J,float64
individual,2024,2,PP07K,float64
individual,2024,2,PP08D1,float64
individual,2024,2,PP08D4,float64
individual,2024,2,PP08F1,float64
individual,2024,2,PP08F2,float64
individual,2024,2,PP08J1,float64
individual,2024,2,PP08J2,float64
individual,2024,2,PP08J3,float64
individual,2024,2,PP09A,float64
individual,2024,2,PP09A_ESP,str
individual,2024,2,PP09B,float64
individual,2024,2,PP09C,float64
individual,2024,2,PP09C_ESP,str
individual,2024,2,PP10A,float64
individual,2024,2,PP10C,float64
individual,2024,2,PP10D,float64
individual,2024,2,PP10E,float64
individual,2024,2,PP11A,float64
individual,2024,2,PP11B_COD,float64
individual,2024,2,PP11B1,float64
individual,2024,2,PP11B2_MES,float64
individual,2024,2,PP11B2_ANO,float64
individual,2024,2,PP11B2_DIA,float64
individual,2024,2,PP11C,float64
individual,2024,2,PP11C99,float64
individual,2024,2,PP11D_COD,float64
individual,2024,2,PP11G_ANO,float64
individual,2024,2,PP11G_MES,float64
individual,2024,2,PP11G_DIA,float64
individual,2024,2,PP11L,float64
individual,2024,2,PP11L1,float64
individual,2024,2,PP11M,float64
individual,2024,2,PP11N,float64
individual,2024,2,PP11O,float64
individual,2024,2,PP11P,float64
individual,2024,2,PP11Q,float64
individual,2024,2,PP11R,float64
individual,2024,2,PP11S,float64
individual,2024,2,PP11T,float64
individual,2024,2,P21,int64
individual,2024,2,DECOCUR,int64
individual,2024,2,IDECOCUR,float64
individual,2024,2,RDECOCUR,int64
individual,2024,2,GDECOCUR,float64
individual,2024,2,PDECOCUR,float64
individual,2024,2,ADECOCUR,int64
individual,2024,2,PONDIIO,int64
individual,2024,2,TOT_P12,int64
individual,2024,2,P47T,float64
individual,2024,2,DECINDR,int64
individual,2024,2,IDECINDR,float64
individual,2024,2,RDECINDR,int64
individual,2024,2,GDECINDR,float64
individual,2024,2,PDECINDR,float64
individual,2024,2,ADECINDR,int64
individual,2024,2,PONDII,int64
individual,2024,2,V3_M,int64
individual,2024,2,V4_M,int64
individual,2024,2,V8_M,int64
individual,2024,2,V9_M,int64
individual,2024,2,V10_M,int64
individual,2024,2,V12_M,int64
individual,2024,2,V18_M,int64
individual,2024,2,V19_AM,int64
individual,2024,2,T_VI,int64
individual,2024,2,ITF,int64
individual,2024,2,DECIFR,int64
individual,2024,2,IDECIFR,float64
individual,2024,2,RDECIFR,int64
individual,2024,2,GDECIFR,float64
individual,2024,2,PDECIFR,float64
individual,2024,2,ADECIFR,int64
individual,2024,2,IPCF,float64
individual,2024,2,DECCFR,int64
individual,2024,2,IDECCFR,float64
individual,2024,2,RDECCFR,int64
individual,2024,2,GDECCFR,float64
individual,2024,2,PDECCFR,float64
individual,2024,2,ADECCFR,int64
individual,2024,2,PONDIH,int64
individual,2024,2,V2_02_M,int64
individual,2024,2,V2_03_M,int64
individual,2024,2,V5_03_M,int64
individual,2024,2,V11_02_M,int64
individual,2024,2,PP07B1_01,float64
individual,2024,2,EMPLEO,float64
individual,2024,2,SECTOR,float64
individual,2024,2,PP02A,int64
individual,2024,2,PP02B,int64
individual,2024,2,PP02D,int64
individual,2024,2,PP02F,int64
individual,2024,2,PP02G,int64
individual,2024,2,PP03K,float64
individual,2024,2,PP04A1,float64
individual,2024,2,PP05B3,float64
individual,2024,2,PP05I,float64
individual,2024,2,PP05J,float64
individual,2024,2,PP05K,float64
individual,2024,2,PP06E1,float64
individual,2024,2,PP06K,float64
individual,2024,2,PP06K_SEM,float64
individual,2024,2,PP06K_MES,float64
individual,2024,2,PP06L,float64
individual,2024,2,PP07F1_1,float64
individual,2024,2,PP07F1_2,float64
individual,2024,2,PP07F1_3,float64
individual,2024,2,PP07I2,float64
individual,2024,2,PP07I3,float64
individual,2024,2,PP07I4,float64
individual,2024,2,PP07L,float64
individual,2024,2,PP07M,float64
individual,2024,2,PP08G,float64
individual,2024,2,PP08G_DSEM,float64
individual,2024,2,PP08G_DMES,float64
individual,2024,2,PP08H,float64
individual,2024,2,PP10B1,float64
individual,2024,2,PP10B2,float64
individual,2024,2,PP10B3,float64
individual,2024,2,PP10B4,float64
individual,2024,2,PP10B5,float64
individual,2024,2,PP10B6,float64
individual,2024,2,PP10B7,float64
individual,2024,2,PP10B8,float64
individual,2024,2,PP10B9,float64
individual,2024,2,PP10B10,float64
individual,2024,2,PP11L2,float64
individual,2024,2,V2_01_M,int64
individual,2024,2,V5_01_M,int64
individual,2024,2,V5_02_M,int64
individual,2024,2,V11_01_M,int64
individual,2024,2,V21_01_M,int64
individual,2024,2,V21_02_M,int64
individual,2024,2,V21_03_M,int64
individual,2024,2,V22_01_M,int64
individual,2024,2,V22_02_M,int64
individual,2024,2,V22_03_M,int64
individual,2024,2,P_DECCF,float64
individual,2024,2,P_RDECCF,float64
individual,2024,2,P_GDECCF,float64
individual,2024,2,P_PDECCF,float64
individual,2024,2,P_IDECCF,float64
individual,2024,2,P_ADECCF,float64
hogar,2024,3,CODUSU,string
hogar,2024,3,ANO4,Int16
hogar,2024,3,TRIMESTRE,Int16
hogar,2024,3,NRO_HOGAR,Int16
hogar,2024,3,REALIZADA,int64
hogar,2024,3,REGION,int64
hogar,2024,3,MAS_500,str
hogar,2024,3,AGLOMERADO,Int16
hogar,2024,3,PONDERA,int64
hogar,2024,3,IV1,int64
hogar,2024,3,IV1_ESP,str
hogar,2024,3,IV2,int64
hogar,2024,3,IV3,int64
hogar,2024,3,IV3_ESP,str
hogar,2024,3,IV4,int64
hogar,2024,3,IV5,int64
hogar,2024,3,IV6,int64
hogar,2024,3,IV7,int64
hogar,2024,3,IV7_ESP,str
hogar,2024,3,IV8,int64
hogar,2024,3,IV9,int64
hogar,2024,3,IV10,int64
hogar,2024,3,IV11,int64
hogar,2024,3,IV12_1,int64
hogar,2024,3,IV12_2,int64
hogar,2024,3,IV12_3,int64
hogar,2024,3,II1,int64
hogar,2024,3,II2,int64
hogar,2024,3,II3,int64
hogar,2024,3,II3_1,int64
hogar,2024,3,II4_1,int64
hogar,2024,3,II4_2,int64
hogar,2024,3,II4_3,int64
hogar,2024,3,II5,int64
hogar,2024,3,II5_1,int64
hogar,2024,3,II6,int64
hogar,2024,3,II6_1,int64
hogar,2024,3,II7,int64
hogar,2024,3,II7_ESP,str
hogar,2024,3,II8,int64
hogar,2024,3,II8_ESP,str
hogar,2024,3,II9,int64
hogar,2024,3,V1,int64
hogar,2024,3,V2,int64
hogar,2024,3,V2_02,int64
hogar,2024,3,V2_03,int64
hogar,2024,3,V21_01,int64
hogar,2024,3,V22_01,int64
hogar,2024,3,V3,int64
hogar,2024,3,V4,int64
hogar,2024,3,V5_02,int64
hogar,2024,3,V5_03,int64
hogar,2024,3,V6,int64
hogar,2024,3,V7,int64
hogar,2024,3,V8,int64
hogar,2024,3,V9,int64
hogar,2024,3,V10,int64
hogar,2024,3,V11_01,int64
hogar,2024,3,V11_02,int64
hogar,2024,3,V12,int64
hogar,2024,3,V13,int64
hogar,2024,3,V14,int64
hogar,2024,3,V15,int64
hogar,2024,3,V16,int64
hogar,2024,3,V17,int64
hogar,2024,3,V18,int64
hogar,2024,3,V19_A,int64
hogar,2024,3,V19_B,int64
hogar,2024,3,IX_TOT,int64
hogar,2024,3,IX_MEN10,int64
hogar,2024,3,IX_MAYEQ10,int64
hogar,2024,3,ITF,int64
hogar,2024,3,DECIFR,int64
hogar,2024,3,IDECIFR,float64
hogar,2024,3,RDECIFR,int64
hogar,2024,3,GDECIFR,float64
hogar,2024,3,PDECIFR,float64
hogar,2024,3,ADECIFR,int64
hogar,2024,3,IPCF,float64
hogar,2024,3,DECCFR,int64
hogar,2024,3,IDECCFR,float64
hogar,2024,3,RDECCFR,int64
hogar,2024,3,GDECCFR,float64
hogar,2024,3,PDECCFR,float64
hogar,2024,3,ADECCFR,int64
hogar,2024,3,PONDIH,int64
hogar,2024,3,VII1_1,int64
hogar,2024,3,VII1_2,int64
hogar,2024,3,VII2_1,int64
hogar,2024,3,VII2_2,int64
hogar,2024,3,VII2_3,int64
hogar,2024,3,VII2_4,int64
hogar,2024,3,V5_01,int64
hogar,2024,3,V21_02,int64
hogar,2024,3,V21_03,int64
hogar,2024,3,V22_02,int64
hogar,2024,3,V22_03,int64
hogar,2024,3,V2_01,int64
individual,2024,3,CODUSU,string
individual,2024,3,ANO4,Int16
individual,2024,3,TRIMESTRE,Int16
individual,2024,3,NRO_HOGAR,Int16
individual,2024,3,COMPONENTE,Int16
individual,2024,3,H15,int64
individual,2024,3,REGION,int64
individual,2024,3,MAS_500,str
individual,2024,3,AGLOMERADO,Int16
individual,2024,3,PONDERA,int64
individual,2024,3,CH03,int64
individual,2024,3,CH04,int64
individual,2024,3,CH05,str
individual,2024,3,CH06,int64
individual,2024,3,CH07,int64
individual,2024,3,CH08,int64
individual,2024,3,CH09,int64
individual,2024,3,CH10,int64
individual,2024,3,CH11,int64
individual,2024,3,CH12,int64
individual,2024,3,CH13,int64
individual,2024,3,CH14,float64
individual,2024,3,CH15,int64
individual,2024,3,CH15_COD,float64
individual,2024,3,CH16,int64
individual,2024,3,CH16_COD,float64
individual,2024,3,NIVEL_ED,int64
individual,2024,3,ESTADO,int64
individual,2024,3,CAT_OCUP,int64
individual,2024,3,CAT_INAC,int64
individual,2024,3,IMPUTA,float64
individual,2024,3,PP02C1,int64
individual,2024,3,PP02C2,int64
individual,2024,3,PP02C3,int64
individual,2024,3,PP02C4,int64
individual,2024,3,PP02C5,int64
individual,2024,3,PP02C6,int64
individual,2024,3,PP02C7,int64
individual,2024,3,PP02C8,int64
individual,2024,3,PP02E,int64
individual,2024,3,PP02H,int64
individual,2024,3,PP02I,int64
individual,2024,3,PP03C,float64
individual,2024,3,PP03D,float64
individual,2024,3,PP3E_TOT,float64
individual,2024,3,PP3F_TOT,float64
individual,2024,3,PP03G,float64
individual,2024,3,PP03H,float64
individual,2024,3,PP03I,float64
individual,2024,3,PP03J,float64
individual,2024,3,INTENSI,float64
individual,2024,3,PP04A,float64
individual,2024,3,PP04B_COD,float64
individual,2024,3,PP04B1,float64
individual,2024,3,PP04B2,float64
individual,2024,3,PP04B3_MES,float64
individual,2024,3,PP04B3_ANO,float64
individual,2024,3,PP04B3_DIA,float64
individual,2024,3,PP04C,float64
individual,2024,3,PP04C99,float64
individual,2024,3,PP04D_COD,float64
individual,2024,3,PP04G,float64
individual,2024,3,PP05B2_MES,float64
individual,2024,3,PP05B2_ANO,float64
individual,2024,3,PP05B2_DIA,float64
individual,2024,3,PP05C_1,float64
individual,2024,3,PP05C_2,float64
individual,2024,3,PP05C_3,float64
individual,2024,3,PP05E,float64
individual,2024,3,PP05F,float64
individual,2024,3,PP05H,float64
individual,2024,3,PP06A,float64
individual,2024,3,PP06C,float64
individual,2024,3,PP06D,float64
individual,2024,3,PP06E,float64
individual,2024,3,PP06H,float64
individual,2024,3,PP07A,float64
individual,2024,3,PP07C,float64
individual,2024,3,PP07D,float64
individual,2024,3,PP07E,float64
individual,2024,3,PP07F1,float64
individual,2024,3,PP07F2,float64
individual,2024,3,PP07F3,float64
individual,2024,3,PP07F4,float64
individual,2024,3,PP07F5,float64
individual,2024,3,PP07G1,float64
individual,2024,3,PP07G2,float64
individual,2024,3,PP07G3,float64
individual,2024,3,PP07G4,float64
individual,2024,3,PP07G_59,float64
individual,2024,3,PP07H,float64
individual,2024,3,PP07I,float64
individual,2024,3,PP07J,float64
individual,2024,3,PP07K,float64
individual,2024,3,PP08D1,float64
individual,2024,3,PP08D4,float64
individual,2024,3,PP08F1,float64
individual,2024,3,PP08F2,float64
individual,2024,3,PP08J1,float64
individual,2024,3,PP08J2,float64
individual,2024,3,PP08J3,float64
individual,2024,3,PP09A,float64
individual,2024,3,PP09A_ESP,str
individual,2024,3,PP09B,float64
individual,2024,3,PP09C,float64
individual,2024,3,PP09C_ESP,str
individual,2024,3,PP10A,float64
individual,2024,3,PP10C,float64
individual,2024,3,PP10D,float64
individual,2024,3,PP10E,float64
individual,2024,3,PP11A,float64
individual,2024,3,PP11B_COD,float64
individual,2024,3,PP11B1,float64
individual,2024,3,PP11B2_MES,float64
individual,2024,3,PP11B2_ANO,float64
individual,2024,3,PP11B2_DIA,float64
individual,2024,3,PP11C,float64
individual,2024,3,PP11C99,float64
individual,2024,3,PP11D_COD,float64
individual,2024,3,PP11G_ANO,float64
individual,2024,3,PP11G_MES,float64
individual,2024,3,PP11G_DIA,float64
individual,2024,3,PP11L,float64
individual,2024,3,PP11L1,float64
individual,2024,3,PP11M,float64
individual,2024,3,PP11N,float64
individual,2024,3,PP11O,float64
individual,2024,3,PP11P,float64
individual,2024,3,PP11Q,float64
individual,2024,3,PP11R,float64
individual,2024,3,PP11S,float64
individual,2024,3,PP11T,float64
individual,2024,3,P21,int64
individual,2024,3,DECOCUR,int64
individual,2024,3,IDECOCUR,float64
individual,2024,3,RDECOCUR,int64
individual,2024,3,GDECOCUR,float64
individual,2024,3,PDECOCUR,float64
individual,2024,3,ADECOCUR,int64
individual,2024,3,PONDIIO,int64
individual,2024,3,TOT_P12,int64
individual,2024,3,P47T,float64
individual,2024,3,DECINDR,int64
individual,2024,3,IDECINDR,float64
individual,2024,3,RDECINDR,int64
individual,2024,3,GDECINDR,float64
individual,2024,3,PDECINDR,float64
individual,2024,3,ADECINDR,int64
individual,2024,3,PONDII,int64
individual,2024,3,V2_02_M,int64
individual,2024,3,V2_03_M,int64
individual,2024,3,V3_M,int64
individual,2024,3,V4_M,int64
individual,2024,3,V5_03_M,int64
individual,2024,3,V8_M,int64
individual,2024,3,V9_M,int64
individual,2024,3,V10_M,int64
individual,2024,3,V11_02_M,int64
individual,2024,3,V12_M,int64
individual,2024,3,V18_M,int64
individual,2024,3,V19_AM,int64
individual,2024,3,T_VI,int64
individual,2024,3,ITF,int64
individual,2024,3,DECIFR,int64
individual,2024,3,IDECIFR,float64
individual,2024,3,RDECIFR,int64
individual,2024,3,GDECIFR,float64
individual,2024,3,PDECIFR,float64
individual,2024,3,ADECIFR,int64
individual,2024,3,IPCF,float64
individual,2024,3,DECCFR,int64
individual,2024,3,IDECCFR,float64
individual,2024,3,RDECCFR,int64
individual,2024,3,GDECCFR,float64
individual,2024,3,PDECCFR,float64
individual,2024,3,ADECCFR,int64
individual,2024,3,PONDIH,int64
individual,2024,3,EMPLEO,float64
individual,2024,3,SECTOR,float64
individual,2024,3,PP02A,int64
individual,2024,3,PP02B,int64
individual,2024,3,PP02D,int64
individual,2024,3,PP02F,int64
individual,2024,3,PP02G,int64
individual,2024,3,P_DECCF,float64
individual,2024,3,P_RDECCF,float64
individual,2024,3,P_GDECCF,float64
individual,2024,3,P_PDECCF,float64
individual,2024,3,P_IDECCF,float64
individual,2024,3,P_ADECCF,float64
individual,2024,3,PP03K,float64
individual,2024,3,PP04A1,float64
individual,2024,3,PP05B3,float64
individual,2024,3,PP05I,float64
individual,2024,3,PP05J,float64
individual,2024,3,PP05K,float64
individual,2024,3,PP06E1,float64
individual,2024,3,PP06K,float64
individual,2024,3,PP06K_SEM,float64
individual,2024,3,PP06K_MES,float64
individual,2024,3,PP06L,float64
individual,2024,3,PP07B1_01,float64
individual,2024,3,PP07F1_1,float64
individual,2024,3,PP07F1_2,float64
individual,2024,3,PP07F1_3,float64
individual,2024,3,PP07I2,float64
individual,2024,3,PP07I3,float64
individual,2024,3,PP07I4,float64
individual,2024,3,PP07L,float64
individual,2024,3,PP07M,float64
individual,2024,3,PP08G,float64
individual,2024,3,PP08G_DSEM,float64
individual,2024,3,PP08G_DMES,float64
individual,2024,3,PP08H,float64
individual,2024,3,PP10B1,float64
individual,2024,3,PP10B2,float64
individual,2024,3,PP10B3,float64
individual,2024,3,PP10B4,float64
individual,2024,3,PP10B5,float64
individual,2024,3,PP10B6,float64
individual,2024,3,PP10B7,float64
individual,2024,3,PP10B8,float64
individual,2024,3,PP10B9,float64
individual,2024,3,PP10B10,float64
individual,2024,3,PP11L2,float64
individual,2024,3,V2_01_M,int64
individual,2024,3,V5_01_M,int64
individual,2024,3,V5_02_M,int64
individual,2024,3,V11_01_M,int64
individual,2024,3,V21_01_M,int64
individual,2024,3,V22_01_M,int64
individual,2024,3,V21_02_M,int64
individual,2024,3,V22_02_M,int64
individual,2024,3,V21_03_M,int64
individual,2024,3,V22_03_M,int64
hogar,2024,4,CODUSU,string
hogar,2024,4,ANO4,Int16
hogar,2024,4,TRIMESTRE,Int16
hogar,2024,4,NRO_HOGAR,Int16
hogar,2024,4,REALIZADA,int64
hogar,2024,4,REGION,int64
hogar,2024,4,MAS_500,str
hogar,2024,4,AGLOMERADO,Int16
hogar,2024,4,PONDERA,int64
hogar,2024,4,IV1,int64
hogar,2024,4,IV1_ESP,str
hogar,2024,4,IV2,int64
hogar,2024,4,IV3,int64
hogar,2024,4,IV3_ESP,str
hogar,2024,4,IV4,int64
hogar,2024,4,IV5,int64
hogar,2024,4,IV6,int64
hogar,2024,4,IV7,int64
hogar,2024,4,IV7_ESP,str
hogar,2024,4,IV8,int64
hogar,2024,4,IV9,int64
hogar,2024,4,IV10,int64
hogar,2024,4,IV11,int64
hogar,2024,4,IV12_1,int64
hogar,2024,4,IV12_2,int64
hogar,2024,4,IV12_3,int64
hogar,2024,4,II1,int64
hogar,2024,4,II2,int64
hogar,2024,4,II3,int64
hogar,2024,4,II3_1,int64
hogar,2024,4,II4_1,int64
hogar,2024,4,II4_2,int64
hogar,2024,4,II4_3,int64
hogar,2024,4,II5,int64
hogar,2024,4,II5_1,int64
hogar,2024,4,II6,int64
hogar,2024,4,II6_1,int64
hogar,2024,4,II7,int64
hogar,2024,4,II7_ESP,str
hogar,2024,4,II8,int64
hogar,2024,4,II8_ESP,str
hogar,2024,4,II9,int64
hogar,2024,4,V1,int64
hogar,2024,4,V2,int64
hogar,2024,4,V2_02,int64
hogar,2024,4,V2_03,int64
hogar,2024,4,V21_01,int64
hogar,2024,4,V22_01,int64
hogar,2024,4,V3,int64
hogar,2024,4,V4,int64
hogar,2024,4,V5_02,int64
hogar,2024,4,V5_03,int64
hogar,2024,4,V6,int64
hogar,2024,4,V7,int64
hogar,2024,4,V8,int64
hogar,2024,4,V9,int64
hogar,2024,4,V10,int64
hogar,2024,4,V11_01,int64
hogar,2024,4,V11_02,int64
hogar,2024,4,V12,int64
hogar,2024,4,V13,int64
hogar,2024,4,V14,int64
hogar,2024,4,V15,int64
hogar,2024,4,V16,int64
hogar,2024,4,V17,int64
hogar,2024,4,V18,int64
hogar,2024,4,V19_A,int64
hogar,2024,4,V19_B,int64
hogar,2024,4,IX_TOT,int64
hogar,2024,4,IX_MEN10,int64
hogar,2024,4,IX_MAYEQ10,int64
hogar,2024,4,ITF,int64
hogar,2024,4,DECIFR,int64
hogar,2024,4,IDECIFR,float64
hogar,2024,4,RDECIFR,int64
hogar,2024,4,GDECIFR,float64
hogar,2024,4,PDECIFR,float64
hogar,2024,4,ADECIFR,int64
hogar,2024,4,IPCF,float64
hogar,2024,4,DECCFR,int64
hogar,2024,4,IDECCFR,float64
hogar,2024,4,RDECCFR,int64
hogar,2024,4,GDECCFR,float64
hogar,2024,4,PDECCFR,float64
hogar,2024,4,ADECCFR,int64
hogar,2024,4,PONDIH,int64
hogar,2024,4,VII1_1,int64
hogar,2024,4,VII1_2,int64
hogar,2024,4,VII2_1,int64
hogar,2024,4,VII2_2,int64
hogar,2024,4,VII2_3,int64
hogar,2024,4,VII2_4,int64
hogar,2024,4,V5_01,int64
hogar,2024,4,V21_02,int64
hogar,2024,4,V21_03,int64
hogar,2024,4,V22_02,int64
hogar,2024,4,V22_03,int64
hogar,2024,4,V2_01,int64
individual,2024,4,CODUSU,string
individual,2024,4,ANO4,Int16
individual,2024,4,TRIMESTRE,Int16
individual,2024,4,NRO_HOGAR,Int16
individual,2024,4,COMPONENTE,Int16
individual,2024,4,H15,int64
individual,2024,4,REGION,int64
individual,2024,4,MAS_500,str
individual,2024,4,AGLOMERADO,Int16
individual,2024,4,PONDERA,int64
individual,2024,4,CH03,int64
individual,2024,4,CH04,int64
individual,2024,4,CH05,int64
individual,2024,4,CH06,int64
individual,2024,4,CH07,int64
individual,2024,4,CH08,int64
individual,2024,4,CH09,int64
individual,2024,4,CH10,int64
individual,2024,4,CH11,int64
individual,2024,4,CH12,int64
individual,2024,4,CH13,int64
individual,2024,4,CH14,float64
individual,2024,4,CH15,int64
individual,2024,4,CH15_COD,float64
individual,2024,4,CH16,int64
individual,2024,4,CH16_COD,float64
individual,2024,4,NIVEL_ED,int64
individual,2024,4,ESTADO,int64
individual,2024,4,CAT_OCUP,int64
individual,2024,4,CAT_INAC,int64
individual,2024,4,IMPUTA,float64
individual,2024,4,PP02C1,int64
individual,2024,4,PP02C2,int64
individual,2024,4,PP02C3,int64
individual,2024,4,PP02C4,int64
individual,2024,4,PP02C5,int64
individual,2024,4,PP02C6,int64
individual,2024,4,PP02C7,int64
individual,2024,4,PP02C8,int64
individual,2024,4,PP02E,int64
individual,2024,4,PP02H,int64
individual,2024,4,PP02I,int64
individual,2024,4,PP03C,float64
individual,2024,4,PP03D,float64
individual,2024,4,PP3E_TOT,float64
individual,2024,4,PP3F_TOT,float64
individual,2024,4,PP03G,float64
individual,2024,4,PP03H,float64
individual,2024,4,PP03I,float64
individual,2024,4,PP03J,float64
individual,2024,4,INTENSI,float64
individual,2024,4,PP04A,float64
individual,2024,4,PP04B_COD,float64
individual,2024,4,PP04B1,float64
individual,2024,4,PP04B2,float64
individual,2024,4,PP04B3_MES,float64
individual,2024,4,PP04B3_ANO,float64
individual,2024,4,PP04B3_DIA,float64
individual,2024,4,PP04C,float64
individual,2024,4,PP04C99,float64
individual,2024,4,PP04D_COD,float64
individual,2024,4,PP04G,float64
individual,2024,4,PP05B2_MES,float64
individual,2024,4,PP05B2_ANO,float64
individual,2024,4,PP05B2_DIA,float64
individual,2024,4,PP05C_1,float64
individual,2024,4,PP05C_2,float64
individual,2024,4,PP05C_3,float64
individual,2024,4,PP05E,float64
individual,2024,4,PP05F,float64
individual,2024,4,PP05H,float64
individual,2024,4,PP06A,float64
individual,2024,4,PP06C,float64
individual,2024,4,PP06D,float64
individual,2024,4,PP06E,float64
individual,2024,4,PP06H,float64
individual,2024,4,PP07A,float64
individual,2024,4,PP07C,float64
individual,2024,4,PP07D,float64
individual,2024,4,PP07E,float64
individual,2024,4,PP07F1,float64
individual,2024,4,PP07F2,float64
individual,2024,4,PP07F3,float64
individual,2024,4,PP07F4,float64
individual,2024,4,PP07F5,float64
individual,2024,4,PP07G1,float64
individual,2024,4,PP07G2,float64
individual,2024,4,PP07G3,float64
individual,2024,4,PP07G4,float64
individual,2024,4,PP07G_59,float64
individual,2024,4,PP07H,float64
individual,2024,4,PP07I,float64
individual,2024,4,PP07J,float64
individual,2024,4,PP07K,float64
individual,2024,4,PP08D1,float64
individual,2024,4,PP08D4,float64
individual,2024,4,PP08F1,float64
individual,2024,4,PP08F2,float64
individual,2024,4,PP08J1,float64
individual,2024,4,PP08J2,float64
individual,2024,4,PP08J3,float64
individual,2024,4,PP09A,float64
individual,2024,4,PP09A_ESP,str
individual,2024,4,PP09B,float64
individual,2024,4,PP09C,float64
individual,2024,4,PP09C_ESP,str
individual,2024,4,PP10A,float64
individual,2024,4,PP10C,float64
individual,2024,4,PP10D,float64
individual,2024,4,PP10E,float64
individual,2024,4,PP11A,float64
individual,2024,4,PP11B_COD,float64
individual,2024,4,PP11B1,float64
individual,2024,4,PP11B2_MES,float64
individual,2024,4,PP11B2_ANO,float64
individual,2024,4,PP11B2_DIA,float64
individual,2024,4,PP11C,float64
individual,2024,4,PP11C99,float64
individual,2024,4,PP11D_COD,float64
individual,2024,4,PP11G_ANO,float64
individual,2024,4,PP11G_MES,float64
individual,2024,4,PP11G_DIA,float64
individual,2024,4,PP11L,float64
individual,2024,4,PP11L1,float64
individual,2024,4,PP11M,float64
individual,2024,4,PP11N,float64
individual,2024,4,PP11O,float64
individual,2024,4,PP11P,float64
individual,2024,4,PP11Q,float64
individual,2024,4,PP11R,float64
individual,2024,4,PP11S,float64
individual,2024,4,PP11T,float64
individual,2024,4,P21,float64
individual,2024,4,DECOCUR,int64
individual,2024,4,IDECOCUR,float64
individual,2024,4,RDECOCUR,int64
individual,2024,4,GDECOCUR,float64
individual,2024,4,PDECOCUR,float64
individual,2024,4,ADECOCUR,int64
individual,2024,4,PONDIIO,int64
individual,2024,4,TOT_P12,float64
individual,2024,4,P47T,float64
individual,2024,4,DECINDR,int64
individual,2024,4,IDECINDR,float64
individual,2024,4,RDECINDR,int64
individual,2024,4,GDECINDR,float64
individual,2024,4,PDECINDR,float64
individual,2024,4,ADECINDR,int64
individual,2024,4,PONDII,int64
individual,2024,4,V3_M,float64
individual,2024,4,V4_M,float64
individual,2024,4,V8_M,float64
individual,2024,4,V9_M,float64
individual,2024,4,V10_M,float64
individual,2024,4,V12_M,float64
individual,2024,4,V18_M,float64
individual,2024,4,V19_AM,int64
individual,2024,4,T_VI,float64
individual,2024,4,ITF,float64
individual,2024,4,DECIFR,int64
individual,2024,4,IDECIFR,float64
individual,2024,4,RDECIFR,int64
individual,2024,4,GDECIFR,float64
individual,2024,4,PDECIFR,float64
individual,2024,4,ADECIFR,int64
individual,2024,4,IPCF,float64
individual,2024,4,DECCFR,int64
individual,2024,4,IDECCFR,float64
individual,2024,4,RDECCFR,int64
individual,2024,4,GDECCFR,float64
individual,2024,4,PDECCFR,float64
individual,2024,4,ADECCFR,int64
individual,2024,4,PONDIH,int64
individual,2024,4,V2_02_M,float64
individual,2024,4,V2_03_M,float64
individual,2024,4,V5_03_M,float64
individual,2024,4,V11_02_M,float64
individual,2024,4,PP07B1_01,float64
individual,2024,4,EMPLEO,float64
individual,2024,4,SECTOR,float64
individual,2024,4,PP02A,int64
individual,2024,4,PP02B,int64
individual,2024,4,PP02D,int64
individual,2024,4,PP02F,int64
individual,2024,4,PP02G,int64
individual,2024,4,PP03K,float64
individual,2024,4,PP04A1,float64
individual,2024,4,PP05B3,float64
individual,2024,4,PP05I,float64
individual,2024,4,PP05J,float64
individual,2024,4,PP05K,float64
individual,2024,4,PP06E1,float64
individual,2024,4,PP06K,float64
individual,2024,4,PP06K_SEM,float64
individual,2024,4,PP06K_MES,float64
individual,2024,4,PP06L,float64
individual,2024,4,PP07F1_1,float64
individual,2024,4,PP07F1_2,float64
individual,2024,4,PP07F1_3,float64
individual,2024,4,PP07I2,float64
individual,2024,4,PP07I3,float64
individual,2024,4,PP07I4,float64
individual,2024,4,PP07L,float64
individual,2024,4,PP07M,float64
individual,2024,4,PP08G,float64
individual,2024,4,PP08G_DSEM,float64
individual,2024,4,PP08G_DMES,float64
individual,2024,4,PP08H,float64
individual,2024,4,PP10B1,float64
individual,2024,4,PP10B2,float64
individual,2024,4,PP10B3,float64
individual,2024,4,PP10B4,float64
individual,2024,4,PP10B5,float64
individual,2024,4,PP10B6,float64
individual,2024,4,PP10B7,float64
individual,2024,4,PP10B8,float64
individual,2024,4,PP10B9,float64
individual,2024,4,PP10B10,float64
individual,2024,4,PP11L2,float64
individual,2024,4,V2_01_M,float64
individual,2024,4,V5_01_M,float64
individual,2024,4,V5_02_M,float64
individual,2024,4,V11_01_M,float64
individual,2024,4,V21_01_M,float64
individual,2024,4,V21_02_M,int64
individual,2024,4,V21_03_M,int64
individual,2024,4,V22_01_M,float64
individual,2024,4,V22_02_M,float64
individual,2024,4,V22_03_M,float64
individual,2024,4,P_DECCF,float64
individual,2024,4,P_RDECCF,float64
individual,2024,4,P_GDECCF,float64
individual,2024,4,P_PDECCF,float64
individual,2024,4,P_IDECCF,float64
individual,2024,4,P_ADECCF,float64
hogar,2025,1,CODUSU,string
hogar,2025,1,ANO4,Int16
hogar,2025,1,TRIMESTRE,Int16
hogar,2025,1,NRO_HOGAR,Int16
hogar,2025,1,REALIZADA,int64
hogar,2025,1,REGION,int64
hogar,2025,1,MAS_500,str
hogar,2025,1,AGLOMERADO,Int16
hogar,2025,1,PONDERA,int64
hogar,2025,1,IV1,int64
hogar,2025,1,IV1_ESP,str
hogar,2025,1,IV2,int64
hogar,2025,1,IV3,int64
hogar,2025,1,IV3_ESP,str
hogar,2025,1,IV4,int64
hogar,2025,1,IV5,int64
hogar,2025,1,IV6,int64
hogar,2025,1,IV7,int64
hogar,2025,1,IV7_ESP,str
hogar,2025,1,IV8,int64
hogar,2025,1,IV9,int64
hogar,2025,1,IV10,int64
hogar,2025,1,IV11,int64
hogar,2025,1,IV12_1,int64
hogar,2025,1,IV12_2,int64
hogar,2025,1,IV12_3,int64
hogar,2025,1,II1,int64
hogar,2025,1,II2,int64
hogar,2025,1,II3,int64
hogar,2025,1,II3_1,int64
hogar,2025,1,II4_1,int64
hogar,2025,1,II4_2,int64
hogar,2025,1,II4_3,int64
hogar,2025,1,II5,int64
hogar,2025,1,II5_1,int64
hogar,2025,1,II6,int64
hogar,2025,1,II6_1,int64
hogar,2025,1,II7,int64
hogar,2025,1,II7_ESP,str
hogar,2025,1,II8,int64
hogar,2025,1,II8_ESP,str
hogar,2025,1,II9,int64
hogar,2025,1,V1,int64
hogar,2025,1,V2,int64
hogar,2025,1,V2_02,int64
hogar,2025,1,V2_03,int64
hogar,2025,1,V21_01,int64
hogar,2025,1,V22_01,int64
hogar,2025,1,V3,int64
hogar,2025,1,V4,int64
hogar,2025,1,V5_02,int64
hogar,2025,1,V5_03,int64
hogar,2025,1,V6,int64
hogar,2025,1,V7,int64
hogar,2025,1,V8,int64
hogar,2025,1,V9,int64
hogar,2025,1,V10,int64
hogar,2025,1,V11_01,int64
hogar,2025,1,V11_02,int64
hogar,2025,1,V12,int64
hogar,2025,1,V13,int64
hogar,2025,1,V14,int64
hogar,2025,1,V15,int64
hogar,2025,1,V16,int64
hogar,2025,1,V17,int64
hogar,2025,1,V18,int64
hogar,2025,1,V19_A,int64
hogar,2025,1,V19_B,int64
hogar,2025,1,IX_TOT,int64
hogar,2025,1,IX_MEN10,int64
hogar,2025,1,IX_MAYEQ10,int64
hogar,2025,1,ITF,int64
hogar,2025,1,DECIFR,int64
hogar,2025,1,IDECIFR,float64
hogar,2025,1,RDECIFR,int64
hogar,2025,1,GDECIFR,float64
hogar,2025,1,PDECIFR,float64
hogar,2025,1,ADECIFR,int64
hogar,2025,1,IPCF,float64
hogar,2025,1,DECCFR,int64
hogar,2025,1,IDECCFR,float64
hogar,2025,1,RDECCFR,int64
hogar,2025,1,GDECCFR,float64
hogar,2025,1,PDECCFR,float64
hogar,2025,1,ADECCFR,int64
hogar,2025,1,PONDIH,int64
hogar,2025,1,VII1_1,int64
hogar,2025,1,VII1_2,int64
hogar,2025,1,VII2_1,int64
hogar,2025,1,VII2_2,int64
hogar,2025,1,VII2_3,int64
hogar,2025,1,VII2_4,int64
hogar,2025,1,V5_01,int64
hogar,2025,1,V21_02,int64
hogar,2025,1,V21_03,int64
hogar,2025,1,V22_02,int64
hogar,2025,1,V22_03,int64
hogar,2025,1,V2_01,int64
individual,2025,1,CODUSU,string
individual,2025,1,ANO4,Int16
individual,2025,1,TRIMESTRE,Int16
individual,2025,1,NRO_HOGAR,Int16
individual,2025,1,COMPONENTE,Int16
individual,2025,1,H15,int64
individual,2025,1,REGION,int64
individual,2025,1,MAS_500,str
individual,2025,1,AGLOMERADO,Int16
individual,2025,1,PONDERA,int64
individual,2025,1,CH03,int64
individual,2025,1,CH04,int64
individual,2025,1,CH05,str
individual,2025,1,CH06,int64
individual,2025,1,CH07,int64
individual,2025,1,CH08,float64
individual,2025,1,CH09,int64
individual,2025,1,CH10,int64
individual,2025,1,CH11,int64
individual,2025,1,CH12,int64
individual,2025,1,CH13,int64
individual,2025,1,CH14,float64
individual,2025,1,CH15,int64
individual,2025,1,CH15_COD,float64
individual,2025,1,CH16,int64
individual,2025,1,CH16_COD,float64
individual,2025,1,NIVEL_ED,int64
individual,2025,1,ESTADO,int64
individual,2025,1,CAT_OCUP,int64
individual,2025,1,CAT_INAC,int64
individual,2025,1,IMPUTA,float64
individual,2025,1,PP02C1,int64
individual,2025,1,PP02C2,int64
individual,2025,1,PP02C3,int64
individual,2025,1,PP02C4,int64
individual,2025,1,PP02C5,int64
individual,2025,1,PP02C6,int64
individual,2025,1,PP02C7,int64
individual,2025,1,PP02C8,int64
individual,2025,1,PP02E,int64
individual,2025,1,PP02H,int64
individual,2025,1,PP02I,int64
individual,2025,1,PP03C,float64
individual,2025,1,PP03D,float64
individual,2025,1,PP3E_TOT,float64
individual,2025,1,PP3F_TOT,float64
individual,2025,1,PP03G,float64
individual,2025,1,PP03H,float64
individual,2025,1,PP03I,float64
individual,2025,1,PP03J,float64
individual,2025,1,INTENSI,float64
individual,2025,1,PP04A,float64
individual,2025,1,PP04B_COD,float64
individual,2025,1,PP04B1,float64
individual,2025,1,PP04B2,float64
individual,2025,1,PP04B3_MES,float64
individual,2025,1,PP04B3_ANO,float64
individual,2025,1,PP04B3_DIA,float64
individual,2025,1,PP04C,float64
individual,2025,1,PP04C99,float64
individual,2025,1,PP04D_COD,float64
individual,2025,1,PP04G,float64
individual,2025,1,PP05B2_MES,float64
individual,2025,1,PP05B2_ANO,float64
individual,2025,1,PP05B2_DIA,float64
individual,2025,1,PP05C_1,float64
individual,2025,1,PP05C_2,float64
individual,2025,1,PP05C_3,float64
individual,2025,1,PP05E,float64
individual,2025,1,PP05F,float64
individual,2025,1,PP05H,float64
individual,2025,1,PP06A,float64
individual,2025,1,PP06C,float64
individual,2025,1,PP06D,float64
individual,2025,1,PP06E,float64
individual,2025,1,PP06H,float64
individual,2025,1,PP07A,float64
individual,2025,1,PP07C,float64
individual,2025,1,PP07D,float64
individual,2025,1,PP07E,float64
individual,2025,1,PP07F1,float64
individual,2025,1,PP07F2,float64
individual,2025,1,PP07F3,float64
individual,2025,1,PP07F4,float64
individual,2025,1,PP07F5,float64
individual,2025,1,PP07G1,float64
individual,2025,1,PP07G2,float64
individual,2025,1,PP07G3,float64
individual,2025,1,PP07G4,float64
individual,2025,1,PP07G_59,float64
individual,2025,1,PP07H,float64
individual,2025,1,PP07I,float64
individual,2025,1,PP07J,float64
individual,2025,1,PP07K,float64
individual,2025,1,PP08D1,float64
individual,2025,1,PP08D4,float64
individual,2025,1,PP08F1,float64
individual,2025,1,PP08F2,float64
individual,2025,1,PP08J1,float64
individual,2025,1,PP08J2,float64
individual,2025,1,PP08J3,float64
individual,2025,1,PP09A,float64
individual,2025,1,PP09A_ESP,str
individual,2025,1,PP09B,float64
individual,2025,1,PP09C,float64
individual,2025,1,PP09C_ESP,str
individual,2025,1,PP10A,float64
individual,2025,1,PP10C,float64
individual,2025,1,PP10D,float64
individual,2025,1,PP10E,float64
individual,2025,1,PP11A,float64
individual,2025,1,PP11B_COD,float64
individual,2025,1,PP11B1,float64
individual,2025,1,PP11B2_MES,float64
individual,2025,1,PP11B2_ANO,float64
individual,2025,1,PP11B2_DIA,float64
individual,2025,1,PP11C,float64
individual,2025,1,PP11C99,float64
individual,2025,1,PP11D_COD,float64
individual,2025,1,PP11G_ANO,float64
individual,2025,1,PP11G_MES,float64
individual,2025,1,PP11G_DIA,float64
individual,2025,1,PP11L,float64
individual,2025,1,PP11L1,float64
individual,2025,1,PP11M,float64
individual,2025,1,PP11N,float64
individual,2025,1,PP11O,float64
individual,2025,1,PP11P,float64
individual,2025,1,PP11Q,float64
individual,2025,1,PP11R,float64
individual,2025,1,PP11S,float64
individual,2025,1,PP11T,float64
individual,2025,1,P21,int64
individual,2025,1,DECOCUR,int64
individual,2025,1,IDECOCUR,float64
individual,2025,1,RDECOCUR,int64
individual,2025,1,GDECOCUR,float64
individual,2025,1,PDECOCUR,float64
individual,2025,1,ADECOCUR,int64
individual,2025,1,PONDIIO,int64
individual,2025,1,TOT_P12,int64
individual,2025,1,P47T,float64
individual,2025,1,DECINDR,int64
individual,2025,1,IDECINDR,float64
individual,2025,1,RDECINDR,int64
individual,2025,1,GDECINDR,float64
individual,2025,1,PDECINDR,float64
individual,2025,1,ADECINDR,int64
individual,2025,1,PONDII,int64
individual,2025,1,V3_M,int64
individual,2025,1,V4_M,int64
individual,2025,1,V8_M,int64
individual,2025,1,V9_M,int64
individual,2025,1,V10_M,int64
individual,2025,1,V12_M,int64
individual,2025,1,V18_M,int64
individual,2025,1,V19_AM,int64
individual,2025,1,T_VI,int64
individual,2025,1,ITF,int64
individual,2025,1,DECIFR,int64
individual,2025,1,IDECIFR,float64
individual,2025,1,RDECIFR,int64
individual,2025,1,GDECIFR,float64
individual,2025,1,PDECIFR,float64
individual,2025,1,ADECIFR,int64
individual,2025,1,IPCF,float64
individual,2025,1,DECCFR,int64
individual,2025,1,IDECCFR,float64
individual,2025,1,RDECCFR,int64
individual,2025,1,GDECCFR,float64
individual,2025,1,PDECCFR,float64
individual,2025,1,ADECCFR,int64
individual,2025,1,PONDIH,int64
individual,2025,1,V2_02_M,int64
individual,2025,1,V2_03_M,int64
individual,2025,1,V5_03_M,int64
individual,2025,1,V11_02_M,int64
individual,2025,1,PP07B1_01,float64
individual,2025,1,EMPLEO,float64
individual,2025,1,SECTOR,float64
individual,2025,1,PP02A,int64
individual,2025,1,PP02B,int64
individual,2025,1,PP02D,int64
individual,2025,1,PP02F,int64
individual,2025,1,PP02G,int64
individual,2025,1,PP03K,float64
individual,2025,1,PP04A1,float64
individual,2025,1,PP05B3,float64
individual,2025,1,PP05I,float64
individual,2025,1,PP05J,float64
individual,2025,1,PP05K,float64
individual,2025,1,PP06E1,float64
individual,2025,1,PP06K,float64
individual,2025,1,PP06K_SEM,float64
individual,2025,1,PP06K_MES,float64
individual,2025,1,PP06L,float64
individual,2025,1,PP07F1_1,float64
individual,2025,1,PP07F1_2,float64
individual,2025,1,PP07F1_3,float64
individual,2025,1,PP07I2,float64
individual,2025,1,PP07I3,float64
individual,2025,1,PP07I4,float64
individual,2025,1,PP07L,float64
individual,2025,1,PP07M,float64
individual,2025,1,PP08G,float64
individual,2025,1,PP08G_DSEM,float64
individual,2025,1,PP08G_DMES,float64
individual,2025,1,PP08H,float64
individual,2025,1,PP10B1,float64
individual,2025,1,PP10B2,float64
individual,2025,1,PP10B3,float64
individual,2025,1,PP10B4,float64
individual,2025,1,PP10B5,float64
individual,2025,1,PP10B6,float64
individual,2025,1,PP10B7,float64
individual,2025,1,PP10B8,float64
individual,2025,1,PP10B9,float64
individual,2025,1,PP10B10,float64
individual,2025,1,PP11L2,float64
individual,2025,1,V2_01_M,int64
individual,2025,1,V5_01_M,int64
individual,2025,1,V5_02_M,int64
individual,2025,1,V11_01_M,int64
individual,2025,1,V21_01_M,int64
individual,2025,1,V21_02_M,int64
individual,2025,1,V21_03_M,int64
individual,2025,1,V22_01_M,int64
individual,2025,1,V22_02_M,int64
individual,2025,1,V22_03_M,int64
individual,2025,1,P_DECCF,float64
individual,2025,1,P_RDECCF,float64
individual,2025,1,P_GDECCF,float64
individual,2025,1,P_PDECCF,float64
individual,2025,1,P_IDECCF,float64
individual,2025,1,P_ADECCF,float64
hogar,2025,2,CODUSU,string
hogar,2025,2,ANO4,Int16
hogar,2025,2,TRIMESTRE,Int16
hogar,2025,2,NRO_HOGAR,Int16
hogar,2025,2,REALIZADA,int64
hogar,2025,2,REGION,int64
hogar,2025,2,MAS_500,str
hogar,2025,2,AGLOMERADO,Int16
hogar,2025,2,PONDERA,int64
hogar,2025,2,IV1,int64
hogar,2025,2,IV1_ESP,str
hogar,2025,2,IV2,int64
hogar,2025,2,IV3,int64
hogar,2025,2,IV3_ESP,str
hogar,2025,2,IV4,int64
hogar,2025,2,IV5,int64
hogar,2025,2,IV6,int64
hogar,2025,2,IV7,int64
hogar,2025,2,IV7_ESP,str
hogar,2025,2,IV8,int64
hogar,2025,2,IV9,int64
hogar,2025,2,IV10,int64
hogar,2025,2,IV11,int64
hogar,2025,2,IV12_1,int64
hogar,2025,2,IV12_2,int64
hogar,2025,2,IV12_3,int64
hogar,2025,2,II1,int64
hogar,2025,2,II2,int64
hogar,2025,2,II3,int64
hogar,2025,2,II3_1,int64
hogar,2025,2,II4_1,int64
hogar,2025,2,II4_2,int64
hogar,2025,2,II4_3,int64
hogar,2025,2,II5,int64
hogar,2025,2,II5_1,int64
hogar,2025,2,II6,int64
hogar,2025,2,II6_1,int64
hogar,2025,2,II7,int64
hogar,2025,2,II7_ESP,str
hogar,2025,2,II8,int64
hogar,2025,2,II8_ESP,str
hogar,2025,2,II9,int64
hogar,2025,2,V1,int64
hogar,2025,2,V2,int64
hogar,2025,2,V2_02,int64
hogar,2025,2,V2_03,int64
hogar,2025,2,V21_01,int64
hogar,2025,2,V22_01,int64
hogar,2025,2,V3,int64
hogar,2025,2,V4,int64
hogar,2025,2,V5_02,int64
hogar,2025,2,V5_03,int64
hogar,2025,2,V6,int64
hogar,2025,2,V7,int64
hogar,2025,2,V8,int64
hogar,2025,2,V9,int64
hogar,2025,2,V10,int64
hogar,2025,2,V11_01,int64
hogar,2025,2,V11_02,int64
hogar,2025,2,V12,int64
hogar,2025,2,V13,int64
hogar,2025,2,V14,int64
hogar,2025,2,V15,int64
hogar,2025,2,V16,int64
hogar,2025,2,V17,int64
hogar,2025,2,V18,int64
hogar,2025,2,V19_A,int64
hogar,2025,2,V19_B,int64
hogar,2025,2,IX_TOT,int64
hogar,2025,2,IX_MEN10,int64
hogar,2025,2,IX_MAYEQ10,int64
hogar,2025,2,ITF,int64
hogar,2025,2,DECIFR,int64
hogar,2025,2,IDECIFR,float64
hogar,2025,2,RDECIFR,int64
hogar,2025,2,GDECIFR,float64
hogar,2025,2,PDECIFR,float64
hogar,2025,2,ADECIFR,int64
hogar,2025,2,IPCF,float64
hogar,2025,2,DECCFR,int64
hogar,2025,2,IDECCFR,float64
hogar,2025,2,RDECCFR,int64
hogar,2025,2,GDECCFR,float64
hogar,2025,2,PDECCFR,float64
hogar,2025,2,ADECCFR,int64
hogar,2025,2,PONDIH,int64
hogar,2025,2,VII1_1,int64
hogar,2025,2,VII1_2,int64
hogar,2025,2,VII2_1,int64
hogar,2025,2,VII2_2,int64
hogar,2025,2,VII2_3,int64
hogar,2025,2,VII2_4,int64
hogar,2025,2,V5_01,int64
hogar,2025,2,V21_02,int64
hogar,2025,2,V21_03,int64
hogar,2025,2,V22_02,int64
hogar,2025,2,V22_03,int64
hogar,2025,2,V2_01,int64
individual,2025,2,CODUSU,string
individual,2025,2,ANO4,Int16
individual,2025,2,TRIMESTRE,Int16
individual,2025,2,NRO_HOGAR,Int16
individual,2025,2,COMPONENTE,Int16
individual,2025,2,H15,int64
individual,2025,2,REGION,int64
individual,2025,2,MAS_500,str
individual,2025,2,AGLOMERADO,Int16
individual,2025,2,PONDERA,int64
individual,2025,2,CH03,int64
individual,2025,2,CH04,int64
individual,2025,2,CH05,str
individual,2025,2,CH06,int64
individual,2025,2,CH07,int64
individual,2025,2,CH08,float64
individual,2025,2,CH09,int64
individual,2025,2,CH10,int64
individual,2025,2,CH11,int64
individual,2025,2,CH12,int64
individual,2025,2,CH13,int64
individual,2025,2,CH14,float64
individual,2025,2,CH15,int64
individual,2025,2,CH15_COD,float64
individual,2025,2,CH16,int64
individual,2025,2,CH16_COD,float64
individual,2025,2,NIVEL_ED,int64
individual,2025,2,ESTADO,int64
individual,2025,2,CAT_OCUP,int64
individual,2025,2,CAT_INAC,int64
individual,2025,2,IMPUTA,float64
individual,2025,2,PP02C1,int64
individual,2025,2,PP02C2,int64
individual,2025,2,PP02C3,int64
individual,2025,2,PP02C4,int64
individual,2025,2,PP02C5,int64
individual,2025,2,PP02C6,int64
individual,2025,2,PP02C7,int64
individual,2025,2,PP02C8,int64
individual,2025,2,PP02E,int64
individual,2025,2,PP02H,int64
individual,2025,2,PP02I,int64
individual,2025,2,PP03C,float64
individual,2025,2,PP03D,float64
individual,2025,2,PP3E_TOT,float64
individual,2025,2,PP3F_TOT,float64
individual,2025,2,PP03G,float64
individual,2025,2,PP03H,float64
individual,2025,2,PP03I,float64
individual,2025,2,PP03J,float64
individual,2025,2,INTENSI,float64
individual,2025,2,PP04A,float64
individual,2025,2,PP04B_COD,float64
individual,2025,2,PP04B1,float64
individual,2025,2,PP04B2,float64
individual,2025,2,PP04B3_MES,float64
individual,2025,2,PP04B3_ANO,float64
individual,2025,2,PP04B3_DIA,float64
individual,2025,2,PP04C,float64
individual,2025,2,PP04C99,float64
individual,2025,2,PP04D_COD,float64
individual,2025,2,PP04G,float64
individual,2025,2,PP05B2_MES,float64
individual,2025,2,PP05B2_ANO,float64
individual,2025,2,PP05B2_DIA,float64
individual,2025,2,PP05C_1,float64
individual,2025,2,PP05C_2,float64
individual,2025,2,PP05C_3,float64
individual,2025,2,PP05E,float64
individual,2025,2,PP05F,float64
individual,2025,2,PP05H,float64
individual,2025,2,PP06A,float64
individual,2025,2,PP06C,float64
individual,2025,2,PP06D,float64
individual,2025,2,PP06E,float64
individual,2025,2,PP06H,float64
individual,2025,2,PP07A,float64
individual,2025,2,PP07C,float64
individual,2025,2,PP07D,float64
individual,2025,2,PP07E,float64
individual,2025,2,PP07F1,float64
individual,2025,2,PP07F2,float64
individual,2025,2,PP07F3,float64
individual,2025,2,PP07F4,float64
individual,2025,2,PP07F5,float64
individual,2025,2,PP07G1,float64
individual,2025,2,PP07G2,float64
individual,2025,2,PP07G3,float64
individual,2025,2,PP07G4,float64
individual,2025,2,PP07G_59,float64
individual,2025,2,PP07H,float64
individual,2025,2,PP07I,float64
individual,2025,2,PP07J,float64
individual,2025,2,PP07K,float64
individual,2025,2,PP08D1,float64
individual,2025,2,PP08D4,float64
individual,2025,2,PP08F1,float64
individual,2025,2,PP08F2,float64
individual,2025,2,PP08J1,float64
individual,2025,2,PP08J2,float64
individual,2025,2,PP08J3,float64
individual,2025,2,PP09A,float64
individual,2025,2,PP09A_ESP,str
individual,2025,2,PP09B,float64
individual,2025,2,PP09C,float64
individual,2025,2,PP09C_ESP,str
individual,2025,2,PP10A,float64
individual,2025,2,PP10C,float64
individual,2025,2,PP10D,float64
individual,2025,2,PP10E,float64
individual,2025,2,PP11A,float64
individual,2025,2,PP11B_COD,float64
individual,2025,2,PP11B1,float64
individual,2025,2,PP11B2_MES,float64
individual,2025,2,PP11B2_ANO,float64
individual,2025,2,PP11B2_DIA,float64
individual,2025,2,PP11C,float64
individual,2025,2,PP11C99,float64
individual,2025,2,PP11D_COD,float64
individual,2025,2,PP11G_ANO,float64
individual,2025,2,PP11G_MES,float64
individual,2025,2,PP11G_DIA,float64
individual,2025,2,PP11L,float64
individual,2025,2,PP11L1,float64
individual,2025,2,PP11M,float64
individual,2025,2,PP11N,float64
individual,2025,2,PP11O,float64
individual,2025,2,PP11P,float64
individual,2025,2,PP11Q,float64
individual,2025,2,PP11R,float64
individual,2025,2,PP11S,float64
individual,2025,2,PP11T,float64
individual,2025,2,P21,int64
individual,2025,2,DECOCUR,int64
individual,2025,2,IDECOCUR,float64
individual,2025,2,RDECOCUR,int64
individual,2025,2,GDECOCUR,float64
individual,2025,2,PDECOCUR,float64
individual,2025,2,ADECOCUR,int64
individual,2025,2,PONDIIO,int64
individual,2025,2,TOT_P12,int64
individual,2025,2,P47T,float64
individual,2025,2,DECINDR,int64
individual,2025,2,IDECINDR,float64
individual,2025,2,RDECINDR,int64
individual,2025,2,GDECINDR,float64
individual,2025,2,PDECINDR,float64
individual,2025,2,ADECINDR,int64
individual,2025,2,PONDII,int64
individual,2025,2,V3_M,int64
individual,2025,2,V4_M,int64
individual,2025,2,V8_M,int64
individual,2025,2,V9_M,int64
individual,2025,2,V10_M,int64
individual,2025,2,V12_M,int64
individual,2025,2,V18_M,int64
individual,2025,2,V19_AM,int64
individual,2025,2,T_VI,int64
individual,2025,2,ITF,int64
individual,2025,2,DECIFR,int64
individual,2025,2,IDECIFR,float64
individual,2025,2,RDECIFR,int64
individual,2025,2,GDECIFR,float64
individual,2025,2,PDECIFR,float64
individual,2025,2,ADECIFR,int64
individual,2025,2,IPCF,float64
individual,2025,2,DECCFR,int64
individual,2025,2,IDECCFR,float64
individual,2025,2,RDECCFR,int64
individual,2025,2,GDECCFR,float64
individual,2025,2,PDECCFR,float64
individual,2025,2,ADECCFR,int64
individual,2025,2,PONDIH,int64
individual,2025,2,V2_02_M,int64
individual,2025,2,V2_03_M,int64
individual,2025,2,V5_03_M,int64
individual,2025,2,V11_02_M,int64
individual,2025,2,PP07B1_01,float64
individual,2025,2,EMPLEO,float64
individual,2025,2,SECTOR,float64
individual,2025,2,PP02A,int64
individual,2025,2,PP02B,int64
individual,2025,2,PP02D,int64
individual,2025,2,PP02F,int64
individual,2025,2,PP02G,int64
individual,2025,2,PP03K,float64
individual,2025,2,PP04A1,float64
individual,2025,2,PP05B3,float64
individual,2025,2,PP05I,float64
individual,2025,2,PP05J,float64
individual,2025,2,PP05K,float64
individual,2025,2,PP06E1,float64
individual,2025,2,PP06K,float64
individual,2025,2,PP06K_SEM,float64
individual,2025,2,PP06K_MES,float64
individual,2025,2,PP06L,float64
individual,2025,2,PP07F1_1,float64
individual,2025,2,PP07F1_2,float64
individual,2025,2,PP07F1_3,float64
individual,2025,2,PP07I2,float64
individual,2025,2,PP07I3,float64
individual,2025,2,PP07I4,float64
individual,2025,2,PP07L,float64
individual,2025,2,PP07M,float64
individual,2025,2,PP08G,float64
individual,2025,2,PP08G_DSEM,float64
individual,2025,2,PP08G_DMES,float64
individual,2025,2,PP08H,float64
individual,2025,2,PP10B1,float64
individual,2025,2,PP10B2,float64
individual,2025,2,PP10B3,float64
individual,2025,2,PP10B4,float64
individual,2025,2,PP10B5,float64
individual,2025,2,PP10B6,float64
individual,2025,2,PP10B7,float64
individual,2025,2,PP10B8,float64
individual,2025,2,PP10B9,float64
individual,2025,2,PP10B10,float64
individual,2025,2,PP11L2,float64
individual,2025,2,V2_01_M,int64
individual,2025,2,V5_01_M,int64
individual,2025,2,V5_02_M,int64
individual,2025,2,V11_01_M,int64
individual,2025,2,V21_01_M,int64
individual,2025,2,V21_02_M,int64
individual,2025,2,V21_03_M,int64
individual,2025,2,V22_01_M,int64
individual,2025,2,V22_02_M,int64
individual,2025,2,V22_03_M,int64
individual,2025,2,P_DECCF,float64
individual,2025,2,P_RDECCF,float64
individual,2025,2,P_GDECCF,float64
individual,2025,2,P_PDECCF,float64
individual,2025,2,P_IDECCF,float64
individual,2025,2,P_ADECCF,float64
hogar,2025,3,CODUSU,string
hogar,2025,3,ANO4,Int16
hogar,2025,3,TRIMESTRE,Int16
hogar,2025,3,NRO_HOGAR,Int16
hogar,2025,3,REALIZADA,int64
hogar,2025,3,REGION,int64
hogar,2025,3,MAS_500,str
hogar,2025,3,AGLOMERADO,Int16
hogar,2025,3,PONDERA,int64
hogar,2025,3,IV1,int64
hogar,2025,3,IV1_ESP,str
hogar,2025,3,IV2,int64
hogar,2025,3,IV3,int64
hogar,2025,3,IV3_ESP,str
hogar,2025,3,IV4,int64
hogar,2025,3,IV5,int64
hogar,2025,3,IV6,int64
hogar,2025,3,IV7,int64
hogar,2025,3,IV7_ESP,str
hogar,2025,3,IV8,int64
hogar,2025,3,IV9,int64
hogar,2025,3,IV10,int64
hogar,2025,3,IV11,int64
hogar,2025,3,IV12_1,int64
hogar,2025,3,IV12_2,int64
hogar,2025,3,IV12_3,int64
hogar,2025,3,II1,int64
hogar,2025,3,II2,int64
hogar,2025,3,II3,int64
hogar,2025,3,II3_1,int64
hogar,2025,3,II4_1,int64
hogar,2025,3,II4_2,int64
hogar,2025,3,II4_3,int64
hogar,2025,3,II5,int64
hogar,2025,3,II5_1,int64
hogar,2025,3,II6,int64
hogar,2025,3,II6_1,int64
hogar,2025,3,II7,int64
hogar,2025,3,II7_ESP,str
hogar,2025,3,II8,int64
hogar,2025,3,II8_ESP,str
hogar,2025,3,II9,int64
hogar,2025,3,V1,int64
hogar,2025,3,V2,int64
hogar,2025,3,V2_02,int64
hogar,2025,3,V2_03,int64
hogar,2025,3,V21_01,int64
hogar,2025,3,V22_01,int64
hogar,2025,3,V3,int64
hogar,2025,3,V4,int64
hogar,2025,3,V5_02,int64
hogar,2025,3,V5_03,int64
hogar,2025,3,V6,int64
hogar,2025,3,V7,int64
hogar,2025,3,V8,int64
hogar,2025,3,V9,int64
hogar,2025,3,V10,int64
hogar,2025,3,V11_01,int64
hogar,2025,3,V11_02,int64
hogar,2025,3,V12,int64
hogar,2025,3,V13,int64
hogar,2025,3,V14,int64
hogar,2025,3,V15,int64
hogar,2025,3,V16,int64
hogar,2025,3,V17,int64
hogar,2025,3,V18,int64
hogar,2025,3,V19_A,int64
hogar,2025,3,V19_B,int64
hogar,2025,3,IX_TOT,int64
hogar,2025,3,IX_MEN10,int64
hogar,2025,3,IX_MAYEQ10,int64
hogar,2025,3,ITF,int64
hogar,2025,3,DECIFR,int64
hogar,2025,3,IDECIFR,float64
hogar,2025,3,RDECIFR,int64
hogar,2025,3,GDECIFR,float64
hogar,2025,3,PDECIFR,float64
hogar,2025,3,ADECIFR,int64
hogar,2025,3,IPCF,float64
hogar,2025,3,DECCFR,int64
hogar,2025,3,IDECCFR,float64
hogar,2025,3,RDECCFR,int64
hogar,2025,3,GDECCFR,float64
hogar,2025,3,PDECCFR,float64
hogar,2025,3,ADECCFR,int64
hogar,2025,3,PONDIH,int64
hogar,2025,3,VII1_1,int64
hogar,2025,3,VII1_2,int64
hogar,2025,3,VII2_1,int64
hogar,2025,3,VII2_2,int64
hogar,2025,3,VII2_3,int64
hogar,2025,3,VII2_4,int64
hogar,2025,3,V5_01,int64
hogar,2025,3,V21_02,int64
hogar,2025,3,V21_03,int64
hogar,2025,3,V22_02,int64
hogar,2025,3,V22_03,int64
hogar,2025,3,V2_01,int64
individual,2025,3,CODUSU,string
individual,2025,3,ANO4,Int16
individual,2025,3,TRIMESTRE,Int16
individual,2025,3,NRO_HOGAR,Int16
individual,2025,3,COMPONENTE,Int16
individual,2025,3,H15,int64
individual,2025,3,REGION,int64
individual,2025,3,MAS_500,str
individual,2025,3,AGLOMERADO,Int16
individual,2025,3,PONDERA,int64
individual,2025,3,CH03,int64
individual,2025,3,CH04,int64
individual,2025,3,CH05,str
individual,2025,3,CH06,int64
individual,2025,3,CH07,int64
individual,2025,3,CH08,int64
individual,2025,3,CH09,int64
individual,2025,3,CH10,int64
individual,2025,3,CH11,int64
individual,2025,3,CH12,int64
individual,2025,3,CH13,int64
individual,2025,3,CH14,float64
individual,2025,3,CH15,int64
individual,2025,3,CH15_COD,float64
individual,2025,3,CH16,int64
individual,2025,3,CH16_COD,float64
individual,2025,3,NIVEL_ED,int64
individual,2025,3,ESTADO,int64
individual,2025,3,CAT_OCUP,int64
individual,2025,3,CAT_INAC,int64
individual,2025,3,IMPUTA,float64
individual,2025,3,PP02C1,int64
individual,2025,3,PP02C2,int64
individual,2025,3,PP02C3,int64
individual,2025,3,PP02C4,int64
individual,2025,3,PP02C5,int64
individual,2025,3,PP02C6,int64
individual,2025,3,PP02C7,int64
individual,2025,3,PP02C8,int64
individual,2025,3,PP02E,int64
individual,2025,3,PP02H,int64
individual,2025,3,PP02I,int64
individual,2025,3,PP03C,float64
individual,2025,3,PP03D,float64
individual,2025,3,PP3E_TOT,float64
individual,2025,3,PP3F_TOT,float64
individual,2025,3,PP03G,float64
individual,2025,3,PP03H,float64
individual,2025,3,PP03I,float64
individual,2025,3,PP03J,float64
individual,2025,3,INTENSI,float64
individual,2025,3,PP04A,float64
individual,2025,3,PP04B_COD,float64
individual,2025,3,PP04B1,float64
individual,2025,3,PP04B2,float64
individual,2025,3,PP04B3_MES,float64
individual,2025,3,PP04B3_ANO,float64
individual,2025,3,PP04B3_DIA,float64
individual,2025,3,PP04C,float64
individual,2025,3,PP04C99,float64
individual,2025,3,PP04D_COD,float64
individual,2025,3,PP04G,float64
individual,2025,3,PP05B2_MES,float64
individual,2025,3,PP05B2_ANO,float64
individual,2025,3,PP05B2_DIA,float64
individual,2025,3,PP05C_1,float64
individual,2025,3,PP05C_2,float64
individual,2025,3,PP05C_3,float64
individual,2025,3,PP05E,float64
individual,2025,3,PP05F,float64
individual,2025,3,PP05H,float64
individual,2025,3,PP06A,float64
individual,2025,3,PP06C,float64
individual,2025,3,PP06D,float64
individual,2025,3,PP06E,float64
individual,2025,3,PP06H,float64
individual,2025,3,PP07A,float64
individual,2025,3,PP07C,float64
individual,2025,3,PP07D,float64
individual,2025,3,PP07E,float64
individual,2025,3,PP07F1,float64
individual,2025,3,PP07F2,float64
individual,2025,3,PP07F3,float64
individual,2025,3,PP07F4,float64
individual,2025,3,PP07F5,float64
individual,2025,3,PP07G1,float64
individual,2025,3,PP07G2,float64
individual,2025,3,PP07G3,float64
individual,2025,3,PP07G4,float64
individual,2025,3,PP07G_59,float64
individual,2025,3,PP07H,float64
individual,2025,3,PP07I,float64
individual,2025,3,PP07J,float64
individual,2025,3,PP07K,float64
individual,2025,3,PP08D1,float64
individual,2025,3,PP08D4,float64
individual,2025,3,PP08F1,float64
individual,2025,3,PP08F2,float64
individual,2025,3,PP08J1,float64
individual,2025,3,PP08J2,float64
individual,2025,3,PP08J3,float64
individual,2025,3,PP09A,float64
individual,2025,3,PP09A_ESP,str
individual,2025,3,PP09B,float64
individual,2025,3,PP09C,float64
individual,2025,3,PP09C_ESP,str
individual,2025,3,PP10A,float64
individual,2025,3,PP10C,float64
individual,2025,3,PP10D,float64
individual,2025,3,PP10E,float64
individual,2025,3,PP11A,float64
individual,2025,3,PP11B_COD,float64
individual,2025,3,PP11B1,float64
individual,2025,3,PP11B2_MES,float64
individual,2025,3,PP11B2_ANO,float64
individual,2025,3,PP11B2_DIA,float64
individual,2025,3,PP11C,float64
individual,2025,3,PP11C99,float64
individual,2025,3,PP11D_COD,float64
individual,2025,3,PP11G_ANO,float64
individual,2025,3,PP11G_MES,float64
individual,2025,3,PP11G_DIA,float64
individual,2025,3,PP11L,float64
individual,2025,3,PP11L1,float64
individual,2025,3,PP11M,float64
individual,2025,3,PP11N,float64
individual,2025,3,PP11O,float64
individual,2025,3,PP11P,float64
individual,2025,3,PP11Q,float64
individual,2025,3,PP11R,float64
individual,2025,3,PP11S,float64
individual,2025,3,PP11T,float64
individual,2025,3,P21,int64
individual,2025,3,DECOCUR,int64
individual,2025,3,IDECOCUR,float64
individual,2025,3,RDECOCUR,int64
individual,2025,3,GDECOCUR,float64
individual,2025,3,PDECOCUR,float64
individual,2025,3,ADECOCUR,int64
individual,2025,3,PONDIIO,int64
individual,2025,3,TOT_P12,int64
individual,2025,3,P47T,float64
individual,2025,3,DECINDR,int64
individual,2025,3,IDECINDR,float64
individual,2025,3,RDECINDR,int64
individual,2025,3,GDECINDR,float64
individual,2025,3,PDECINDR,float64
individual,2025,3,ADECINDR,int64
individual,2025,3,PONDII,int64
individual,2025,3,V3_M,int64
individual,2025,3,V4_M,int64
individual,2025,3,V8_M,int64
individual,2025,3,V9_M,int64
individual,2025,3,V10_M,int64
individual,2025,3,V12_M,int64
individual,2025,3,V18_M,int64
individual,2025,3,V19_AM,int64
individual,2025,3,T_VI,int64
individual,2025,3,ITF,int64
individual,2025,3,DECIFR,int64
individual,2025,3,IDECIFR,float64
individual,2025,3,RDECIFR,int64
individual,2025,3,GDECIFR,float64
individual,2025,3,PDECIFR,float64
individual,2025,3,ADECIFR,int64
individual,2025,3,IPCF,float64
individual,2025,3,DECCFR,int64
individual,2025,3,IDECCFR,float64
individual,2025,3,RDECCFR,int64
individual,2025,3,GDECCFR,float64
individual,2025,3,PDECCFR,float64
individual,2025,3,ADECCFR,int64
individual,2025,3,PONDIH,int64
individual,2025,3,V2_02_M,int64
individual,2025,3,V2_03_M,int64
individual,2025,3,V5_03_M,int64
individual,2025,3,V11_02_M,int64
individual,2025,3,PP07B1_01,float64
individual,2025,3,EMPLEO,float64
individual,2025,3,SECTOR,float64
individual,2025,3,PP02A,int64
individual,2025,3,PP02B,int64
individual,2025,3,PP02D,int64
individual,2025,3,PP02F,int64
individual,2025,3,PP02G,int64
individual,2025,3,PP03K,float64
individual,2025,3,PP04A1,float64
individual,2025,3,PP05B3,float64
individual,2025,3,PP05I,float64
individual,2025,3,PP05J,float64
individual,2025,3,PP05K,float64
individual,2025,3,PP06E1,float64
individual,2025,3,PP06K,float64
individual,2025,3,PP06K_SEM,float64
individual,2025,3,PP06K_MES,float64
individual,2025,3,PP06L,float64
individual,2025,3,PP07F1_1,float64
individual,2025,3,PP07F1_2,float64
individual,2025,3,PP07F1_3,float64
individual,2025,3,PP07I2,float64
individual,2025,3,PP07I3,float64
individual,2025,3,PP07I4,float64
individual,2025,3,PP07L,float64
individual,2025,3,PP07M,float64
individual,2025,3,PP08G,float64
individual,2025,3,PP08G_DSEM,float64
individual,2025,3,PP08G_DMES,float64
individual,2025,3,PP08H,float64
individual,2025,3,PP10B1,float64
individual,2025,3,PP10B2,float64
individual,2025,3,PP10B3,float64
individual,2025,3,PP10B4,float64
individual,2025,3,PP10B5,float64
individual,2025,3,PP10B6,float64
individual,2025,3,PP10B7,float64
individual,2025,3,PP10B8,float64
individual,2025,3,PP10B9,float64
individual,2025,3,PP10B10,float64
individual,2025,3,PP11L2,float64
individual,2025,3,V2_01_M,int64
individual,2025,3,V5_01_M,int64
individual,2025,3,V5_02_M,int64
individual,2025,3,V11_01_M,int64
individual,2025,3,V21_01_M,int64
individual,2025,3,V21_02_M,int64
individual,2025,3,V21_03_M,int64
individual,2025,3,V22_01_M,int64
individual,2025,3,V22_02_M,int64
individual,2025,3,V22_03_M,int64
individual,2025,3,P_DECCF,float64
individual,2025,3,P_RDECCF,float64
individual,2025,3,P_GDECCF,float64
individual,2025,3,P_PDECCF,float64
individual,2025,3,P_IDECCF,float64
individual,2025,3,P_ADECCF,float64
hogar,2025,4,CODUSU,string
hogar,2025,4,ANO4,Int16
hogar,2025,4,TRIMESTRE,Int16
hogar,2025,4,NRO_HOGAR,Int16
hogar,2025,4,REALIZADA,int64
hogar,2025,4,REGION,int64
hogar,2025,4,MAS_500,str
hogar,2025,4,AGLOMERADO,Int16
hogar,2025,4,PONDERA,int64
hogar,2025,4,IV1,int64
hogar,2025,4,IV1_ESP,str
hogar,2025,4,IV2,int64
hogar,2025,4,IV3,int64
hogar,2025,4,IV3_ESP,str
hogar,2025,4,IV4,int64
hogar,2025,4,IV5,int64
hogar,2025,4,IV6,int64
hogar,2025,4,IV7,int64
hogar,2025,4,IV7_ESP,str
hogar,2025,4,IV8,int64
hogar,2025,4,IV9,int64
hogar,2025,4,IV10,int64
hogar,2025,4,IV11,int64
hogar,2025,4,IV12_1,int64
hogar,2025,4,IV12_2,int64
hogar,2025,4,IV12_3,int64
hogar,2025,4,II1,int64
hogar,2025,4,II2,int64
hogar,2025,4,II3,int64
hogar,2025,4,II3_1,int64
hogar,2025,4,II4_1,int64
hogar,2025,4,II4_2,int64
hogar,2025,4,II4_3,int64
hogar,2025,4,II5,int64
hogar,2025,4,II5_1,int64
hogar,2025,4,II6,int64
hogar,2025,4,II6_1,int64
hogar,2025,4,II7,int64
hogar,2025,4,II7_ESP,str
hogar,2025,4,II8,int64
hogar,2025,4,II8_ESP,str
hogar,2025,4,II9,int64
hogar,2025,4,V1,int64
hogar,2025,4,V2,int64
hogar,2025,4,V2_02,int64
hogar,2025,4,V2_03,int64
hogar,2025,4,V21_01,int64
hogar,2025,4,V22_01,int64
hogar,2025,4,V3,int64
hogar,2025,4,V4,int64
hogar,2025,4,V5_02,int64
hogar,2025,4,V5_03,int64
hogar,2025,4,V6,int64
hogar,2025,4,V7,int64
hogar,2025,4,V8,int64
hogar,2025,4,V9,int64
hogar,2025,4,V10,int64
hogar,2025,4,V11_01,int64
hogar,2025,4,V11_02,int64
hogar,2025,4,V12,int64
hogar,2025,4,V13,int64
hogar,2025,4,V14,int64
hogar,2025,4,V15,int64
hogar,2025,4,V16,int64
hogar,2025,4,V17,int64
hogar,2025,4,V18,int64
hogar,2025,4,V19_A,int64
hogar,2025,4,V19_B,int64
hogar,2025,4,IX_TOT,int64
hogar,2025,4,IX_MEN10,int64
hogar,2025,4,IX_MAYEQ10,int64
hogar,2025,4,ITF,int64
hogar,2025,4,DECIFR,int64
hogar,2025,4,IDECIFR,float64
hogar,2025,4,RDECIFR,int64
hogar,2025,4,GDECIFR,float64
hogar,2025,4,PDECIFR,float64
hogar,2025,4,ADECIFR,int64
hogar,2025,4,IPCF,float64
hogar,2025,4,DECCFR,int64
hogar,2025,4,IDECCFR,float64
hogar,2025,4,RDECCFR,int64
hogar,2025,4,GDECCFR,float64
hogar,2025,4,PDECCFR,float64
hogar,2025,4,ADECCFR,int64
hogar,2025,4,PONDIH,int64
hogar,2025,4,VII1_1,int64
hogar,2025,4,VII1_2,int64
hogar,2025,4,VII2_1,int64
hogar,2025,4,VII2_2,int64
hogar,2025,4,VII2_3,int64
hogar,2025,4,VII2_4,int64
hogar,2025,4,V5_01,int64
hogar,2025,4,V21_02,int64
hogar,2025,4,V21_03,int64
hogar,2025,4,V22_02,int64
hogar,2025,4,V22_03,int64
hogar,2025,4,V2_01,int64
individual,2025,4,CODUSU,string
individual,2025,4,ANO4,Int16
individual,2025,4,TRIMESTRE,Int16
individual,2025,4,NRO_HOGAR,Int16
individual,2025,4,COMPONENTE,Int16
individual,2025,4,H15,int64
individual,2025,4,REGION,int64
individual,2025,4,MAS_500,str
individual,2025,4,AGLOMERADO,Int16
individual,2025,4,PONDERA,int64
individual,2025,4,CH03,int64
individual,2025,4,CH04,int64
individual,2025,4,CH05,str
individual,2025,4,CH06,int64
individual,2025,4,CH07,int64
individual,2025,4,CH08,int64
individual,2025,4,CH09,int64
individual,2025,4,CH10,int64
individual,2025,4,CH11,int64
individual,2025,4,CH12,int64
individual,2025,4,CH13,int64
individual,2025,4,CH14,float64
individual,2025,4,CH15,int64
individual,2025,4,CH15_COD,float64
individual,2025,4,CH16,int64
individual,2025,4,CH16_COD,float64
individual,2025,4,NIVEL_ED,int64
individual,2025,4,ESTADO,int64
individual,2025,4,CAT_OCUP,int64
individual,2025,4,CAT_INAC,int64
individual,2025,4,IMPUTA,float64
individual,2025,4,PP02C1,int64
individual,2025,4,PP02C2,int64
individual,2025,4,PP02C3,int64
individual,2025,4,PP02C4,int64
individual,2025,4,PP02C5,int64
individual,2025,4,PP02C6,int64
individual,2025,4,PP02C7,int64
individual,2025,4,PP02C8,int64
individual,2025,4,PP02E,int64
individual,2025,4,PP02H,int64
individual,2025,4,PP02I,int64
individual,2025,4,PP03C,float64
individual,2025,4,PP03D,float64
individual,2025,4,PP3E_TOT,float64
individual,2025,4,PP3F_TOT,float64
individual,2025,4,PP03G,float64
individual,2025,4,PP03H,float64
individual,2025,4,PP03I,float64
individual,2025,4,PP03J,float64
individual,2025,4,INTENSI,float64
individual,2025,4,PP04A,float64
individual,2025,4,PP04B_COD,float64
individual,2025,4,PP04B1,float64
individual,2025,4,PP04B2,float64
individual,2025,4,PP04B3_MES,float64
individual,2025,4,PP04B3_ANO,float64
individual,2025,4,PP04B3_DIA,float64
individual,2025,4,PP04C,float64
individual,2025,4,PP04C99,float64
individual,2025,4,PP04D_COD,float64
individual,2025,4,PP04G,float64
individual,2025,4,PP05B2_MES,float64
individual,2025,4,PP05B2_ANO,float64
individual,2025,4,PP05B2_DIA,float64
individual,2025,4,PP05C_1,float64
individual,2025,4,PP05C_2,float64
individual,2025,4,PP05C_3,float64
individual,2025,4,PP05E,float64
individual,2025,4,PP05F,float64
individual,2025,4,PP05H,float64
individual,2025,4,PP06A,float64
individual,2025,4,PP06C,float64
individual,2025,4,PP06D,float64
individual,2025,4,PP06E,float64
individual,2025,4,PP06H,float64
individual,2025,4,PP07A,float64
individual,2025,4,PP07C,float64
individual,2025,4,PP07D,float64
individual,2025,4,PP07E,float64
individual,2025,4,PP07F1,float64
individual,2025,4,PP07F2,float64
individual,2025,4,PP07F3,float64
individual,2025,4,PP07F4,float64
individual,2025,4,PP07F5,float64
individual,2025,4,PP07G1,float64
individual,2025,4,PP07G2,float64
individual,2025,4,PP07G3,float64
individual,2025,4,PP07G4,float64
individual,2025,4,PP07G_59,float64
individual,2025,4,PP07H,float64
individual,2025,4,PP07I,float64
individual,2025,4,PP07J,float64
individual,2025,4,PP07K,float64
individual,2025,4,PP08D1,float64
individual,2025,4,PP08D4,float64
individual,2025,4,PP08F1,float64
individual,2025,4,PP08F2,float64
individual,2025,4,PP08J1,float64
individual,2025,4,PP08J2,float64
individual,2025,4,PP08J3,float64
individual,2025,4,PP09A,float64
individual,2025,4,PP09A_ESP,str
individual,2025,4,PP09B,float64
individual,2025,4,PP09C,float64
individual,2025,4,PP09C_ESP,str
individual,2025,4,PP10A,float64
individual,2025,4,PP10C,float64
individual,2025,4,PP10D,float64
individual,2025,4,PP10E,float64
individual,2025,4,PP11A,float64
individual,2025,4,PP11B_COD,float64
individual,2025,4,PP11B1,float64
individual,2025,4,PP11B2_MES,float64
individual,2025,4,PP11B2_ANO,float64
individual,2025,4,PP11B2_DIA,float64
individual,2025,4,PP11C,float64
individual,2025,4,PP11C99,float64
individual,2025,4,PP11D_COD,float64
individual,2025,4,PP11G_ANO,float64
individual,2025,4,PP11G_MES,float64
individual,2025,4,PP11G_DIA,float64
individual,2025,4,PP11L,float64
individual,2025,4,PP11L1,float64
individual,2025,4,PP11M,float64
individual,2025,4,PP11N,float64
individual,2025,4,PP11O,float64
individual,2025,4,PP11P,float64
individual,2025,4,PP11Q,float64
individual,2025,4,PP11R,float64
individual,2025,4,PP11S,float64
individual,2025,4,PP11T,float64
individual,2025,4,P21,int64
individual,2025,4,DECOCUR,int64
individual,2025,4,IDECOCUR,float64
individual,2025,4,RDECOCUR,int64
individual,2025,4,GDECOCUR,float64
individual,2025,4,PDECOCUR,float64
individual,2025,4,ADECOCUR,int64
individual,2025,4,PONDIIO,int64
individual,2025,4,TOT_P12,int64
individual,2025,4,P47T,float64
individual,2025,4,DECINDR,int64
individual,2025,4,IDECINDR,float64
individual,2025,4,RDECINDR,int64
individual,2025,4,GDECINDR,float64
individual,2025,4,PDECINDR,float64
individual,2025,4,ADECINDR,int64
individual,2025,4,PONDII,int64
individual,2025,4,V3_M,int64
individual,2025,4,V4_M,int64
individual,2025,4,V8_M,int64
individual,2025,4,V9_M,int64
individual,2025,4,V10_M,int64
individual,2025,4,V12_M,int64
individual,2025,4,V18_M,int64
individual,2025,4,V19_AM,int64
individual,2025,4,T_VI,int64
individual,2025,4,ITF,int64
individual,2025,4,DECIFR,int64
individual,2025,4,IDECIFR,float64
individual,2025,4,RDECIFR,int64
individual,2025,4,GDECIFR,float64
individual,2025,4,PDECIFR,float64
individual,2025,4,ADECIFR,int64
individual,2025,4,IPCF,float64
individual,2025,4,DECCFR,int64
individual,2025,4,IDECCFR,float64
individual,2025,4,RDECCFR,int64
individual,2025,4,GDECCFR,float64
individual,2025,4,PDECCFR,float64
individual,2025,4,ADECCFR,int64
individual,2025,4,PONDIH,int64
individual,2025,4,V2_02_M,int64
individual,2025,4,V2_03_M,int64
individual,2025,4,V5_03_M,int64
individual,2025,4,V11_02_M,int64
individual,2025,4,PP07B1_01,float64
individual,2025,4,EMPLEO,float64
individual,2025,4,SECTOR,float64
individual,2025,4,PP02A,int64
individual,2025,4,PP02B,int64
individual,2025,4,PP02D,int64
individual,2025,4,PP02F,int64
individual,2025,4,PP02G,int64
individual,2025,4,PP03K,float64
individual,2025,4,PP04A1,float64
individual,2025,4,PP05B3,float64
individual,2025,4,PP05I,float64
individual,2025,4,PP05J,float64
individual,2025,4,PP05K,float64
individual,2025,4,PP06E1,float64
individual,2025,4,PP06K,float64
individual,2025,4,PP06K_SEM,float64
individual,2025,4,PP06K_MES,float64
individual,2025,4,PP06L,float64
individual,2025,4,PP07F1_1,float64
individual,2025,4,PP07F1_2,float64
individual,2025,4,PP07F1_3,float64
individual,2025,4,PP07I2,float64
individual,2025,4,PP07I3,float64
individual,2025,4,PP07I4,float64
individual,2025,4,PP07L,float64
individual,2025,4,PP07M,float64
individual,2025,4,PP08G,float64
individual,2025,4,PP08G_DSEM,float64
individual,2025,4,PP08G_DMES,float64
individual,2025,4,PP08H,float64
individual,2025,4,PP10B1,float64
individual,2025,4,PP10B2,float64
individual,2025,4,PP10B3,float64
individual,2025,4,PP10B4,float64
individual,2025,4,PP10B5,float64
individual,2025,4,PP10B6,float64
individual,2025,4,PP10B7,float64
individual,2025,4,PP10B8,float64
individual,2025,4,PP10B9,float64
individual,2025,4,PP10B10,float64
individual,2025,4,PP11L2,float64
individual,2025,4,V2_01_M,int64
individual,2025,4,V5_01_M,int64
individual,2025,4,V5_02_M,int64
individual,2025,4,V11_01_M,int64
individual,2025,4,V21_01_M,int64
individual,2025,4,V21_02_M,int64
individual,2025,4,V21_03_M,int64
individual,2025,4,V22_01_M,int64
individual,2025,4,V22_02_M,int64
individual,2025,4,V22_03_M,int64
individual,2025,4,P_DECCF,float64
individual,2025,4,P_RDECCF,float64
individual,2025,4,P_GDECCF,float64
individual,2025,4,P_PDECCF,float64
individual,2025,4,P_IDECCF,float64
individual,2025,4,P_ADECCF,float64
