h,anio_t,trimestre_t,era,decil_t,n_hogares,n_se_jubila,n_nacimientos,n_alta_activo_menor_asiste_entra_activo,n_alta_activo_menor_asiste_inactivo_a_activo,n_alta_activo_menor_no_asiste_no_completo_entra_activo,n_alta_activo_menor_no_asiste_no_completo_inactivo_a_activo,n_alta_activo_menor_termino_inactivo_a_activo,n_alta_activo_menor,n_alta_activo_menor_termino_entra_activo,n_solo_laborales,n_solo_previsionales,n_mixto,n_sin_perceptores
1,2003,3,historica,TODOS,5373,75,97,4,51,3,19,5,82,0,3437,827,829,279
1,2003,3,historica,1,576,3,20,2,12,2,14,1,31,0,461,22,38,54
1,2003,3,historica,2,571,5,24,0,7,0,2,0,9,0,416,53,66,36
1,2003,3,historica,3,605,4,12,0,14,0,1,1,16,0,420,84,81,20
1,2003,3,historica,4,569,8,7,0,6,0,1,1,8,0,391,75,87,16
1,2003,3,historica,5,501,9,8,0,5,1,0,0,6,0,281,126,82,12
1,2003,3,historica,6,505,12,7,0,1,0,1,1,3,0,298,92,103,12
1,2003,3,historica,7,493,2,5,1,3,0,0,1,5,0,288,96,100,9
1,2003,3,historica,8,497,10,5,0,2,0,0,0,2,0,294,95,97,11
1,2003,3,historica,9,477,9,3,0,0,0,0,0,0,0,272,99,94,12
1,2003,3,historica,10,438,13,4,1,0,0,0,0,1,0,264,85,81,8
1,2003,4,historica,TODOS,5206,108,84,7,43,5,16,3,74,0,3394,740,827,244
1,2003,4,historica,1,590,6,16,2,19,2,4,0,27,0,494,22,28,46
1,2003,4,historica,2,606,6,10,2,6,2,5,0,15,0,441,78,64,23
1,2003,4,historica,3,581,13,14,1,7,0,4,1,13,0,410,69,86,15
1,2003,4,historica,4,551,12,8,0,3,1,1,0,5,0,355,71,112,13
1,2003,4,historica,5,518,13,8,1,1,0,0,0,2,0,286,122,100,10
1,2003,4,historica,6,536,13,6,0,6,0,1,0,7,0,343,73,105,15
1,2003,4,historica,7,471,11,4,1,0,0,0,0,1,0,288,75,89,19
1,2003,4,historica,8,467,11,8,0,0,0,0,1,1,0,272,102,86,7
1,2003,4,historica,9,395,13,7,0,0,0,0,1,1,0,229,75,83,8
1,2003,4,historica,10,376,9,2,0,0,0,0,0,0,0,247,52,74,3
1,2004,1,historica,TODOS,5299,79,94,8,53,4,22,3,90,0,3476,760,799,262
1,2004,1,historica,1,620,5,21,1,27,3,8,1,40,0,498,22,39,61
1,2004,1,historica,2,578,8,12,1,8,1,4,1,15,0,421,71,55,30
1,2004,1,historica,3,558,8,11,0,2,0,7,0,9,0,381,61,95,21
1,2004,1,historica,4,584,4,11,2,6,0,1,0,9,0,387,82,88,27
1,2004,1,historica,5,517,8,7,0,3,0,1,1,5,0,297,112,91,17
1,2004,1,historica,6,528,11,9,2,0,0,0,0,2,0,309,96,100,23
1,2004,1,historica,7,489,8,5,0,3,0,0,0,3,0,296,80,99,14
1,2004,1,historica,8,445,7,4,1,1,0,0,0,2,0,264,86,87,8
1,2004,1,historica,9,486,12,6,0,3,0,0,0,3,0,309,88,83,6
1,2004,1,historica,10,400,7,7,1,0,0,0,0,1,0,274,62,62,2
1,2004,2,historica,TODOS,5744,120,96,4,42,8,27,0,82,1,3800,801,860,281
1,2004,2,historica,1,680,11,21,1,9,2,12,0,24,0,542,31,67,39
1,2004,2,historica,2,601,14,17,0,11,0,3,0,14,0,441,50,85,25
1,2004,2,historica,3,572,11,14,1,5,1,5,0,13,1,403,62,83,24
1,2004,2,historica,4,543,15,9,1,4,1,0,0,6,0,382,61,76,24
1,2004,2,historica,5,562,6,9,1,1,0,2,0,4,0,339,122,87,14
1,2004,2,historica,6,564,18,10,0,2,1,2,0,5,0,337,85,112,30
1,2004,2,historica,7,506,11,3,0,1,1,1,0,3,0,310,85,89,22
1,2004,2,historica,8,494,15,2,0,3,0,1,0,4,0,342,58,85,9
1,2004,2,historica,9,514,8,3,0,2,0,0,0,2,0,345,63,96,10
1,2004,2,historica,10,463,10,4,0,2,1,0,0,3,0,328,50,77,8
1,2004,3,historica,TODOS,5651,105,85,2,58,7,39,1,107,0,3733,775,860,281
1,2004,3,historica,1,677,6,22,1,18,5,20,0,44,0,551,17,51,58
1,2004,3,historica,2,598,11,17,0,17,1,9,0,27,0,441,45,79,32
1,2004,3,historica,3,619,10,11,0,8,1,5,1,15,0,436,73,84,26
1,2004,3,historica,4,556,6,5,1,4,0,1,0,6,0,341,103,87,25
1,2004,3,historica,5,588,12,9,0,7,0,1,0,8,0,362,109,87,30
1,2004,3,historica,6,579,16,10,0,1,0,1,0,2,0,358,98,109,14
1,2004,3,historica,7,561,11,2,0,3,0,2,0,5,0,330,108,99,24
1,2004,3,historica,8,489,6,1,0,0,0,0,0,0,0,306,81,91,11
1,2004,3,historica,9,494,11,1,0,0,0,0,0,0,0,314,67,104,9
1,2004,3,historica,10,422,15,6,0,0,0,0,0,0,0,272,74,69,6
1,2004,4,historica,TODOS,5506,100,100,5,57,4,30,6,102,0,3596,771,896,243
1,2004,4,historica,1,674,3,25,3,23,2,11,1,40,0,546,34,32,62
1,2004,4,historica,2,614,13,13,2,10,2,9,2,25,0,460,41,87,26
1,2004,4,historica,3,574,9,20,0,5,0,4,1,10,0,382,80,94,18
1,2004,4,historica,4,599,11,12,0,5,0,0,2,7,0,384,91,107,17
1,2004,4,historica,5,533,5,3,0,7,0,0,0,7,0,318,107,83,25
1,2004,4,historica,6,513,12,5,0,4,0,3,0,7,0,298,95,108,12
1,2004,4,historica,7,504,11,4,0,2,0,1,0,3,0,290,95,100,19
1,2004,4,historica,8,490,12,4,0,0,0,1,0,1,0,276,102,101,11
1,2004,4,historica,9,491,9,6,0,1,0,1,0,2,0,312,76,98,5
1,2004,4,historica,10,453,15,6,0,0,0,0,0,0,0,311,50,86,6
1,2005,1,historica,TODOS,5567,79,99,4,31,8,22,3,70,2,3633,767,881,286
1,2005,1,historica,1,658,2,31,0,8,4,9,2,23,0,520,22,33,83
1,2005,1,historica,2,581,9,18,1,6,3,9,0,19,0,431,44,68,38
1,2005,1,historica,3,575,3,7,0,6,0,2,1,9,0,417,65,76,17
1,2005,1,historica,4,594,9,10,2,5,0,2,0,9,0,392,79,107,16
1,2005,1,historica,5,570,8,5,0,2,0,0,0,2,0,333,129,84,24
1,2005,1,historica,6,545,6,6,1,1,0,0,0,3,1,326,95,105,19
1,2005,1,historica,7,517,9,5,0,1,0,0,0,1,0,306,92,101,18
1,2005,1,historica,8,509,14,6,0,0,0,0,0,0,0,299,84,110,16
1,2005,1,historica,9,493,10,4,0,2,1,0,0,4,1,294,88,101,10
1,2005,1,historica,10,459,9,6,0,0,0,0,0,0,0,295,66,96,2
1,2005,2,historica,TODOS,5621,105,105,3,42,8,26,0,79,0,3702,769,858,292
1,2005,2,historica,1,662,4,26,0,17,4,15,0,36,0,517,36,47,62
1,2005,2,historica,2,601,5,23,1,6,1,2,0,10,0,446,56,63,36
1,2005,2,historica,3,602,9,15,0,6,0,4,0,10,0,418,77,77,30
1,2005,2,historica,4,577,15,10,0,5,1,1,0,7,0,382,91,88,16
1,2005,2,historica,5,536,12,5,2,2,1,3,0,8,0,308,138,70,20
1,2005,2,historica,6,576,11,9,0,3,0,0,0,3,0,361,84,98,33
1,2005,2,historica,7,532,18,4,0,0,1,0,0,1,0,317,89,109,17
1,2005,2,historica,8,522,18,3,0,2,0,1,0,3,0,305,72,130,15
1,2005,2,historica,9,473,8,3,0,1,0,0,0,1,0,292,80,90,11
1,2005,2,historica,10,477,5,4,0,0,0,0,0,0,0,333,44,85,15
1,2005,3,historica,TODOS,5724,90,110,3,53,3,30,0,91,2,3775,788,914,246
1,2005,3,historica,1,628,7,20,2,20,2,14,0,38,0,486,20,55,67
1,2005,3,historica,2,697,7,25,1,15,1,11,0,29,1,535,62,80,20
1,2005,3,historica,3,601,6,14,0,6,0,0,0,7,1,407,69,98,27
1,2005,3,historica,4,544,5,9,0,4,0,2,0,6,0,347,87,88,22
1,2005,3,historica,5,549,10,6,0,3,0,0,0,3,0,321,117,100,11
1,2005,3,historica,6,557,12,5,0,1,0,1,0,2,0,309,113,116,18
1,2005,3,historica,7,570,14,5,0,2,0,1,0,3,0,345,96,102,27
1,2005,3,historica,8,556,8,9,0,0,0,0,0,0,0,351,101,97,7
1,2005,3,historica,9,521,10,12,0,2,0,0,0,2,0,340,66,108,7
1,2005,3,historica,10,448,11,5,0,0,0,0,0,0,0,316,57,70,5
1,2005,4,historica,TODOS,5510,101,93,4,60,4,18,4,91,1,3571,768,935,236
1,2005,4,historica,1,668,9,22,1,17,1,8,1,29,1,529,26,47,66
1,2005,4,historica,2,636,8,14,2,17,1,1,1,22,0,474,51,89,22
1,2005,4,historica,3,551,8,11,0,9,1,5,0,15,0,364,64,104,19
1,2005,4,historica,4,564,10,9,1,6,1,1,1,10,0,354,85,96,29
1,2005,4,historica,5,544,12,4,0,4,0,1,0,5,0,306,111,115,12
1,2005,4,historica,6,547,12,7,0,2,0,1,0,3,0,293,121,116,17
1,2005,4,historica,7,556,16,6,0,2,0,0,0,2,0,326,108,106,16
1,2005,4,historica,8,471,11,5,0,1,0,0,1,2,0,286,73,103,9
1,2005,4,historica,9,481,10,11,0,1,0,1,0,2,0,302,78,90,11
1,2005,4,historica,10,449,5,4,0,0,0,0,0,0,0,321,51,69,8
1,2006,1,historica,TODOS,5629,66,107,0,48,2,26,2,78,0,3696,768,879,286
1,2006,1,historica,1,666,4,32,0,16,1,13,0,30,0,494,39,55,78
1,2006,1,historica,2,630,6,13,0,14,0,7,0,21,0,454,62,83,31
1,2006,1,historica,3,600,7,17,0,12,0,3,0,15,0,406,72,88,34
1,2006,1,historica,4,627,4,9,0,2,0,1,0,3,0,392,98,103,34
1,2006,1,historica,5,520,3,6,0,1,1,1,0,3,0,304,119,76,21
1,2006,1,historica,6,534,9,10,0,2,0,0,0,2,0,345,79,94,16
1,2006,1,historica,7,544,11,7,0,1,0,0,0,1,0,332,96,104,12
1,2006,1,historica,8,541,11,5,0,0,0,0,0,0,0,336,97,100,8
1,2006,1,historica,9,463,5,5,0,0,0,0,0,0,0,294,71,87,11
1,2006,1,historica,10,450,6,3,0,0,0,0,2,2,0,322,35,89,4
1,2006,2,historica,TODOS,5830,138,98,5,30,4,24,0,65,2,3860,764,909,297
1,2006,2,historica,1,673,10,15,1,11,3,13,0,29,1,520,31,46,76
1,2006,2,historica,2,678,12,23,0,7,0,3,0,10,0,500,76,71,31
1,2006,2,historica,3,628,13,10,1,3,1,2,0,7,0,413,85,102,28
1,2006,2,historica,4,601,13,7,1,1,0,2,0,5,1,384,81,95,41
1,2006,2,historica,5,522,11,12,1,2,0,1,0,4,0,299,135,71,17
1,2006,2,historica,6,564,21,4,0,1,0,2,0,3,0,348,85,112,19
1,2006,2,historica,7,578,9,7,1,1,0,0,0,2,0,343,86,128,21
1,2006,2,historica,8,486,16,5,0,1,0,0,0,1,0,306,75,89,16
1,2006,2,historica,9,565,11,8,0,1,0,0,0,1,0,388,69,99,9
1,2006,2,historica,10,486,22,6,0,1,0,0,0,1,0,341,41,96,8
1,2006,3,historica,TODOS,7795,132,151,5,53,12,35,2,109,2,5199,1006,1239,349
1,2006,3,historica,1,897,14,42,3,28,5,15,1,53,1,685,35,74,102
1,2006,3,historica,2,835,10,23,2,9,3,6,0,20,0,626,72,97,40
1,2006,3,historica,3,785,7,21,0,3,2,4,1,10,0,542,110,102,31
1,2006,3,historica,4,834,16,12,0,3,1,4,0,8,0,533,126,145,30
1,2006,3,historica,5,732,15,11,0,3,0,0,0,3,0,423,149,138,22
1,2006,3,historica,6,753,18,3,0,3,0,2,0,5,0,464,120,137,32
1,2006,3,historica,7,742,11,13,0,3,0,1,0,4,0,473,125,130,13
1,2006,3,historica,8,763,17,11,0,0,0,2,0,2,0,477,118,151,17
1,2006,3,historica,9,709,10,9,0,1,0,0,0,2,1,492,77,130,10
1,2006,3,historica,10,684,13,5,0,0,1,0,0,1,0,469,73,135,7
1,2006,4,historica,TODOS,7472,174,125,1,64,14,27,12,119,1,4891,1020,1276,285
1,2006,4,historica,1,903,10,29,0,18,7,13,2,40,0,685,50,77,91
1,2006,4,historica,2,805,11,18,0,14,1,5,4,24,0,587,80,105,33
1,2006,4,historica,3,740,18,19,0,9,0,3,2,14,0,506,85,120,29
1,2006,4,historica,4,755,22,13,0,8,1,3,3,16,1,496,101,140,18
1,2006,4,historica,5,802,18,6,0,3,0,3,0,6,0,443,193,147,19
1,2006,4,historica,6,709,18,7,0,3,2,0,0,5,0,430,115,144,20
1,2006,4,historica,7,724,12,7,1,3,2,0,0,6,0,463,97,146,18
1,2006,4,historica,8,661,24,8,0,2,1,0,0,3,0,399,122,134,6
1,2006,4,historica,9,688,18,7,0,0,0,0,0,0,0,435,102,140,11
1,2006,4,historica,10,631,23,11,0,3,0,0,0,3,0,429,72,123,7
1,2007,1,historica,TODOS,7532,162,141,3,65,6,49,2,125,0,4844,1099,1308,280
1,2007,1,historica,1,882,17,28,1,23,0,18,0,42,0,666,55,74,86
1,2007,1,historica,2,771,14,23,1,16,2,12,0,31,0,533,76,129,33
1,2007,1,historica,3,764,14,18,0,9,3,7,1,20,0,514,88,136,26
1,2007,1,historica,4,772,20,12,0,6,0,4,0,10,0,486,113,150,23
1,2007,1,historica,5,717,12,11,0,1,1,2,0,4,0,427,169,108,13
1,2007,1,historica,6,801,19,11,1,2,0,3,0,6,0,468,166,152,15
1,2007,1,historica,7,704,26,9,0,2,0,2,0,4,0,383,141,161,19
1,2007,1,historica,8,712,17,11,0,5,0,1,0,6,0,423,129,145,15
1,2007,1,historica,9,711,12,8,0,0,0,0,0,0,0,478,90,138,5
1,2007,1,historica,10,634,11,8,0,0,0,0,1,1,0,444,68,115,7
1,2007,4,historica,TODOS,7117,164,115,8,44,6,28,7,93,0,4589,1014,1258,256
1,2007,4,historica,1,858,13,33,3,23,0,13,3,42,0,619,59,91,89
1,2007,4,historica,2,764,14,17,2,10,2,5,1,20,0,545,81,100,38
1,2007,4,historica,3,769,16,16,2,6,1,4,1,14,0,507,106,132,24
1,2007,4,historica,4,758,13,10,0,0,2,2,1,5,0,471,132,131,24
1,2007,4,historica,5,654,17,9,1,1,0,0,0,2,0,347,173,125,9
1,2007,4,historica,6,662,22,7,0,2,0,1,0,3,0,381,107,161,13
1,2007,4,historica,7,711,16,3,0,2,0,2,0,4,0,419,115,171,6
1,2007,4,historica,8,610,20,5,0,0,1,1,1,3,0,401,84,115,10
1,2007,4,historica,9,646,18,8,0,0,0,0,0,0,0,447,78,120,1
1,2007,4,historica,10,625,15,6,0,0,0,0,0,0,0,433,74,112,6
1,2008,1,historica,TODOS,7379,141,138,1,41,5,41,2,91,1,4650,1097,1389,243
1,2008,1,historica,1,852,12,33,0,17,2,18,0,37,0,629,52,83,88
1,2008,1,historica,2,804,13,27,0,8,2,11,1,22,0,534,103,145,22
1,2008,1,historica,3,788,12,12,0,5,0,3,0,9,1,509,108,144,27
1,2008,1,historica,4,773,18,15,0,8,1,4,0,13,0,483,128,143,19
1,2008,1,historica,5,692,13,11,0,1,0,2,1,4,0,366,162,147,17
1,2008,1,historica,6,701,13,7,0,0,0,0,0,0,0,410,137,141,13
1,2008,1,historica,7,669,8,8,1,0,0,3,0,4,0,379,147,130,13
1,2008,1,historica,8,668,21,7,0,2,0,0,0,2,0,391,99,171,7
1,2008,1,historica,9,704,16,8,0,0,0,0,0,0,0,461,78,157,8
1,2008,1,historica,10,678,15,8,0,0,0,0,0,0,0,467,81,128,2
1,2008,2,historica,TODOS,7400,160,111,3,44,7,26,2,83,1,4594,1096,1383,323
1,2008,2,historica,1,872,11,33,1,17,2,20,1,41,0,592,68,108,101
1,2008,2,historica,2,819,20,16,0,13,0,4,0,17,0,571,97,124,26
1,2008,2,historica,3,791,15,18,0,3,1,0,0,4,0,495,95,178,23
1,2008,2,historica,4,735,13,6,1,5,1,0,0,7,0,423,135,149,28
1,2008,2,historica,5,758,9,7,1,2,0,0,1,4,0,383,212,130,33
1,2008,2,historica,6,681,16,6,0,2,2,1,0,5,0,398,117,148,18
1,2008,2,historica,7,730,26,9,0,1,1,1,0,4,1,457,107,143,23
1,2008,2,historica,8,632,19,6,0,1,0,0,0,1,0,375,93,155,9
1,2008,2,historica,9,677,15,5,0,0,0,0,0,0,0,426,92,145,14
1,2008,2,historica,10,639,16,5,0,0,0,0,0,0,0,448,78,103,10
1,2008,3,historica,TODOS,7452,174,115,2,54,6,34,1,98,1,4645,1052,1476,279
1,2008,3,historica,1,844,15,19,0,23,2,17,1,43,0,607,66,98,73
1,2008,3,historica,2,778,11,24,0,10,0,8,0,18,0,559,74,121,24
1,2008,3,historica,3,862,19,12,2,7,1,2,0,12,0,529,109,186,38
1,2008,3,historica,4,696,23,10,0,1,2,4,0,8,1,403,135,138,20
1,2008,3,historica,5,796,13,12,0,4,0,2,0,6,0,451,162,165,18
1,2008,3,historica,6,718,12,12,0,2,0,0,0,2,0,413,123,157,25
1,2008,3,historica,7,672,15,11,0,3,0,0,0,3,0,384,123,153,12
1,2008,3,historica,8,690,25,4,0,1,1,0,0,2,0,399,109,170,12
1,2008,3,historica,9,691,19,7,0,2,0,1,0,3,0,456,77,149,9
1,2008,3,historica,10,645,20,3,0,0,0,0,0,0,0,426,74,139,6
1,2008,4,historica,TODOS,7175,179,117,3,47,3,17,6,76,0,4545,1021,1343,266
1,2008,4,historica,1,858,12,31,0,12,1,10,1,24,0,599,61,99,99
1,2008,4,historica,2,811,13,16,1,19,0,4,0,24,0,559,90,135,27
1,2008,4,historica,3,701,15,8,0,1,0,2,2,5,0,472,85,123,21
1,2008,4,historica,4,746,14,14,1,5,0,1,0,7,0,419,157,159,11
1,2008,4,historica,5,711,16,13,0,3,1,0,1,5,0,378,182,137,14
1,2008,4,historica,6,749,23,5,0,3,1,0,1,5,0,438,123,172,16
1,2008,4,historica,7,657,23,5,0,2,0,0,1,3,0,397,115,133,12
1,2008,4,historica,8,655,28,9,1,1,0,0,0,2,0,404,87,153,11
1,2008,4,historica,9,607,17,12,0,1,0,0,0,1,0,417,62,119,9
1,2008,4,historica,10,631,18,4,0,0,0,0,0,0,0,454,55,113,9
1,2009,1,historica,TODOS,7177,175,116,2,47,6,29,3,87,0,4514,1055,1321,286
1,2009,1,historica,1,859,13,31,0,19,2,12,1,34,0,611,62,96,90
1,2009,1,historica,2,808,8,20,0,14,2,8,0,24,0,539,97,141,31
1,2009,1,historica,3,779,16,18,1,5,1,3,0,10,0,521,82,145,31
1,2009,1,historica,4,772,12,10,0,3,0,2,1,6,0,412,198,142,19
1,2009,1,historica,5,650,15,1,0,1,0,2,0,3,0,396,123,116,15
1,2009,1,historica,6,695,24,12,1,1,0,2,1,5,0,395,136,136,28
1,2009,1,historica,7,692,20,8,0,3,0,0,0,3,0,407,120,160,5
1,2009,1,historica,8,622,25,7,0,0,1,0,0,1,0,378,87,143,14
1,2009,1,historica,9,635,21,5,0,1,0,0,0,1,0,408,87,133,7
1,2009,1,historica,10,599,21,3,0,0,0,0,0,0,0,427,60,109,3
1,2009,2,historica,TODOS,7237,190,96,2,35,7,17,1,62,0,4433,1095,1392,314
1,2009,2,historica,1,863,11,26,1,14,2,8,1,26,0,611,73,84,95
1,2009,2,historica,2,776,17,10,1,8,2,4,0,15,0,525,89,132,29
1,2009,2,historica,3,745,16,12,0,5,0,4,0,9,0,464,98,162,21
1,2009,2,historica,4,734,23,12,0,3,1,1,0,5,0,424,141,142,27
1,2009,2,historica,5,722,20,8,0,0,0,0,0,0,0,358,206,123,35
1,2009,2,historica,6,723,23,8,0,3,1,0,0,4,0,424,133,131,35
1,2009,2,historica,7,678,19,5,0,1,0,0,0,1,0,382,111,173,11
1,2009,2,historica,8,691,17,7,0,1,1,0,0,2,0,415,95,168,13
1,2009,2,historica,9,645,26,4,0,0,0,0,0,0,0,390,90,154,11
1,2009,2,historica,10,614,17,4,0,0,0,0,0,0,0,428,56,123,6
1,2009,3,historica,TODOS,7365,180,88,4,36,6,29,2,79,2,4535,1093,1456,280
1,2009,3,historica,1,865,28,19,2,17,1,18,1,40,1,592,72,111,90
1,2009,3,historica,2,825,16,11,1,5,3,4,1,14,0,525,97,168,35
1,2009,3,historica,3,772,15,9,1,3,1,6,0,11,0,475,129,133,34
1,2009,3,historica,4,706,11,7,0,2,0,0,0,2,0,396,158,138,14
1,2009,3,historica,5,751,20,11,0,3,1,1,0,5,0,414,142,182,13
1,2009,3,historica,6,681,21,6,0,1,0,0,0,1,0,403,123,140,15
1,2009,3,historica,7,691,17,7,0,1,0,0,0,1,0,402,109,164,16
1,2009,3,historica,8,649,21,7,0,1,0,0,0,2,1,393,85,162,9
1,2009,3,historica,9,672,14,7,0,1,0,0,0,1,0,417,104,139,12
1,2009,3,historica,10,697,17,4,0,1,0,0,0,1,0,500,72,119,6
1,2009,4,historica,TODOS,7078,187,120,2,43,4,13,3,66,1,4390,1069,1370,248
1,2009,4,historica,1,822,20,27,0,13,2,5,0,20,0,566,70,103,83
1,2009,4,historica,2,804,18,22,0,14,0,2,0,16,0,543,87,145,29
1,2009,4,historica,3,760,13,19,0,5,1,1,0,7,0,472,125,131,32
1,2009,4,historica,4,693,15,7,0,5,1,3,0,9,0,395,141,141,16
1,2009,4,historica,5,677,20,12,2,2,0,1,2,7,0,366,178,115,18
1,2009,4,historica,6,703,17,6,0,2,0,0,1,3,0,414,128,150,11
1,2009,4,historica,7,664,20,10,0,1,0,0,0,1,0,390,104,165,5
1,2009,4,historica,8,648,21,6,0,1,0,0,0,1,0,415,84,140,9
1,2009,4,historica,9,646,16,5,0,0,0,0,0,1,1,411,76,148,11
1,2009,4,historica,10,615,26,5,0,0,0,0,0,0,0,401,73,132,9
1,2010,1,historica,TODOS,7117,162,119,1,26,1,20,0,48,0,4333,1105,1433,246
1,2010,1,historica,1,907,27,38,0,14,1,12,0,27,0,614,85,123,85
1,2010,1,historica,2,833,14,16,1,4,0,4,0,9,0,551,90,163,29
1,2010,1,historica,3,755,10,5,0,3,0,0,0,3,0,458,113,164,20
1,2010,1,historica,4,691,15,12,0,1,0,1,0,2,0,374,163,132,22
1,2010,1,historica,5,702,13,12,0,2,0,2,0,4,0,371,155,156,20
1,2010,1,historica,6,662,21,6,0,2,0,0,0,2,0,372,123,157,10
1,2010,1,historica,7,681,15,5,0,0,0,1,0,1,0,406,119,145,11
1,2010,1,historica,8,582,12,10,0,0,0,0,0,0,0,339,100,129,14
1,2010,1,historica,9,644,22,5,0,0,0,0,0,0,0,414,83,141,6
1,2010,1,historica,10,622,12,8,0,0,0,0,0,0,0,422,72,123,5
1,2010,2,historica,TODOS,7234,157,114,2,33,5,13,0,53,0,4406,1111,1419,298
1,2010,2,historica,1,876,10,32,1,15,4,6,0,26,0,571,86,128,91
1,2010,2,historica,2,783,20,15,0,6,1,4,0,11,0,514,90,143,36
1,2010,2,historica,3,731,13,17,1,5,0,1,0,7,0,442,105,164,20
1,2010,2,historica,4,725,11,10,0,5,0,0,0,5,0,393,183,131,18
1,2010,2,historica,5,759,11,8,0,0,0,0,0,0,0,415,198,117,29
1,2010,2,historica,6,645,12,10,0,0,0,1,0,1,0,385,97,153,10
1,2010,2,historica,7,683,16,4,0,2,0,0,0,2,0,390,111,160,22
1,2010,2,historica,8,660,24,5,0,0,0,1,0,1,0,400,98,147,15
1,2010,2,historica,9,690,24,10,0,0,0,0,0,0,0,440,75,162,13
1,2010,2,historica,10,627,16,3,0,0,0,0,0,0,0,442,64,114,7
1,2010,3,historica,TODOS,7308,164,102,2,26,7,18,0,54,1,4474,1150,1443,241
1,2010,3,historica,1,858,14,28,1,12,1,9,0,23,0,569,83,123,83
1,2010,3,historica,2,845,16,14,0,7,1,3,0,11,0,554,112,154,25
1,2010,3,historica,3,803,14,12,0,5,1,4,0,10,0,472,138,173,20
1,2010,3,historica,4,637,14,10,0,1,0,0,0,1,0,318,167,141,11
1,2010,3,historica,5,685,17,7,0,0,1,0,0,1,0,394,130,137,24
1,2010,3,historica,6,717,15,4,0,0,1,0,0,2,1,399,143,159,16
1,2010,3,historica,7,676,14,9,0,1,1,1,0,3,0,413,105,142,16
1,2010,3,historica,8,716,25,8,0,0,1,0,0,1,0,450,105,155,6
1,2010,3,historica,9,684,16,7,1,0,0,0,0,1,0,448,78,149,9
1,2010,3,historica,10,638,18,3,0,0,0,0,0,0,0,436,89,110,3
1,2010,4,historica,TODOS,7148,181,127,1,35,6,13,4,60,1,4291,1169,1449,239
1,2010,4,historica,1,830,18,28,1,13,3,6,2,25,0,559,94,86,91
1,2010,4,historica,2,781,22,29,0,9,0,3,1,13,0,522,73,170,16
1,2010,4,historica,3,778,19,15,0,4,2,1,1,8,0,451,135,169,23
1,2010,4,historica,4,712,17,8,0,7,0,2,0,10,1,384,158,154,16
1,2010,4,historica,5,748,19,8,0,1,1,1,0,3,0,375,199,153,21
1,2010,4,historica,6,670,12,12,0,0,0,0,0,0,0,397,111,159,3
1,2010,4,historica,7,696,23,9,0,0,0,0,0,0,0,388,128,170,10
1,2010,4,historica,8,655,15,5,0,1,0,0,0,1,0,414,100,131,10
1,2010,4,historica,9,629,17,4,0,0,0,0,0,0,0,393,88,138,10
1,2010,4,historica,10,604,18,8,0,0,0,0,0,0,0,397,83,119,5
1,2011,1,historica,TODOS,7142,165,156,0,29,2,16,0,48,1,4296,1131,1431,284
1,2011,1,historica,1,884,16,42,0,11,2,12,0,25,0,600,71,114,99
1,2011,1,historica,2,808,11,15,0,6,0,1,0,7,0,535,80,155,38
1,2011,1,historica,3,698,13,15,0,6,0,0,0,6,0,423,120,133,22
1,2011,1,historica,4,693,16,16,0,1,0,2,0,3,0,362,178,133,20
1,2011,1,historica,5,723,17,16,0,2,0,0,0,2,0,395,146,157,25
1,2011,1,historica,6,703,13,17,0,1,0,0,0,1,0,401,121,162,19
1,2011,1,historica,7,605,23,5,0,1,0,1,0,3,1,330,125,136,14
1,2011,1,historica,8,656,20,5,0,0,0,0,0,0,0,382,117,148,9
1,2011,1,historica,9,652,26,13,0,0,0,0,0,0,0,386,103,155,8
1,2011,1,historica,10,680,10,12,0,0,0,0,0,0,0,467,70,138,5
1,2011,2,historica,TODOS,7225,166,125,5,31,5,14,1,56,0,4431,1078,1409,306
1,2011,2,historica,1,877,24,33,3,7,1,6,0,17,0,570,72,143,92
1,2011,2,historica,2,766,11,20,1,11,2,2,0,16,0,522,76,135,32
1,2011,2,historica,3,800,11,13,0,6,0,1,1,8,0,505,110,162,23
1,2011,2,historica,4,787,25,15,0,0,1,2,0,3,0,423,162,157,45
1,2011,2,historica,5,698,6,9,1,2,0,1,0,4,0,379,169,140,10
1,2011,2,historica,6,701,21,8,0,2,0,0,0,2,0,439,109,129,24
1,2011,2,historica,7,647,14,8,0,0,0,0,0,0,0,374,112,141,20
1,2011,2,historica,8,666,16,9,0,1,1,2,0,4,0,413,90,154,9
1,2011,2,historica,9,614,23,4,0,0,0,0,0,0,0,387,70,149,8
1,2011,2,historica,10,612,14,6,0,0,0,0,0,0,0,405,104,99,4
1,2011,3,historica,TODOS,7187,203,105,1,14,5,19,0,41,2,4355,1096,1517,219
1,2011,3,historica,1,872,22,26,0,5,1,7,0,15,2,593,69,129,81
1,2011,3,historica,2,804,25,15,0,2,1,4,0,7,0,525,87,170,22
1,2011,3,historica,3,720,20,20,0,3,1,2,0,6,0,454,94,145,27
1,2011,3,historica,4,711,19,11,1,3,0,2,0,6,0,374,173,146,18
1,2011,3,historica,5,696,18,13,0,0,0,2,0,2,0,387,131,165,13
1,2011,3,historica,6,683,21,5,0,1,1,1,0,3,0,361,129,179,14
1,2011,3,historica,7,621,16,5,0,0,0,0,0,0,0,347,115,154,5
1,2011,3,historica,8,669,23,0,0,0,0,0,0,0,0,398,115,146,10
1,2011,3,historica,9,692,27,7,0,0,1,0,0,1,0,431,96,162,3
1,2011,3,historica,10,676,12,2,0,0,0,1,0,1,0,468,86,121,1
1,2011,4,historica,TODOS,7115,182,113,2,24,5,12,3,46,0,4294,1159,1444,217
1,2011,4,historica,1,799,12,30,0,8,1,5,1,15,0,530,78,99,91
1,2011,4,historica,2,755,14,15,0,4,1,3,0,8,0,508,67,155,25
1,2011,4,historica,3,738,15,14,1,1,2,1,0,5,0,477,89,158,14
1,2011,4,historica,4,789,15,13,0,8,0,2,2,12,0,441,159,180,9
1,2011,4,historica,5,660,16,8,0,1,0,0,0,1,0,329,194,124,13
1,2011,4,historica,6,699,21,10,0,1,1,1,0,3,0,390,129,168,12
1,2011,4,historica,7,692,22,6,0,0,0,0,0,0,0,369,149,161,13
1,2011,4,historica,8,686,23,4,0,1,0,0,0,1,0,414,122,143,7
1,2011,4,historica,9,660,27,8,1,0,0,0,0,1,0,410,89,159,2
1,2011,4,historica,10,600,16,5,0,0,0,0,0,0,0,417,80,97,6
1,2012,1,historica,TODOS,7039,156,110,4,25,0,17,1,47,0,4243,1166,1348,281
1,2012,1,historica,1,772,9,38,0,11,0,6,0,17,0,531,65,81,95
1,2012,1,historica,2,807,15,18,2,5,0,7,0,14,0,548,81,158,20
1,2012,1,historica,3,776,14,10,0,2,0,2,1,5,0,459,104,179,34
1,2012,1,historica,4,751,17,15,0,5,0,0,0,5,0,394,188,144,24
1,2012,1,historica,5,675,11,5,0,1,0,0,0,1,0,363,143,157,12
1,2012,1,historica,6,673,17,5,1,1,0,1,0,3,0,352,162,137,22
1,2012,1,historica,7,638,22,6,0,0,0,0,0,0,0,377,117,134,10
1,2012,1,historica,8,630,14,2,0,0,0,1,0,1,0,386,108,126,10
1,2012,1,historica,9,638,18,8,0,0,0,0,0,0,0,406,113,113,6
1,2012,1,historica,10,623,18,3,0,0,0,0,0,0,0,413,82,119,9
1,2012,2,historica,TODOS,7155,176,90,7,45,7,20,1,80,0,4313,1128,1421,292
1,2012,2,historica,1,780,11,20,3,13,1,10,0,27,0,538,67,93,82
1,2012,2,historica,2,825,17,20,0,17,2,7,0,26,0,560,82,160,23
1,2012,2,historica,3,794,24,13,1,7,2,1,0,11,0,506,87,165,36
1,2012,2,historica,4,707,10,9,0,3,1,1,0,5,0,383,155,136,32
1,2012,2,historica,5,693,22,2,1,0,1,0,1,3,0,319,221,132,21
1,2012,2,historica,6,652,21,6,1,2,0,0,0,3,0,353,112,157,30
1,2012,2,historica,7,680,20,5,0,1,0,1,0,2,0,386,110,170,14
1,2012,2,historica,8,619,19,7,0,0,0,0,0,0,0,355,105,145,14
1,2012,2,historica,9,701,14,6,1,1,0,0,0,2,0,466,99,131,5
1,2012,2,historica,10,668,18,1,0,1,0,0,0,1,0,439,88,132,9
1,2012,3,historica,TODOS,6895,144,95,2,31,2,13,0,49,1,4065,1132,1433,263
1,2012,3,historica,1,745,9,24,0,17,2,6,0,26,1,500,57,107,80
1,2012,3,historica,2,766,15,17,0,10,0,4,0,14,0,490,85,155,36
1,2012,3,historica,3,736,14,10,0,1,0,2,0,3,0,454,81,180,21
1,2012,3,historica,4,685,13,10,0,0,0,1,0,1,0,349,182,124,29
1,2012,3,historica,5,683,16,3,1,2,0,0,0,3,0,379,151,131,22
1,2012,3,historica,6,739,18,7,0,0,0,0,0,0,0,385,161,180,13
1,2012,3,historica,7,692,10,9,0,0,0,0,0,0,0,365,131,182,14
1,2012,3,historica,8,627,15,3,1,1,0,0,0,2,0,359,117,145,6
1,2012,3,historica,9,548,19,4,0,0,0,0,0,0,0,338,86,120,4
1,2012,3,historica,10,635,15,7,0,0,0,0,0,0,0,436,81,109,9
1,2012,4,historica,TODOS,6771,178,94,6,26,4,13,6,56,1,4070,1097,1396,208
1,2012,4,historica,1,803,17,24,2,7,1,5,2,18,1,557,64,108,74
1,2012,4,historica,2,715,27,16,0,8,0,4,1,13,0,489,51,153,22
1,2012,4,historica,3,739,16,9,2,2,1,3,0,8,0,456,82,184,17
1,2012,4,historica,4,695,14,13,0,2,0,0,1,3,0,405,122,149,19
1,2012,4,historica,5,659,7,6,0,1,0,1,1,3,0,321,229,94,15
1,2012,4,historica,6,676,19,9,1,4,1,0,0,6,0,372,119,179,6
1,2012,4,historica,7,642,23,7,1,1,0,0,1,3,0,383,105,135,19
1,2012,4,historica,8,640,15,8,0,1,1,0,0,2,0,356,115,163,6
1,2012,4,historica,9,577,23,0,0,0,0,0,0,0,0,360,96,118,3
1,2012,4,historica,10,596,17,2,0,0,0,0,0,0,0,366,112,113,5
1,2013,1,historica,TODOS,6901,163,97,4,30,2,18,1,55,0,4108,1154,1407,232
1,2013,1,historica,1,796,13,21,3,9,0,9,0,21,0,549,68,103,76
1,2013,1,historica,2,794,13,16,0,8,0,6,0,14,0,540,68,161,25
1,2013,1,historica,3,703,18,10,0,5,1,1,0,7,0,449,76,150,28
1,2013,1,historica,4,713,13,5,0,1,0,0,0,1,0,372,200,129,12
1,2013,1,historica,5,666,19,12,1,4,0,1,1,7,0,345,156,141,24
1,2013,1,historica,6,649,14,6,0,0,0,0,0,0,0,349,141,148,11
1,2013,1,historica,7,696,15,7,0,2,0,0,0,2,0,366,130,184,16
1,2013,1,historica,8,610,19,6,0,1,0,0,0,1,0,341,117,144,8
1,2013,1,historica,9,662,25,8,0,0,1,1,0,2,0,407,105,145,5
1,2013,1,historica,10,571,14,6,0,0,0,0,0,0,0,377,91,102,1
1,2013,2,historica,TODOS,7057,163,109,1,20,2,13,1,37,0,4136,1211,1459,251
1,2013,2,historica,1,764,14,23,0,12,1,8,0,21,0,513,77,102,72
1,2013,2,historica,2,849,24,27,0,1,0,3,0,4,0,549,77,189,34
1,2013,2,historica,3,695,15,14,0,4,0,1,0,5,0,446,79,153,17
1,2013,2,historica,4,719,16,7,0,1,0,0,0,1,0,409,128,166,16
1,2013,2,historica,5,640,11,7,0,1,1,0,0,2,0,269,239,100,32
1,2013,2,historica,6,684,18,10,1,0,0,1,1,3,0,384,127,157,16
1,2013,2,historica,7,655,14,6,0,1,0,0,0,1,0,363,117,156,19
1,2013,2,historica,8,656,13,4,0,0,0,0,0,0,0,342,150,151,13
1,2013,2,historica,9,713,17,5,0,0,0,0,0,0,0,419,133,154,7
1,2013,2,historica,10,655,21,6,0,0,0,0,0,0,0,433,84,131,7
1,2013,3,historica,TODOS,7068,192,120,0,25,3,14,4,47,1,4153,1162,1505,247
1,2013,3,historica,1,758,17,23,0,5,2,6,1,14,0,504,55,117,82
1,2013,3,historica,2,807,13,20,0,4,0,1,1,6,0,542,80,156,29
1,2013,3,historica,3,741,18,22,0,4,0,4,1,9,0,461,69,184,27
1,2013,3,historica,4,734,18,10,0,6,0,3,0,9,0,376,178,155,25
1,2013,3,historica,5,694,16,6,0,3,0,0,0,3,0,357,167,157,13
1,2013,3,historica,6,655,23,6,0,0,0,0,1,1,0,345,136,155,19
1,2013,3,historica,7,727,27,8,0,2,0,0,0,3,1,389,138,193,7
1,2013,3,historica,8,658,19,9,0,0,1,0,0,1,0,377,146,126,9
1,2013,3,historica,9,637,21,8,0,0,0,0,0,0,0,388,102,138,9
1,2013,3,historica,10,617,19,8,0,1,0,0,0,1,0,401,89,124,3
1,2013,4,historica,TODOS,6994,199,95,2,22,3,16,2,45,0,4065,1229,1484,216
1,2013,4,historica,1,749,12,21,1,6,1,11,1,20,0,511,69,104,65
1,2013,4,historica,2,703,16,16,0,1,0,3,1,5,0,460,72,146,25
1,2013,4,historica,3,708,16,11,0,3,0,1,0,4,0,428,79,186,15
1,2013,4,historica,4,768,19,15,0,3,1,1,0,5,0,440,136,171,21
1,2013,4,historica,5,649,11,4,0,4,0,0,0,4,0,297,225,118,9
1,2013,4,historica,6,740,27,9,0,3,1,0,0,4,0,409,156,161,14
1,2013,4,historica,7,674,35,7,1,0,0,0,0,1,0,366,130,173,5
1,2013,4,historica,8,654,27,3,0,0,0,0,0,0,0,352,117,177,8
1,2013,4,historica,9,661,23,2,0,1,0,0,0,1,0,387,126,140,8
1,2013,4,historica,10,625,13,7,0,1,0,0,0,1,0,401,110,108,6
1,2014,1,historica,TODOS,7254,207,132,1,22,2,18,3,47,1,4365,1154,1489,244
1,2014,1,historica,1,828,10,36,0,9,1,9,0,19,0,588,50,104,85
1,2014,1,historica,2,748,16,12,1,3,0,6,0,10,0,498,65,155,30
1,2014,1,historica,3,800,14,21,0,3,0,2,0,5,0,516,77,190,16
1,2014,1,historica,4,720,18,14,0,3,0,0,0,4,1,410,137,147,26
1,2014,1,historica,5,718,21,9,0,1,0,0,1,2,0,370,191,148,9
1,2014,1,historica,6,702,27,6,0,1,1,0,1,3,0,394,134,156,18
1,2014,1,historica,7,703,21,10,0,1,0,1,0,2,0,372,149,170,12
1,2014,1,historica,8,654,28,9,0,0,0,0,1,1,0,377,117,155,5
1,2014,1,historica,9,632,24,7,0,0,0,0,0,0,0,374,116,137,5
1,2014,1,historica,10,703,28,7,0,0,0,0,0,0,0,452,118,127,6
1,2014,2,historica,TODOS,7461,209,117,0,30,3,10,1,44,0,4455,1209,1496,301
1,2014,2,historica,1,822,15,28,0,11,1,5,0,17,0,548,65,83,126
1,2014,2,historica,2,714,18,14,0,6,0,2,0,8,0,475,65,152,22
1,2014,2,historica,3,777,19,17,0,2,1,0,0,3,0,503,73,181,20
1,2014,2,historica,4,769,20,14,0,5,0,0,0,5,0,482,110,160,17
1,2014,2,historica,5,658,14,8,0,1,0,0,1,2,0,304,218,118,18
1,2014,2,historica,6,715,20,10,0,3,0,2,0,5,0,408,117,173,17
1,2014,2,historica,7,782,21,9,0,1,0,1,0,2,0,415,166,176,25
1,2014,2,historica,8,706,21,7,0,0,1,0,0,1,0,406,144,144,12
1,2014,2,historica,9,742,27,6,0,0,0,0,0,0,0,441,138,157,6
1,2014,2,historica,10,728,34,4,0,0,0,0,0,0,0,461,108,152,7
1,2014,3,historica,TODOS,7592,187,119,1,29,3,14,1,48,0,4549,1238,1537,266
1,2014,3,historica,1,812,15,21,0,11,0,9,1,21,0,544,73,106,89
1,2014,3,historica,2,710,12,11,0,6,2,2,0,10,0,487,72,124,27
1,2014,3,historica,3,774,19,18,0,2,0,0,0,2,0,514,73,168,19
1,2014,3,historica,4,775,10,13,1,2,0,1,0,4,0,458,139,156,21
1,2014,3,historica,5,781,18,15,0,4,1,1,0,6,0,377,207,174,23
1,2014,3,historica,6,770,21,12,0,3,0,0,0,3,0,450,141,168,10
1,2014,3,historica,7,722,21,8,0,1,0,0,0,1,0,371,155,186,10
1,2014,3,historica,8,757,18,11,0,0,0,0,0,0,0,439,142,164,12
1,2014,3,historica,9,701,20,6,0,0,0,0,0,0,0,409,125,157,10
1,2014,3,historica,10,734,33,3,0,0,0,0,0,0,0,488,108,134,4
1,2014,4,historica,TODOS,7317,224,113,4,19,2,14,6,45,0,4323,1213,1552,229
1,2014,4,historica,1,741,21,21,1,7,0,6,1,15,0,493,70,105,73
1,2014,4,historica,2,732,17,21,0,6,0,6,1,13,0,499,63,147,23
1,2014,4,historica,3,786,19,16,1,3,0,0,1,5,0,521,70,176,19
1,2014,4,historica,4,765,16,8,0,1,0,1,2,4,0,449,124,174,18
1,2014,4,historica,5,682,14,5,0,0,0,1,1,2,0,305,242,120,15
1,2014,4,historica,6,751,21,8,1,0,2,0,0,3,0,443,152,138,18
1,2014,4,historica,7,774,27,11,1,0,0,0,0,1,0,428,138,193,15
1,2014,4,historica,8,683,38,13,0,0,0,0,0,0,0,356,127,190,10
1,2014,4,historica,9,671,29,4,0,1,0,0,0,1,0,386,113,158,14
1,2014,4,historica,10,693,22,3,0,1,0,0,0,1,0,427,111,151,4
1,2015,1,historica,TODOS,7363,194,121,1,24,3,15,3,46,0,4353,1224,1547,235
1,2015,1,historica,1,704,16,29,1,6,0,7,0,14,0,475,44,99,86
1,2015,1,historica,2,788,11,24,0,9,2,4,0,15,0,522,65,178,23
1,2015,1,historica,3,744,21,11,0,3,1,2,0,6,0,506,67,143,28
1,2015,1,historica,4,753,15,11,0,0,0,0,1,1,0,428,143,167,15
1,2015,1,historica,5,717,19,10,0,5,0,1,1,7,0,348,199,154,15
1,2015,1,historica,6,761,20,10,0,0,0,0,0,0,0,403,167,177,13
1,2015,1,historica,7,722,26,7,0,1,0,0,0,1,0,388,155,172,7
1,2015,1,historica,8,717,23,9,0,0,0,1,0,1,0,385,160,161,11
1,2015,1,historica,9,688,22,6,0,0,0,0,1,1,0,410,107,164,5
1,2015,1,historica,10,731,20,4,0,0,0,0,0,0,0,481,113,132,5
1,2016,2,regular,TODOS,7295,219,93,5,21,2,4,1,35,2,4129,1275,1624,266
1,2016,2,regular,1,658,9,19,2,10,0,1,0,13,0,448,55,81,74
1,2016,2,regular,2,664,17,21,1,4,0,1,1,7,0,450,53,138,23
1,2016,2,regular,3,634,12,10,1,1,1,0,0,3,0,397,59,156,22
1,2016,2,regular,4,600,21,7,1,2,0,0,0,3,0,280,144,152,24
1,2016,2,regular,5,525,13,4,0,0,0,0,0,0,0,196,229,82,18
1,2016,2,regular,6,549,19,5,0,0,1,0,0,2,1,280,130,124,15
1,2016,2,regular,7,589,22,5,0,1,0,0,0,1,0,323,118,137,11
1,2016,2,regular,8,548,14,5,0,1,0,0,0,1,0,293,151,98,6
1,2016,2,regular,9,452,9,2,0,0,0,0,0,0,0,271,82,93,6
1,2016,2,regular,10,486,15,0,0,0,0,0,0,0,0,309,84,85,8
1,2016,3,regular,TODOS,7214,192,88,2,20,2,16,0,40,0,4048,1251,1688,226
1,2016,3,regular,1,610,11,25,0,3,1,7,0,11,0,420,44,77,69
1,2016,3,regular,2,627,12,9,1,8,0,1,0,10,0,432,49,127,19
1,2016,3,regular,3,586,16,6,0,1,0,4,0,5,0,360,61,144,21
1,2016,3,regular,4,609,8,7,1,0,0,0,0,1,0,284,177,128,20
1,2016,3,regular,5,522,16,4,0,0,0,1,0,1,0,235,147,126,14
1,2016,3,regular,6,608,18,5,0,2,1,0,0,3,0,306,148,147,7
1,2016,3,regular,7,503,17,2,0,0,0,0,0,0,0,266,124,108,5
1,2016,3,regular,8,513,11,4,0,0,0,0,0,0,0,256,140,113,4
1,2016,3,regular,9,468,16,5,0,0,0,0,0,0,0,275,90,102,1
1,2016,3,regular,10,432,11,3,0,0,0,0,0,0,0,270,76,83,3
1,2016,4,regular,TODOS,7011,206,90,2,16,1,4,1,24,0,3969,1226,1616,199
1,2016,4,regular,1,637,16,20,0,6,1,0,0,7,0,418,54,98,67
1,2016,4,regular,2,595,9,13,2,3,0,2,0,7,0,405,50,120,20
1,2016,4,regular,3,629,11,9,0,1,0,0,0,1,0,409,68,137,15
1,2016,4,regular,4,501,17,7,0,1,0,0,0,1,0,273,117,96,14
1,2016,4,regular,5,534,11,6,0,1,0,1,0,2,0,224,195,104,11
1,2016,4,regular,6,546,13,4,0,0,0,0,1,1,0,283,125,132,6
1,2016,4,regular,7,469,15,4,0,0,0,0,0,0,0,237,117,110,5
1,2016,4,regular,8,538,12,2,0,0,0,0,0,0,0,275,136,120,7
1,2016,4,regular,9,423,11,2,0,0,0,0,0,0,0,253,79,88,3
1,2016,4,regular,10,485,13,4,0,1,0,0,0,1,0,294,91,99,1
1,2017,1,regular,TODOS,7455,197,103,2,20,1,9,2,36,2,4117,1335,1757,245
1,2017,1,regular,1,675,7,21,0,10,1,3,1,15,0,456,45,99,75
1,2017,1,regular,2,629,9,18,2,5,0,3,0,10,0,408,62,137,22
1,2017,1,regular,3,560,7,10,0,0,0,1,0,1,0,347,72,124,17
1,2017,1,regular,4,574,12,8,0,0,0,0,0,1,1,279,134,138,23
1,2017,1,regular,5,648,16,8,0,4,0,0,0,4,0,331,181,125,11
1,2017,1,regular,6,534,12,6,0,0,0,0,0,0,0,242,131,154,7
1,2017,1,regular,7,575,19,6,0,0,0,0,0,0,0,272,178,117,8
1,2017,1,regular,8,543,18,4,0,0,0,0,0,0,0,264,140,133,6
1,2017,1,regular,9,471,11,4,0,0,0,0,0,0,0,258,106,104,3
1,2017,1,regular,10,473,17,1,0,0,0,0,0,0,0,272,101,96,4
1,2017,2,regular,TODOS,7507,206,86,2,13,1,14,2,32,0,4211,1365,1658,271
1,2017,2,regular,1,654,23,11,0,8,0,8,0,16,0,453,49,73,79
1,2017,2,regular,2,658,15,18,0,0,0,2,0,2,0,430,67,128,33
1,2017,2,regular,3,597,10,4,1,2,1,0,1,5,0,381,64,129,23
1,2017,2,regular,4,676,13,7,0,0,0,0,1,1,0,366,132,150,28
1,2017,2,regular,5,553,7,10,0,1,0,0,0,1,0,232,210,94,17
1,2017,2,regular,6,600,23,4,0,0,0,1,0,1,0,318,133,135,14
1,2017,2,regular,7,642,11,5,1,1,0,0,0,2,0,335,147,153,7
1,2017,2,regular,8,552,15,5,0,0,0,0,0,0,0,270,147,132,3
1,2017,2,regular,9,556,14,2,0,0,0,0,0,0,0,328,112,111,5
1,2017,2,regular,10,489,15,4,0,0,0,0,0,0,0,285,106,97,1
1,2017,3,regular,TODOS,7478,221,93,3,17,4,14,3,41,0,4171,1344,1733,230
1,2017,3,regular,1,704,16,20,1,3,1,8,1,14,0,465,60,103,76
1,2017,3,regular,2,720,18,16,0,3,0,5,0,8,0,479,62,152,27
1,2017,3,regular,3,611,17,9,0,1,0,0,0,1,0,371,72,146,22
1,2017,3,regular,4,615,17,7,1,4,3,0,1,9,0,310,151,141,13
1,2017,3,regular,5,570,23,3,0,2,0,0,0,2,0,265,153,140,12
1,2017,3,regular,6,648,18,6,1,1,0,0,0,2,0,343,152,141,12
1,2017,3,regular,7,608,17,4,0,0,0,0,0,0,0,291,173,136,8
1,2017,3,regular,8,500,17,7,0,0,0,0,1,1,0,273,103,119,5
1,2017,3,regular,9,515,11,3,0,2,0,0,0,2,0,276,118,119,2
1,2017,3,regular,10,502,12,1,0,0,0,0,0,0,0,293,123,84,2
1,2017,4,regular,TODOS,7269,213,102,0,20,1,9,2,33,1,4060,1322,1694,192
1,2017,4,regular,1,695,8,17,0,8,0,3,0,11,0,496,56,83,60
1,2017,4,regular,2,654,12,19,0,4,1,2,0,7,0,427,67,142,18
1,2017,4,regular,3,639,23,17,0,4,0,0,1,5,0,397,73,152,17
1,2017,4,regular,4,626,19,6,0,1,0,1,0,2,0,311,160,138,17
1,2017,4,regular,5,553,16,3,0,0,0,0,0,1,1,249,188,104,12
1,2017,4,regular,6,685,21,4,0,1,0,1,1,3,0,371,136,169,9
1,2017,4,regular,7,471,15,4,0,0,0,0,0,0,0,227,119,116,9
1,2017,4,regular,8,524,7,6,0,0,0,0,0,0,0,274,136,110,4
1,2017,4,regular,9,523,13,2,0,0,0,0,0,0,0,303,94,122,4
1,2017,4,regular,10,526,18,4,0,0,0,0,0,0,0,304,110,107,5
1,2018,1,regular,TODOS,7287,217,94,3,19,1,15,0,38,0,3987,1348,1704,247
1,2018,1,regular,1,648,14,20,0,7,0,10,0,17,0,410,50,96,92
1,2018,1,regular,2,711,22,22,2,4,1,1,0,8,0,439,73,181,18
1,2018,1,regular,3,653,15,6,1,3,0,2,0,6,0,385,88,151,29
1,2018,1,regular,4,594,17,7,0,1,0,0,0,1,0,275,172,131,16
1,2018,1,regular,5,601,17,9,0,1,0,0,0,1,0,300,125,160,16
1,2018,1,regular,6,619,21,4,0,0,0,1,0,1,0,299,179,125,16
1,2018,1,regular,7,601,17,10,0,1,0,0,0,1,0,297,159,140,5
1,2018,1,regular,8,540,11,2,0,0,0,1,0,1,0,304,122,107,7
1,2018,1,regular,9,505,18,3,0,0,0,0,0,0,0,247,127,129,2
1,2018,1,regular,10,412,12,0,0,0,0,0,0,0,0,235,89,86,2
1,2018,2,regular,TODOS,7168,205,83,1,13,1,14,1,31,1,4020,1340,1553,255
1,2018,2,regular,1,661,11,16,0,2,0,6,0,8,0,453,46,83,79
1,2018,2,regular,2,664,10,15,0,2,1,5,0,8,0,443,63,139,19
1,2018,2,regular,3,707,15,12,0,3,0,0,0,3,0,431,90,150,36
1,2018,2,regular,4,571,12,6,0,1,0,1,0,2,0,290,148,120,13
1,2018,2,regular,5,651,20,6,0,2,0,0,0,2,0,291,229,119,12
1,2018,2,regular,6,588,26,4,0,0,0,0,0,0,0,301,129,132,26
1,2018,2,regular,7,549,21,3,0,0,0,0,0,0,0,291,109,138,11
1,2018,2,regular,8,564,20,4,1,0,0,0,0,1,0,307,137,111,9
1,2018,2,regular,9,510,18,3,0,0,0,0,0,0,0,285,111,112,2
1,2018,2,regular,10,493,14,0,0,0,0,0,0,0,0,270,123,95,5
1,2018,3,regular,TODOS,7260,203,91,0,15,1,11,1,30,2,4053,1362,1625,220
1,2018,3,regular,1,641,16,17,0,6,0,3,0,9,0,426,53,84,78
1,2018,3,regular,2,702,14,18,0,4,1,6,0,12,1,458,63,145,36
1,2018,3,regular,3,642,13,13,0,2,0,2,1,5,0,391,87,149,15
1,2018,3,regular,4,592,13,6,0,0,0,0,0,1,1,279,178,117,18
1,2018,3,regular,5,565,14,9,0,0,0,0,0,0,0,284,130,132,19
1,2018,3,regular,6,603,20,4,0,2,0,0,0,2,0,281,162,150,10
1,2018,3,regular,7,528,20,5,0,0,0,0,0,0,0,271,144,111,2
1,2018,3,regular,8,591,18,5,0,0,0,0,0,0,0,315,142,132,2
1,2018,3,regular,9,548,11,2,0,0,0,0,0,0,0,316,119,111,2
1,2018,3,regular,10,499,16,3,0,0,0,0,0,0,0,276,116,106,1
1,2018,4,regular,TODOS,7370,217,95,4,31,1,11,3,50,0,4150,1337,1641,240
1,2018,4,regular,1,645,5,22,3,11,1,6,0,21,0,431,55,76,83
1,2018,4,regular,2,702,15,12,0,6,0,3,0,9,0,471,60,137,34
1,2018,4,regular,3,692,11,15,0,4,0,0,2,6,0,428,91,157,16
1,2018,4,regular,4,594,16,9,0,0,0,0,0,0,0,290,185,112,7
1,2018,4,regular,5,614,20,5,0,0,0,0,1,1,0,269,181,136,28
1,2018,4,regular,6,562,23,7,0,0,0,0,0,0,0,285,111,155,11
1,2018,4,regular,7,563,20,3,0,0,0,0,0,0,0,330,112,110,11
1,2018,4,regular,8,580,21,5,0,0,0,0,0,0,0,299,134,143,4
1,2018,4,regular,9,584,22,2,0,0,0,0,0,0,0,332,121,127,4
1,2018,4,regular,10,540,14,2,0,1,0,0,0,1,0,305,127,100,8
1,2019,1,regular,TODOS,7825,209,108,3,23,1,9,1,37,0,4344,1470,1702,305
1,2019,1,regular,1,765,14,25,2,8,0,5,0,15,0,504,60,89,112
1,2019,1,regular,2,692,13,17,0,3,0,3,0,6,0,453,59,149,31
1,2019,1,regular,3,741,15,12,0,2,0,0,0,2,0,444,106,171,20
1,2019,1,regular,4,699,20,10,0,1,0,0,0,1,0,339,220,120,20
1,2019,1,regular,5,667,20,7,0,2,0,0,0,2,0,352,138,160,17
1,2019,1,regular,6,611,18,4,0,3,0,0,0,3,0,290,175,128,18
1,2019,1,regular,7,601,18,3,0,0,0,0,0,0,0,307,142,144,8
1,2019,1,regular,8,563,10,4,0,1,0,0,0,1,0,293,133,133,4
1,2019,1,regular,9,547,15,5,0,0,0,0,0,0,0,316,129,101,1
1,2019,1,regular,10,455,17,3,0,0,0,0,0,0,0,250,110,92,3
1,2019,2,regular,TODOS,7118,193,79,1,23,3,8,1,36,0,4015,1238,1593,271
1,2019,2,regular,1,695,5,17,0,11,2,2,1,16,0,457,54,91,93
1,2019,2,regular,2,686,16,12,0,3,0,3,0,6,0,437,63,153,33
1,2019,2,regular,3,740,26,14,0,3,0,3,0,6,0,445,69,196,30
1,2019,2,regular,4,606,7,5,0,4,0,0,0,4,0,326,153,109,18
1,2019,2,regular,5,594,16,5,0,1,1,0,0,2,0,252,185,144,13
1,2019,2,regular,6,643,20,5,0,1,0,0,0,1,0,333,128,163,19
1,2019,2,regular,7,537,20,3,0,0,0,0,0,0,0,288,103,141,5
1,2019,2,regular,8,577,15,4,0,0,0,0,0,0,0,310,137,121,9
1,2019,2,regular,9,541,14,3,0,0,0,0,0,0,0,338,91,109,3
1,2019,2,regular,10,492,22,5,0,0,0,0,0,0,0,281,120,89,2
1,2019,3,regular,TODOS,7568,219,84,4,17,1,14,1,37,0,4275,1353,1676,263
1,2019,3,regular,1,716,15,16,2,11,0,6,0,19,0,477,46,103,90
1,2019,3,regular,2,797,24,16,1,4,0,4,0,9,0,519,82,162,34
1,2019,3,regular,3,771,20,15,0,1,0,1,0,2,0,478,99,162,32
1,2019,3,regular,4,613,13,5,0,1,1,2,0,4,0,292,198,110,13
1,2019,3,regular,5,647,10,4,0,0,0,1,0,1,0,353,136,140,18
1,2019,3,regular,6,555,15,3,0,0,0,0,0,0,0,271,131,142,11
1,2019,3,regular,7,626,30,4,0,0,0,0,0,0,0,306,157,156,7
1,2019,3,regular,8,665,23,8,0,0,0,0,1,1,0,371,136,153,5
1,2019,3,regular,9,530,15,3,0,0,0,0,0,0,0,309,115,104,2
1,2019,3,regular,10,462,10,2,0,0,0,0,0,0,0,272,97,90,3
1,2019,4,regular,TODOS,6781,227,80,0,23,3,4,10,40,0,3829,1204,1492,255
1,2019,4,regular,1,597,15,16,0,6,2,0,3,11,0,420,40,62,75
1,2019,4,regular,2,639,17,15,0,4,0,1,2,7,0,418,59,141,21
1,2019,4,regular,3,706,17,14,0,6,0,3,1,10,0,430,87,156,33
1,2019,4,regular,4,624,18,8,0,0,0,0,0,0,0,314,157,138,15
1,2019,4,regular,5,599,19,1,0,1,0,0,0,1,0,295,150,130,24
1,2019,4,regular,6,519,21,2,0,0,0,0,2,2,0,283,96,129,11
1,2019,4,regular,7,526,20,5,0,1,0,0,1,2,0,263,127,125,11
1,2019,4,regular,8,584,18,4,0,0,0,0,0,0,0,316,153,110,5
1,2019,4,regular,9,443,15,4,0,0,0,0,0,0,0,258,88,93,4
1,2019,4,regular,10,472,9,3,0,0,0,0,0,0,0,275,98,91,8
1,2020,1,regular,TODOS,5482,274,60,3,8,1,1,0,13,0,3075,964,1270,173
1,2020,1,regular,1,499,18,11,0,2,0,1,0,3,0,343,33,53,70
1,2020,1,regular,2,483,18,9,0,4,0,0,0,4,0,346,34,92,11
1,2020,1,regular,3,509,17,8,0,1,0,0,0,1,0,340,43,102,24
1,2020,1,regular,4,555,22,4,0,0,0,0,0,0,0,287,114,134,20
1,2020,1,regular,5,435,23,4,0,0,0,0,0,0,0,223,76,130,6
1,2020,1,regular,6,484,32,4,0,0,0,0,0,0,0,226,137,116,5
1,2020,1,regular,7,452,26,2,0,0,0,0,0,0,0,185,152,113,2
1,2020,1,regular,8,433,28,1,0,0,0,0,0,0,0,225,102,103,3
1,2020,1,regular,9,422,18,2,0,0,0,0,0,0,0,239,90,92,1
1,2020,1,regular,10,366,13,3,0,0,0,0,0,0,0,213,77,74,2
1,2020,2,regular,TODOS,3870,91,43,0,13,2,5,0,20,0,2010,839,766,255
1,2020,2,regular,1,294,4,6,0,3,0,2,0,5,0,163,26,22,83
1,2020,2,regular,2,334,10,9,0,1,1,2,0,4,0,193,48,64,29
1,2020,2,regular,3,324,11,7,0,5,1,1,0,7,0,203,44,65,12
1,2020,2,regular,4,394,8,4,0,0,0,0,0,0,0,217,66,73,38
1,2020,2,regular,5,326,6,3,0,1,0,0,0,1,0,172,86,60,8
1,2020,2,regular,6,335,9,1,0,1,0,0,0,1,0,147,113,72,3
1,2020,2,regular,7,369,12,2,0,0,0,0,0,0,0,172,115,74,8
1,2020,2,regular,8,384,6,6,0,0,0,0,0,0,0,173,104,98,9
1,2020,2,regular,9,276,6,1,0,0,0,0,0,0,0,148,72,54,2
1,2020,2,regular,10,227,6,1,0,0,0,0,0,0,0,119,65,41,2
1,2020,3,regular,TODOS,5382,126,43,2,21,0,9,1,33,0,2903,1053,1204,220
1,2020,3,regular,1,301,2,2,0,4,0,1,0,5,0,189,22,22,68
1,2020,3,regular,2,539,7,10,1,6,0,3,0,10,0,367,47,90,35
1,2020,3,regular,3,537,11,8,0,2,0,0,1,3,0,341,54,118,24
1,2020,3,regular,4,500,15,1,1,3,0,2,0,6,0,275,81,132,12
1,2020,3,regular,5,512,19,2,0,1,0,0,0,1,0,218,151,139,4
1,2020,3,regular,6,467,7,3,0,0,0,0,0,0,0,237,117,103,10
1,2020,3,regular,7,471,7,3,0,1,0,1,0,2,0,209,135,121,6
1,2020,3,regular,8,430,8,2,0,0,0,0,0,0,0,212,101,109,8
1,2020,3,regular,9,416,12,3,0,0,0,0,0,0,0,216,116,78,6
1,2020,3,regular,10,353,10,0,0,0,0,0,0,0,0,200,90,60,3
1,2020,4,regular,TODOS,5316,143,35,1,13,2,6,1,23,0,2917,1092,1110,197
1,2020,4,regular,1,360,4,7,1,3,0,4,0,8,0,226,30,36,68
1,2020,4,regular,2,358,14,5,0,4,0,1,0,5,0,239,28,64,27
1,2020,4,regular,3,483,11,3,0,0,0,0,0,0,0,296,58,111,18
1,2020,4,regular,4,510,13,3,0,3,1,0,1,5,0,290,72,134,14
1,2020,4,regular,5,493,9,2,0,1,0,0,0,1,0,203,177,107,6
1,2020,4,regular,6,439,14,1,0,1,0,0,0,1,0,225,129,71,14
1,2020,4,regular,7,479,12,2,0,0,0,0,0,0,0,242,106,124,7
1,2020,4,regular,8,438,18,3,0,0,0,1,0,1,0,237,104,95,2
1,2020,4,regular,9,414,8,4,0,0,0,0,0,0,0,224,119,68,3
1,2020,4,regular,10,386,11,0,0,0,0,0,0,0,0,225,92,67,2
1,2021,1,regular,TODOS,6293,178,65,1,12,0,3,1,17,0,3479,1235,1387,191
1,2021,1,regular,1,509,5,8,0,4,0,2,0,6,0,359,29,58,63
1,2021,1,regular,2,594,14,16,1,1,0,1,0,3,0,384,54,129,27
1,2021,1,regular,3,585,13,4,0,1,0,0,0,1,0,363,57,150,15
1,2021,1,regular,4,550,14,3,0,1,0,0,0,1,0,318,101,121,10
1,2021,1,regular,5,616,19,5,0,0,0,0,1,1,0,281,196,127,12
1,2021,1,regular,6,467,20,4,0,1,0,0,0,1,0,228,110,122,7
1,2021,1,regular,7,542,13,4,0,1,0,0,0,1,0,254,156,125,7
1,2021,1,regular,8,512,12,4,0,0,0,0,0,0,0,250,148,110,4
1,2021,1,regular,9,458,16,6,0,0,0,0,0,0,0,240,124,93,1
1,2021,1,regular,10,404,7,1,0,0,0,0,0,0,0,236,95,71,2
1,2021,2,regular,TODOS,5852,137,43,0,16,0,8,0,24,0,3272,1124,1260,196
1,2021,2,regular,1,515,6,10,0,9,0,1,0,10,0,330,45,66,74
1,2021,2,regular,2,561,13,5,0,3,0,6,0,9,0,377,56,107,21
1,2021,2,regular,3,538,16,6,0,1,0,1,0,2,0,344,65,121,8
1,2021,2,regular,4,509,16,1,0,2,0,0,0,2,0,260,127,119,3
1,2021,2,regular,5,457,8,1,0,0,0,0,0,0,0,195,167,76,19
1,2021,2,regular,6,492,11,3,0,0,0,0,0,0,0,242,113,131,6
1,2021,2,regular,7,491,7,5,0,0,0,0,0,0,0,277,89,120,5
1,2021,2,regular,8,481,12,4,0,0,0,0,0,0,0,252,130,93,6
1,2021,2,regular,9,422,8,3,0,0,0,0,0,0,0,244,103,73,2
1,2021,2,regular,10,346,4,0,0,0,0,0,0,0,0,209,78,57,2
1,2021,3,regular,TODOS,6571,191,58,5,14,1,5,1,26,0,3635,1251,1490,192
1,2021,3,regular,1,544,14,14,2,5,0,0,0,7,0,370,39,64,71
1,2021,3,regular,2,599,14,13,1,2,1,2,0,6,0,370,66,148,15
1,2021,3,regular,3,621,11,4,0,2,0,1,1,4,0,373,75,162,11
1,2021,3,regular,4,534,19,5,1,0,0,1,0,2,0,304,103,120,7
1,2021,3,regular,5,553,14,2,1,1,0,0,0,2,0,258,162,127,6
1,2021,3,regular,6,558,24,4,0,0,0,0,0,0,0,269,146,136,7
1,2021,3,regular,7,531,12,2,0,1,0,0,0,1,0,254,140,127,10
1,2021,3,regular,8,501,13,3,0,0,0,0,0,0,0,249,135,115,2
1,2021,3,regular,9,476,12,1,0,0,0,0,0,0,0,271,118,85,2
1,2021,3,regular,10,386,8,1,0,1,0,0,0,1,0,230,90,62,4
1,2021,4,regular,TODOS,6260,185,52,1,15,0,4,3,24,1,3470,1248,1362,178
1,2021,4,regular,1,515,10,9,1,5,0,2,0,8,0,326,48,69,72
1,2021,4,regular,2,559,19,11,0,2,0,0,0,2,0,367,53,125,14
1,2021,4,regular,3,548,10,3,0,1,0,1,0,2,0,348,71,113,16
1,2021,4,regular,4,565,18,5,0,1,0,0,0,1,0,263,134,161,7
1,2021,4,regular,5,499,20,1,0,1,0,0,0,1,0,200,179,115,5
1,2021,4,regular,6,478,8,5,0,1,0,0,1,2,0,255,118,95,10
1,2021,4,regular,7,523,16,3,0,1,0,0,1,2,0,283,110,126,4
1,2021,4,regular,8,527,17,2,0,0,0,0,0,0,0,272,152,101,2
1,2021,4,regular,9,439,13,2,0,1,0,0,0,1,0,267,99,70,3
1,2021,4,regular,10,408,6,1,0,1,0,0,0,1,0,249,93,64,2
1,2022,1,regular,TODOS,6860,189,51,2,19,2,4,0,28,1,3811,1334,1494,221
1,2022,1,regular,1,564,12,12,0,5,0,3,0,8,0,385,37,64,78
1,2022,1,regular,2,575,23,10,0,4,0,0,0,4,0,375,59,128,13
1,2022,1,regular,3,600,15,6,0,2,0,1,0,3,0,385,62,137,16
1,2022,1,regular,4,632,9,3,0,1,0,0,0,1,0,279,192,142,19
1,2022,1,regular,5,576,18,4,0,1,1,0,0,2,0,311,132,117,16
1,2022,1,regular,6,504,9,3,0,0,0,0,0,1,1,276,119,100,9
1,2022,1,regular,7,515,14,2,0,1,0,0,0,1,0,227,160,122,6
1,2022,1,regular,8,488,14,3,0,0,0,0,0,0,0,250,124,110,4
1,2022,1,regular,9,515,12,2,0,0,0,0,0,0,0,281,140,93,1
1,2022,1,regular,10,448,11,0,0,0,0,0,0,0,0,273,96,78,1
1,2022,2,regular,TODOS,6230,211,48,3,13,3,8,0,27,0,3533,1131,1377,188
1,2022,2,regular,1,500,21,9,0,1,1,3,0,5,0,334,42,61,63
1,2022,2,regular,2,541,9,7,1,1,0,1,0,3,0,369,56,101,15
1,2022,2,regular,3,556,14,5,0,1,0,0,0,1,0,344,45,147,20
1,2022,2,regular,4,511,18,3,0,2,2,2,0,6,0,259,98,140,14
1,2022,2,regular,5,549,16,4,0,1,0,1,0,2,0,242,188,114,5
1,2022,2,regular,6,521,18,2,1,1,0,0,0,2,0,250,143,122,6
1,2022,2,regular,7,457,16,1,0,0,0,0,0,0,0,245,97,106,9
1,2022,2,regular,8,495,20,4,0,1,0,0,0,1,0,253,138,101,3
1,2022,2,regular,9,459,17,0,0,0,0,0,0,0,0,279,81,91,8
1,2022,2,regular,10,412,14,4,0,0,0,0,0,0,0,285,68,58,1
1,2022,3,regular,TODOS,6692,209,47,0,16,0,8,0,26,2,3785,1266,1464,177
1,2022,3,regular,1,540,9,10,0,7,0,5,0,12,0,354,44,73,69
1,2022,3,regular,2,565,17,8,0,0,0,1,0,2,1,387,54,116,8
1,2022,3,regular,3,571,10,9,0,3,0,2,0,6,1,344,77,133,17
1,2022,3,regular,4,552,18,3,0,0,0,0,0,0,0,251,171,124,6
1,2022,3,regular,5,574,21,6,0,0,0,0,0,0,0,306,113,143,12
1,2022,3,regular,6,530,20,2,0,0,0,0,0,0,0,247,167,109,7
1,2022,3,regular,7,593,17,1,0,2,0,0,0,2,0,320,139,127,7
1,2022,3,regular,8,522,9,1,0,1,0,0,0,1,0,289,147,83,3
1,2022,3,regular,9,464,14,0,0,0,0,0,0,0,0,276,96,90,2
1,2022,3,regular,10,386,16,0,0,0,0,0,0,0,0,250,69,65,2
1,2022,4,regular,TODOS,6199,186,50,1,15,1,4,3,24,0,3483,1181,1341,194
1,2022,4,regular,1,509,10,9,1,1,1,2,2,7,0,342,39,58,70
1,2022,4,regular,2,575,16,8,0,3,0,1,0,4,0,373,51,124,27
1,2022,4,regular,3,535,14,6,0,3,0,0,0,3,0,336,65,121,13
1,2022,4,regular,4,563,16,4,0,1,0,0,0,1,0,292,131,126,14
1,2022,4,regular,5,498,7,1,0,1,0,0,0,1,0,203,188,95,12
1,2022,4,regular,6,523,18,2,0,0,0,0,0,0,0,250,129,137,7
1,2022,4,regular,7,469,9,2,0,0,0,0,1,1,0,242,111,110,6
1,2022,4,regular,8,432,15,1,0,0,0,0,0,0,0,229,116,84,3
1,2022,4,regular,9,416,18,2,0,0,0,0,0,0,0,250,88,75,3
1,2022,4,regular,10,383,13,3,0,0,0,0,0,0,0,254,82,46,1
1,2023,1,regular,TODOS,6717,176,52,2,8,1,4,3,18,0,3891,1166,1458,202
1,2023,1,regular,1,576,12,9,0,2,0,2,1,5,0,402,43,70,61
1,2023,1,regular,2,573,15,6,1,1,0,0,0,2,0,388,48,114,23
1,2023,1,regular,3,557,14,5,1,0,0,0,0,1,0,331,61,148,17
1,2023,1,regular,4,570,12,6,0,0,0,0,0,0,0,294,122,140,14
1,2023,1,regular,5,537,12,4,0,3,1,0,0,4,0,271,136,116,14
1,2023,1,regular,6,553,14,6,0,0,0,0,1,1,0,282,159,95,17
1,2023,1,regular,7,516,13,4,0,0,0,0,0,0,0,269,135,108,4
1,2023,1,regular,8,500,15,2,0,0,0,0,0,0,0,269,126,103,2
1,2023,1,regular,9,461,6,0,0,0,0,0,0,0,0,290,93,72,6
1,2023,1,regular,10,394,7,0,0,0,0,0,0,0,0,267,64,60,3
1,2023,2,regular,TODOS,6270,179,33,2,15,1,7,0,27,2,3639,1106,1311,213
1,2023,2,regular,1,514,2,7,1,4,0,3,0,8,0,381,21,55,57
1,2023,2,regular,2,540,12,4,0,0,0,0,0,0,0,318,62,127,33
1,2023,2,regular,3,499,6,4,0,3,0,1,0,4,0,317,57,109,16
1,2023,2,regular,4,583,25,2,0,2,0,0,0,2,0,284,137,146,16
1,2023,2,regular,5,483,17,2,0,1,0,1,0,3,1,211,164,97,11
1,2023,2,regular,6,553,16,0,0,0,1,0,0,1,0,297,130,114,12
1,2023,2,regular,7,492,14,2,0,0,0,0,0,0,0,255,127,103,7
1,2023,2,regular,8,458,17,2,1,0,0,0,0,1,0,264,96,93,5
1,2023,2,regular,9,433,7,1,0,0,0,0,0,0,0,271,79,81,2
1,2023,2,regular,10,398,10,0,0,0,0,0,0,0,0,285,57,53,3
1,2023,3,regular,TODOS,6658,99,48,1,14,5,5,1,26,0,3851,1159,1490,156
1,2023,3,regular,1,540,1,10,0,2,0,1,0,3,0,392,45,48,55
1,2023,3,regular,2,615,3,5,0,4,0,1,0,5,0,406,57,135,17
1,2023,3,regular,3,621,6,8,0,2,1,1,1,5,0,345,107,154,15
1,2023,3,regular,4,581,4,3,0,0,2,0,0,2,0,269,168,132,12
1,2023,3,regular,5,534,4,2,0,1,0,0,0,1,0,277,115,131,11
1,2023,3,regular,6,482,7,3,0,1,0,0,0,1,0,239,124,118,1
1,2023,3,regular,7,522,14,2,0,1,0,0,0,1,0,291,117,109,5
1,2023,3,regular,8,468,16,1,0,0,0,0,0,0,0,288,98,78,4
1,2023,3,regular,9,393,8,3,0,0,0,0,0,0,0,239,76,76,2
1,2023,3,regular,10,421,11,3,0,0,0,0,0,0,0,282,66,72,1
1,2023,4,regular,TODOS,5966,108,42,1,23,2,2,5,34,1,3330,1121,1352,162
1,2023,4,regular,1,454,3,3,0,5,0,1,0,6,0,322,38,44,50
1,2023,4,regular,2,513,4,5,1,4,0,0,3,8,0,342,51,101,19
1,2023,4,regular,3,517,4,8,0,2,1,0,0,3,0,295,82,127,13
1,2023,4,regular,4,478,9,3,0,0,0,0,1,1,0,255,102,105,16
1,2023,4,regular,5,473,8,5,0,0,0,0,1,1,0,196,168,102,7
1,2023,4,regular,6,520,5,2,0,2,0,0,0,2,0,263,127,123,7
1,2023,4,regular,7,455,6,3,0,0,0,0,0,0,0,229,125,93,8
1,2023,4,regular,8,428,10,0,0,1,0,0,0,1,0,236,93,95,4
1,2023,4,regular,9,413,7,0,0,0,0,0,0,0,0,266,74,71,2
1,2023,4,regular,10,400,14,0,0,0,0,0,0,0,0,275,68,55,2
1,2024,1,regular,TODOS,6383,97,43,0,9,0,8,0,17,0,3582,1226,1395,179
1,2024,1,regular,1,496,2,7,0,5,0,2,0,7,0,343,32,58,63
1,2024,1,regular,2,575,4,5,0,2,0,0,0,2,0,377,65,120,13
1,2024,1,regular,3,522,6,4,0,0,0,2,0,2,0,290,99,116,17
1,2024,1,regular,4,565,5,5,0,0,0,0,0,0,0,275,138,143,9
1,2024,1,regular,5,553,3,3,0,2,0,1,0,3,0,267,160,121,5
1,2024,1,regular,6,553,7,2,0,0,0,0,0,0,0,256,188,103,6
1,2024,1,regular,7,534,11,0,0,0,0,0,0,0,0,294,143,89,8
1,2024,1,regular,8,484,13,3,0,0,0,0,0,0,0,279,95,106,4
1,2024,1,regular,9,399,12,2,0,0,0,0,0,0,0,257,65,73,4
1,2024,1,regular,10,332,6,3,0,0,0,0,0,0,0,222,62,46,2
1,2024,2,regular,TODOS,6125,114,55,1,12,0,6,0,19,0,3396,1126,1364,238
1,2024,2,regular,1,504,4,5,0,5,0,4,0,9,0,311,33,72,88
1,2024,2,regular,2,554,5,9,1,1,0,0,0,2,0,345,64,113,32
1,2024,2,regular,3,508,3,4,0,0,0,0,0,0,0,295,75,121,17
1,2024,2,regular,4,532,3,8,0,1,0,1,0,2,0,269,156,90,17
1,2024,2,regular,5,506,9,1,0,0,0,0,0,0,0,233,153,112,8
1,2024,2,regular,6,507,6,2,0,1,0,0,0,1,0,251,135,111,10
1,2024,2,regular,7,468,14,3,0,1,0,0,0,1,0,234,109,118,7
1,2024,2,regular,8,457,10,2,0,0,0,0,0,0,0,264,90,100,3
1,2024,2,regular,9,383,11,6,0,0,0,0,0,0,0,240,70,68,5
1,2024,2,regular,10,351,13,5,0,0,0,0,0,0,0,234,60,52,5
1,2024,3,regular,TODOS,6516,125,38,0,15,0,6,0,21,0,3593,1187,1555,180
1,2024,3,regular,1,583,2,1,0,6,0,3,0,9,0,396,40,85,62
1,2024,3,regular,2,526,5,8,0,1,0,1,0,2,0,308,70,133,15
1,2024,3,regular,3,528,5,7,0,1,0,0,0,1,0,285,90,140,13
1,2024,3,regular,4,564,5,2,0,0,0,0,0,0,0,254,175,119,16
1,2024,3,regular,5,514,9,3,0,0,0,1,0,1,0,242,136,126,10
1,2024,3,regular,6,493,9,5,0,0,0,0,0,0,0,238,134,116,5
1,2024,3,regular,7,450,11,2,0,0,0,0,0,0,0,232,106,109,3
1,2024,3,regular,8,508,12,0,0,1,0,0,0,1,0,276,112,114,6
1,2024,3,regular,9,406,16,2,0,1,0,0,0,1,0,261,66,76,3
1,2024,3,regular,10,388,13,1,0,0,0,0,0,0,0,268,62,56,2
1,2024,4,regular,TODOS,5895,117,35,1,13,1,2,2,19,0,3262,1114,1334,185
1,2024,4,regular,1,434,2,10,1,2,1,1,0,5,0,288,34,46,66
1,2024,4,regular,2,515,3,3,0,3,0,0,0,3,0,331,58,105,21
1,2024,4,regular,3,472,4,1,0,3,0,0,2,5,0,263,78,120,11
1,2024,4,regular,4,486,6,3,0,1,0,0,0,1,0,205,187,80,14
1,2024,4,regular,5,439,13,0,0,1,0,0,0,1,0,205,114,113,7
1,2024,4,regular,6,489,11,5,0,1,0,0,0,1,0,246,127,108,8
1,2024,4,regular,7,437,10,1,0,0,0,0,0,0,0,229,102,97,9
1,2024,4,regular,8,414,13,2,0,0,0,0,0,0,0,237,81,92,4
1,2024,4,regular,9,403,8,3,0,0,0,0,0,0,0,244,94,59,6
1,2024,4,regular,10,367,13,0,0,0,0,0,0,0,0,244,59,61,3
1,2025,1,regular,TODOS,6224,119,33,0,8,0,4,2,17,3,3405,1169,1470,179
1,2025,1,regular,1,486,2,4,0,2,0,0,0,2,0,309,43,65,69
1,2025,1,regular,2,500,2,8,0,2,0,0,0,3,1,326,67,93,14
1,2025,1,regular,3,504,6,0,0,2,0,3,0,5,0,269,109,110,16
1,2025,1,regular,4,525,8,3,0,0,0,0,0,0,0,217,145,157,6
1,2025,1,regular,5,524,7,2,0,0,0,0,1,1,0,249,139,127,9
1,2025,1,regular,6,511,12,2,0,1,0,0,1,2,0,249,123,129,10
1,2025,1,regular,7,464,19,3,0,0,0,0,0,1,1,246,107,107,4
1,2025,1,regular,8,458,7,0,0,0,0,0,0,0,0,236,127,93,2
1,2025,1,regular,9,433,8,1,0,0,0,0,0,0,0,253,84,93,3
1,2025,1,regular,10,368,12,0,0,0,0,0,0,0,0,242,58,68,0
1,2025,2,regular,TODOS,5871,81,26,0,10,1,2,0,13,0,3138,1171,1376,185
1,2025,2,regular,1,446,3,4,0,4,0,1,0,5,0,263,57,68,58
1,2025,2,regular,2,501,3,4,0,2,0,0,0,2,0,316,54,116,15
1,2025,2,regular,3,507,3,3,0,1,0,0,0,1,0,255,130,110,12
1,2025,2,regular,4,443,2,1,0,0,0,0,0,0,0,170,175,92,6
1,2025,2,regular,5,518,3,2,0,0,0,0,0,0,0,272,111,123,12
1,2025,2,regular,6,473,5,0,0,1,0,0,0,1,0,251,100,110,12
1,2025,2,regular,7,423,9,1,0,1,0,0,0,1,0,197,106,113,7
1,2025,2,regular,8,416,10,3,0,0,0,0,0,0,0,213,98,97,8
1,2025,2,regular,9,409,7,1,0,0,0,0,0,0,0,255,89,60,5
1,2025,2,regular,10,373,2,1,0,0,0,0,0,0,0,254,62,52,5
1,2025,3,regular,TODOS,6154,119,30,2,12,0,2,0,18,2,3335,1172,1455,192
1,2025,3,regular,1,488,7,5,1,3,0,1,0,5,0,294,78,59,57
1,2025,3,regular,2,560,4,6,0,0,0,0,0,1,1,328,76,134,22
1,2025,3,regular,3,462,3,1,1,1,0,1,0,3,0,231,127,91,13
1,2025,3,regular,4,524,9,3,0,0,0,0,0,0,0,250,137,120,17
1,2025,3,regular,5,471,9,1,0,1,0,0,0,1,0,213,126,116,16
1,2025,3,regular,6,474,16,3,0,2,0,0,0,2,0,243,89,135,7
1,2025,3,regular,7,427,5,0,0,0,0,0,0,0,0,228,80,104,15
1,2025,3,regular,8,424,19,0,0,0,0,0,0,0,0,242,88,92,2
1,2025,3,regular,9,388,7,2,0,0,0,0,0,0,0,253,68,67,0
1,2025,3,regular,10,381,5,3,0,0,0,0,0,0,0,245,69,65,2
4,2003,3,historica,TODOS,5012,131,290,0,46,7,35,1,89,0,3271,738,765,236
4,2003,3,historica,1,567,4,54,0,20,2,23,1,46,0,466,23,36,42
4,2003,3,historica,2,546,7,47,0,8,2,7,0,17,0,400,50,70,26
4,2003,3,historica,3,540,6,40,0,2,1,0,0,3,0,368,85,68,19
4,2003,3,historica,4,550,15,41,0,7,0,0,0,7,0,383,71,78,18
4,2003,3,historica,5,447,18,24,0,6,2,1,0,9,0,266,102,70,9
4,2003,3,historica,6,482,16,20,0,2,0,1,0,3,0,280,90,97,15
4,2003,3,historica,7,455,10,16,0,0,0,1,0,1,0,269,84,94,8
4,2003,3,historica,8,452,15,15,0,0,0,1,0,1,0,283,79,83,7
4,2003,3,historica,9,449,17,21,0,1,0,1,0,2,0,261,95,86,7
4,2003,3,historica,10,400,22,8,0,0,0,0,0,0,0,253,59,83,4
4,2003,4,historica,TODOS,5000,124,277,4,86,10,35,1,136,0,3282,698,809,211
4,2003,4,historica,1,536,10,53,0,31,4,16,0,51,0,436,23,38,39
4,2003,4,historica,2,582,5,50,0,22,2,11,1,36,0,433,60,66,23
4,2003,4,historica,3,564,13,42,0,7,1,1,0,9,0,401,63,80,20
4,2003,4,historica,4,533,19,28,1,9,2,4,0,16,0,355,74,96,8
4,2003,4,historica,5,493,10,13,0,5,1,1,0,7,0,261,120,99,13
4,2003,4,historica,6,496,9,23,2,7,0,0,0,9,0,318,76,86,16
4,2003,4,historica,7,445,13,18,0,2,0,1,0,3,0,273,74,86,12
4,2003,4,historica,8,430,12,21,0,1,0,0,0,1,0,250,89,83,8
4,2003,4,historica,9,417,14,9,0,1,0,0,0,1,0,268,62,82,5
4,2003,4,historica,10,401,19,15,1,0,0,0,0,1,0,251,55,93,2
4,2004,1,historica,TODOS,4834,122,262,6,56,6,26,4,98,0,3147,695,774,217
4,2004,1,historica,1,567,7,63,2,17,2,13,0,34,0,461,28,37,41
4,2004,1,historica,2,517,8,26,0,15,1,3,1,20,0,390,58,46,22
4,2004,1,historica,3,474,13,32,1,12,1,6,0,20,0,343,40,76,15
4,2004,1,historica,4,479,7,27,0,2,2,1,1,6,0,309,76,78,16
4,2004,1,historica,5,487,16,19,1,3,0,1,0,5,0,284,95,89,19
4,2004,1,historica,6,523,17,23,0,4,0,1,1,6,0,298,97,102,26
4,2004,1,historica,7,457,11,15,0,1,0,0,0,1,0,259,85,104,9
4,2004,1,historica,8,425,8,19,0,1,0,0,0,1,0,247,89,80,9
4,2004,1,historica,9,442,24,17,1,1,0,0,0,2,0,272,70,94,6
4,2004,1,historica,10,375,11,18,0,0,0,0,1,1,0,249,55,68,3
4,2004,2,historica,TODOS,5128,114,274,4,35,4,35,5,83,0,3345,707,817,258
4,2004,2,historica,1,573,5,62,1,10,2,13,1,27,0,449,23,51,50
4,2004,2,historica,2,565,10,41,0,3,0,9,1,13,0,408,51,79,27
4,2004,2,historica,3,506,8,37,1,5,0,4,0,10,0,351,58,79,18
4,2004,2,historica,4,499,10,25,0,4,2,2,0,8,0,362,48,77,12
4,2004,2,historica,5,484,10,20,1,6,0,1,1,9,0,296,96,82,10
4,2004,2,historica,6,481,14,23,0,1,0,4,1,6,0,286,67,102,26
4,2004,2,historica,7,498,12,15,0,2,0,1,0,3,0,294,77,103,24
4,2004,2,historica,8,450,17,18,0,2,0,0,0,2,0,289,61,88,12
4,2004,2,historica,9,438,10,13,0,1,0,0,0,1,0,297,53,80,8
4,2004,2,historica,10,419,14,15,0,0,0,0,1,1,0,288,51,72,8
4,2004,3,historica,TODOS,5204,127,286,4,43,4,31,0,82,0,3412,740,791,261
4,2004,3,historica,1,612,3,75,2,13,1,10,0,26,0,495,22,34,61
4,2004,3,historica,2,554,13,39,0,12,1,7,0,20,0,408,50,63,33
4,2004,3,historica,3,566,10,37,0,7,0,7,0,14,0,402,72,70,22
4,2004,3,historica,4,517,13,33,1,5,0,4,0,10,0,323,98,77,19
4,2004,3,historica,5,534,12,26,0,0,0,2,0,2,0,323,105,81,25
4,2004,3,historica,6,522,17,24,0,3,1,1,0,5,0,304,98,111,9
4,2004,3,historica,7,490,15,13,1,1,1,0,0,3,0,281,89,102,18
4,2004,3,historica,8,476,13,12,0,1,0,0,0,1,0,301,67,99,9
4,2004,3,historica,9,458,17,12,0,0,0,0,0,0,0,292,63,92,11
4,2004,3,historica,10,403,14,14,0,0,0,0,0,0,0,260,74,62,7
4,2004,4,historica,TODOS,5162,102,291,8,54,9,34,2,108,1,3308,775,839,240
4,2004,4,historica,1,574,7,64,1,23,4,17,0,45,0,467,19,32,56
4,2004,4,historica,2,595,8,42,2,10,3,9,1,26,1,436,43,87,29
4,2004,4,historica,3,553,7,50,2,6,0,5,0,13,0,370,83,81,19
4,2004,4,historica,4,536,5,30,0,6,0,1,1,8,0,333,82,96,25
4,2004,4,historica,5,512,12,23,1,1,0,1,0,3,0,309,108,78,17
4,2004,4,historica,6,492,13,19,0,1,1,1,0,3,0,283,90,107,12
4,2004,4,historica,7,516,11,20,0,2,0,0,0,2,0,286,98,115,17
4,2004,4,historica,8,469,12,15,0,3,0,0,0,3,0,271,97,90,11
4,2004,4,historica,9,438,13,14,1,1,0,0,0,2,0,258,87,85,8
4,2004,4,historica,10,422,14,12,1,0,1,0,0,2,0,276,67,68,11
4,2005,1,historica,TODOS,5002,110,262,2,64,5,32,5,109,1,3226,739,799,238
4,2005,1,historica,1,605,8,65,1,17,1,13,1,33,0,480,18,32,75
4,2005,1,historica,2,577,8,40,1,13,2,11,0,27,0,434,54,60,29
4,2005,1,historica,3,526,5,37,0,12,1,6,1,20,0,357,69,85,15
4,2005,1,historica,4,517,12,28,0,7,1,1,1,11,1,342,70,90,15
4,2005,1,historica,5,536,9,19,0,9,0,0,0,9,0,287,137,90,22
4,2005,1,historica,6,472,14,19,0,4,0,1,2,7,0,290,86,86,10
4,2005,1,historica,7,485,12,15,0,1,0,0,0,1,0,282,99,88,16
4,2005,1,historica,8,409,17,17,0,1,0,0,0,1,0,238,67,97,7
4,2005,1,historica,9,409,11,9,0,0,0,0,0,0,0,244,80,81,4
4,2005,1,historica,10,404,14,12,0,0,0,0,0,0,0,256,56,90,2
4,2005,2,historica,TODOS,5109,138,252,0,60,4,39,1,107,3,3364,692,812,240
4,2005,2,historica,1,619,3,63,0,20,2,27,0,50,1,489,35,40,55
4,2005,2,historica,2,582,11,43,0,8,0,6,0,14,0,440,56,58,28
4,2005,2,historica,3,522,10,27,0,11,1,2,0,15,1,362,58,72,30
4,2005,2,historica,4,514,13,33,0,6,1,3,0,10,0,343,70,87,14
4,2005,2,historica,5,480,17,12,0,6,0,0,1,7,0,242,147,75,16
4,2005,2,historica,6,534,12,15,0,5,0,1,0,7,1,347,72,95,20
4,2005,2,historica,7,478,21,18,0,1,0,0,0,1,0,287,77,100,14
4,2005,2,historica,8,468,25,19,0,1,0,0,0,1,0,282,60,114,12
4,2005,2,historica,9,467,14,8,0,2,0,0,0,2,0,283,72,99,12
4,2005,2,historica,10,403,10,12,0,0,0,0,0,0,0,277,44,72,10
4,2005,3,historica,TODOS,5184,142,266,5,44,5,55,1,110,0,3401,691,858,234
4,2005,3,historica,1,599,11,60,3,21,3,32,0,59,0,453,27,45,74
4,2005,3,historica,2,600,20,44,1,6,2,9,0,18,0,451,44,81,24
4,2005,3,historica,3,540,11,25,0,1,0,5,1,7,0,364,70,91,15
4,2005,3,historica,4,536,15,31,0,5,0,6,0,11,0,326,87,94,29
4,2005,3,historica,5,512,15,25,0,6,0,2,0,8,0,325,94,82,11
4,2005,3,historica,6,490,14,26,1,2,0,1,0,4,0,296,85,98,11
4,2005,3,historica,7,528,16,12,0,0,0,0,0,0,0,311,89,105,23
4,2005,3,historica,8,484,11,15,0,3,0,0,0,3,0,276,93,108,7
4,2005,3,historica,9,439,15,15,0,0,0,0,0,0,0,287,55,90,7
4,2005,3,historica,10,405,14,12,0,0,0,0,0,0,0,290,47,64,4
4,2005,4,historica,TODOS,5050,139,288,5,57,5,36,4,108,1,3349,644,855,202
4,2005,4,historica,1,604,15,58,0,28,1,18,2,49,0,477,21,46,60
4,2005,4,historica,2,594,18,53,1,11,2,11,0,25,0,451,38,86,19
4,2005,4,historica,3,507,14,40,0,5,1,2,1,9,0,336,55,101,15
4,2005,4,historica,4,524,18,36,1,6,0,2,0,9,0,342,76,84,22
4,2005,4,historica,5,515,13,17,2,2,1,2,1,8,0,284,108,109,14
4,2005,4,historica,6,475,10,20,0,1,0,1,0,3,1,270,95,94,16
4,2005,4,historica,7,511,13,18,1,2,0,0,0,3,0,325,79,89,18
4,2005,4,historica,8,436,13,7,0,1,0,0,0,1,0,284,52,90,10
4,2005,4,historica,9,447,14,24,0,1,0,0,0,1,0,290,66,86,5
4,2005,4,historica,10,406,11,14,0,0,0,0,0,0,0,280,54,70,2
4,2006,1,historica,TODOS,4871,149,248,2,62,2,33,7,109,3,3161,711,796,203
4,2006,1,historica,1,519,15,41,1,26,0,10,1,38,0,401,19,34,65
4,2006,1,historica,2,581,15,48,1,16,1,7,1,26,0,414,62,87,18
4,2006,1,historica,3,540,25,32,0,8,0,6,2,16,0,368,61,93,18
4,2006,1,historica,4,520,10,26,0,5,0,2,3,10,0,325,77,100,18
4,2006,1,historica,5,482,17,19,0,3,1,5,0,10,1,264,117,87,14
4,2006,1,historica,6,461,16,23,0,1,0,1,0,3,1,304,67,82,8
4,2006,1,historica,7,467,11,16,0,1,0,1,0,3,1,273,105,79,10
4,2006,1,historica,8,469,16,14,0,2,0,0,0,2,0,269,99,92,9
4,2006,1,historica,9,427,12,15,0,0,0,1,0,1,0,273,60,82,12
4,2006,1,historica,10,365,12,11,0,0,0,0,0,0,0,256,44,60,5
4,2006,2,historica,TODOS,5162,197,262,3,46,2,35,4,90,0,3390,696,837,239
4,2006,2,historica,1,573,25,54,2,17,0,16,1,36,0,450,23,40,60
4,2006,2,historica,2,594,19,40,0,7,0,8,1,16,0,424,70,79,21
4,2006,2,historica,3,518,20,21,0,11,2,6,0,19,0,344,61,86,27
4,2006,2,historica,4,566,16,35,0,4,0,3,1,8,0,359,80,99,28
4,2006,2,historica,5,495,18,25,0,3,0,0,0,3,0,286,118,78,13
4,2006,2,historica,6,519,23,24,0,4,0,1,0,5,0,322,96,84,17
4,2006,2,historica,7,496,13,16,1,0,0,1,1,3,0,295,68,117,16
4,2006,2,historica,8,451,23,13,0,0,0,0,0,0,0,279,81,80,11
4,2006,2,historica,9,465,17,15,0,0,0,0,0,0,0,305,62,83,15
4,2006,2,historica,10,441,22,17,0,0,0,0,0,0,0,308,36,91,6
4,2006,4,historica,TODOS,6715,235,321,3,42,4,46,4,99,0,4377,930,1153,254
4,2006,4,historica,1,809,31,71,2,16,2,19,1,40,0,629,46,63,70
4,2006,4,historica,2,685,20,45,0,14,0,12,1,27,0,490,64,102,29
4,2006,4,historica,3,639,23,47,1,2,1,3,1,8,0,436,85,101,17
4,2006,4,historica,4,709,16,36,0,7,1,2,1,11,0,453,98,140,18
4,2006,4,historica,5,685,22,25,0,2,0,4,0,6,0,373,157,137,18
4,2006,4,historica,6,655,29,25,0,0,0,1,0,1,0,396,122,111,26
4,2006,4,historica,7,662,22,17,0,1,0,2,0,3,0,417,99,129,17
4,2006,4,historica,8,577,24,17,0,0,0,0,0,0,0,337,110,121,9
4,2006,4,historica,9,649,18,19,0,0,0,1,0,1,0,430,81,128,10
4,2006,4,historica,10,594,30,15,0,0,0,1,0,1,0,398,67,121,8
4,2007,1,historica,TODOS,6743,266,357,6,63,11,42,6,129,1,4303,980,1213,247
4,2007,1,historica,1,804,14,70,3,34,1,16,1,55,0,619,46,65,74
4,2007,1,historica,2,705,29,51,2,11,1,12,2,29,1,484,71,117,33
4,2007,1,historica,3,682,29,55,1,6,4,6,1,18,0,472,63,126,21
4,2007,1,historica,4,713,22,32,0,1,2,2,0,5,0,441,116,137,19
4,2007,1,historica,5,624,27,21,0,1,1,2,1,5,0,351,148,110,15
4,2007,1,historica,6,697,23,28,0,6,0,2,1,9,0,407,138,135,17
4,2007,1,historica,7,596,34,22,0,2,1,0,0,3,0,334,115,137,10
4,2007,1,historica,8,655,35,23,0,2,1,1,0,4,0,379,121,142,13
4,2007,1,historica,9,647,29,25,0,0,0,1,0,1,0,413,105,124,5
4,2007,1,historica,10,564,24,25,0,0,0,0,0,0,0,384,56,120,4
4,2007,2,historica,TODOS,6588,243,323,3,58,7,55,3,127,1,4153,947,1237,249
4,2007,2,historica,1,789,22,64,1,28,2,30,2,63,0,565,42,104,78
4,2007,2,historica,2,774,24,53,1,16,1,17,0,35,0,537,76,128,33
4,2007,2,historica,3,705,18,36,0,5,1,2,0,8,0,456,94,135,20
4,2007,2,historica,4,653,33,37,0,3,1,3,0,7,0,398,101,131,23
4,2007,2,historica,5,668,22,34,0,2,0,1,0,4,1,378,160,115,15
4,2007,2,historica,6,626,18,22,0,1,0,1,1,3,0,356,121,140,9
4,2007,2,historica,7,633,35,20,1,2,2,1,0,6,0,383,92,135,22
4,2007,2,historica,8,616,13,23,0,0,0,0,0,0,0,371,109,125,11
4,2007,2,historica,9,546,27,16,0,1,0,0,0,1,0,337,85,117,7
4,2007,2,historica,10,530,30,16,0,0,0,0,0,0,0,352,66,107,5
4,2007,4,historica,TODOS,6552,232,334,4,44,8,44,0,100,0,4166,950,1216,219
4,2007,4,historica,1,775,21,81,0,12,4,16,0,32,0,557,58,85,74
4,2007,4,historica,2,753,19,57,0,7,3,13,0,23,0,517,91,117,28
4,2007,4,historica,3,724,18,37,0,9,1,7,0,17,0,475,110,119,20
4,2007,4,historica,4,665,20,28,1,3,0,1,0,5,0,422,93,139,11
4,2007,4,historica,5,613,17,23,2,4,0,0,0,6,0,332,138,138,5
4,2007,4,historica,6,634,27,26,0,3,0,4,0,7,0,377,112,134,11
4,2007,4,historica,7,663,25,25,0,3,0,3,0,6,0,385,106,158,14
4,2007,4,historica,8,522,27,19,0,2,0,0,0,2,0,334,90,90,8
4,2007,4,historica,9,600,28,21,1,1,0,0,0,2,0,383,85,123,9
4,2007,4,historica,10,558,30,14,0,0,0,0,0,0,0,374,64,113,7
4,2008,1,historica,TODOS,6503,207,319,4,56,5,23,7,95,0,4095,961,1223,224
4,2008,1,historica,1,747,15,63,0,17,2,7,1,27,0,538,49,64,96
4,2008,1,historica,2,739,20,59,1,15,0,6,0,22,0,513,81,125,20
4,2008,1,historica,3,676,18,34,1,11,1,6,0,19,0,452,84,120,20
4,2008,1,historica,4,695,19,32,0,5,1,1,3,10,0,419,127,132,17
4,2008,1,historica,5,619,25,22,1,2,0,1,0,4,0,327,150,131,11
4,2008,1,historica,6,615,20,21,1,1,0,0,2,4,0,352,110,142,11
4,2008,1,historica,7,599,19,23,0,3,1,1,0,5,0,336,129,124,10
4,2008,1,historica,8,598,25,22,0,2,0,1,1,4,0,355,87,149,7
4,2008,1,historica,9,600,25,19,0,0,0,0,0,0,0,374,82,138,6
4,2008,1,historica,10,573,21,22,0,0,0,0,0,0,0,407,62,98,6
4,2008,2,historica,TODOS,6612,249,308,1,49,5,31,1,87,0,4086,1016,1272,236
4,2008,2,historica,1,755,20,69,1,28,3,15,0,47,0,538,59,83,75
4,2008,2,historica,2,660,20,45,0,6,0,9,0,15,0,460,78,101,19
4,2008,2,historica,3,718,23,41,0,5,1,4,0,10,0,451,92,155,20
4,2008,2,historica,4,701,24,27,0,3,1,3,1,8,0,405,124,155,17
4,2008,2,historica,5,682,27,23,0,1,0,0,0,1,0,352,208,97,25
4,2008,2,historica,6,610,29,29,0,0,0,0,0,0,0,337,120,140,13
4,2008,2,historica,7,653,25,16,0,4,0,0,0,4,0,412,103,124,14
4,2008,2,historica,8,568,21,20,0,1,0,0,0,1,0,326,74,158,10
4,2008,2,historica,9,619,27,13,0,1,0,0,0,1,0,375,86,146,12
4,2008,2,historica,10,599,31,22,0,0,0,0,0,0,0,411,71,113,4
4,2008,3,historica,TODOS,6764,274,321,2,48,7,17,1,75,0,4092,1016,1398,258
4,2008,3,historica,1,737,24,67,1,20,2,8,1,32,0,525,62,80,70
4,2008,3,historica,2,734,11,59,1,15,1,2,0,19,0,492,75,143,24
4,2008,3,historica,3,737,21,30,0,2,2,3,0,7,0,450,106,145,36
4,2008,3,historica,4,607,20,28,0,2,1,2,0,5,0,338,123,130,16
4,2008,3,historica,5,667,27,28,0,1,0,1,0,2,0,354,153,140,20
4,2008,3,historica,6,691,37,26,0,1,0,0,0,1,0,393,136,143,19
4,2008,3,historica,7,650,25,28,0,2,0,0,0,2,0,369,109,159,13
4,2008,3,historica,8,667,39,20,0,3,1,0,0,4,0,386,88,180,13
4,2008,3,historica,9,628,41,15,0,2,0,1,0,3,0,362,94,162,10
4,2008,3,historica,10,593,28,16,0,0,0,0,0,0,0,405,70,116,2
4,2008,4,historica,TODOS,6709,276,324,4,28,6,33,1,74,2,4165,977,1334,232
4,2008,4,historica,1,797,25,80,0,13,2,14,0,29,0,561,60,105,71
4,2008,4,historica,2,729,21,43,1,2,2,11,1,18,1,475,80,151,22
4,2008,4,historica,3,662,26,35,1,6,1,4,0,12,0,440,93,101,28
4,2008,4,historica,4,711,25,33,0,2,0,3,0,5,0,415,143,137,16
4,2008,4,historica,5,626,23,20,0,1,0,1,0,2,0,327,154,133,12
4,2008,4,historica,6,662,33,26,0,0,0,0,0,0,0,351,115,181,15
4,2008,4,historica,7,605,29,18,2,1,0,0,0,3,0,350,107,137,11
4,2008,4,historica,8,639,37,30,0,1,1,0,0,3,1,391,90,146,12
4,2008,4,historica,9,649,21,23,0,1,0,0,0,1,0,443,74,122,10
4,2008,4,historica,10,589,35,13,0,0,0,0,0,0,0,399,59,121,10
4,2009,1,historica,TODOS,6445,256,297,3,44,8,24,4,83,0,4079,920,1211,233
4,2009,1,historica,1,808,32,72,0,26,3,15,1,45,0,573,56,93,86
4,2009,1,historica,2,714,26,46,0,8,1,3,1,13,0,487,74,129,24
4,2009,1,historica,3,714,25,38,0,3,1,4,1,9,0,465,83,145,21
4,2009,1,historica,4,685,23,29,2,1,1,0,0,4,0,371,161,130,22
4,2009,1,historica,5,596,16,24,0,2,0,1,0,3,0,346,125,108,17
4,2009,1,historica,6,638,20,26,0,0,1,1,0,2,0,371,116,137,14
4,2009,1,historica,7,581,32,19,0,2,0,0,1,3,0,365,87,127,2
4,2009,1,historica,8,562,23,14,1,1,0,0,0,2,0,355,79,124,4
4,2009,1,historica,9,549,28,19,0,0,1,0,0,1,0,350,77,115,7
4,2009,1,historica,10,547,31,9,0,0,0,0,0,0,0,374,62,103,8
4,2009,2,historica,TODOS,6501,255,315,0,34,2,36,1,73,0,4060,941,1242,256
4,2009,2,historica,1,826,24,77,0,10,0,16,0,26,0,591,68,83,84
4,2009,2,historica,2,748,14,42,0,8,0,10,0,18,0,515,82,122,29
4,2009,2,historica,3,664,27,30,0,6,2,4,0,12,0,414,93,135,22
4,2009,2,historica,4,672,23,34,0,7,0,1,0,8,0,402,118,134,18
4,2009,2,historica,5,611,17,19,0,1,0,0,0,1,0,318,164,114,15
4,2009,2,historica,6,640,22,31,0,2,0,1,0,3,0,368,121,127,24
4,2009,2,historica,7,646,34,23,0,0,0,1,0,1,0,361,95,182,8
4,2009,2,historica,8,573,31,23,0,0,0,1,0,1,0,355,77,127,14
4,2009,2,historica,9,534,36,19,0,0,0,2,1,3,0,346,68,118,2
4,2009,2,historica,10,545,25,12,0,0,0,0,0,0,0,382,54,100,8
4,2009,3,historica,TODOS,6619,242,306,1,39,4,20,2,66,0,4109,972,1303,234
4,2009,3,historica,1,779,30,58,0,16,2,8,1,27,0,550,70,82,77
4,2009,3,historica,2,740,26,52,0,8,1,4,0,13,0,483,83,144,30
4,2009,3,historica,3,731,11,37,0,4,1,4,0,9,0,453,116,134,27
4,2009,3,historica,4,678,35,20,0,3,0,1,0,4,0,373,148,144,13
4,2009,3,historica,5,624,16,32,0,6,0,1,1,8,0,360,128,131,5
4,2009,3,historica,6,637,25,24,0,1,0,1,0,2,0,380,103,136,18
4,2009,3,historica,7,643,23,20,1,1,0,0,0,2,0,377,104,151,11
4,2009,3,historica,8,600,30,24,0,0,0,1,0,1,0,358,83,147,12
4,2009,3,historica,9,587,25,22,0,0,0,0,0,0,0,372,71,133,11
4,2009,3,historica,10,561,21,17,0,0,0,0,0,0,0,393,63,101,4
4,2009,4,historica,TODOS,6483,276,294,3,32,6,19,1,61,0,4007,983,1291,200
4,2009,4,historica,1,719,22,53,0,14,2,8,0,24,0,502,64,88,65
4,2009,4,historica,2,753,27,60,0,6,1,7,0,14,0,503,90,138,21
4,2009,4,historica,3,694,21,39,0,6,1,2,0,9,0,451,112,112,19
4,2009,4,historica,4,649,21,27,0,1,2,0,0,3,0,372,123,146,8
4,2009,4,historica,5,633,24,12,0,1,0,1,0,2,0,333,162,125,13
4,2009,4,historica,6,640,29,22,0,2,0,1,0,3,0,379,108,138,15
4,2009,4,historica,7,641,35,24,1,2,0,0,1,4,0,370,95,170,6
4,2009,4,historica,8,612,37,22,1,0,0,0,0,1,0,367,83,147,15
4,2009,4,historica,9,547,26,17,0,0,0,0,0,0,0,350,73,118,6
4,2009,4,historica,10,558,33,15,1,0,0,0,0,1,0,370,72,109,7
4,2010,1,historica,TODOS,6364,267,335,3,43,5,15,1,67,0,3795,1019,1332,218
4,2010,1,historica,1,831,32,78,1,20,3,8,1,33,0,574,67,107,83
4,2010,1,historica,2,732,27,63,1,5,1,5,0,12,0,484,81,145,22
4,2010,1,historica,3,643,20,36,1,3,1,1,0,6,0,385,99,141,18
4,2010,1,historica,4,616,23,28,0,7,0,0,0,7,0,319,153,129,15
4,2010,1,historica,5,635,31,29,0,5,0,0,0,5,0,347,130,146,12
4,2010,1,historica,6,595,31,21,0,1,0,0,0,1,0,335,116,137,7
4,2010,1,historica,7,597,27,23,0,1,0,0,0,1,0,349,105,137,6
4,2010,1,historica,8,555,26,18,0,0,0,0,0,0,0,312,108,121,14
4,2010,1,historica,9,565,23,26,0,0,0,0,0,0,0,347,77,137,4
4,2010,1,historica,10,554,26,12,0,1,0,0,0,1,0,336,83,132,3
4,2010,2,historica,TODOS,6519,245,355,4,47,5,27,2,86,1,3884,1001,1362,272
4,2010,2,historica,1,796,19,81,1,24,2,16,0,43,0,498,69,128,101
4,2010,2,historica,2,696,22,49,1,5,2,6,1,15,0,467,67,141,21
4,2010,2,historica,3,686,20,37,0,4,0,2,0,6,0,400,104,162,20
4,2010,2,historica,4,646,18,39,1,5,0,1,0,7,0,344,155,125,22
4,2010,2,historica,5,634,22,24,0,5,1,1,1,8,0,349,155,107,23
4,2010,2,historica,6,599,27,42,0,0,0,1,0,1,0,334,101,152,12
4,2010,2,historica,7,660,30,23,0,3,0,0,0,3,0,357,121,169,13
4,2010,2,historica,8,582,27,19,0,1,0,0,0,1,0,349,88,134,11
4,2010,2,historica,9,616,32,23,1,0,0,0,0,2,1,382,78,147,9
4,2010,2,historica,10,554,28,17,0,0,0,0,0,0,0,389,62,97,6
4,2010,3,historica,TODOS,6667,234,305,3,43,6,25,2,79,0,4013,1025,1388,240
4,2010,3,historica,1,771,18,69,2,17,1,13,1,34,0,497,79,114,81
4,2010,3,historica,2,756,27,54,0,9,3,6,1,19,0,497,82,151,26
4,2010,3,historica,3,730,22,32,0,7,1,2,0,10,0,408,121,178,23
4,2010,3,historica,4,567,15,21,0,1,0,1,0,2,0,277,139,137,14
4,2010,3,historica,5,644,30,24,0,5,0,2,0,7,0,365,117,133,29
4,2010,3,historica,6,678,21,26,0,1,0,0,0,1,0,372,142,152,12
4,2010,3,historica,7,616,28,26,1,1,0,0,0,2,0,376,89,134,17
4,2010,3,historica,8,659,21,18,0,2,1,0,0,3,0,415,97,144,3
4,2010,3,historica,9,607,27,18,0,0,0,0,0,0,0,379,79,140,9
4,2010,3,historica,10,599,23,15,0,0,0,0,0,0,0,410,80,105,4
4,2010,4,historica,TODOS,6566,256,312,0,21,2,31,1,56,1,3898,1076,1381,211
4,2010,4,historica,1,736,24,65,0,4,1,14,0,20,1,502,72,87,75
4,2010,4,historica,2,717,26,51,0,7,1,5,0,13,0,463,88,147,19
4,2010,4,historica,3,738,27,41,0,3,0,7,0,10,0,427,112,168,31
4,2010,4,historica,4,614,17,26,0,3,0,1,0,4,0,323,136,142,13
4,2010,4,historica,5,661,27,16,0,2,0,4,1,7,0,312,190,143,16
4,2010,4,historica,6,604,20,21,0,1,0,0,0,1,0,348,104,146,6
4,2010,4,historica,7,646,33,23,0,1,0,0,0,1,0,357,116,167,6
4,2010,4,historica,8,593,25,23,0,0,0,0,0,0,0,351,101,134,7
4,2010,4,historica,9,603,29,18,0,0,0,0,0,0,0,393,80,124,6
4,2010,4,historica,10,616,28,23,0,0,0,0,0,0,0,410,76,123,7
4,2011,1,historica,TODOS,6464,271,330,1,24,4,23,4,57,1,3859,1036,1335,232
4,2011,1,historica,1,785,26,86,0,8,2,11,1,22,0,524,67,102,91
4,2011,1,historica,2,706,28,47,0,4,0,5,2,11,0,468,63,139,36
4,2011,1,historica,3,645,11,21,0,6,1,4,1,12,0,382,107,140,16
4,2011,1,historica,4,608,24,36,0,3,0,1,0,5,1,325,143,127,13
4,2011,1,historica,5,689,27,34,0,0,0,0,0,0,0,381,142,151,15
4,2011,1,historica,6,641,23,31,0,1,1,1,0,3,0,356,121,149,15
4,2011,1,historica,7,580,28,19,0,1,0,0,0,1,0,294,150,124,12
4,2011,1,historica,8,587,38,20,1,1,0,0,0,2,0,342,92,149,4
4,2011,1,historica,9,605,37,15,0,0,0,0,0,0,0,366,82,148,8
4,2011,1,historica,10,585,29,20,0,0,0,0,0,0,0,408,68,106,3
4,2011,2,historica,TODOS,6660,249,328,2,36,6,19,1,64,0,4085,966,1348,261
4,2011,2,historica,1,832,18,84,0,16,0,6,0,22,0,551,76,112,93
4,2011,2,historica,2,784,27,64,1,5,1,4,0,11,0,520,75,156,33
4,2011,2,historica,3,771,18,39,0,9,0,3,0,12,0,482,107,164,18
4,2011,2,historica,4,648,21,31,0,0,1,2,0,3,0,370,117,135,26
4,2011,2,historica,5,637,19,24,0,3,0,2,0,5,0,331,159,137,10
4,2011,2,historica,6,635,32,15,1,2,2,1,1,7,0,373,99,149,14
4,2011,2,historica,7,594,28,25,0,0,1,0,0,1,0,321,116,135,22
4,2011,2,historica,8,598,33,19,0,1,1,1,0,3,0,378,66,146,8
4,2011,2,historica,9,573,29,15,0,0,0,0,0,0,0,379,66,120,8
4,2011,2,historica,10,547,22,11,0,0,0,0,0,0,0,365,85,94,3
4,2011,3,historica,TODOS,6459,276,317,4,62,4,40,1,111,0,3916,943,1391,209
4,2011,3,historica,1,817,26,66,0,23,0,19,1,43,0,564,55,119,79
4,2011,3,historica,2,731,22,47,1,12,0,10,0,23,0,479,85,144,23
4,2011,3,historica,3,686,35,46,0,12,2,5,0,19,0,440,83,139,24
4,2011,3,historica,4,666,25,33,3,4,1,3,0,11,0,357,151,143,15
4,2011,3,historica,5,601,23,19,0,4,0,1,0,5,0,327,123,141,10
4,2011,3,historica,6,628,29,23,0,5,0,1,0,6,0,344,106,164,14
4,2011,3,historica,7,548,22,22,0,1,0,0,0,1,0,304,98,140,6
4,2011,3,historica,8,613,41,19,0,1,1,0,0,2,0,359,93,148,13
4,2011,3,historica,9,612,31,27,0,0,0,0,0,0,0,392,68,148,4
4,2011,3,historica,10,522,22,13,0,0,0,0,0,0,0,335,81,105,1
4,2011,4,historica,TODOS,6377,237,335,3,32,5,19,1,61,1,3827,953,1407,190
4,2011,4,historica,1,773,18,79,0,11,1,8,0,21,1,526,63,113,71
4,2011,4,historica,2,677,17,49,2,11,1,7,0,21,0,429,68,157,23
4,2011,4,historica,3,701,23,39,0,4,2,3,0,9,0,455,69,155,22
4,2011,4,historica,4,676,17,32,1,2,1,0,0,4,0,374,130,160,12
4,2011,4,historica,5,621,23,18,0,2,0,1,0,3,0,311,167,130,13
4,2011,4,historica,6,613,20,39,0,1,0,0,0,1,0,338,108,157,10
4,2011,4,historica,7,625,38,23,0,1,0,0,0,1,0,351,106,157,11
4,2011,4,historica,8,585,26,17,0,0,0,0,0,0,0,336,94,149,6
4,2011,4,historica,9,553,31,16,0,0,0,0,0,0,0,343,74,133,3
4,2011,4,historica,10,522,24,22,0,0,0,0,1,1,0,350,71,96,5
4,2012,1,historica,TODOS,6273,239,293,5,31,4,16,5,62,1,3754,1055,1238,225
4,2012,1,historica,1,697,19,78,1,9,1,5,1,17,0,466,66,81,84
4,2012,1,historica,2,701,19,40,2,10,0,5,0,18,1,486,63,136,16
4,2012,1,historica,3,688,18,37,1,5,0,2,0,8,0,422,99,146,21
4,2012,1,historica,4,637,18,23,0,1,2,2,1,6,0,339,170,111,16
4,2012,1,historica,5,656,25,21,0,4,0,1,1,6,0,348,141,152,15
4,2012,1,historica,6,614,28,30,0,0,0,1,0,1,0,319,137,146,12
4,2012,1,historica,7,599,25,17,1,1,1,0,1,4,0,354,110,122,13
4,2012,1,historica,8,563,30,23,0,0,0,0,1,1,0,340,89,129,5
4,2012,1,historica,9,526,22,12,0,1,0,0,0,1,0,330,84,107,5
4,2012,1,historica,10,552,35,9,0,0,0,0,0,0,0,341,93,108,10
4,2012,2,historica,TODOS,6454,259,292,3,31,4,16,3,57,0,3860,1039,1303,252
4,2012,2,historica,1,672,24,49,1,14,0,8,0,23,0,452,64,85,71
4,2012,2,historica,2,730,16,50,1,8,3,2,1,15,0,484,67,153,26
4,2012,2,historica,3,714,38,42,1,0,0,2,0,3,0,451,80,154,29
4,2012,2,historica,4,608,16,26,0,2,0,2,1,5,0,339,131,121,17
4,2012,2,historica,5,611,27,15,0,2,0,1,0,3,0,288,181,128,14
4,2012,2,historica,6,618,25,26,0,2,1,1,1,5,0,327,121,135,35
4,2012,2,historica,7,661,32,29,0,2,0,0,0,2,0,372,115,162,12
4,2012,2,historica,8,573,27,18,0,1,0,0,0,1,0,332,104,125,12
4,2012,2,historica,9,624,25,23,0,0,0,0,0,0,0,403,102,112,7
4,2012,2,historica,10,614,29,13,0,0,0,0,0,0,0,405,74,128,7
4,2012,3,historica,TODOS,6330,236,277,2,18,0,19,1,40,0,3701,1073,1340,215
4,2012,3,historica,1,633,19,54,1,2,0,10,0,13,0,431,49,86,67
4,2012,3,historica,2,698,16,42,0,8,0,4,1,13,0,452,76,148,22
4,2012,3,historica,3,705,24,35,1,4,0,0,0,5,0,436,89,163,17
4,2012,3,historica,4,613,11,28,0,1,0,2,0,3,0,315,160,117,20
4,2012,3,historica,5,606,27,25,0,1,0,3,0,4,0,325,123,132,26
4,2012,3,historica,6,679,31,24,0,1,0,0,0,1,0,341,149,175,14
4,2012,3,historica,7,631,30,16,0,1,0,0,0,1,0,339,132,149,11
4,2012,3,historica,8,593,25,16,0,0,0,0,0,0,0,328,110,149,6
4,2012,3,historica,9,565,22,17,0,0,0,0,0,0,0,344,106,112,3
4,2012,3,historica,10,574,30,19,0,0,0,0,0,0,0,381,79,109,5
4,2012,4,historica,TODOS,6104,267,259,3,21,6,21,3,56,2,3549,1017,1360,176
4,2012,4,historica,1,648,12,51,1,7,3,15,1,27,0,449,53,92,54
4,2012,4,historica,2,642,24,38,0,3,0,0,0,3,0,413,54,156,19
4,2012,4,historica,3,686,28,36,1,3,1,6,0,11,0,408,91,171,16
4,2012,4,historica,4,646,22,35,0,2,1,0,0,3,0,361,113,147,25
4,2012,4,historica,5,564,20,16,0,1,1,0,0,3,1,254,207,90,13
4,2012,4,historica,6,616,32,18,1,3,0,0,1,6,1,317,118,173,8
4,2012,4,historica,7,599,31,19,0,1,0,0,1,2,0,333,116,140,10
4,2012,4,historica,8,532,21,14,0,0,0,0,0,0,0,295,85,149,3
4,2012,4,historica,9,574,40,12,0,0,0,0,0,0,0,349,90,134,1
4,2012,4,historica,10,567,35,19,0,1,0,0,0,1,0,364,89,108,6
4,2013,4,historica,TODOS,6664,278,327,2,28,1,19,2,53,1,3908,1095,1446,215
4,2013,4,historica,1,750,18,69,0,8,0,8,1,17,0,518,68,101,63
4,2013,4,historica,2,735,20,63,0,8,0,7,0,16,1,493,70,148,24
4,2013,4,historica,3,678,26,42,0,3,1,3,1,8,0,421,74,172,11
4,2013,4,historica,4,716,22,48,1,3,0,1,0,5,0,406,126,166,18
4,2013,4,historica,5,637,19,18,1,2,0,0,0,3,0,293,208,126,10
4,2013,4,historica,6,679,31,23,0,4,0,0,0,4,0,388,121,155,15
4,2013,4,historica,7,618,40,14,0,0,0,0,0,0,0,338,108,167,5
4,2013,4,historica,8,566,27,12,0,0,0,0,0,0,0,295,108,156,7
4,2013,4,historica,9,627,37,17,0,0,0,0,0,0,0,360,109,139,19
4,2013,4,historica,10,605,37,19,0,0,0,0,0,0,0,384,101,116,4
4,2014,1,historica,TODOS,6668,291,325,0,22,4,12,6,45,1,3930,1110,1413,213
4,2014,1,historica,1,783,24,63,0,10,0,6,2,18,0,549,59,102,73
4,2014,1,historica,2,709,21,62,0,5,0,3,1,9,0,469,68,154,17
4,2014,1,historica,3,681,27,48,0,3,1,0,2,6,0,453,63,155,9
4,2014,1,historica,4,661,21,37,0,0,0,3,0,3,0,370,133,139,19
4,2014,1,historica,5,622,24,21,0,0,0,0,1,1,0,319,169,124,10
4,2014,1,historica,6,680,35,22,0,3,2,0,0,5,0,382,128,155,15
4,2014,1,historica,7,621,40,14,0,1,1,0,0,2,0,327,132,154,8
4,2014,1,historica,8,624,27,16,0,0,0,0,0,1,1,337,120,160,7
4,2014,1,historica,9,620,39,20,0,0,0,0,0,0,0,345,129,136,10
4,2014,1,historica,10,614,31,16,0,0,0,0,0,0,0,367,106,134,7
4,2014,2,historica,TODOS,6928,316,309,0,34,0,16,1,51,0,4176,1111,1404,236
4,2014,2,historica,1,743,26,50,0,10,0,11,0,21,0,498,52,94,98
4,2014,2,historica,2,723,31,53,0,9,0,3,0,12,0,472,67,162,22
4,2014,2,historica,3,694,26,46,0,7,0,1,0,8,0,444,73,163,14
4,2014,2,historica,4,769,25,40,0,2,0,1,0,3,0,484,94,173,18
4,2014,2,historica,5,595,23,16,0,1,0,0,0,1,0,277,220,87,11
4,2014,2,historica,6,678,39,16,0,2,0,0,0,2,0,380,121,164,13
4,2014,2,historica,7,691,23,18,0,3,0,0,0,3,0,367,139,167,18
4,2014,2,historica,8,659,32,22,0,0,0,0,1,1,0,402,131,121,5
4,2014,2,historica,9,648,39,22,0,0,0,0,0,0,0,388,115,141,4
4,2014,2,historica,10,686,52,23,0,0,0,0,0,0,0,456,92,132,6
4,2016,2,regular,TODOS,6801,321,256,4,20,0,11,2,38,1,3839,1177,1560,225
4,2016,2,regular,1,627,17,60,1,9,0,3,1,14,0,425,53,74,75
4,2016,2,regular,2,617,17,31,0,4,0,6,0,11,1,416,53,127,21
4,2016,2,regular,3,591,26,31,1,1,0,0,0,2,0,389,47,138,17
4,2016,2,regular,4,625,32,21,0,0,0,0,0,0,0,305,141,167,12
4,2016,2,regular,5,501,17,15,2,1,0,0,0,3,0,183,227,75,16
4,2016,2,regular,6,472,30,11,0,0,0,0,0,0,0,240,96,127,9
4,2016,2,regular,7,552,39,11,0,0,0,0,0,0,0,268,121,152,11
4,2016,2,regular,8,470,22,5,0,1,0,0,0,1,0,246,112,102,10
4,2016,2,regular,9,415,13,10,0,0,0,0,0,0,0,252,80,82,1
4,2016,2,regular,10,421,25,6,0,0,0,0,0,0,0,253,87,75,6
4,2016,3,regular,TODOS,6790,294,256,2,16,6,9,0,34,1,3828,1204,1550,207
4,2016,3,regular,1,594,17,54,0,6,4,7,0,18,1,412,51,61,70
4,2016,3,regular,2,573,25,47,0,2,0,0,0,2,0,398,43,109,23
4,2016,3,regular,3,534,21,26,0,0,1,2,0,3,0,322,69,129,14
4,2016,3,regular,4,554,13,10,0,3,0,0,0,3,0,275,162,103,14
4,2016,3,regular,5,483,11,17,1,1,0,0,0,2,0,229,111,129,14
4,2016,3,regular,6,570,24,10,0,0,0,0,0,0,0,269,156,135,10
4,2016,3,regular,7,495,26,11,0,1,0,0,0,1,0,260,116,118,1
4,2016,3,regular,8,507,22,7,0,0,0,0,0,0,0,278,127,98,4
4,2016,3,regular,9,444,13,16,0,0,1,0,0,1,0,258,92,93,1
4,2016,3,regular,10,438,22,8,0,0,0,0,0,0,0,261,83,94,0
4,2016,4,regular,TODOS,6515,275,226,3,15,3,8,2,31,0,3640,1176,1506,191
4,2016,4,regular,1,568,18,42,1,3,1,2,0,7,0,384,51,76,57
4,2016,4,regular,2,581,20,23,1,3,2,0,0,6,0,379,60,123,19
4,2016,4,regular,3,576,13,24,0,1,0,2,0,3,0,372,65,125,14
4,2016,4,regular,4,475,19,20,0,1,0,1,0,2,0,254,123,87,11
4,2016,4,regular,5,508,21,13,1,0,0,1,1,3,0,205,180,113,10
4,2016,4,regular,6,490,22,9,0,1,0,0,0,1,0,259,98,124,9
4,2016,4,regular,7,449,21,16,0,0,0,0,0,0,0,226,111,104,8
4,2016,4,regular,8,480,17,9,0,0,0,0,0,0,0,241,130,99,10
4,2016,4,regular,9,400,17,11,0,1,0,0,0,1,0,234,83,80,3
4,2016,4,regular,10,420,23,7,0,0,0,0,0,0,0,242,89,88,1
4,2017,1,regular,TODOS,6617,289,257,3,30,2,13,3,52,1,3664,1204,1556,192
4,2017,1,regular,1,603,18,59,0,9,0,6,1,16,0,418,43,70,72
4,2017,1,regular,2,584,22,30,0,2,1,0,0,3,0,359,66,144,15
4,2017,1,regular,3,542,16,26,1,7,0,1,0,9,0,337,71,116,18
4,2017,1,regular,4,504,18,16,0,3,0,0,0,3,0,256,115,118,15
4,2017,1,regular,5,561,26,17,0,3,0,0,1,4,0,279,150,123,9
4,2017,1,regular,6,470,18,11,1,1,0,1,0,3,0,218,118,127,7
4,2017,1,regular,7,501,24,21,0,2,0,0,1,3,0,241,148,106,6
4,2017,1,regular,8,474,21,7,0,0,0,0,0,1,1,217,133,121,3
4,2017,1,regular,9,422,28,14,0,0,0,0,0,0,0,226,102,94,0
4,2017,1,regular,10,423,28,10,0,0,0,0,0,0,0,265,82,72,4
4,2017,2,regular,TODOS,6736,310,247,0,25,2,11,2,40,0,3677,1249,1590,220
4,2017,2,regular,1,598,17,52,0,5,1,8,1,15,0,399,51,77,71
4,2017,2,regular,2,625,16,37,0,8,0,1,0,9,0,405,65,124,31
4,2017,2,regular,3,550,14,25,0,4,0,1,0,5,0,337,68,122,23
4,2017,2,regular,4,608,25,26,0,3,0,0,1,4,0,336,109,148,15
4,2017,2,regular,5,527,10,15,0,1,0,0,0,1,0,209,211,97,10
4,2017,2,regular,6,543,24,17,0,0,0,1,0,1,0,270,128,134,11
4,2017,2,regular,7,540,34,19,0,0,0,0,0,0,0,284,117,131,8
4,2017,2,regular,8,498,27,8,0,0,0,0,0,0,0,236,131,131,0
4,2017,2,regular,9,429,24,8,0,0,0,0,0,0,0,234,103,87,5
4,2017,2,regular,10,454,31,6,0,0,0,0,0,0,0,254,99,99,2
4,2017,3,regular,TODOS,6654,321,247,0,10,3,9,1,24,1,3623,1266,1561,204
4,2017,3,regular,1,613,13,51,0,1,0,4,1,6,0,399,52,86,76
4,2017,3,regular,2,671,17,41,0,2,1,4,0,7,0,456,55,137,23
4,2017,3,regular,3,557,20,35,0,1,1,1,0,3,0,328,73,144,12
4,2017,3,regular,4,560,26,16,0,1,0,0,0,2,1,267,152,124,17
4,2017,3,regular,5,532,23,11,0,1,0,0,0,1,0,265,133,119,15
4,2017,3,regular,6,585,27,18,0,0,0,0,0,0,0,274,146,154,11
4,2017,3,regular,7,502,33,13,0,0,0,0,0,0,0,252,146,99,5
4,2017,3,regular,8,459,28,15,0,0,0,0,0,0,0,242,114,100,3
4,2017,3,regular,9,484,27,9,0,1,0,0,0,1,0,250,120,112,2
4,2017,3,regular,10,435,34,5,0,0,0,0,0,0,0,231,117,84,3
4,2017,4,regular,TODOS,6717,302,247,0,20,1,8,2,32,1,3692,1249,1603,172
4,2017,4,regular,1,682,14,58,0,8,0,1,0,10,1,479,61,78,64
4,2017,4,regular,2,613,19,39,0,3,0,3,1,7,0,404,69,130,10
4,2017,4,regular,3,567,25,28,0,3,0,2,0,5,0,321,71,159,16
4,2017,4,regular,4,575,14,18,0,0,0,0,0,0,0,277,144,133,21
4,2017,4,regular,5,524,19,14,0,2,0,0,0,2,0,233,185,97,9
4,2017,4,regular,6,614,33,14,0,0,0,0,0,0,0,319,136,151,8
4,2017,4,regular,7,400,24,11,0,0,0,1,1,2,0,196,89,113,2
4,2017,4,regular,8,519,19,12,0,0,0,0,0,0,0,254,140,120,5
4,2017,4,regular,9,459,34,6,0,0,0,0,0,0,0,271,73,114,1
4,2017,4,regular,10,476,13,11,0,0,1,0,0,1,0,272,114,85,5
4,2018,1,regular,TODOS,6655,312,229,1,26,1,12,2,42,0,3607,1266,1580,202
4,2018,1,regular,1,598,17,43,0,15,0,6,0,21,0,413,44,78,63
4,2018,1,regular,2,568,17,38,0,4,0,2,0,6,0,367,41,146,14
4,2018,1,regular,3,588,25,42,0,3,0,1,1,5,0,350,73,148,17
4,2018,1,regular,4,545,16,20,1,1,0,1,0,3,0,253,165,113,14
4,2018,1,regular,5,556,28,17,0,1,0,1,0,2,0,287,121,129,19
4,2018,1,regular,6,573,29,10,0,0,0,0,0,0,0,259,181,122,11
4,2018,1,regular,7,547,20,13,0,0,0,0,0,0,0,271,142,125,9
4,2018,1,regular,8,498,18,6,0,0,0,0,0,0,0,275,114,106,3
4,2018,1,regular,9,498,33,9,0,0,0,0,0,0,0,254,123,119,2
4,2018,1,regular,10,395,25,4,0,0,0,0,0,0,0,192,97,102,4
4,2018,2,regular,TODOS,6624,270,241,2,18,0,7,1,28,0,3724,1220,1506,171
4,2018,2,regular,1,589,19,57,1,5,0,5,0,11,0,380,52,93,63
4,2018,2,regular,2,594,18,38,0,7,0,1,0,8,0,377,56,143,18
4,2018,2,regular,3,609,19,25,0,0,0,1,0,1,0,387,74,137,11
4,2018,2,regular,4,517,12,17,0,1,0,0,1,2,0,273,136,100,8
4,2018,2,regular,5,573,32,17,1,2,0,0,0,3,0,237,197,123,16
4,2018,2,regular,6,552,24,12,0,0,0,0,0,0,0,302,101,138,11
4,2018,2,regular,7,524,20,13,0,2,0,0,0,2,0,269,115,130,10
4,2018,2,regular,8,500,23,13,0,0,0,0,0,0,0,267,124,103,6
4,2018,2,regular,9,486,14,5,0,0,0,0,0,0,0,274,109,100,3
4,2018,2,regular,10,480,26,5,0,0,0,0,0,0,0,278,101,99,2
4,2018,3,regular,TODOS,6465,276,206,0,22,2,11,1,36,0,3673,1145,1436,211
4,2018,3,regular,1,609,20,42,0,7,1,6,1,15,0,416,43,70,80
4,2018,3,regular,2,599,21,38,0,5,0,4,0,9,0,396,54,122,27
4,2018,3,regular,3,587,23,24,0,4,1,0,0,5,0,371,67,136,13
4,2018,3,regular,4,519,10,18,0,1,0,1,0,2,0,236,172,99,12
4,2018,3,regular,5,517,20,14,0,0,0,0,0,0,0,275,112,114,16
4,2018,3,regular,6,524,28,9,0,0,0,0,0,0,0,260,125,132,7
4,2018,3,regular,7,477,27,12,0,1,0,0,0,1,0,255,110,105,7
4,2018,3,regular,8,488,27,5,0,0,0,0,0,0,0,253,105,125,5
4,2018,3,regular,9,485,18,7,0,0,0,0,0,0,0,282,100,96,7
4,2018,3,regular,10,455,32,7,0,0,0,0,0,0,0,262,97,95,1
4,2018,4,regular,TODOS,6615,325,218,3,17,3,6,0,29,0,3753,1170,1478,213
4,2018,4,regular,1,583,10,39,0,8,0,2,0,10,0,380,52,71,79
4,2018,4,regular,2,641,35,31,0,5,0,3,0,8,0,419,65,134,23
4,2018,4,regular,3,645,25,40,1,2,1,1,0,5,0,387,86,153,19
4,2018,4,regular,4,543,25,18,0,0,0,0,0,0,0,270,154,112,7
4,2018,4,regular,5,549,34,17,0,1,0,0,0,1,0,269,154,109,17
4,2018,4,regular,6,483,23,7,0,1,0,0,0,1,0,246,87,139,11
4,2018,4,regular,7,495,15,8,0,0,0,0,0,0,0,279,105,102,9
4,2018,4,regular,8,498,32,9,0,0,0,0,0,0,0,261,113,121,3
4,2018,4,regular,9,526,30,11,1,0,0,0,0,1,0,301,112,110,3
4,2018,4,regular,10,475,25,9,0,0,0,0,0,0,0,271,96,104,4
4,2019,1,regular,TODOS,6138,285,178,2,30,3,4,4,44,1,3441,1112,1369,216
4,2019,1,regular,1,578,15,34,1,11,1,2,3,18,0,389,39,73,77
4,2019,1,regular,2,532,20,23,0,10,1,1,0,12,0,364,43,100,25
4,2019,1,regular,3,603,26,27,0,1,0,0,1,2,0,390,74,126,13
4,2019,1,regular,4,553,19,14,0,1,0,1,0,2,0,274,155,109,15
4,2019,1,regular,5,488,19,10,0,0,0,0,0,1,1,259,97,123,9
4,2019,1,regular,6,485,28,10,0,2,0,0,0,2,0,242,138,94,11
4,2019,1,regular,7,486,24,10,0,0,0,0,0,0,0,240,124,117,5
4,2019,1,regular,8,455,24,7,0,0,0,0,0,0,0,231,103,116,5
4,2019,1,regular,9,433,19,9,0,0,0,0,0,0,0,233,115,85,0
4,2019,1,regular,10,406,19,6,0,0,0,0,0,0,0,226,91,86,3
4,2019,2,regular,TODOS,5214,369,171,1,6,1,4,0,12,0,2918,890,1239,167
4,2019,2,regular,1,513,19,39,0,3,1,3,0,7,0,340,37,70,66
4,2019,2,regular,2,491,32,32,0,2,0,1,0,3,0,321,46,113,11
4,2019,2,regular,3,545,30,18,0,0,0,0,0,0,0,321,61,150,13
4,2019,2,regular,4,457,25,7,0,1,0,0,0,1,0,228,130,89,10
4,2019,2,regular,5,426,25,6,0,0,0,0,0,0,0,207,117,93,9
4,2019,2,regular,6,479,36,19,0,0,0,0,0,0,0,245,98,127,9
4,2019,2,regular,7,385,23,9,0,0,0,0,0,0,0,215,66,100,4
4,2019,2,regular,8,422,27,9,1,0,0,0,0,1,0,224,83,107,8
4,2019,2,regular,9,411,34,11,0,0,0,0,0,0,0,251,74,86,0
4,2019,2,regular,10,368,35,3,0,0,0,0,0,0,0,201,81,81,5
4,2019,3,regular,TODOS,5427,330,170,2,19,1,9,0,31,0,3046,941,1281,159
4,2019,3,regular,1,485,16,31,0,6,0,5,0,11,0,329,39,67,50
4,2019,3,regular,2,540,24,29,1,7,0,1,0,9,0,346,46,126,22
4,2019,3,regular,3,534,32,23,0,2,1,1,0,4,0,308,66,144,16
4,2019,3,regular,4,435,28,8,0,1,0,1,0,2,0,208,121,101,5
4,2019,3,regular,5,483,18,16,0,1,0,0,0,1,0,270,93,107,13
4,2019,3,regular,6,457,40,12,1,0,0,0,0,1,0,240,89,119,9
4,2019,3,regular,7,457,35,17,0,0,0,0,0,0,0,231,108,109,9
4,2019,3,regular,8,475,32,12,0,0,0,0,0,0,0,272,98,101,4
4,2019,3,regular,9,397,25,5,0,0,0,0,0,0,0,222,89,85,1
4,2019,3,regular,10,365,17,3,0,0,0,0,0,0,0,205,92,67,1
4,2019,4,regular,TODOS,5685,307,176,2,21,0,5,0,28,0,3163,1001,1336,185
4,2019,4,regular,1,540,11,30,1,7,0,1,0,9,0,365,32,68,75
4,2019,4,regular,2,496,22,23,0,5,0,0,0,5,0,324,43,117,12
4,2019,4,regular,3,588,42,29,0,2,0,1,0,3,0,349,68,153,18
4,2019,4,regular,4,517,30,14,0,3,0,0,0,3,0,242,140,127,8
4,2019,4,regular,5,510,30,16,0,1,0,0,0,1,0,248,137,115,10
4,2019,4,regular,6,487,27,10,0,1,0,1,0,2,0,260,79,136,12
4,2019,4,regular,7,455,25,7,0,1,0,0,0,1,0,228,104,116,7
4,2019,4,regular,8,474,25,8,0,0,0,0,0,0,0,264,109,96,5
4,2019,4,regular,9,375,23,9,0,0,0,0,0,0,0,218,80,77,0
4,2019,4,regular,10,400,23,8,0,0,0,0,0,0,0,232,74,89,5
4,2020,1,regular,TODOS,5690,277,158,2,26,1,4,3,37,1,3119,1040,1348,183
4,2020,1,regular,1,529,13,38,1,6,0,4,1,12,0,366,34,53,76
4,2020,1,regular,2,519,15,20,0,8,0,0,0,8,0,345,38,120,16
4,2020,1,regular,3,548,20,19,0,5,0,0,0,6,1,361,54,115,18
4,2020,1,regular,4,551,23,7,0,0,1,0,1,2,0,291,112,129,19
4,2020,1,regular,5,451,21,12,0,2,0,0,0,2,0,229,80,137,5
4,2020,1,regular,6,484,25,13,0,0,0,0,0,0,0,218,151,110,5
4,2020,1,regular,7,472,32,9,0,0,0,0,0,0,0,186,166,119,1
4,2020,1,regular,8,451,32,11,0,0,0,0,0,0,0,214,114,118,5
4,2020,1,regular,9,453,23,3,0,0,0,0,0,0,0,244,115,91,3
4,2020,1,regular,10,338,21,4,0,0,0,0,0,0,0,183,68,83,4
4,2020,2,regular,TODOS,3800,125,112,0,15,2,2,1,20,0,2001,788,783,228
4,2020,2,regular,1,264,3,13,0,3,1,1,0,5,0,143,22,21,78
4,2020,2,regular,2,311,10,15,0,3,0,1,1,5,0,193,37,57,24
4,2020,2,regular,3,358,9,15,0,1,1,0,0,2,0,207,61,79,11
4,2020,2,regular,4,390,9,14,0,3,0,0,0,3,0,214,65,83,28
4,2020,2,regular,5,338,11,10,0,0,0,0,0,0,0,181,72,72,13
4,2020,2,regular,6,338,8,6,0,1,0,0,0,1,0,155,107,68,8
4,2020,2,regular,7,345,12,10,0,2,0,0,0,2,0,163,100,80,2
4,2020,2,regular,8,392,11,6,0,1,0,0,0,1,0,199,87,96,10
4,2020,2,regular,9,289,14,8,0,0,0,0,0,0,0,142,94,52,1
4,2020,2,regular,10,252,15,3,0,0,0,0,0,0,0,133,60,56,3
4,2020,3,regular,TODOS,4480,156,109,2,13,0,9,0,24,0,2452,835,1029,164
4,2020,3,regular,1,271,1,12,1,4,0,3,0,8,0,166,28,16,61
4,2020,3,regular,2,428,12,18,1,1,0,1,0,3,0,290,40,77,21
4,2020,3,regular,3,469,11,18,0,4,0,0,0,4,0,300,36,113,20
4,2020,3,regular,4,430,9,13,0,2,0,0,0,2,0,247,75,100,8
4,2020,3,regular,5,451,13,15,0,0,0,2,0,2,0,199,127,120,5
4,2020,3,regular,6,399,12,5,0,1,0,0,0,1,0,205,93,94,7
4,2020,3,regular,7,376,13,8,0,0,0,0,0,0,0,187,93,90,6
4,2020,3,regular,8,346,15,3,0,0,0,0,0,0,0,168,82,91,5
4,2020,3,regular,9,321,18,6,0,0,0,0,0,0,0,161,88,69,3
4,2020,3,regular,10,290,18,2,0,0,0,0,0,0,0,163,72,54,1
4,2020,4,regular,TODOS,4885,180,123,4,20,1,5,1,31,0,2623,973,1142,147
4,2020,4,regular,1,328,9,28,0,6,0,0,0,6,0,216,31,30,51
4,2020,4,regular,2,395,12,15,2,4,0,1,0,7,0,252,37,84,22
4,2020,4,regular,3,461,12,17,0,2,0,1,0,3,0,275,46,131,9
4,2020,4,regular,4,508,15,19,0,4,0,2,1,7,0,303,62,136,7
4,2020,4,regular,5,483,11,14,1,2,1,0,0,4,0,183,172,122,6
4,2020,4,regular,6,386,21,2,0,0,0,0,0,0,0,180,108,95,3
4,2020,4,regular,7,487,19,6,1,0,0,0,0,1,0,248,111,122,6
4,2020,4,regular,8,365,18,5,0,1,0,1,0,2,0,188,86,87,4
4,2020,4,regular,9,345,15,4,0,0,0,0,0,0,0,179,99,65,2
4,2020,4,regular,10,298,12,3,0,0,0,0,0,0,0,175,84,37,2
4,2021,1,regular,TODOS,5212,234,127,2,11,0,5,5,23,0,2803,1049,1206,153
4,2021,1,regular,1,397,15,20,0,5,0,3,1,9,0,277,25,37,58
4,2021,1,regular,2,465,18,23,0,1,0,0,1,2,0,292,43,113,17
4,2021,1,regular,3,512,19,22,1,2,0,0,2,5,0,306,51,141,14
4,2021,1,regular,4,459,20,9,0,1,0,1,0,2,0,270,70,115,4
4,2021,1,regular,5,480,12,9,0,0,0,0,0,0,0,213,143,118,6
4,2021,1,regular,6,428,23,9,0,0,0,0,1,1,0,207,106,109,6
4,2021,1,regular,7,451,16,16,0,0,0,0,0,0,0,208,133,108,2
4,2021,1,regular,8,420,18,2,0,0,0,0,0,0,0,203,132,81,4
4,2021,1,regular,9,370,17,4,0,0,0,0,0,0,0,191,106,71,2
4,2021,1,regular,10,329,17,1,1,0,0,0,0,1,0,185,87,54,3
4,2021,2,regular,TODOS,5470,230,121,2,14,1,8,0,26,1,2957,1122,1221,169
4,2021,2,regular,1,455,13,25,0,7,0,3,0,10,0,294,44,60,57
4,2021,2,regular,2,488,18,20,1,0,1,4,0,6,0,327,49,95,17
4,2021,2,regular,3,508,11,13,0,0,0,1,0,1,0,294,61,137,16
4,2021,2,regular,4,472,18,5,1,2,0,0,0,3,0,230,140,101,1
4,2021,2,regular,5,444,9,7,0,0,0,0,0,1,1,174,175,84,11
4,2021,2,regular,6,444,19,12,0,1,0,0,0,1,0,219,101,121,3
4,2021,2,regular,7,463,19,6,0,1,0,0,0,1,0,248,105,104,6
4,2021,2,regular,8,452,14,5,0,0,0,0,0,0,0,215,129,100,8
4,2021,2,regular,9,391,18,8,0,0,0,0,0,0,0,209,100,79,3
4,2021,2,regular,10,349,17,3,0,0,0,0,0,0,0,228,71,48,2
4,2021,3,regular,TODOS,5461,293,138,2,14,3,10,0,29,0,2974,1030,1312,143
4,2021,3,regular,1,468,15,31,0,4,2,7,0,13,0,307,36,63,62
4,2021,3,regular,2,472,18,15,1,7,0,1,0,9,0,317,55,90,10
4,2021,3,regular,3,493,19,21,0,1,1,0,0,2,0,299,62,127,5
4,2021,3,regular,4,434,25,11,0,1,0,0,0,1,0,224,73,130,7
4,2021,3,regular,5,485,27,8,0,1,0,0,0,1,0,221,140,118,6
4,2021,3,regular,6,454,21,6,0,0,0,0,0,0,0,206,127,115,6
4,2021,3,regular,7,479,25,8,0,0,0,0,0,0,0,228,135,108,8
4,2021,3,regular,8,430,21,8,0,0,0,0,0,0,0,197,110,121,2
4,2021,3,regular,9,381,14,2,0,0,0,0,0,0,0,220,92,67,2
4,2021,3,regular,10,323,25,4,0,0,0,0,0,0,0,197,69,54,3
4,2021,4,regular,TODOS,5715,263,110,0,18,2,11,0,31,0,3131,1134,1298,151
4,2021,4,regular,1,471,24,21,0,9,2,6,0,17,0,291,46,74,60
4,2021,4,regular,2,487,16,17,0,3,0,1,0,4,0,320,56,99,12
4,2021,4,regular,3,504,13,9,0,0,0,0,0,0,0,327,60,111,6
4,2021,4,regular,4,511,31,7,0,0,0,0,0,0,0,241,119,146,5
4,2021,4,regular,5,454,24,6,0,0,0,0,0,0,0,173,173,105,3
4,2021,4,regular,6,426,16,7,0,1,0,0,0,1,0,228,100,89,9
4,2021,4,regular,7,467,21,5,0,1,0,0,0,1,0,229,116,116,6
4,2021,4,regular,8,509,26,6,0,0,0,0,0,0,0,257,146,104,2
4,2021,4,regular,9,382,26,3,0,0,0,0,0,0,0,219,82,78,3
4,2021,4,regular,10,369,15,4,0,0,0,0,0,0,0,232,71,64,2
4,2022,1,regular,TODOS,6108,317,128,0,17,1,6,2,26,0,3485,1130,1314,179
4,2022,1,regular,1,536,16,19,0,6,0,3,0,9,0,379,26,59,72
4,2022,1,regular,2,483,18,21,0,2,0,2,0,4,0,352,37,83,11
4,2022,1,regular,3,564,26,13,0,3,0,0,1,4,0,367,53,127,17
4,2022,1,regular,4,557,26,11,0,0,0,0,0,0,0,251,159,132,15
4,2022,1,regular,5,506,23,6,0,1,1,0,0,2,0,263,109,120,14
4,2022,1,regular,6,461,25,11,0,2,0,0,0,2,0,227,127,100,7
4,2022,1,regular,7,446,17,6,0,0,0,0,0,0,0,211,140,89,6
4,2022,1,regular,8,435,22,6,0,0,0,0,0,0,0,226,101,105,3
4,2022,1,regular,9,442,20,3,0,0,0,0,0,0,0,237,123,80,2
4,2022,1,regular,10,420,27,4,0,0,0,0,0,0,0,250,94,74,2
4,2022,2,regular,TODOS,6192,285,140,2,11,1,6,2,22,0,3595,1024,1384,189
4,2022,2,regular,1,543,22,10,1,1,0,1,1,4,0,386,31,69,57
4,2022,2,regular,2,541,24,22,0,2,0,3,0,5,0,358,48,118,17
4,2022,2,regular,3,572,28,17,0,1,0,1,1,3,0,376,45,138,13
4,2022,2,regular,4,503,21,15,0,2,1,0,0,3,0,245,101,140,17
4,2022,2,regular,5,484,28,8,0,2,0,0,0,2,0,222,153,99,10
4,2022,2,regular,6,547,23,10,0,1,0,0,0,1,0,263,135,139,10
4,2022,2,regular,7,465,21,9,1,0,0,0,0,1,0,261,86,107,11
4,2022,2,regular,8,488,22,11,0,0,0,0,0,0,0,260,124,100,4
4,2022,2,regular,9,429,21,4,0,1,0,0,0,1,0,277,68,80,4
4,2022,2,regular,10,368,22,7,0,0,0,0,0,0,0,248,65,53,2
4,2022,3,regular,TODOS,6076,248,129,1,15,2,5,0,24,1,3558,1083,1274,161
4,2022,3,regular,1,535,12,22,0,3,0,2,0,5,0,365,46,64,60
4,2022,3,regular,2,518,15,18,0,1,0,1,0,2,0,358,48,93,19
4,2022,3,regular,3,552,16,17,1,2,0,1,0,5,1,360,57,115,20
4,2022,3,regular,4,533,17,11,0,4,1,0,0,5,0,270,142,114,7
4,2022,3,regular,5,511,18,13,0,0,0,0,0,0,0,273,105,124,9
4,2022,3,regular,6,471,21,7,0,0,1,0,0,1,0,237,124,104,6
4,2022,3,regular,7,506,20,6,0,0,0,0,0,0,0,259,143,98,6
4,2022,3,regular,8,471,19,5,0,0,0,0,0,0,0,285,113,71,2
4,2022,3,regular,9,394,18,6,0,0,0,0,0,0,0,232,81,78,3
4,2022,3,regular,10,372,15,3,0,0,0,0,0,0,0,254,65,51,2
4,2022,4,regular,TODOS,6044,164,121,2,8,4,7,0,22,1,3449,1087,1339,169
4,2022,4,regular,1,533,0,18,0,2,0,0,0,2,0,367,43,63,60
4,2022,4,regular,2,602,5,18,0,2,1,2,0,5,0,398,56,131,17
4,2022,4,regular,3,508,9,17,0,2,1,0,0,3,0,296,59,134,19
4,2022,4,regular,4,545,8,14,0,0,0,2,0,2,0,283,129,125,8
4,2022,4,regular,5,516,6,4,0,1,0,0,0,1,0,236,180,92,8
4,2022,4,regular,6,484,15,4,0,0,0,1,0,1,0,264,88,122,10
4,2022,4,regular,7,442,14,5,0,0,1,0,0,1,0,244,88,102,8
4,2022,4,regular,8,395,14,4,0,1,0,0,0,2,1,222,101,72,0
4,2022,4,regular,9,385,18,7,0,0,0,0,0,0,0,235,82,66,2
4,2022,4,regular,10,370,20,5,0,0,0,0,0,0,0,232,71,67,0
4,2023,1,regular,TODOS,5555,148,130,1,22,2,6,8,41,2,3149,1011,1257,138
4,2023,1,regular,1,443,3,12,0,1,1,2,2,6,0,314,40,43,46
4,2023,1,regular,2,460,5,19,0,6,0,2,3,12,1,315,39,88,18
4,2023,1,regular,3,471,4,12,0,6,0,0,0,6,0,296,48,118,9
4,2023,1,regular,4,444,6,18,0,2,0,0,0,2,0,216,99,121,8
4,2023,1,regular,5,459,9,5,0,1,0,0,0,1,0,212,124,114,9
4,2023,1,regular,6,481,11,12,0,1,0,1,0,2,0,244,135,97,5
4,2023,1,regular,7,442,16,8,0,0,0,0,0,0,0,210,126,103,3
4,2023,1,regular,8,430,21,5,0,3,0,0,0,3,0,224,108,95,3
4,2023,1,regular,9,390,15,6,0,0,0,0,0,0,0,236,82,67,5
4,2023,1,regular,10,322,15,2,0,0,0,0,0,0,0,206,64,51,1
4,2023,2,regular,TODOS,5698,158,115,0,15,2,9,1,27,0,3228,1005,1284,181
4,2023,2,regular,1,471,3,18,0,5,0,4,0,9,0,335,30,55,51
4,2023,2,regular,2,517,7,19,0,2,0,1,0,3,0,320,49,112,36
4,2023,2,regular,3,443,5,11,0,2,0,1,1,4,0,262,45,120,16
4,2023,2,regular,4,546,11,12,0,2,0,0,0,2,0,280,128,129,9
4,2023,2,regular,5,452,14,5,0,3,0,0,0,3,0,185,162,97,8
4,2023,2,regular,6,515,14,10,0,0,1,0,0,1,0,262,105,139,9
4,2023,2,regular,7,482,12,3,0,0,0,0,0,0,0,251,135,85,11
4,2023,2,regular,8,404,12,6,0,0,0,0,0,0,0,231,88,82,3
4,2023,2,regular,9,406,18,6,0,0,0,0,0,0,0,252,75,79,0
4,2023,2,regular,10,334,16,4,0,0,0,0,0,0,0,223,58,51,2
4,2023,3,regular,TODOS,5606,144,107,0,10,3,7,1,21,0,3131,1015,1299,159
4,2023,3,regular,1,456,2,15,0,1,1,5,0,7,0,315,35,56,50
4,2023,3,regular,2,508,10,17,0,3,1,0,1,5,0,321,47,118,22
4,2023,3,regular,3,491,5,10,0,1,0,1,0,2,0,251,89,134,17
4,2023,3,regular,4,466,5,12,0,1,0,0,0,1,0,224,142,87,13
4,2023,3,regular,5,435,9,7,0,0,0,0,0,0,0,209,109,109,8
4,2023,3,regular,6,459,14,5,0,0,1,0,0,1,0,206,129,118,6
4,2023,3,regular,7,396,15,3,0,1,0,0,0,1,0,199,95,99,3
4,2023,3,regular,8,417,16,5,0,0,0,0,0,0,0,239,92,82,4
4,2023,3,regular,9,359,14,3,0,0,0,0,0,0,0,204,66,86,3
4,2023,3,regular,10,361,19,5,0,0,0,0,0,0,0,242,58,60,1
4,2023,4,regular,TODOS,5484,173,101,1,12,0,5,0,18,0,3022,986,1329,147
4,2023,4,regular,1,426,1,21,0,2,0,5,0,7,0,296,32,53,45
4,2023,4,regular,2,506,7,13,0,3,0,0,0,3,0,332,44,104,26
4,2023,4,regular,3,514,9,13,0,0,0,0,0,0,0,301,73,129,11
4,2023,4,regular,4,404,5,8,0,2,0,0,0,2,0,210,89,94,11
4,2023,4,regular,5,449,8,2,0,1,0,0,0,1,0,170,179,95,5
4,2023,4,regular,6,466,15,8,0,0,0,0,0,0,0,240,111,111,4
4,2023,4,regular,7,428,20,5,0,1,0,0,0,1,0,213,100,109,6
4,2023,4,regular,8,385,14,3,1,0,0,0,0,1,0,199,84,98,4
4,2023,4,regular,9,365,17,6,0,0,0,0,0,0,0,224,62,76,3
4,2023,4,regular,10,344,20,1,0,0,0,0,0,0,0,232,51,58,3
4,2024,1,regular,TODOS,5679,143,95,1,11,1,4,4,21,0,3066,1089,1354,169
4,2024,1,regular,1,451,2,15,1,1,1,2,0,5,0,311,36,47,57
4,2024,1,regular,2,527,7,11,0,2,0,1,1,4,0,337,57,111,22
4,2024,1,regular,3,449,4,11,0,1,0,0,0,1,0,246,74,117,12
4,2024,1,regular,4,491,8,5,0,2,0,0,1,3,0,220,117,146,8
4,2024,1,regular,5,500,8,10,0,0,0,0,0,0,0,235,144,116,5
4,2024,1,regular,6,488,12,6,0,1,0,0,0,1,0,215,150,114,9
4,2024,1,regular,7,428,13,3,0,0,0,0,0,0,0,216,111,99,2
4,2024,1,regular,8,426,14,3,0,1,0,0,0,1,0,225,91,103,7
4,2024,1,regular,9,357,12,3,0,0,0,0,0,0,0,222,65,69,1
4,2024,1,regular,10,318,11,9,0,0,0,0,0,0,0,206,68,41,3
4,2024,2,regular,TODOS,5820,194,107,1,10,2,3,4,21,1,3171,1091,1391,166
4,2024,2,regular,1,446,4,20,0,2,0,1,0,3,0,292,36,64,54
4,2024,2,regular,2,534,11,10,1,2,1,0,1,5,0,334,68,121,11
4,2024,2,regular,3,483,10,12,0,1,0,0,1,2,0,275,58,137,13
4,2024,2,regular,4,487,9,11,0,3,1,0,0,4,0,244,140,86,17
4,2024,2,regular,5,506,14,8,0,1,0,0,1,2,0,224,151,128,3
4,2024,2,regular,6,456,18,6,0,0,0,0,0,0,0,219,127,100,10
4,2024,2,regular,7,429,17,4,0,0,0,1,0,1,0,216,106,101,6
4,2024,2,regular,8,443,21,5,0,0,0,0,0,0,0,226,112,102,3
4,2024,2,regular,9,344,16,5,0,0,0,0,0,0,0,209,65,67,3
4,2024,2,regular,10,350,10,4,0,0,0,0,0,1,1,236,59,51,4
4,2024,3,regular,TODOS,5856,171,101,0,11,2,7,0,20,0,3181,1105,1382,186
4,2024,3,regular,1,533,2,18,0,1,1,4,0,6,0,345,39,77,72
4,2024,3,regular,2,492,10,21,0,1,1,0,0,2,0,294,61,122,15
4,2024,3,regular,3,464,10,7,0,3,0,1,0,4,0,257,74,119,14
4,2024,3,regular,4,517,9,5,0,0,0,0,0,0,0,226,163,112,16
4,2024,3,regular,5,509,10,11,0,1,0,0,0,1,0,262,123,117,7
4,2024,3,regular,6,437,13,4,0,1,0,0,0,1,0,215,121,95,6
4,2024,3,regular,7,402,21,5,0,0,0,0,0,0,0,211,99,89,3
4,2024,3,regular,8,443,10,4,0,0,0,0,0,0,0,217,126,95,5
4,2024,3,regular,9,338,20,4,0,0,0,0,0,0,0,205,62,68,3
4,2024,3,regular,10,321,15,4,0,0,0,0,0,0,0,208,64,47,2
4,2024,4,regular,TODOS,5866,173,91,1,7,0,3,0,12,1,3203,1119,1374,169
4,2024,4,regular,1,434,2,16,1,3,0,0,0,4,0,295,44,41,54
4,2024,4,regular,2,567,7,14,0,0,0,1,0,2,1,342,63,131,31
4,2024,4,regular,3,479,8,6,0,2,0,1,0,3,0,262,83,125,9
4,2024,4,regular,4,462,5,5,0,0,0,0,0,0,0,198,180,71,13
4,2024,4,regular,5,441,17,5,0,0,0,0,0,0,0,211,109,120,1
4,2024,4,regular,6,494,15,8,0,0,0,0,0,0,0,241,125,117,11
4,2024,4,regular,7,421,16,7,0,1,0,0,0,1,0,238,89,89,5
4,2024,4,regular,8,395,17,5,0,0,0,0,0,0,0,217,84,90,4
4,2024,4,regular,9,343,10,4,0,0,0,0,0,0,0,199,80,62,2
4,2024,4,regular,10,344,12,3,0,0,0,0,0,0,0,221,67,55,1
