h,tratamiento,anio_t,trimestre_t,era,bucket_n_activos_t,n_hogares,n_sin_activos_estables,n_intensifica,tasa_intensificacion
1,categoria_propia,2003,3,historica,1,1884,157,93,5.39
1,categoria_propia,2003,3,historica,2,1777,30,161,9.22
1,categoria_propia,2003,3,historica,3+,805,5,121,15.12
1,categoria_propia,2003,3,historica,TODOS,5373,1099,375,8.77
1,categoria_propia,2003,4,historica,1,1840,156,95,5.64
1,categoria_propia,2003,4,historica,2,1777,40,162,9.33
1,categoria_propia,2003,4,historica,3+,802,9,137,17.28
1,categoria_propia,2003,4,historica,TODOS,5206,992,394,9.35
1,categoria_propia,2004,1,historica,1,1940,176,101,5.73
1,categoria_propia,2004,1,historica,2,1748,43,181,10.62
1,categoria_propia,2004,1,historica,3+,791,5,136,17.3
1,categoria_propia,2004,1,historica,TODOS,5299,1044,418,9.82
1,categoria_propia,2004,2,historica,1,2081,176,115,6.04
1,categoria_propia,2004,2,historica,2,1947,28,172,8.96
1,categoria_propia,2004,2,historica,3+,830,3,135,16.32
1,categoria_propia,2004,2,historica,TODOS,5744,1093,422,9.07
1,categoria_propia,2004,3,historica,1,2007,178,127,6.94
1,categoria_propia,2004,3,historica,2,1871,20,175,9.45
1,categoria_propia,2004,3,historica,3+,891,4,151,17.02
1,categoria_propia,2004,3,historica,TODOS,5651,1084,453,9.92
1,categoria_propia,2004,4,historica,1,2030,190,135,7.34
1,categoria_propia,2004,4,historica,2,1847,25,189,10.37
1,categoria_propia,2004,4,historica,3+,763,9,121,16.05
1,categoria_propia,2004,4,historica,TODOS,5506,1090,445,10.08
1,categoria_propia,2005,1,historica,1,2077,190,127,6.73
1,categoria_propia,2005,1,historica,2,1853,36,143,7.87
1,categoria_propia,2005,1,historica,3+,769,5,107,14.01
1,categoria_propia,2005,1,historica,TODOS,5567,1099,377,8.44
1,categoria_propia,2005,2,historica,1,2069,167,106,5.57
1,categoria_propia,2005,2,historica,2,1849,25,161,8.83
1,categoria_propia,2005,2,historica,3+,805,4,122,15.23
1,categoria_propia,2005,2,historica,TODOS,5621,1094,389,8.59
1,categoria_propia,2005,3,historica,1,2107,149,122,6.23
1,categoria_propia,2005,3,historica,2,1901,28,177,9.45
1,categoria_propia,2005,3,historica,3+,823,7,116,14.22
1,categoria_propia,2005,3,historica,TODOS,5724,1077,415,8.93
1,categoria_propia,2005,4,historica,1,2069,197,114,6.09
1,categoria_propia,2005,4,historica,2,1828,35,161,8.98
1,categoria_propia,2005,4,historica,3+,741,4,133,18.05
1,categoria_propia,2005,4,historica,TODOS,5510,1108,408,9.27
1,categoria_propia,2006,1,historica,1,2100,161,95,4.9
1,categoria_propia,2006,1,historica,2,1818,21,144,8.01
1,categoria_propia,2006,1,historica,3+,828,8,119,14.51
1,categoria_propia,2006,1,historica,TODOS,5629,1073,358,7.86
1,categoria_propia,2006,2,historica,1,2077,197,115,6.12
1,categoria_propia,2006,2,historica,2,2021,34,182,9.16
1,categoria_propia,2006,2,historica,3+,826,6,132,16.1
1,categoria_propia,2006,2,historica,TODOS,5830,1143,429,9.15
1,categoria_propia,2006,3,historica,1,2899,245,154,5.8
1,categoria_propia,2006,3,historica,2,2631,41,240,9.27
1,categoria_propia,2006,3,historica,3+,1097,8,176,16.16
1,categoria_propia,2006,3,historica,TODOS,7795,1462,570,9.0
1,categoria_propia,2006,4,historica,1,2814,274,161,6.34
1,categoria_propia,2006,4,historica,2,2461,54,219,9.1
1,categoria_propia,2006,4,historica,3+,1029,8,173,16.94
1,categoria_propia,2006,4,historica,TODOS,7472,1504,553,9.27
1,categoria_propia,2007,1,historica,1,2726,237,127,5.1
1,categoria_propia,2007,1,historica,2,2490,53,194,7.96
1,categoria_propia,2007,1,historica,3+,1082,15,154,14.43
1,categoria_propia,2007,1,historica,TODOS,7532,1539,475,7.93
1,categoria_propia,2007,4,historica,1,2746,254,159,6.38
1,categoria_propia,2007,4,historica,2,2294,46,219,9.74
1,categoria_propia,2007,4,historica,3+,953,5,141,14.87
1,categoria_propia,2007,4,historica,TODOS,7117,1429,519,9.12
1,categoria_propia,2008,1,historica,1,2786,215,153,5.95
1,categoria_propia,2008,1,historica,2,2418,33,205,8.6
1,categoria_propia,2008,1,historica,3+,983,7,162,16.6
1,categoria_propia,2008,1,historica,TODOS,7379,1447,520,8.77
1,categoria_propia,2008,2,historica,1,2747,236,158,6.29
1,categoria_propia,2008,2,historica,2,2492,71,206,8.51
1,categoria_propia,2008,2,historica,3+,904,5,123,13.68
1,categoria_propia,2008,2,historica,TODOS,7400,1569,487,8.35
1,categoria_propia,2008,3,historica,1,2805,250,153,5.99
1,categoria_propia,2008,3,historica,2,2457,54,200,8.32
1,categoria_propia,2008,3,historica,3+,1024,7,156,15.34
1,categoria_propia,2008,3,historica,TODOS,7452,1477,509,8.52
1,categoria_propia,2008,4,historica,1,2649,250,125,5.21
1,categoria_propia,2008,4,historica,2,2414,48,192,8.11
1,categoria_propia,2008,4,historica,3+,951,18,152,16.29
1,categoria_propia,2008,4,historica,TODOS,7175,1477,469,8.23
1,categoria_propia,2009,1,historica,1,2717,238,152,6.13
1,categoria_propia,2009,1,historica,2,2364,43,219,9.44
1,categoria_propia,2009,1,historica,3+,924,16,128,14.1
1,categoria_propia,2009,1,historica,TODOS,7177,1469,499,8.74
1,categoria_propia,2009,2,historica,1,2754,272,152,6.12
1,categoria_propia,2009,2,historica,2,2362,43,215,9.27
1,categoria_propia,2009,2,historica,3+,891,10,135,15.32
1,categoria_propia,2009,2,historica,TODOS,7237,1555,502,8.83
1,categoria_propia,2009,3,historica,1,2798,253,114,4.48
1,categoria_propia,2009,3,historica,2,2451,45,182,7.56
1,categoria_propia,2009,3,historica,3+,932,12,139,15.11
1,categoria_propia,2009,3,historica,TODOS,7365,1494,435,7.41
1,categoria_propia,2009,4,historica,1,2704,263,118,4.83
1,categoria_propia,2009,4,historica,2,2328,49,205,9.0
1,categoria_propia,2009,4,historica,3+,859,12,129,15.23
1,categoria_propia,2009,4,historica,TODOS,7078,1511,452,8.12
1,categoria_propia,2010,1,historica,1,2755,261,137,5.49
1,categoria_propia,2010,1,historica,2,2334,47,201,8.79
1,categoria_propia,2010,1,historica,3+,840,8,136,16.35
1,categoria_propia,2010,1,historica,TODOS,7117,1504,474,8.44
1,categoria_propia,2010,2,historica,1,2786,248,153,6.03
1,categoria_propia,2010,2,historica,2,2390,43,200,8.52
1,categoria_propia,2010,2,historica,3+,829,3,121,14.65
1,categoria_propia,2010,2,historica,TODOS,7234,1523,474,8.3
1,categoria_propia,2010,3,historica,1,2758,238,139,5.52
1,categoria_propia,2010,3,historica,2,2442,42,177,7.38
1,categoria_propia,2010,3,historica,3+,845,6,111,13.23
1,categoria_propia,2010,3,historica,TODOS,7308,1549,427,7.41
1,categoria_propia,2010,4,historica,1,2748,264,146,5.88
1,categoria_propia,2010,4,historica,2,2303,31,186,8.19
1,categoria_propia,2010,4,historica,3+,826,9,142,17.38
1,categoria_propia,2010,4,historica,TODOS,7148,1575,474,8.51
1,categoria_propia,2011,1,historica,1,2803,243,150,5.86
1,categoria_propia,2011,1,historica,2,2279,38,188,8.39
1,categoria_propia,2011,1,historica,3+,792,9,127,16.22
1,categoria_propia,2011,1,historica,TODOS,7142,1558,465,8.33
1,categoria_propia,2011,2,historica,1,2758,229,139,5.5
1,categoria_propia,2011,2,historica,2,2375,42,201,8.62
1,categoria_propia,2011,2,historica,3+,854,8,138,16.31
1,categoria_propia,2011,2,historica,TODOS,7225,1517,478,8.37
1,categoria_propia,2011,3,historica,1,2831,227,159,6.11
1,categoria_propia,2011,3,historica,2,2318,52,178,7.86
1,categoria_propia,2011,3,historica,3+,846,13,133,15.97
1,categoria_propia,2011,3,historica,TODOS,7187,1484,470,8.24
1,categoria_propia,2011,4,historica,1,2751,262,154,6.19
1,categoria_propia,2011,4,historica,2,2332,36,201,8.75
1,categoria_propia,2011,4,historica,3+,768,6,145,19.03
1,categoria_propia,2011,4,historica,TODOS,7115,1568,500,9.01
1,categoria_propia,2012,1,historica,1,2753,239,157,6.25
1,categoria_propia,2012,1,historica,2,2226,40,200,9.15
1,categoria_propia,2012,1,historica,3+,761,4,104,13.74
1,categoria_propia,2012,1,historica,TODOS,7039,1582,461,8.45
1,categoria_propia,2012,2,historica,1,2723,241,121,4.88
1,categoria_propia,2012,2,historica,2,2325,38,207,9.05
1,categoria_propia,2012,2,historica,3+,845,7,129,15.39
1,categoria_propia,2012,2,historica,TODOS,7155,1548,457,8.15
1,categoria_propia,2012,3,historica,1,2707,204,132,5.27
1,categoria_propia,2012,3,historica,2,2155,45,167,7.91
1,categoria_propia,2012,3,historica,3+,761,9,96,12.77
1,categoria_propia,2012,3,historica,TODOS,6895,1530,395,7.36
1,categoria_propia,2012,4,historica,1,2618,255,130,5.5
1,categoria_propia,2012,4,historica,2,2213,45,192,8.86
1,categoria_propia,2012,4,historica,3+,741,6,110,14.97
1,categoria_propia,2012,4,historica,TODOS,6771,1505,432,8.2
1,categoria_propia,2013,1,historica,1,2723,230,156,6.26
1,categoria_propia,2013,1,historica,2,2143,51,173,8.27
1,categoria_propia,2013,1,historica,3+,801,8,122,15.38
1,categoria_propia,2013,1,historica,TODOS,6901,1523,451,8.39
1,categoria_propia,2013,2,historica,1,2657,236,115,4.75
1,categoria_propia,2013,2,historica,2,2246,51,189,8.61
1,categoria_propia,2013,2,historica,3+,811,5,107,13.28
1,categoria_propia,2013,2,historica,TODOS,7057,1635,411,7.58
1,categoria_propia,2013,3,historica,1,2708,281,125,5.15
1,categoria_propia,2013,3,historica,2,2267,57,153,6.92
1,categoria_propia,2013,3,historica,3+,801,10,117,14.79
1,categoria_propia,2013,3,historica,TODOS,7068,1640,395,7.28
1,categoria_propia,2013,4,historica,1,2680,230,116,4.73
1,categoria_propia,2013,4,historica,2,2197,54,204,9.52
1,categoria_propia,2013,4,historica,3+,780,13,112,14.6
1,categoria_propia,2013,4,historica,TODOS,6994,1634,432,8.06
1,categoria_propia,2014,1,historica,1,2825,314,129,5.14
1,categoria_propia,2014,1,historica,2,2360,45,198,8.55
1,categoria_propia,2014,1,historica,3+,823,8,109,13.37
1,categoria_propia,2014,1,historica,TODOS,7254,1613,436,7.73
1,categoria_propia,2014,2,historica,1,2781,294,141,5.67
1,categoria_propia,2014,2,historica,2,2527,46,203,8.18
1,categoria_propia,2014,2,historica,3+,806,13,130,16.39
1,categoria_propia,2014,2,historica,TODOS,7461,1700,474,8.23
1,categoria_propia,2014,3,historica,1,3002,273,137,5.02
1,categoria_propia,2014,3,historica,2,2385,59,185,7.95
1,categoria_propia,2014,3,historica,3+,862,12,127,14.94
1,categoria_propia,2014,3,historica,TODOS,7592,1687,449,7.6
1,categoria_propia,2014,4,historica,1,2835,286,121,4.75
1,categoria_propia,2014,4,historica,2,2367,62,193,8.37
1,categoria_propia,2014,4,historica,3+,807,10,116,14.55
1,categoria_propia,2014,4,historica,TODOS,7317,1666,430,7.61
1,categoria_propia,2015,1,historica,1,2909,300,143,5.48
1,categoria_propia,2015,1,historica,2,2264,41,168,7.56
1,categoria_propia,2015,1,historica,3+,864,12,122,14.32
1,categoria_propia,2015,1,historica,TODOS,7363,1679,433,7.62
1,categoria_propia,2016,2,regular,1,2769,303,138,5.6
1,categoria_propia,2016,2,regular,2,2290,60,169,7.58
1,categoria_propia,2016,2,regular,3+,847,8,134,15.97
1,categoria_propia,2016,2,regular,TODOS,7295,1760,441,7.97
1,categoria_propia,2016,3,regular,1,2771,270,121,4.84
1,categoria_propia,2016,3,regular,2,2339,49,207,9.04
1,categoria_propia,2016,3,regular,3+,778,7,114,14.79
1,categoria_propia,2016,3,regular,TODOS,7214,1652,442,7.95
1,categoria_propia,2016,4,regular,1,2658,270,128,5.36
1,categoria_propia,2016,4,regular,2,2310,43,201,8.87
1,categoria_propia,2016,4,regular,3+,743,7,92,12.5
1,categoria_propia,2016,4,regular,TODOS,7011,1620,421,7.81
1,categoria_propia,2017,1,regular,1,2827,292,136,5.36
1,categoria_propia,2017,1,regular,2,2341,65,183,8.04
1,categoria_propia,2017,1,regular,3+,872,8,133,15.39
1,categoria_propia,2017,1,regular,TODOS,7455,1780,452,7.96
1,categoria_propia,2017,2,regular,1,2829,287,166,6.53
1,categoria_propia,2017,2,regular,2,2370,57,187,8.08
1,categoria_propia,2017,2,regular,3+,829,10,121,14.77
1,categoria_propia,2017,2,regular,TODOS,7507,1833,474,8.35
1,categoria_propia,2017,3,regular,1,2838,280,120,4.69
1,categoria_propia,2017,3,regular,2,2379,58,169,7.28
1,categoria_propia,2017,3,regular,3+,850,11,112,13.35
1,categoria_propia,2017,3,regular,TODOS,7478,1760,401,7.01
1,categoria_propia,2017,4,regular,1,2802,260,152,5.98
1,categoria_propia,2017,4,regular,2,2319,52,195,8.6
1,categoria_propia,2017,4,regular,3+,763,6,119,15.72
1,categoria_propia,2017,4,regular,TODOS,7269,1703,466,8.37
1,categoria_propia,2018,1,regular,1,2647,274,143,6.03
1,categoria_propia,2018,1,regular,2,2325,48,187,8.21
1,categoria_propia,2018,1,regular,3+,883,15,142,16.36
1,categoria_propia,2018,1,regular,TODOS,7287,1769,472,8.55
1,categoria_propia,2018,2,regular,1,2668,269,144,6.0
1,categoria_propia,2018,2,regular,2,2270,65,176,7.98
1,categoria_propia,2018,2,regular,3+,778,13,125,16.34
1,categoria_propia,2018,2,regular,TODOS,7168,1799,445,8.29
1,categoria_propia,2018,3,regular,1,2797,280,163,6.48
1,categoria_propia,2018,3,regular,2,2240,56,184,8.42
1,categoria_propia,2018,3,regular,3+,790,10,126,16.15
1,categoria_propia,2018,3,regular,TODOS,7260,1779,473,8.63
1,categoria_propia,2018,4,regular,1,2779,302,154,6.22
1,categoria_propia,2018,4,regular,2,2382,49,217,9.3
1,categoria_propia,2018,4,regular,3+,802,4,120,15.04
1,categoria_propia,2018,4,regular,TODOS,7370,1762,491,8.76
1,categoria_propia,2019,1,regular,1,2922,314,153,5.87
1,categoria_propia,2019,1,regular,2,2477,56,230,9.5
1,categoria_propia,2019,1,regular,3+,885,9,148,16.89
1,categoria_propia,2019,1,regular,TODOS,7825,1920,531,8.99
1,categoria_propia,2019,2,regular,1,2738,283,153,6.23
1,categoria_propia,2019,2,regular,2,2302,43,183,8.1
1,categoria_propia,2019,2,regular,3+,762,6,121,16.01
1,categoria_propia,2019,2,regular,TODOS,7118,1648,457,8.35
1,categoria_propia,2019,3,regular,1,2809,293,174,6.92
1,categoria_propia,2019,3,regular,2,2456,50,212,8.81
1,categoria_propia,2019,3,regular,3+,874,7,153,17.65
1,categoria_propia,2019,3,regular,TODOS,7568,1779,539,9.31
1,categoria_propia,2019,4,regular,1,2554,283,135,5.94
1,categoria_propia,2019,4,regular,2,2145,60,177,8.49
1,categoria_propia,2019,4,regular,3+,769,13,110,14.55
1,categoria_propia,2019,4,regular,TODOS,6781,1669,422,8.26
1,categoria_propia,2020,1,regular,1,2056,455,95,5.93
1,categoria_propia,2020,1,regular,2,1783,136,134,8.14
1,categoria_propia,2020,1,regular,3+,653,43,77,12.62
1,categoria_propia,2020,1,regular,TODOS,5482,1624,306,7.93
1,categoria_propia,2020,2,regular,1,1567,215,73,5.4
1,categoria_propia,2020,2,regular,2,1041,27,84,8.28
1,categoria_propia,2020,2,regular,3+,330,7,49,15.17
1,categoria_propia,2020,2,regular,TODOS,3870,1181,206,7.66
1,categoria_propia,2020,3,regular,1,2137,211,108,5.61
1,categoria_propia,2020,3,regular,2,1624,43,150,9.49
1,categoria_propia,2020,3,regular,3+,513,3,84,16.47
1,categoria_propia,2020,3,regular,TODOS,5382,1365,342,8.51
1,categoria_propia,2020,4,regular,1,2046,244,97,5.38
1,categoria_propia,2020,4,regular,2,1653,30,124,7.64
1,categoria_propia,2020,4,regular,3+,486,10,88,18.49
1,categoria_propia,2020,4,regular,TODOS,5316,1415,309,7.92
1,categoria_propia,2021,1,regular,1,2418,273,135,6.29
1,categoria_propia,2021,1,regular,2,1954,53,171,9.0
1,categoria_propia,2021,1,regular,3+,664,8,83,12.65
1,categoria_propia,2021,1,regular,TODOS,6293,1591,389,8.27
1,categoria_propia,2021,2,regular,1,2208,210,111,5.56
1,categoria_propia,2021,2,regular,2,1836,52,143,8.02
1,categoria_propia,2021,2,regular,3+,638,5,113,17.85
1,categoria_propia,2021,2,regular,TODOS,5852,1437,367,8.31
1,categoria_propia,2021,3,regular,1,2582,277,151,6.55
1,categoria_propia,2021,3,regular,2,2032,57,198,10.03
1,categoria_propia,2021,3,regular,3+,668,10,88,13.37
1,categoria_propia,2021,3,regular,TODOS,6571,1633,437,8.85
1,categoria_propia,2021,4,regular,1,2327,259,111,5.37
1,categoria_propia,2021,4,regular,2,1985,41,165,8.49
1,categoria_propia,2021,4,regular,3+,637,6,103,16.32
1,categoria_propia,2021,4,regular,TODOS,6260,1617,379,8.16
1,categoria_propia,2022,1,regular,1,2536,250,141,6.17
1,categoria_propia,2022,1,regular,2,2183,57,173,8.14
1,categoria_propia,2022,1,regular,3+,725,13,121,16.99
1,categoria_propia,2022,1,regular,TODOS,6860,1736,435,8.49
1,categoria_propia,2022,2,regular,1,2386,262,138,6.5
1,categoria_propia,2022,2,regular,2,1997,41,194,9.92
1,categoria_propia,2022,2,regular,3+,648,8,98,15.31
1,categoria_propia,2022,2,regular,TODOS,6230,1510,430,9.11
1,categoria_propia,2022,3,regular,1,2581,283,130,5.66
1,categoria_propia,2022,3,regular,2,2135,50,196,9.4
1,categoria_propia,2022,3,regular,3+,664,5,88,13.35
1,categoria_propia,2022,3,regular,TODOS,6692,1650,414,8.21
1,categoria_propia,2022,4,regular,1,2387,236,115,5.35
1,categoria_propia,2022,4,regular,2,1913,30,167,8.87
1,categoria_propia,2022,4,regular,3+,644,4,97,15.16
1,categoria_propia,2022,4,regular,TODOS,6199,1525,379,8.11
1,categoria_propia,2023,1,regular,1,2625,258,117,4.94
1,categoria_propia,2023,1,regular,2,2142,51,189,9.04
1,categoria_propia,2023,1,regular,3+,703,11,100,14.45
1,categoria_propia,2023,1,regular,TODOS,6717,1567,406,7.88
1,categoria_propia,2023,2,regular,1,2424,243,120,5.5
1,categoria_propia,2023,2,regular,2,1991,39,157,8.04
1,categoria_propia,2023,2,regular,3+,649,4,100,15.5
1,categoria_propia,2023,2,regular,TODOS,6270,1492,377,7.89
1,categoria_propia,2023,3,regular,1,2597,233,132,5.58
1,categoria_propia,2023,3,regular,2,2189,45,179,8.35
1,categoria_propia,2023,3,regular,3+,658,2,118,17.99
1,categoria_propia,2023,3,regular,TODOS,6658,1494,429,8.31
1,categoria_propia,2023,4,regular,1,2354,235,160,7.55
1,categoria_propia,2023,4,regular,2,1805,38,168,9.51
1,categoria_propia,2023,4,regular,3+,620,9,109,17.84
1,categoria_propia,2023,4,regular,TODOS,5966,1469,437,9.72
1,categoria_propia,2024,1,regular,1,2390,234,109,5.06
1,categoria_propia,2024,1,regular,2,2019,38,190,9.59
1,categoria_propia,2024,1,regular,3+,694,9,109,15.91
1,categoria_propia,2024,1,regular,TODOS,6383,1561,408,8.46
1,categoria_propia,2024,2,regular,1,2359,283,127,6.12
1,categoria_propia,2024,2,regular,2,1926,46,194,10.32
1,categoria_propia,2024,2,regular,3+,627,4,90,14.45
1,categoria_propia,2024,2,regular,TODOS,6125,1546,411,8.98
1,categoria_propia,2024,3,regular,1,2527,247,143,6.27
1,categoria_propia,2024,3,regular,2,2066,53,160,7.95
1,categoria_propia,2024,3,regular,3+,683,6,100,14.77
1,categoria_propia,2024,3,regular,TODOS,6516,1546,403,8.11
1,categoria_propia,2024,4,regular,1,2279,255,121,5.98
1,categoria_propia,2024,4,regular,2,1787,49,150,8.63
1,categoria_propia,2024,4,regular,3+,632,6,101,16.13
1,categoria_propia,2024,4,regular,TODOS,5895,1507,372,8.48
1,categoria_propia,2025,1,regular,1,2420,260,119,5.51
1,categoria_propia,2025,1,regular,2,1951,37,160,8.36
1,categoria_propia,2025,1,regular,3+,640,10,113,17.94
1,categoria_propia,2025,1,regular,TODOS,6224,1520,392,8.33
1,categoria_propia,2025,2,regular,1,2280,223,110,5.35
1,categoria_propia,2025,2,regular,2,1732,48,155,9.2
1,categoria_propia,2025,2,regular,3+,620,9,101,16.53
1,categoria_propia,2025,2,regular,TODOS,5871,1519,366,8.41
1,categoria_propia,2025,3,regular,1,2307,238,121,5.85
1,categoria_propia,2025,3,regular,2,1973,44,175,9.07
1,categoria_propia,2025,3,regular,3+,636,3,104,16.43
1,categoria_propia,2025,3,regular,TODOS,6154,1523,400,8.64
1,cuenta_propia_precario,2003,3,historica,1,1884,157,67,3.88
1,cuenta_propia_precario,2003,3,historica,2,1777,30,119,6.81
1,cuenta_propia_precario,2003,3,historica,3+,805,5,99,12.38
1,cuenta_propia_precario,2003,3,historica,TODOS,5373,1099,285,6.67
1,cuenta_propia_precario,2003,4,historica,1,1840,156,67,3.98
1,cuenta_propia_precario,2003,4,historica,2,1777,40,120,6.91
1,cuenta_propia_precario,2003,4,historica,3+,802,9,92,11.6
1,cuenta_propia_precario,2003,4,historica,TODOS,5206,992,279,6.62
1,cuenta_propia_precario,2004,1,historica,1,1940,176,74,4.2
1,cuenta_propia_precario,2004,1,historica,2,1748,43,143,8.39
1,cuenta_propia_precario,2004,1,historica,3+,791,5,78,9.92
1,cuenta_propia_precario,2004,1,historica,TODOS,5299,1044,295,6.93
1,cuenta_propia_precario,2004,2,historica,1,2081,176,83,4.36
1,cuenta_propia_precario,2004,2,historica,2,1947,28,136,7.09
1,cuenta_propia_precario,2004,2,historica,3+,830,3,84,10.16
1,cuenta_propia_precario,2004,2,historica,TODOS,5744,1093,303,6.51
1,cuenta_propia_precario,2004,3,historica,1,2007,178,66,3.61
1,cuenta_propia_precario,2004,3,historica,2,1871,20,133,7.19
1,cuenta_propia_precario,2004,3,historica,3+,891,4,111,12.51
1,cuenta_propia_precario,2004,3,historica,TODOS,5651,1084,310,6.79
1,cuenta_propia_precario,2004,4,historica,1,2030,190,81,4.4
1,cuenta_propia_precario,2004,4,historica,2,1847,25,137,7.52
1,cuenta_propia_precario,2004,4,historica,3+,763,9,70,9.28
1,cuenta_propia_precario,2004,4,historica,TODOS,5506,1090,288,6.52
1,cuenta_propia_precario,2005,1,historica,1,2077,190,82,4.35
1,cuenta_propia_precario,2005,1,historica,2,1853,36,131,7.21
1,cuenta_propia_precario,2005,1,historica,3+,769,5,69,9.03
1,cuenta_propia_precario,2005,1,historica,TODOS,5567,1099,282,6.31
1,cuenta_propia_precario,2005,2,historica,1,2069,167,74,3.89
1,cuenta_propia_precario,2005,2,historica,2,1849,25,134,7.35
1,cuenta_propia_precario,2005,2,historica,3+,805,4,90,11.24
1,cuenta_propia_precario,2005,2,historica,TODOS,5621,1094,298,6.58
1,cuenta_propia_precario,2005,3,historica,1,2107,149,86,4.39
1,cuenta_propia_precario,2005,3,historica,2,1901,28,147,7.85
1,cuenta_propia_precario,2005,3,historica,3+,823,7,92,11.27
1,cuenta_propia_precario,2005,3,historica,TODOS,5724,1077,325,6.99
1,cuenta_propia_precario,2005,4,historica,1,2069,197,86,4.59
1,cuenta_propia_precario,2005,4,historica,2,1828,35,138,7.7
1,cuenta_propia_precario,2005,4,historica,3+,741,4,85,11.53
1,cuenta_propia_precario,2005,4,historica,TODOS,5510,1108,309,7.02
1,cuenta_propia_precario,2006,1,historica,1,2100,161,74,3.82
1,cuenta_propia_precario,2006,1,historica,2,1818,21,121,6.73
1,cuenta_propia_precario,2006,1,historica,3+,828,8,84,10.24
1,cuenta_propia_precario,2006,1,historica,TODOS,5629,1073,279,6.12
1,cuenta_propia_precario,2006,2,historica,1,2077,197,73,3.88
1,cuenta_propia_precario,2006,2,historica,2,2021,34,142,7.15
1,cuenta_propia_precario,2006,2,historica,3+,826,6,103,12.56
1,cuenta_propia_precario,2006,2,historica,TODOS,5830,1143,318,6.78
1,cuenta_propia_precario,2006,3,historica,1,2899,245,96,3.62
1,cuenta_propia_precario,2006,3,historica,2,2631,41,205,7.92
1,cuenta_propia_precario,2006,3,historica,3+,1097,8,138,12.67
1,cuenta_propia_precario,2006,3,historica,TODOS,7795,1462,439,6.93
1,cuenta_propia_precario,2006,4,historica,1,2814,274,137,5.39
1,cuenta_propia_precario,2006,4,historica,2,2461,54,178,7.4
1,cuenta_propia_precario,2006,4,historica,3+,1029,8,127,12.44
1,cuenta_propia_precario,2006,4,historica,TODOS,7472,1504,442,7.41
1,cuenta_propia_precario,2007,1,historica,1,2726,237,111,4.46
1,cuenta_propia_precario,2007,1,historica,2,2490,53,212,8.7
1,cuenta_propia_precario,2007,1,historica,3+,1082,15,120,11.25
1,cuenta_propia_precario,2007,1,historica,TODOS,7532,1539,443,7.39
1,cuenta_propia_precario,2007,4,historica,1,2746,254,123,4.94
1,cuenta_propia_precario,2007,4,historica,2,2294,46,208,9.25
1,cuenta_propia_precario,2007,4,historica,3+,953,5,116,12.24
1,cuenta_propia_precario,2007,4,historica,TODOS,7117,1429,447,7.86
1,cuenta_propia_precario,2008,1,historica,1,2786,215,134,5.21
1,cuenta_propia_precario,2008,1,historica,2,2418,33,182,7.63
1,cuenta_propia_precario,2008,1,historica,3+,983,7,137,14.04
1,cuenta_propia_precario,2008,1,historica,TODOS,7379,1447,453,7.64
1,cuenta_propia_precario,2008,2,historica,1,2747,236,151,6.01
1,cuenta_propia_precario,2008,2,historica,2,2492,71,226,9.33
1,cuenta_propia_precario,2008,2,historica,3+,904,5,107,11.9
1,cuenta_propia_precario,2008,2,historica,TODOS,7400,1569,484,8.3
1,cuenta_propia_precario,2008,3,historica,1,2805,250,142,5.56
1,cuenta_propia_precario,2008,3,historica,2,2457,54,193,8.03
1,cuenta_propia_precario,2008,3,historica,3+,1024,7,144,14.16
1,cuenta_propia_precario,2008,3,historica,TODOS,7452,1477,479,8.02
1,cuenta_propia_precario,2008,4,historica,1,2649,250,108,4.5
1,cuenta_propia_precario,2008,4,historica,2,2414,48,202,8.54
1,cuenta_propia_precario,2008,4,historica,3+,951,18,145,15.54
1,cuenta_propia_precario,2008,4,historica,TODOS,7175,1477,455,7.99
1,cuenta_propia_precario,2009,1,historica,1,2717,238,133,5.37
1,cuenta_propia_precario,2009,1,historica,2,2364,43,195,8.4
1,cuenta_propia_precario,2009,1,historica,3+,924,16,113,12.44
1,cuenta_propia_precario,2009,1,historica,TODOS,7177,1469,441,7.73
1,cuenta_propia_precario,2009,2,historica,1,2754,272,128,5.16
1,cuenta_propia_precario,2009,2,historica,2,2362,43,194,8.37
1,cuenta_propia_precario,2009,2,historica,3+,891,10,112,12.71
1,cuenta_propia_precario,2009,2,historica,TODOS,7237,1555,434,7.64
1,cuenta_propia_precario,2009,3,historica,1,2798,253,103,4.05
1,cuenta_propia_precario,2009,3,historica,2,2451,45,199,8.27
1,cuenta_propia_precario,2009,3,historica,3+,932,12,119,12.93
1,cuenta_propia_precario,2009,3,historica,TODOS,7365,1494,421,7.17
1,cuenta_propia_precario,2009,4,historica,1,2704,263,106,4.34
1,cuenta_propia_precario,2009,4,historica,2,2328,49,186,8.16
1,cuenta_propia_precario,2009,4,historica,3+,859,12,105,12.4
1,cuenta_propia_precario,2009,4,historica,TODOS,7078,1511,397,7.13
1,cuenta_propia_precario,2010,1,historica,1,2755,261,121,4.85
1,cuenta_propia_precario,2010,1,historica,2,2334,47,197,8.61
1,cuenta_propia_precario,2010,1,historica,3+,840,8,116,13.94
1,cuenta_propia_precario,2010,1,historica,TODOS,7117,1504,434,7.73
1,cuenta_propia_precario,2010,2,historica,1,2786,248,140,5.52
1,cuenta_propia_precario,2010,2,historica,2,2390,43,183,7.8
1,cuenta_propia_precario,2010,2,historica,3+,829,3,126,15.25
1,cuenta_propia_precario,2010,2,historica,TODOS,7234,1523,449,7.86
1,cuenta_propia_precario,2010,3,historica,1,2758,238,127,5.04
1,cuenta_propia_precario,2010,3,historica,2,2442,42,179,7.46
1,cuenta_propia_precario,2010,3,historica,3+,845,6,104,12.4
1,cuenta_propia_precario,2010,3,historica,TODOS,7308,1549,410,7.12
1,cuenta_propia_precario,2010,4,historica,1,2748,264,121,4.87
1,cuenta_propia_precario,2010,4,historica,2,2303,31,196,8.63
1,cuenta_propia_precario,2010,4,historica,3+,826,9,129,15.79
1,cuenta_propia_precario,2010,4,historica,TODOS,7148,1575,446,8.0
1,cuenta_propia_precario,2011,1,historica,1,2803,243,135,5.27
1,cuenta_propia_precario,2011,1,historica,2,2279,38,202,9.01
1,cuenta_propia_precario,2011,1,historica,3+,792,9,103,13.15
1,cuenta_propia_precario,2011,1,historica,TODOS,7142,1558,440,7.88
1,cuenta_propia_precario,2011,2,historica,1,2758,229,130,5.14
1,cuenta_propia_precario,2011,2,historica,2,2375,42,201,8.62
1,cuenta_propia_precario,2011,2,historica,3+,854,8,135,15.96
1,cuenta_propia_precario,2011,2,historica,TODOS,7225,1517,466,8.16
1,cuenta_propia_precario,2011,3,historica,1,2831,227,139,5.34
1,cuenta_propia_precario,2011,3,historica,2,2318,52,177,7.81
1,cuenta_propia_precario,2011,3,historica,3+,846,13,108,12.97
1,cuenta_propia_precario,2011,3,historica,TODOS,7187,1484,424,7.43
1,cuenta_propia_precario,2011,4,historica,1,2751,262,119,4.78
1,cuenta_propia_precario,2011,4,historica,2,2332,36,211,9.19
1,cuenta_propia_precario,2011,4,historica,3+,768,6,121,15.88
1,cuenta_propia_precario,2011,4,historica,TODOS,7115,1568,451,8.13
1,cuenta_propia_precario,2012,1,historica,1,2753,239,141,5.61
1,cuenta_propia_precario,2012,1,historica,2,2226,40,211,9.65
1,cuenta_propia_precario,2012,1,historica,3+,761,4,102,13.47
1,cuenta_propia_precario,2012,1,historica,TODOS,7039,1582,454,8.32
1,cuenta_propia_precario,2012,2,historica,1,2723,241,120,4.83
1,cuenta_propia_precario,2012,2,historica,2,2325,38,189,8.26
1,cuenta_propia_precario,2012,2,historica,3+,845,7,117,13.96
1,cuenta_propia_precario,2012,2,historica,TODOS,7155,1548,426,7.6
1,cuenta_propia_precario,2012,3,historica,1,2707,204,105,4.19
1,cuenta_propia_precario,2012,3,historica,2,2155,45,169,8.01
1,cuenta_propia_precario,2012,3,historica,3+,761,9,95,12.63
1,cuenta_propia_precario,2012,3,historica,TODOS,6895,1530,369,6.88
1,cuenta_propia_precario,2012,4,historica,1,2618,255,107,4.53
1,cuenta_propia_precario,2012,4,historica,2,2213,45,208,9.59
1,cuenta_propia_precario,2012,4,historica,3+,741,6,87,11.84
1,cuenta_propia_precario,2012,4,historica,TODOS,6771,1505,402,7.63
1,cuenta_propia_precario,2013,1,historica,1,2723,230,136,5.46
1,cuenta_propia_precario,2013,1,historica,2,2143,51,175,8.37
1,cuenta_propia_precario,2013,1,historica,3+,801,8,122,15.38
1,cuenta_propia_precario,2013,1,historica,TODOS,6901,1523,433,8.05
1,cuenta_propia_precario,2013,2,historica,1,2657,236,116,4.79
1,cuenta_propia_precario,2013,2,historica,2,2246,51,168,7.65
1,cuenta_propia_precario,2013,2,historica,3+,811,5,102,12.66
1,cuenta_propia_precario,2013,2,historica,TODOS,7057,1635,386,7.12
1,cuenta_propia_precario,2013,3,historica,1,2708,281,114,4.7
1,cuenta_propia_precario,2013,3,historica,2,2267,57,139,6.29
1,cuenta_propia_precario,2013,3,historica,3+,801,10,109,13.78
1,cuenta_propia_precario,2013,3,historica,TODOS,7068,1640,362,6.67
1,cuenta_propia_precario,2013,4,historica,1,2680,230,110,4.49
1,cuenta_propia_precario,2013,4,historica,2,2197,54,194,9.05
1,cuenta_propia_precario,2013,4,historica,3+,780,13,109,14.21
1,cuenta_propia_precario,2013,4,historica,TODOS,6994,1634,413,7.71
1,cuenta_propia_precario,2014,1,historica,1,2825,314,101,4.02
1,cuenta_propia_precario,2014,1,historica,2,2360,45,202,8.73
1,cuenta_propia_precario,2014,1,historica,3+,823,8,90,11.04
1,cuenta_propia_precario,2014,1,historica,TODOS,7254,1613,393,6.97
1,cuenta_propia_precario,2014,2,historica,1,2781,294,110,4.42
1,cuenta_propia_precario,2014,2,historica,2,2527,46,204,8.22
1,cuenta_propia_precario,2014,2,historica,3+,806,13,115,14.5
1,cuenta_propia_precario,2014,2,historica,TODOS,7461,1700,429,7.45
1,cuenta_propia_precario,2014,3,historica,1,3002,273,125,4.58
1,cuenta_propia_precario,2014,3,historica,2,2385,59,184,7.91
1,cuenta_propia_precario,2014,3,historica,3+,862,12,108,12.71
1,cuenta_propia_precario,2014,3,historica,TODOS,7592,1687,417,7.06
1,cuenta_propia_precario,2014,4,historica,1,2835,286,111,4.35
1,cuenta_propia_precario,2014,4,historica,2,2367,62,184,7.98
1,cuenta_propia_precario,2014,4,historica,3+,807,10,116,14.55
1,cuenta_propia_precario,2014,4,historica,TODOS,7317,1666,411,7.27
1,cuenta_propia_precario,2015,1,historica,1,2909,300,112,4.29
1,cuenta_propia_precario,2015,1,historica,2,2264,41,182,8.19
1,cuenta_propia_precario,2015,1,historica,3+,864,12,107,12.56
1,cuenta_propia_precario,2015,1,historica,TODOS,7363,1679,401,7.05
1,cuenta_propia_precario,2016,2,regular,1,2769,303,106,4.3
1,cuenta_propia_precario,2016,2,regular,2,2290,60,174,7.8
1,cuenta_propia_precario,2016,2,regular,3+,847,8,133,15.85
1,cuenta_propia_precario,2016,2,regular,TODOS,7295,1760,413,7.46
1,cuenta_propia_precario,2016,3,regular,1,2771,270,100,4.0
1,cuenta_propia_precario,2016,3,regular,2,2339,49,190,8.3
1,cuenta_propia_precario,2016,3,regular,3+,778,7,103,13.36
1,cuenta_propia_precario,2016,3,regular,TODOS,7214,1652,393,7.07
1,cuenta_propia_precario,2016,4,regular,1,2658,270,112,4.69
1,cuenta_propia_precario,2016,4,regular,2,2310,43,183,8.07
1,cuenta_propia_precario,2016,4,regular,3+,743,7,87,11.82
1,cuenta_propia_precario,2016,4,regular,TODOS,7011,1620,382,7.09
1,cuenta_propia_precario,2017,1,regular,1,2827,292,118,4.65
1,cuenta_propia_precario,2017,1,regular,2,2341,65,152,6.68
1,cuenta_propia_precario,2017,1,regular,3+,872,8,106,12.27
1,cuenta_propia_precario,2017,1,regular,TODOS,7455,1780,376,6.63
1,cuenta_propia_precario,2017,2,regular,1,2829,287,131,5.15
1,cuenta_propia_precario,2017,2,regular,2,2370,57,182,7.87
1,cuenta_propia_precario,2017,2,regular,3+,829,10,110,13.43
1,cuenta_propia_precario,2017,2,regular,TODOS,7507,1833,423,7.46
1,cuenta_propia_precario,2017,3,regular,1,2838,280,109,4.26
1,cuenta_propia_precario,2017,3,regular,2,2379,58,172,7.41
1,cuenta_propia_precario,2017,3,regular,3+,850,11,105,12.51
1,cuenta_propia_precario,2017,3,regular,TODOS,7478,1760,386,6.75
1,cuenta_propia_precario,2017,4,regular,1,2802,260,127,5.0
1,cuenta_propia_precario,2017,4,regular,2,2319,52,175,7.72
1,cuenta_propia_precario,2017,4,regular,3+,763,6,106,14.0
1,cuenta_propia_precario,2017,4,regular,TODOS,7269,1703,408,7.33
1,cuenta_propia_precario,2018,1,regular,1,2647,274,118,4.97
1,cuenta_propia_precario,2018,1,regular,2,2325,48,209,9.18
1,cuenta_propia_precario,2018,1,regular,3+,883,15,114,13.13
1,cuenta_propia_precario,2018,1,regular,TODOS,7287,1769,441,7.99
1,cuenta_propia_precario,2018,2,regular,1,2668,269,112,4.67
1,cuenta_propia_precario,2018,2,regular,2,2270,65,190,8.62
1,cuenta_propia_precario,2018,2,regular,3+,778,13,92,12.03
1,cuenta_propia_precario,2018,2,regular,TODOS,7168,1799,394,7.34
1,cuenta_propia_precario,2018,3,regular,1,2797,280,121,4.81
1,cuenta_propia_precario,2018,3,regular,2,2240,56,177,8.1
1,cuenta_propia_precario,2018,3,regular,3+,790,10,98,12.56
1,cuenta_propia_precario,2018,3,regular,TODOS,7260,1779,396,7.22
1,cuenta_propia_precario,2018,4,regular,1,2779,302,125,5.05
1,cuenta_propia_precario,2018,4,regular,2,2382,49,200,8.57
1,cuenta_propia_precario,2018,4,regular,3+,802,4,92,11.53
1,cuenta_propia_precario,2018,4,regular,TODOS,7370,1762,417,7.44
1,cuenta_propia_precario,2019,1,regular,1,2922,314,120,4.6
1,cuenta_propia_precario,2019,1,regular,2,2477,56,203,8.38
1,cuenta_propia_precario,2019,1,regular,3+,885,9,129,14.73
1,cuenta_propia_precario,2019,1,regular,TODOS,7825,1920,452,7.65
1,cuenta_propia_precario,2019,2,regular,1,2738,283,112,4.56
1,cuenta_propia_precario,2019,2,regular,2,2302,43,183,8.1
1,cuenta_propia_precario,2019,2,regular,3+,762,6,83,10.98
1,cuenta_propia_precario,2019,2,regular,TODOS,7118,1648,378,6.91
1,cuenta_propia_precario,2019,3,regular,1,2809,293,121,4.81
1,cuenta_propia_precario,2019,3,regular,2,2456,50,172,7.15
1,cuenta_propia_precario,2019,3,regular,3+,874,7,103,11.88
1,cuenta_propia_precario,2019,3,regular,TODOS,7568,1779,396,6.84
1,cuenta_propia_precario,2019,4,regular,1,2554,283,107,4.71
1,cuenta_propia_precario,2019,4,regular,2,2145,60,176,8.44
1,cuenta_propia_precario,2019,4,regular,3+,769,13,100,13.23
1,cuenta_propia_precario,2019,4,regular,TODOS,6781,1669,383,7.49
1,cuenta_propia_precario,2020,1,regular,1,2056,455,82,5.12
1,cuenta_propia_precario,2020,1,regular,2,1783,136,141,8.56
1,cuenta_propia_precario,2020,1,regular,3+,653,43,77,12.62
1,cuenta_propia_precario,2020,1,regular,TODOS,5482,1624,300,7.78
1,cuenta_propia_precario,2020,2,regular,1,1567,215,57,4.22
1,cuenta_propia_precario,2020,2,regular,2,1041,27,57,5.62
1,cuenta_propia_precario,2020,2,regular,3+,330,7,36,11.15
1,cuenta_propia_precario,2020,2,regular,TODOS,3870,1181,150,5.58
1,cuenta_propia_precario,2020,3,regular,1,2137,211,68,3.53
1,cuenta_propia_precario,2020,3,regular,2,1624,43,121,7.65
1,cuenta_propia_precario,2020,3,regular,3+,513,3,64,12.55
1,cuenta_propia_precario,2020,3,regular,TODOS,5382,1365,253,6.3
1,cuenta_propia_precario,2020,4,regular,1,2046,244,66,3.66
1,cuenta_propia_precario,2020,4,regular,2,1653,30,97,5.98
1,cuenta_propia_precario,2020,4,regular,3+,486,10,53,11.13
1,cuenta_propia_precario,2020,4,regular,TODOS,5316,1415,216,5.54
1,cuenta_propia_precario,2021,1,regular,1,2418,273,92,4.29
1,cuenta_propia_precario,2021,1,regular,2,1954,53,153,8.05
1,cuenta_propia_precario,2021,1,regular,3+,664,8,65,9.91
1,cuenta_propia_precario,2021,1,regular,TODOS,6293,1591,310,6.59
1,cuenta_propia_precario,2021,2,regular,1,2208,210,89,4.45
1,cuenta_propia_precario,2021,2,regular,2,1836,52,120,6.73
1,cuenta_propia_precario,2021,2,regular,3+,638,5,85,13.43
1,cuenta_propia_precario,2021,2,regular,TODOS,5852,1437,294,6.66
1,cuenta_propia_precario,2021,3,regular,1,2582,277,120,5.21
1,cuenta_propia_precario,2021,3,regular,2,2032,57,153,7.75
1,cuenta_propia_precario,2021,3,regular,3+,668,10,79,12.01
1,cuenta_propia_precario,2021,3,regular,TODOS,6571,1633,352,7.13
1,cuenta_propia_precario,2021,4,regular,1,2327,259,83,4.01
1,cuenta_propia_precario,2021,4,regular,2,1985,41,163,8.38
1,cuenta_propia_precario,2021,4,regular,3+,637,6,80,12.68
1,cuenta_propia_precario,2021,4,regular,TODOS,6260,1617,326,7.02
1,cuenta_propia_precario,2022,1,regular,1,2536,250,122,5.34
1,cuenta_propia_precario,2022,1,regular,2,2183,57,146,6.87
1,cuenta_propia_precario,2022,1,regular,3+,725,13,90,12.64
1,cuenta_propia_precario,2022,1,regular,TODOS,6860,1736,358,6.99
1,cuenta_propia_precario,2022,2,regular,1,2386,262,113,5.32
1,cuenta_propia_precario,2022,2,regular,2,1997,41,156,7.98
1,cuenta_propia_precario,2022,2,regular,3+,648,8,85,13.28
1,cuenta_propia_precario,2022,2,regular,TODOS,6230,1510,354,7.5
1,cuenta_propia_precario,2022,3,regular,1,2581,283,107,4.66
1,cuenta_propia_precario,2022,3,regular,2,2135,50,162,7.77
1,cuenta_propia_precario,2022,3,regular,3+,664,5,83,12.59
1,cuenta_propia_precario,2022,3,regular,TODOS,6692,1650,352,6.98
1,cuenta_propia_precario,2022,4,regular,1,2387,236,103,4.79
1,cuenta_propia_precario,2022,4,regular,2,1913,30,159,8.44
1,cuenta_propia_precario,2022,4,regular,3+,644,4,73,11.41
1,cuenta_propia_precario,2022,4,regular,TODOS,6199,1525,335,7.17
1,cuenta_propia_precario,2023,1,regular,1,2625,258,101,4.27
1,cuenta_propia_precario,2023,1,regular,2,2142,51,181,8.66
1,cuenta_propia_precario,2023,1,regular,3+,703,11,89,12.86
1,cuenta_propia_precario,2023,1,regular,TODOS,6717,1567,371,7.2
1,cuenta_propia_precario,2023,2,regular,1,2424,243,83,3.81
1,cuenta_propia_precario,2023,2,regular,2,1991,39,140,7.17
1,cuenta_propia_precario,2023,2,regular,3+,649,4,77,11.94
1,cuenta_propia_precario,2023,2,regular,TODOS,6270,1492,300,6.28
1,cuenta_propia_precario,2023,3,regular,1,2597,233,104,4.4
1,cuenta_propia_precario,2023,3,regular,2,2189,45,187,8.72
1,cuenta_propia_precario,2023,3,regular,3+,658,2,87,13.26
1,cuenta_propia_precario,2023,3,regular,TODOS,6658,1494,378,7.32
1,cuenta_propia_precario,2023,4,regular,1,2354,235,112,5.29
1,cuenta_propia_precario,2023,4,regular,2,1805,38,165,9.34
1,cuenta_propia_precario,2023,4,regular,3+,620,9,101,16.53
1,cuenta_propia_precario,2023,4,regular,TODOS,5966,1469,378,8.41
1,cuenta_propia_precario,2024,1,regular,1,2390,234,86,3.99
1,cuenta_propia_precario,2024,1,regular,2,2019,38,158,7.98
1,cuenta_propia_precario,2024,1,regular,3+,694,9,101,14.74
1,cuenta_propia_precario,2024,1,regular,TODOS,6383,1561,345,7.15
1,cuenta_propia_precario,2024,2,regular,1,2359,283,103,4.96
1,cuenta_propia_precario,2024,2,regular,2,1926,46,154,8.19
1,cuenta_propia_precario,2024,2,regular,3+,627,4,70,11.24
1,cuenta_propia_precario,2024,2,regular,TODOS,6125,1546,327,7.14
1,cuenta_propia_precario,2024,3,regular,1,2527,247,117,5.13
1,cuenta_propia_precario,2024,3,regular,2,2066,53,168,8.35
1,cuenta_propia_precario,2024,3,regular,3+,683,6,76,11.23
1,cuenta_propia_precario,2024,3,regular,TODOS,6516,1546,361,7.26
1,cuenta_propia_precario,2024,4,regular,1,2279,255,78,3.85
1,cuenta_propia_precario,2024,4,regular,2,1787,49,147,8.46
1,cuenta_propia_precario,2024,4,regular,3+,632,6,73,11.66
1,cuenta_propia_precario,2024,4,regular,TODOS,5895,1507,298,6.79
1,cuenta_propia_precario,2025,1,regular,1,2420,260,98,4.54
1,cuenta_propia_precario,2025,1,regular,2,1951,37,135,7.05
1,cuenta_propia_precario,2025,1,regular,3+,640,10,96,15.24
1,cuenta_propia_precario,2025,1,regular,TODOS,6224,1520,329,6.99
1,cuenta_propia_precario,2025,2,regular,1,2280,223,90,4.38
1,cuenta_propia_precario,2025,2,regular,2,1732,48,167,9.92
1,cuenta_propia_precario,2025,2,regular,3+,620,9,66,10.8
1,cuenta_propia_precario,2025,2,regular,TODOS,5871,1519,323,7.42
1,cuenta_propia_precario,2025,3,regular,1,2307,238,91,4.4
1,cuenta_propia_precario,2025,3,regular,2,1973,44,164,8.5
1,cuenta_propia_precario,2025,3,regular,3+,636,3,100,15.8
1,cuenta_propia_precario,2025,3,regular,TODOS,6154,1523,355,7.67
1,excluir,2003,3,historica,1,2136,332,97,5.38
1,excluir,2003,3,historica,2,1198,50,63,5.49
1,excluir,2003,3,historica,3+,509,10,54,10.82
1,excluir,2003,3,historica,TODOS,5373,1922,214,6.2
1,excluir,2003,4,historica,1,1984,332,89,5.39
1,excluir,2003,4,historica,2,1345,63,88,6.86
1,excluir,2003,4,historica,3+,469,7,52,11.26
1,excluir,2003,4,historica,TODOS,5206,1810,229,6.74
1,excluir,2004,1,historica,1,2135,355,103,5.79
1,excluir,2004,1,historica,2,1246,80,84,7.2
1,excluir,2004,1,historica,3+,497,9,47,9.63
1,excluir,2004,1,historica,TODOS,5299,1865,234,6.81
1,excluir,2004,2,historica,1,2257,385,100,5.34
1,excluir,2004,2,historica,2,1342,53,83,6.44
1,excluir,2004,2,historica,3+,525,7,48,9.27
1,excluir,2004,2,historica,TODOS,5744,2065,231,6.28
1,excluir,2004,3,historica,1,2175,355,95,5.22
1,excluir,2004,3,historica,2,1344,60,81,6.31
1,excluir,2004,3,historica,3+,562,7,66,11.89
1,excluir,2004,3,historica,TODOS,5651,1992,242,6.61
1,excluir,2004,4,historica,1,2171,345,100,5.48
1,excluir,2004,4,historica,2,1334,63,87,6.85
1,excluir,2004,4,historica,3+,437,16,37,8.79
1,excluir,2004,4,historica,TODOS,5506,1988,224,6.37
1,excluir,2005,1,historica,1,2172,366,77,4.26
1,excluir,2005,1,historica,2,1357,73,82,6.39
1,excluir,2005,1,historica,3+,486,9,39,8.18
1,excluir,2005,1,historica,TODOS,5567,2000,198,5.55
1,excluir,2005,2,historica,1,2187,357,83,4.54
1,excluir,2005,2,historica,2,1310,59,81,6.47
1,excluir,2005,2,historica,3+,512,8,54,10.71
1,excluir,2005,2,historica,TODOS,5621,2036,218,6.08
1,excluir,2005,3,historica,1,2231,299,101,5.23
1,excluir,2005,3,historica,2,1396,65,100,7.51
1,excluir,2005,3,historica,3+,505,12,48,9.74
1,excluir,2005,3,historica,TODOS,5724,1968,249,6.63
1,excluir,2005,4,historica,1,2221,399,93,5.1
1,excluir,2005,4,historica,2,1306,62,84,6.75
1,excluir,2005,4,historica,3+,453,10,41,9.26
1,excluir,2005,4,historica,TODOS,5510,2001,218,6.21
1,excluir,2006,1,historica,1,2185,320,88,4.72
1,excluir,2006,1,historica,2,1376,78,86,6.63
1,excluir,2006,1,historica,3+,502,2,53,10.6
1,excluir,2006,1,historica,TODOS,5629,1966,227,6.2
1,excluir,2006,2,historica,1,2244,387,96,5.17
1,excluir,2006,2,historica,2,1441,70,99,7.22
1,excluir,2006,2,historica,3+,529,5,58,11.07
1,excluir,2006,2,historica,TODOS,5830,2078,253,6.74
1,excluir,2006,3,historica,1,3050,450,132,5.08
1,excluir,2006,3,historica,2,1910,79,125,6.83
1,excluir,2006,3,historica,3+,691,13,91,13.42
1,excluir,2006,3,historica,TODOS,7795,2686,348,6.81
1,excluir,2006,4,historica,1,2946,481,151,6.13
1,excluir,2006,4,historica,2,1799,87,108,6.31
1,excluir,2006,4,historica,3+,653,13,75,11.72
1,excluir,2006,4,historica,TODOS,7472,2655,334,6.93
1,excluir,2007,1,historica,1,2939,476,110,4.47
1,excluir,2007,1,historica,2,1872,92,124,6.97
1,excluir,2007,1,historica,3+,667,12,74,11.3
1,excluir,2007,1,historica,TODOS,7532,2634,308,6.29
1,excluir,2007,4,historica,1,2817,435,145,6.09
1,excluir,2007,4,historica,2,1750,77,134,8.01
1,excluir,2007,4,historica,3+,618,16,74,12.29
1,excluir,2007,4,historica,TODOS,7117,2460,353,7.58
1,excluir,2008,1,historica,1,2921,424,137,5.49
1,excluir,2008,1,historica,2,1772,64,124,7.26
1,excluir,2008,1,historica,3+,621,18,72,11.94
1,excluir,2008,1,historica,TODOS,7379,2571,333,6.93
1,excluir,2008,2,historica,1,2888,485,126,5.24
1,excluir,2008,2,historica,2,1811,98,137,8.0
1,excluir,2008,2,historica,3+,595,14,57,9.81
1,excluir,2008,2,historica,TODOS,7400,2703,320,6.81
1,excluir,2008,3,historica,1,2943,461,131,5.28
1,excluir,2008,3,historica,2,1783,79,134,7.86
1,excluir,2008,3,historica,3+,642,14,85,13.54
1,excluir,2008,3,historica,TODOS,7452,2638,350,7.27
1,excluir,2008,4,historica,1,2823,445,102,4.29
1,excluir,2008,4,historica,2,1794,83,128,7.48
1,excluir,2008,4,historica,3+,599,18,83,14.29
1,excluir,2008,4,historica,TODOS,7175,2505,313,6.7
1,excluir,2009,1,historica,1,2891,449,134,5.49
1,excluir,2009,1,historica,2,1707,86,121,7.46
1,excluir,2009,1,historica,3+,582,11,58,10.16
1,excluir,2009,1,historica,TODOS,7177,2543,313,6.75
1,excluir,2009,2,historica,1,2870,456,146,6.05
1,excluir,2009,2,historica,2,1710,81,110,6.75
1,excluir,2009,2,historica,3+,574,20,71,12.82
1,excluir,2009,2,historica,TODOS,7237,2640,327,7.11
1,excluir,2009,3,historica,1,2937,432,101,4.03
1,excluir,2009,3,historica,2,1760,72,124,7.35
1,excluir,2009,3,historica,3+,582,17,68,12.04
1,excluir,2009,3,historica,TODOS,7365,2607,293,6.16
1,excluir,2009,4,historica,1,2851,491,99,4.19
1,excluir,2009,4,historica,2,1669,70,123,7.69
1,excluir,2009,4,historica,3+,529,18,56,10.96
1,excluir,2009,4,historica,TODOS,7078,2608,278,6.22
1,excluir,2010,1,historica,1,2925,469,139,5.66
1,excluir,2010,1,historica,2,1645,87,114,7.32
1,excluir,2010,1,historica,3+,521,15,69,13.64
1,excluir,2010,1,historica,TODOS,7117,2597,322,7.12
1,excluir,2010,2,historica,1,2865,459,120,4.99
1,excluir,2010,2,historica,2,1759,66,123,7.27
1,excluir,2010,2,historica,3+,502,7,62,12.53
1,excluir,2010,2,historica,TODOS,7234,2640,305,6.64
1,excluir,2010,3,historica,1,2922,456,116,4.7
1,excluir,2010,3,historica,2,1750,76,92,5.5
1,excluir,2010,3,historica,3+,541,11,61,11.51
1,excluir,2010,3,historica,TODOS,7308,2638,269,5.76
1,excluir,2010,4,historica,1,2864,470,131,5.47
1,excluir,2010,4,historica,2,1658,75,114,7.2
1,excluir,2010,4,historica,3+,521,15,72,14.23
1,excluir,2010,4,historica,TODOS,7148,2665,317,7.07
1,excluir,2011,1,historica,1,2935,467,126,5.11
1,excluir,2011,1,historica,2,1636,72,125,7.99
1,excluir,2011,1,historica,3+,487,8,62,12.94
1,excluir,2011,1,historica,TODOS,7142,2631,313,6.94
1,excluir,2011,2,historica,1,2859,437,137,5.66
1,excluir,2011,2,historica,2,1768,71,140,8.25
1,excluir,2011,2,historica,3+,515,17,67,13.45
1,excluir,2011,2,historica,TODOS,7225,2608,344,7.45
1,excluir,2011,3,historica,1,2925,445,143,5.77
1,excluir,2011,3,historica,2,1675,75,109,6.81
1,excluir,2011,3,historica,3+,523,11,68,13.28
1,excluir,2011,3,historica,TODOS,7187,2595,320,6.97
1,excluir,2011,4,historica,1,2856,475,119,5.0
1,excluir,2011,4,historica,2,1709,63,132,8.02
1,excluir,2011,4,historica,3+,469,8,77,16.7
1,excluir,2011,4,historica,TODOS,7115,2627,328,7.31
1,excluir,2012,1,historica,1,2819,437,135,5.67
1,excluir,2012,1,historica,2,1639,67,124,7.89
1,excluir,2012,1,historica,3+,459,13,53,11.88
1,excluir,2012,1,historica,TODOS,7039,2639,312,7.09
1,excluir,2012,2,historica,1,2825,421,138,5.74
1,excluir,2012,2,historica,2,1672,56,111,6.87
1,excluir,2012,2,historica,3+,544,12,69,12.97
1,excluir,2012,2,historica,TODOS,7155,2603,318,6.99
1,excluir,2012,3,historica,1,2728,373,108,4.59
1,excluir,2012,3,historica,2,1591,67,105,6.89
1,excluir,2012,3,historica,3+,475,15,50,10.87
1,excluir,2012,3,historica,TODOS,6895,2556,263,6.06
1,excluir,2012,4,historica,1,2726,424,139,6.04
1,excluir,2012,4,historica,2,1552,57,114,7.63
1,excluir,2012,4,historica,3+,456,9,46,10.29
1,excluir,2012,4,historica,TODOS,6771,2527,299,7.05
1,excluir,2013,1,historica,1,2801,423,131,5.51
1,excluir,2013,1,historica,2,1541,71,113,7.69
1,excluir,2013,1,historica,3+,499,11,69,14.14
1,excluir,2013,1,historica,TODOS,6901,2565,313,7.22
1,excluir,2013,2,historica,1,2730,428,99,4.3
1,excluir,2013,2,historica,2,1594,73,106,6.97
1,excluir,2013,2,historica,3+,527,13,58,11.28
1,excluir,2013,2,historica,TODOS,7057,2720,263,6.06
1,excluir,2013,3,historica,1,2728,448,106,4.65
1,excluir,2013,3,historica,2,1653,70,85,5.37
1,excluir,2013,3,historica,3+,499,12,61,12.53
1,excluir,2013,3,historica,TODOS,7068,2718,252,5.79
1,excluir,2013,4,historica,1,2743,426,116,5.01
1,excluir,2013,4,historica,2,1592,66,117,7.67
1,excluir,2013,4,historica,3+,493,15,64,13.39
1,excluir,2013,4,historica,TODOS,6994,2673,297,6.87
1,excluir,2014,1,historica,1,2856,470,117,4.9
1,excluir,2014,1,historica,2,1707,60,126,7.65
1,excluir,2014,1,historica,3+,526,10,45,8.72
1,excluir,2014,1,historica,TODOS,7254,2705,288,6.33
1,excluir,2014,2,historica,1,2913,444,132,5.35
1,excluir,2014,2,historica,2,1813,90,118,6.85
1,excluir,2014,2,historica,3+,485,11,63,13.29
1,excluir,2014,2,historica,TODOS,7461,2795,313,6.71
1,excluir,2014,3,historica,1,3104,486,126,4.81
1,excluir,2014,3,historica,2,1698,73,100,6.15
1,excluir,2014,3,historica,3+,551,13,71,13.2
1,excluir,2014,3,historica,TODOS,7592,2811,297,6.21
1,excluir,2014,4,historica,1,2899,465,109,4.48
1,excluir,2014,4,historica,2,1726,81,112,6.81
1,excluir,2014,4,historica,3+,485,17,58,12.39
1,excluir,2014,4,historica,TODOS,7317,2770,279,6.14
1,excluir,2015,1,historica,1,2939,462,107,4.32
1,excluir,2015,1,historica,2,1683,87,105,6.58
1,excluir,2015,1,historica,3+,550,24,61,11.6
1,excluir,2015,1,historica,TODOS,7363,2764,273,5.94
1,excluir,2016,2,regular,1,2864,498,103,4.35
1,excluir,2016,2,regular,2,1625,82,101,6.55
1,excluir,2016,2,regular,3+,533,16,78,15.09
1,excluir,2016,2,regular,TODOS,7295,2869,282,6.37
1,excluir,2016,3,regular,1,2870,458,125,5.18
1,excluir,2016,3,regular,2,1632,86,110,7.12
1,excluir,2016,3,regular,3+,450,12,48,10.96
1,excluir,2016,3,regular,TODOS,7214,2818,283,6.44
1,excluir,2016,4,regular,1,2779,460,123,5.3
1,excluir,2016,4,regular,2,1593,76,105,6.92
1,excluir,2016,4,regular,3+,433,15,49,11.72
1,excluir,2016,4,regular,TODOS,7011,2757,277,6.51
1,excluir,2017,1,regular,1,2846,470,116,4.88
1,excluir,2017,1,regular,2,1679,93,107,6.75
1,excluir,2017,1,regular,3+,498,14,54,11.16
1,excluir,2017,1,regular,TODOS,7455,3009,277,6.23
1,excluir,2017,2,regular,1,2972,486,127,5.11
1,excluir,2017,2,regular,2,1642,93,114,7.36
1,excluir,2017,2,regular,3+,481,13,50,10.68
1,excluir,2017,2,regular,TODOS,7507,3004,291,6.46
1,excluir,2017,3,regular,1,2889,469,106,4.38
1,excluir,2017,3,regular,2,1701,77,104,6.4
1,excluir,2017,3,regular,3+,496,10,52,10.7
1,excluir,2017,3,regular,TODOS,7478,2948,262,5.78
1,excluir,2017,4,regular,1,2815,422,124,5.18
1,excluir,2017,4,regular,2,1627,78,101,6.52
1,excluir,2017,4,regular,3+,460,13,59,13.2
1,excluir,2017,4,regular,TODOS,7269,2880,284,6.47
1,excluir,2018,1,regular,1,2716,477,122,5.45
1,excluir,2018,1,regular,2,1643,81,106,6.79
1,excluir,2018,1,regular,3+,531,16,75,14.56
1,excluir,2018,1,regular,TODOS,7287,2971,303,7.02
1,excluir,2018,2,regular,1,2771,479,120,5.24
1,excluir,2018,2,regular,2,1561,83,111,7.51
1,excluir,2018,2,regular,3+,461,18,58,13.09
1,excluir,2018,2,regular,TODOS,7168,2955,289,6.86
1,excluir,2018,3,regular,1,2735,447,121,5.29
1,excluir,2018,3,regular,2,1590,84,109,7.24
1,excluir,2018,3,regular,3+,472,18,63,13.88
1,excluir,2018,3,regular,TODOS,7260,3012,293,6.9
1,excluir,2018,4,regular,1,2845,505,123,5.26
1,excluir,2018,4,regular,2,1692,78,117,7.25
1,excluir,2018,4,regular,3+,466,6,54,11.74
1,excluir,2018,4,regular,TODOS,7370,2956,294,6.66
1,excluir,2019,1,regular,1,3011,514,136,5.45
1,excluir,2019,1,regular,2,1730,95,130,7.95
1,excluir,2019,1,regular,3+,512,11,73,14.57
1,excluir,2019,1,regular,TODOS,7825,3192,339,7.32
1,excluir,2019,2,regular,1,2791,498,116,5.06
1,excluir,2019,2,regular,2,1553,66,99,6.66
1,excluir,2019,2,regular,3+,430,10,41,9.76
1,excluir,2019,2,regular,TODOS,7118,2918,256,6.1
1,excluir,2019,3,regular,1,2875,459,146,6.04
1,excluir,2019,3,regular,2,1713,99,126,7.81
1,excluir,2019,3,regular,3+,478,11,51,10.92
1,excluir,2019,3,regular,TODOS,7568,3071,323,7.18
1,excluir,2019,4,regular,1,2651,447,112,5.08
1,excluir,2019,4,regular,2,1455,73,90,6.51
1,excluir,2019,4,regular,3+,444,15,53,12.35
1,excluir,2019,4,regular,TODOS,6781,2766,255,6.35
1,excluir,2020,1,regular,1,2144,535,84,5.22
1,excluir,2020,1,regular,2,1240,109,81,7.16
1,excluir,2020,1,regular,3+,361,25,38,11.31
1,excluir,2020,1,regular,TODOS,5482,2406,203,6.6
1,excluir,2020,2,regular,1,1525,272,61,4.87
1,excluir,2020,2,regular,2,695,42,32,4.9
1,excluir,2020,2,regular,3+,184,7,20,11.3
1,excluir,2020,2,regular,TODOS,3870,1787,113,5.42
1,excluir,2020,3,regular,1,2110,345,82,4.65
1,excluir,2020,3,regular,2,1057,49,73,7.24
1,excluir,2020,3,regular,3+,268,5,33,12.55
1,excluir,2020,3,regular,TODOS,5382,2346,188,6.19
1,excluir,2020,4,regular,1,2099,372,89,5.15
1,excluir,2020,4,regular,2,1098,52,52,4.97
1,excluir,2020,4,regular,3+,239,15,33,14.73
1,excluir,2020,4,regular,TODOS,5316,2319,174,5.81
1,excluir,2021,1,regular,1,2464,439,111,5.48
1,excluir,2021,1,regular,2,1324,67,78,6.21
1,excluir,2021,1,regular,3+,345,11,30,8.98
1,excluir,2021,1,regular,TODOS,6293,2677,219,6.06
1,excluir,2021,2,regular,1,2251,339,92,4.81
1,excluir,2021,2,regular,2,1239,60,72,6.11
1,excluir,2021,2,regular,3+,349,9,45,13.24
1,excluir,2021,2,regular,TODOS,5852,2421,209,6.09
1,excluir,2021,3,regular,1,2657,486,133,6.13
1,excluir,2021,3,regular,2,1327,64,89,7.05
1,excluir,2021,3,regular,3+,342,13,32,9.73
1,excluir,2021,3,regular,TODOS,6571,2808,254,6.75
1,excluir,2021,4,regular,1,2353,388,100,5.09
1,excluir,2021,4,regular,2,1346,66,79,6.17
1,excluir,2021,4,regular,3+,353,6,32,9.22
1,excluir,2021,4,regular,TODOS,6260,2668,211,5.87
1,excluir,2022,1,regular,1,2600,441,138,6.39
1,excluir,2022,1,regular,2,1522,99,91,6.39
1,excluir,2022,1,regular,3+,400,16,44,11.46
1,excluir,2022,1,regular,TODOS,6860,2894,273,6.88
1,excluir,2022,2,regular,1,2478,428,119,5.8
1,excluir,2022,2,regular,2,1316,55,88,6.98
1,excluir,2022,2,regular,3+,381,11,52,14.05
1,excluir,2022,2,regular,TODOS,6230,2549,259,7.04
1,excluir,2022,3,regular,1,2682,421,126,5.57
1,excluir,2022,3,regular,2,1433,67,83,6.08
1,excluir,2022,3,regular,3+,375,12,41,11.29
1,excluir,2022,3,regular,TODOS,6692,2702,250,6.27
1,excluir,2022,4,regular,1,2395,392,89,4.44
1,excluir,2022,4,regular,2,1342,62,84,6.56
1,excluir,2022,4,regular,3+,375,7,42,11.41
1,excluir,2022,4,regular,TODOS,6199,2548,215,5.89
1,excluir,2023,1,regular,1,2685,412,96,4.22
1,excluir,2023,1,regular,2,1483,76,94,6.68
1,excluir,2023,1,regular,3+,423,12,49,11.92
1,excluir,2023,1,regular,TODOS,6717,2626,239,5.84
1,excluir,2023,2,regular,1,2491,385,86,4.08
1,excluir,2023,2,regular,2,1363,48,88,6.69
1,excluir,2023,2,regular,3+,395,7,46,11.86
1,excluir,2023,2,regular,TODOS,6270,2461,220,5.78
1,excluir,2023,3,regular,1,2695,429,118,5.21
1,excluir,2023,3,regular,2,1489,65,92,6.46
1,excluir,2023,3,regular,3+,393,12,49,12.86
1,excluir,2023,3,regular,TODOS,6658,2587,259,6.36
1,excluir,2023,4,regular,1,2388,395,128,6.42
1,excluir,2023,4,regular,2,1215,62,97,8.41
1,excluir,2023,4,regular,3+,371,8,54,14.88
1,excluir,2023,4,regular,TODOS,5966,2457,279,7.95
1,excluir,2024,1,regular,1,2472,420,110,5.36
1,excluir,2024,1,regular,2,1410,68,101,7.53
1,excluir,2024,1,regular,3+,383,14,52,14.09
1,excluir,2024,1,regular,TODOS,6383,2620,263,6.99
1,excluir,2024,2,regular,1,2466,462,114,5.69
1,excluir,2024,2,regular,2,1253,61,86,7.21
1,excluir,2024,2,regular,3+,344,8,39,11.61
1,excluir,2024,2,regular,TODOS,6125,2593,239,6.77
1,excluir,2024,3,regular,1,2546,423,106,4.99
1,excluir,2024,3,regular,2,1412,68,94,6.99
1,excluir,2024,3,regular,3+,375,8,43,11.72
1,excluir,2024,3,regular,TODOS,6516,2682,243,6.34
1,excluir,2024,4,regular,1,2343,422,98,5.1
1,excluir,2024,4,regular,2,1166,70,76,6.93
1,excluir,2024,4,regular,3+,347,10,37,10.98
1,excluir,2024,4,regular,TODOS,5895,2541,211,6.29
1,excluir,2025,1,regular,1,2450,410,102,5.0
1,excluir,2025,1,regular,2,1336,64,84,6.6
1,excluir,2025,1,regular,3+,350,10,57,16.76
1,excluir,2025,1,regular,TODOS,6224,2572,243,6.65
1,excluir,2025,2,regular,1,2218,343,85,4.53
1,excluir,2025,2,regular,2,1197,69,93,8.24
1,excluir,2025,2,regular,3+,345,10,39,11.64
1,excluir,2025,2,regular,TODOS,5871,2533,217,6.5
1,excluir,2025,3,regular,1,2342,397,105,5.4
1,excluir,2025,3,regular,2,1307,48,102,8.1
1,excluir,2025,3,regular,3+,343,6,47,13.95
1,excluir,2025,3,regular,TODOS,6154,2613,254,7.17
1,informal,2003,3,historica,1,1884,157,56,3.24
1,informal,2003,3,historica,2,1777,30,104,5.95
1,informal,2003,3,historica,3+,805,5,75,9.38
1,informal,2003,3,historica,TODOS,5373,1099,235,5.5
1,informal,2003,4,historica,1,1840,156,45,2.67
1,informal,2003,4,historica,2,1777,40,102,5.87
1,informal,2003,4,historica,3+,802,9,79,9.96
1,informal,2003,4,historica,TODOS,5206,992,226,5.36
1,informal,2004,1,historica,1,1940,176,54,3.06
1,informal,2004,1,historica,2,1748,43,112,6.57
1,informal,2004,1,historica,3+,791,5,59,7.51
1,informal,2004,1,historica,TODOS,5299,1044,225,5.29
1,informal,2004,2,historica,1,2081,176,67,3.52
1,informal,2004,2,historica,2,1947,28,101,5.26
1,informal,2004,2,historica,3+,830,3,76,9.19
1,informal,2004,2,historica,TODOS,5744,1093,244,5.25
1,informal,2004,3,historica,1,2007,178,49,2.68
1,informal,2004,3,historica,2,1871,20,104,5.62
1,informal,2004,3,historica,3+,891,4,100,11.27
1,informal,2004,3,historica,TODOS,5651,1084,253,5.54
1,informal,2004,4,historica,1,2030,190,57,3.1
1,informal,2004,4,historica,2,1847,25,104,5.71
1,informal,2004,4,historica,3+,763,9,49,6.5
1,informal,2004,4,historica,TODOS,5506,1090,210,4.76
1,informal,2005,1,historica,1,2077,190,55,2.91
1,informal,2005,1,historica,2,1853,36,97,5.34
1,informal,2005,1,historica,3+,769,5,59,7.72
1,informal,2005,1,historica,TODOS,5567,1099,211,4.72
1,informal,2005,2,historica,1,2069,167,53,2.79
1,informal,2005,2,historica,2,1849,25,104,5.7
1,informal,2005,2,historica,3+,805,4,72,8.99
1,informal,2005,2,historica,TODOS,5621,1094,229,5.06
1,informal,2005,3,historica,1,2107,149,59,3.01
1,informal,2005,3,historica,2,1901,28,116,6.19
1,informal,2005,3,historica,3+,823,7,74,9.07
1,informal,2005,3,historica,TODOS,5724,1077,249,5.36
1,informal,2005,4,historica,1,2069,197,52,2.78
1,informal,2005,4,historica,2,1828,35,114,6.36
1,informal,2005,4,historica,3+,741,4,66,8.96
1,informal,2005,4,historica,TODOS,5510,1108,232,5.27
1,informal,2006,1,historica,1,2100,161,48,2.48
1,informal,2006,1,historica,2,1818,21,95,5.29
1,informal,2006,1,historica,3+,828,8,75,9.15
1,informal,2006,1,historica,TODOS,5629,1073,218,4.78
1,informal,2006,2,historica,1,2077,197,59,3.14
1,informal,2006,2,historica,2,2021,34,110,5.54
1,informal,2006,2,historica,3+,826,6,87,10.61
1,informal,2006,2,historica,TODOS,5830,1143,256,5.46
1,informal,2006,3,historica,1,2899,245,69,2.6
1,informal,2006,3,historica,2,2631,41,168,6.49
1,informal,2006,3,historica,3+,1097,8,120,11.02
1,informal,2006,3,historica,TODOS,7795,1462,357,5.64
1,informal,2006,4,historica,1,2814,274,97,3.82
1,informal,2006,4,historica,2,2461,54,135,5.61
1,informal,2006,4,historica,3+,1029,8,108,10.58
1,informal,2006,4,historica,TODOS,7472,1504,340,5.7
1,informal,2007,1,historica,1,2726,237,83,3.33
1,informal,2007,1,historica,2,2490,53,152,6.24
1,informal,2007,1,historica,3+,1082,15,96,9.0
1,informal,2007,1,historica,TODOS,7532,1539,331,5.52
1,informal,2007,4,historica,1,2746,254,103,4.13
1,informal,2007,4,historica,2,2294,46,161,7.16
1,informal,2007,4,historica,3+,953,5,98,10.34
1,informal,2007,4,historica,TODOS,7117,1429,362,6.36
1,informal,2008,1,historica,1,2786,215,105,4.08
1,informal,2008,1,historica,2,2418,33,138,5.79
1,informal,2008,1,historica,3+,983,7,118,12.09
1,informal,2008,1,historica,TODOS,7379,1447,361,6.09
1,informal,2008,2,historica,1,2747,236,115,4.58
1,informal,2008,2,historica,2,2492,71,169,6.98
1,informal,2008,2,historica,3+,904,5,91,10.12
1,informal,2008,2,historica,TODOS,7400,1569,375,6.43
1,informal,2008,3,historica,1,2805,250,95,3.72
1,informal,2008,3,historica,2,2457,54,147,6.12
1,informal,2008,3,historica,3+,1024,7,116,11.41
1,informal,2008,3,historica,TODOS,7452,1477,358,5.99
1,informal,2008,4,historica,1,2649,250,80,3.33
1,informal,2008,4,historica,2,2414,48,154,6.51
1,informal,2008,4,historica,3+,951,18,108,11.58
1,informal,2008,4,historica,TODOS,7175,1477,342,6.0
1,informal,2009,1,historica,1,2717,238,99,3.99
1,informal,2009,1,historica,2,2364,43,146,6.29
1,informal,2009,1,historica,3+,924,16,90,9.91
1,informal,2009,1,historica,TODOS,7177,1469,335,5.87
1,informal,2009,2,historica,1,2754,272,92,3.71
1,informal,2009,2,historica,2,2362,43,158,6.81
1,informal,2009,2,historica,3+,891,10,92,10.44
1,informal,2009,2,historica,TODOS,7237,1555,342,6.02
1,informal,2009,3,historica,1,2798,253,72,2.83
1,informal,2009,3,historica,2,2451,45,143,5.94
1,informal,2009,3,historica,3+,932,12,94,10.22
1,informal,2009,3,historica,TODOS,7365,1494,309,5.26
1,informal,2009,4,historica,1,2704,263,74,3.03
1,informal,2009,4,historica,2,2328,49,143,6.27
1,informal,2009,4,historica,3+,859,12,81,9.56
1,informal,2009,4,historica,TODOS,7078,1511,298,5.35
1,informal,2010,1,historica,1,2755,261,88,3.53
1,informal,2010,1,historica,2,2334,47,144,6.3
1,informal,2010,1,historica,3+,840,8,95,11.42
1,informal,2010,1,historica,TODOS,7117,1504,327,5.83
1,informal,2010,2,historica,1,2786,248,102,4.02
1,informal,2010,2,historica,2,2390,43,148,6.31
1,informal,2010,2,historica,3+,829,3,87,10.53
1,informal,2010,2,historica,TODOS,7234,1523,337,5.9
1,informal,2010,3,historica,1,2758,238,85,3.37
1,informal,2010,3,historica,2,2442,42,128,5.33
1,informal,2010,3,historica,3+,845,6,76,9.06
1,informal,2010,3,historica,TODOS,7308,1549,289,5.02
1,informal,2010,4,historica,1,2748,264,99,3.99
1,informal,2010,4,historica,2,2303,31,141,6.21
1,informal,2010,4,historica,3+,826,9,101,12.36
1,informal,2010,4,historica,TODOS,7148,1575,341,6.12
1,informal,2011,1,historica,1,2803,243,99,3.87
1,informal,2011,1,historica,2,2279,38,157,7.01
1,informal,2011,1,historica,3+,792,9,91,11.62
1,informal,2011,1,historica,TODOS,7142,1558,347,6.21
1,informal,2011,2,historica,1,2758,229,92,3.64
1,informal,2011,2,historica,2,2375,42,172,7.37
1,informal,2011,2,historica,3+,854,8,104,12.29
1,informal,2011,2,historica,TODOS,7225,1517,368,6.45
1,informal,2011,3,historica,1,2831,227,113,4.34
1,informal,2011,3,historica,2,2318,52,143,6.31
1,informal,2011,3,historica,3+,846,13,94,11.28
1,informal,2011,3,historica,TODOS,7187,1484,350,6.14
1,informal,2011,4,historica,1,2751,262,93,3.74
1,informal,2011,4,historica,2,2332,36,174,7.58
1,informal,2011,4,historica,3+,768,6,95,12.47
1,informal,2011,4,historica,TODOS,7115,1568,362,6.53
1,informal,2012,1,historica,1,2753,239,107,4.26
1,informal,2012,1,historica,2,2226,40,171,7.82
1,informal,2012,1,historica,3+,761,4,81,10.7
1,informal,2012,1,historica,TODOS,7039,1582,359,6.58
1,informal,2012,2,historica,1,2723,241,90,3.63
1,informal,2012,2,historica,2,2325,38,146,6.38
1,informal,2012,2,historica,3+,845,7,99,11.81
1,informal,2012,2,historica,TODOS,7155,1548,335,5.97
1,informal,2012,3,historica,1,2707,204,78,3.12
1,informal,2012,3,historica,2,2155,45,132,6.26
1,informal,2012,3,historica,3+,761,9,69,9.18
1,informal,2012,3,historica,TODOS,6895,1530,279,5.2
1,informal,2012,4,historica,1,2618,255,87,3.68
1,informal,2012,4,historica,2,2213,45,153,7.06
1,informal,2012,4,historica,3+,741,6,64,8.71
1,informal,2012,4,historica,TODOS,6771,1505,304,5.77
1,informal,2013,1,historica,1,2723,230,111,4.45
1,informal,2013,1,historica,2,2143,51,139,6.64
1,informal,2013,1,historica,3+,801,8,102,12.86
1,informal,2013,1,historica,TODOS,6901,1523,352,6.55
1,informal,2013,2,historica,1,2657,236,82,3.39
1,informal,2013,2,historica,2,2246,51,123,5.6
1,informal,2013,2,historica,3+,811,5,84,10.42
1,informal,2013,2,historica,TODOS,7057,1635,289,5.33
1,informal,2013,3,historica,1,2708,281,77,3.17
1,informal,2013,3,historica,2,2267,57,100,4.52
1,informal,2013,3,historica,3+,801,10,93,11.76
1,informal,2013,3,historica,TODOS,7068,1640,270,4.97
1,informal,2013,4,historica,1,2680,230,82,3.35
1,informal,2013,4,historica,2,2197,54,153,7.14
1,informal,2013,4,historica,3+,780,13,89,11.6
1,informal,2013,4,historica,TODOS,6994,1634,324,6.04
1,informal,2014,1,historica,1,2825,314,85,3.39
1,informal,2014,1,historica,2,2360,45,147,6.35
1,informal,2014,1,historica,3+,823,8,73,8.96
1,informal,2014,1,historica,TODOS,7254,1613,305,5.41
1,informal,2014,2,historica,1,2781,294,85,3.42
1,informal,2014,2,historica,2,2527,46,159,6.41
1,informal,2014,2,historica,3+,806,13,89,11.22
1,informal,2014,2,historica,TODOS,7461,1700,333,5.78
1,informal,2014,3,historica,1,3002,273,96,3.52
1,informal,2014,3,historica,2,2385,59,138,5.93
1,informal,2014,3,historica,3+,862,12,88,10.35
1,informal,2014,3,historica,TODOS,7592,1687,322,5.45
1,informal,2014,4,historica,1,2835,286,82,3.22
1,informal,2014,4,historica,2,2367,62,146,6.33
1,informal,2014,4,historica,3+,807,10,85,10.66
1,informal,2014,4,historica,TODOS,7317,1666,313,5.54
1,informal,2015,1,historica,1,2909,300,82,3.14
1,informal,2015,1,historica,2,2264,41,146,6.57
1,informal,2015,1,historica,3+,864,12,83,9.74
1,informal,2015,1,historica,TODOS,7363,1679,311,5.47
1,informal,2016,2,regular,1,2769,303,82,3.33
1,informal,2016,2,regular,2,2290,60,142,6.37
1,informal,2016,2,regular,3+,847,8,113,13.47
1,informal,2016,2,regular,TODOS,7295,1760,337,6.09
1,informal,2016,3,regular,1,2771,270,76,3.04
1,informal,2016,3,regular,2,2339,49,140,6.11
1,informal,2016,3,regular,3+,778,7,85,11.02
1,informal,2016,3,regular,TODOS,7214,1652,301,5.41
1,informal,2016,4,regular,1,2658,270,94,3.94
1,informal,2016,4,regular,2,2310,43,147,6.48
1,informal,2016,4,regular,3+,743,7,63,8.56
1,informal,2016,4,regular,TODOS,7011,1620,304,5.64
1,informal,2017,1,regular,1,2827,292,84,3.31
1,informal,2017,1,regular,2,2341,65,128,5.62
1,informal,2017,1,regular,3+,872,8,79,9.14
1,informal,2017,1,regular,TODOS,7455,1780,291,5.13
1,informal,2017,2,regular,1,2829,287,101,3.97
1,informal,2017,2,regular,2,2370,57,142,6.14
1,informal,2017,2,regular,3+,829,10,81,9.89
1,informal,2017,2,regular,TODOS,7507,1833,324,5.71
1,informal,2017,3,regular,1,2838,280,78,3.05
1,informal,2017,3,regular,2,2379,58,145,6.25
1,informal,2017,3,regular,3+,850,11,83,9.89
1,informal,2017,3,regular,TODOS,7478,1760,306,5.35
1,informal,2017,4,regular,1,2802,260,96,3.78
1,informal,2017,4,regular,2,2319,52,135,5.96
1,informal,2017,4,regular,3+,763,6,90,11.89
1,informal,2017,4,regular,TODOS,7269,1703,321,5.77
1,informal,2018,1,regular,1,2647,274,88,3.71
1,informal,2018,1,regular,2,2325,48,150,6.59
1,informal,2018,1,regular,3+,883,15,98,11.29
1,informal,2018,1,regular,TODOS,7287,1769,336,6.09
1,informal,2018,2,regular,1,2668,269,90,3.75
1,informal,2018,2,regular,2,2270,65,155,7.03
1,informal,2018,2,regular,3+,778,13,77,10.07
1,informal,2018,2,regular,TODOS,7168,1799,322,6.0
1,informal,2018,3,regular,1,2797,280,98,3.89
1,informal,2018,3,regular,2,2240,56,143,6.55
1,informal,2018,3,regular,3+,790,10,89,11.41
1,informal,2018,3,regular,TODOS,7260,1779,330,6.02
1,informal,2018,4,regular,1,2779,302,93,3.75
1,informal,2018,4,regular,2,2382,49,148,6.34
1,informal,2018,4,regular,3+,802,4,71,8.9
1,informal,2018,4,regular,TODOS,7370,1762,312,5.56
1,informal,2019,1,regular,1,2922,314,83,3.18
1,informal,2019,1,regular,2,2477,56,158,6.53
1,informal,2019,1,regular,3+,885,9,100,11.42
1,informal,2019,1,regular,TODOS,7825,1920,341,5.77
1,informal,2019,2,regular,1,2738,283,83,3.38
1,informal,2019,2,regular,2,2302,43,127,5.62
1,informal,2019,2,regular,3+,762,6,68,8.99
1,informal,2019,2,regular,TODOS,7118,1648,278,5.08
1,informal,2019,3,regular,1,2809,293,95,3.78
1,informal,2019,3,regular,2,2456,50,138,5.74
1,informal,2019,3,regular,3+,874,7,83,9.57
1,informal,2019,3,regular,TODOS,7568,1779,316,5.46
1,informal,2019,4,regular,1,2554,283,76,3.35
1,informal,2019,4,regular,2,2145,60,119,5.71
1,informal,2019,4,regular,3+,769,13,68,8.99
1,informal,2019,4,regular,TODOS,6781,1669,263,5.14
1,informal,2020,1,regular,1,2056,455,64,4.0
1,informal,2020,1,regular,2,1783,136,98,5.95
1,informal,2020,1,regular,3+,653,43,54,8.85
1,informal,2020,1,regular,TODOS,5482,1624,216,5.6
1,informal,2020,2,regular,1,1567,215,40,2.96
1,informal,2020,2,regular,2,1041,27,46,4.54
1,informal,2020,2,regular,3+,330,7,26,8.05
1,informal,2020,2,regular,TODOS,3870,1181,112,4.17
1,informal,2020,3,regular,1,2137,211,48,2.49
1,informal,2020,3,regular,2,1624,43,82,5.19
1,informal,2020,3,regular,3+,513,3,49,9.61
1,informal,2020,3,regular,TODOS,5382,1365,179,4.46
1,informal,2020,4,regular,1,2046,244,51,2.83
1,informal,2020,4,regular,2,1653,30,79,4.87
1,informal,2020,4,regular,3+,486,10,40,8.4
1,informal,2020,4,regular,TODOS,5316,1415,170,4.36
1,informal,2021,1,regular,1,2418,273,70,3.26
1,informal,2021,1,regular,2,1954,53,115,6.05
1,informal,2021,1,regular,3+,664,8,54,8.23
1,informal,2021,1,regular,TODOS,6293,1591,239,5.08
1,informal,2021,2,regular,1,2208,210,55,2.75
1,informal,2021,2,regular,2,1836,52,89,4.99
1,informal,2021,2,regular,3+,638,5,70,11.06
1,informal,2021,2,regular,TODOS,5852,1437,214,4.85
1,informal,2021,3,regular,1,2582,277,98,4.25
1,informal,2021,3,regular,2,2032,57,129,6.53
1,informal,2021,3,regular,3+,668,10,64,9.73
1,informal,2021,3,regular,TODOS,6571,1633,291,5.89
1,informal,2021,4,regular,1,2327,259,56,2.71
1,informal,2021,4,regular,2,1985,41,119,6.12
1,informal,2021,4,regular,3+,637,6,54,8.56
1,informal,2021,4,regular,TODOS,6260,1617,229,4.93
1,informal,2022,1,regular,1,2536,250,97,4.24
1,informal,2022,1,regular,2,2183,57,121,5.69
1,informal,2022,1,regular,3+,725,13,66,9.27
1,informal,2022,1,regular,TODOS,6860,1736,284,5.54
1,informal,2022,2,regular,1,2386,262,85,4.0
1,informal,2022,2,regular,2,1997,41,120,6.13
1,informal,2022,2,regular,3+,648,8,69,10.78
1,informal,2022,2,regular,TODOS,6230,1510,274,5.81
1,informal,2022,3,regular,1,2581,283,78,3.39
1,informal,2022,3,regular,2,2135,50,114,5.47
1,informal,2022,3,regular,3+,664,5,60,9.1
1,informal,2022,3,regular,TODOS,6692,1650,252,5.0
1,informal,2022,4,regular,1,2387,236,71,3.3
1,informal,2022,4,regular,2,1913,30,114,6.05
1,informal,2022,4,regular,3+,644,4,52,8.12
1,informal,2022,4,regular,TODOS,6199,1525,237,5.07
1,informal,2023,1,regular,1,2625,258,66,2.79
1,informal,2023,1,regular,2,2142,51,124,5.93
1,informal,2023,1,regular,3+,703,11,69,9.97
1,informal,2023,1,regular,TODOS,6717,1567,259,5.03
1,informal,2023,2,regular,1,2424,243,57,2.61
1,informal,2023,2,regular,2,1991,39,101,5.17
1,informal,2023,2,regular,3+,649,4,57,8.84
1,informal,2023,2,regular,TODOS,6270,1492,215,4.5
1,informal,2023,3,regular,1,2597,233,75,3.17
1,informal,2023,3,regular,2,2189,45,137,6.39
1,informal,2023,3,regular,3+,658,2,65,9.91
1,informal,2023,3,regular,TODOS,6658,1494,277,5.36
1,informal,2023,4,regular,1,2354,235,99,4.67
1,informal,2023,4,regular,2,1805,38,111,6.28
1,informal,2023,4,regular,3+,620,9,79,12.93
1,informal,2023,4,regular,TODOS,5966,1469,289,6.43
1,informal,2024,1,regular,1,2390,234,66,3.06
1,informal,2024,1,regular,2,2019,38,115,5.81
1,informal,2024,1,regular,3+,694,9,79,11.53
1,informal,2024,1,regular,TODOS,6383,1561,260,5.39
1,informal,2024,2,regular,1,2359,283,74,3.56
1,informal,2024,2,regular,2,1926,46,116,6.17
1,informal,2024,2,regular,3+,627,4,58,9.31
1,informal,2024,2,regular,TODOS,6125,1546,248,5.42
1,informal,2024,3,regular,1,2527,247,88,3.86
1,informal,2024,3,regular,2,2066,53,122,6.06
1,informal,2024,3,regular,3+,683,6,68,10.04
1,informal,2024,3,regular,TODOS,6516,1546,278,5.59
1,informal,2024,4,regular,1,2279,255,55,2.72
1,informal,2024,4,regular,2,1787,49,112,6.44
1,informal,2024,4,regular,3+,632,6,56,8.95
1,informal,2024,4,regular,TODOS,5895,1507,223,5.08
1,informal,2025,1,regular,1,2420,260,82,3.8
1,informal,2025,1,regular,2,1951,37,100,5.22
1,informal,2025,1,regular,3+,640,10,76,12.06
1,informal,2025,1,regular,TODOS,6224,1520,258,5.48
1,informal,2025,2,regular,1,2280,223,58,2.82
1,informal,2025,2,regular,2,1732,48,125,7.42
1,informal,2025,2,regular,3+,620,9,51,8.35
1,informal,2025,2,regular,TODOS,5871,1519,234,5.38
1,informal,2025,3,regular,1,2307,238,63,3.04
1,informal,2025,3,regular,2,1973,44,128,6.64
1,informal,2025,3,regular,3+,636,3,74,11.69
1,informal,2025,3,regular,TODOS,6154,1523,265,5.72
4,categoria_propia,2003,3,historica,1,1798,205,118,7.41
4,categoria_propia,2003,3,historica,2,1670,47,164,10.1
4,categoria_propia,2003,3,historica,3+,781,8,123,15.91
4,categoria_propia,2003,3,historica,TODOS,5012,1023,405,10.15
4,categoria_propia,2003,4,historica,1,1775,199,113,7.17
4,categoria_propia,2003,4,historica,2,1676,42,175,10.71
4,categoria_propia,2003,4,historica,3+,813,6,136,16.85
4,categoria_propia,2003,4,historica,TODOS,5000,983,424,10.56
4,categoria_propia,2004,1,historica,1,1739,195,118,7.64
4,categoria_propia,2004,1,historica,2,1643,43,157,9.81
4,categoria_propia,2004,1,historica,3+,722,12,111,15.63
4,categoria_propia,2004,1,historica,TODOS,4834,980,386,10.02
4,categoria_propia,2004,2,historica,1,1799,191,109,6.78
4,categoria_propia,2004,2,historica,2,1775,48,181,10.48
4,categoria_propia,2004,2,historica,3+,780,13,107,13.95
4,categoria_propia,2004,2,historica,TODOS,5128,1026,397,9.68
4,categoria_propia,2004,3,historica,1,1803,217,118,7.44
4,categoria_propia,2004,3,historica,2,1735,39,169,9.96
4,categoria_propia,2004,3,historica,3+,832,8,132,16.02
4,categoria_propia,2004,3,historica,TODOS,5204,1098,419,10.2
4,categoria_propia,2004,4,historica,1,1844,195,115,6.97
4,categoria_propia,2004,4,historica,2,1697,40,168,10.14
4,categoria_propia,2004,4,historica,3+,750,11,122,16.51
4,categoria_propia,2004,4,historica,TODOS,5162,1117,405,10.01
4,categoria_propia,2005,1,historica,1,1817,189,106,6.51
4,categoria_propia,2005,1,historica,2,1656,45,155,9.62
4,categoria_propia,2005,1,historica,3+,719,10,103,14.53
4,categoria_propia,2005,1,historica,TODOS,5002,1054,364,9.22
4,categoria_propia,2005,2,historica,1,1872,207,99,5.95
4,categoria_propia,2005,2,historica,2,1724,40,156,9.26
4,categoria_propia,2005,2,historica,3+,737,15,111,15.37
4,categoria_propia,2005,2,historica,TODOS,5109,1038,366,8.99
4,categoria_propia,2005,3,historica,1,1905,204,132,7.76
4,categoria_propia,2005,3,historica,2,1753,42,182,10.64
4,categoria_propia,2005,3,historica,3+,741,8,111,15.14
4,categoria_propia,2005,3,historica,TODOS,5184,1039,425,10.25
4,categoria_propia,2005,4,historica,1,1887,190,134,7.9
4,categoria_propia,2005,4,historica,2,1700,58,164,9.99
4,categoria_propia,2005,4,historica,3+,740,10,113,15.48
4,categoria_propia,2005,4,historica,TODOS,5050,981,411,10.1
4,categoria_propia,2006,1,historica,1,1804,227,106,6.72
4,categoria_propia,2006,1,historica,2,1553,52,142,9.46
4,categoria_propia,2006,1,historica,3+,721,13,122,17.23
4,categoria_propia,2006,1,historica,TODOS,4871,1085,370,9.77
4,categoria_propia,2006,2,historica,1,1872,266,108,6.72
4,categoria_propia,2006,2,historica,2,1735,59,175,10.44
4,categoria_propia,2006,2,historica,3+,754,11,100,13.46
4,categoria_propia,2006,2,historica,TODOS,5162,1137,383,9.52
4,categoria_propia,2006,4,historica,1,2484,286,128,5.82
4,categoria_propia,2006,4,historica,2,2202,78,171,8.05
4,categoria_propia,2006,4,historica,3+,968,11,135,14.11
4,categoria_propia,2006,4,historica,TODOS,6715,1436,434,8.22
4,categoria_propia,2007,1,historica,1,2503,317,155,7.09
4,categoria_propia,2007,1,historica,2,2194,55,213,9.96
4,categoria_propia,2007,1,historica,3+,962,14,122,12.87
4,categoria_propia,2007,1,historica,TODOS,6743,1470,490,9.29
4,categoria_propia,2007,2,historica,1,2414,298,151,7.14
4,categoria_propia,2007,2,historica,2,2221,56,209,9.65
4,categoria_propia,2007,2,historica,3+,892,11,130,14.76
4,categoria_propia,2007,2,historica,TODOS,6588,1426,490,9.49
4,categoria_propia,2007,4,historica,1,2431,312,145,6.84
4,categoria_propia,2007,4,historica,2,2168,57,170,8.05
4,categoria_propia,2007,4,historica,3+,928,12,147,16.05
4,categoria_propia,2007,4,historica,TODOS,6552,1406,462,8.98
4,categoria_propia,2008,1,historica,1,2484,313,162,7.46
4,categoria_propia,2008,1,historica,2,2102,59,193,9.45
4,categoria_propia,2008,1,historica,3+,873,9,156,18.06
4,categoria_propia,2008,1,historica,TODOS,6503,1425,511,10.06
4,categoria_propia,2008,2,historica,1,2411,309,140,6.66
4,categoria_propia,2008,2,historica,2,2207,75,209,9.8
4,categoria_propia,2008,2,historica,3+,900,15,134,15.14
4,categoria_propia,2008,2,historica,TODOS,6612,1493,483,9.44
4,categoria_propia,2008,3,historica,1,2452,292,160,7.41
4,categoria_propia,2008,3,historica,2,2285,79,218,9.88
4,categoria_propia,2008,3,historica,3+,892,15,144,16.42
4,categoria_propia,2008,3,historica,TODOS,6764,1521,522,9.96
4,categoria_propia,2008,4,historica,1,2517,316,138,6.27
4,categoria_propia,2008,4,historica,2,2231,63,208,9.59
4,categoria_propia,2008,4,historica,3+,876,28,128,15.09
4,categoria_propia,2008,4,historica,TODOS,6709,1492,474,9.09
4,categoria_propia,2009,1,historica,1,2464,308,146,6.77
4,categoria_propia,2009,1,historica,2,2144,51,215,10.27
4,categoria_propia,2009,1,historica,3+,828,15,128,15.74
4,categoria_propia,2009,1,historica,TODOS,6445,1383,489,9.66
4,categoria_propia,2009,2,historica,1,2525,313,130,5.88
4,categoria_propia,2009,2,historica,2,2118,57,200,9.7
4,categoria_propia,2009,2,historica,3+,818,10,113,13.99
4,categoria_propia,2009,2,historica,TODOS,6501,1420,443,8.72
4,categoria_propia,2009,3,historica,1,2552,301,149,6.62
4,categoria_propia,2009,3,historica,2,2191,57,219,10.26
4,categoria_propia,2009,3,historica,3+,819,17,131,16.33
4,categoria_propia,2009,3,historica,TODOS,6619,1432,499,9.62
4,categoria_propia,2009,4,historica,1,2376,301,134,6.46
4,categoria_propia,2009,4,historica,2,2199,62,190,8.89
4,categoria_propia,2009,4,historica,3+,862,17,124,14.67
4,categoria_propia,2009,4,historica,TODOS,6483,1426,448,8.86
4,categoria_propia,2010,1,historica,1,2464,315,155,7.21
4,categoria_propia,2010,1,historica,2,2057,66,196,9.84
4,categoria_propia,2010,1,historica,3+,752,18,107,14.58
4,categoria_propia,2010,1,historica,TODOS,6364,1490,458,9.4
4,categoria_propia,2010,2,historica,1,2451,324,152,7.15
4,categoria_propia,2010,2,historica,2,2138,61,191,9.2
4,categoria_propia,2010,2,historica,3+,806,14,133,16.79
4,categoria_propia,2010,2,historica,TODOS,6519,1523,476,9.53
4,categoria_propia,2010,3,historica,1,2500,275,128,5.75
4,categoria_propia,2010,3,historica,2,2189,69,201,9.48
4,categoria_propia,2010,3,historica,3+,834,16,120,14.67
4,categoria_propia,2010,3,historica,TODOS,6667,1504,449,8.7
4,categoria_propia,2010,4,historica,1,2513,325,150,6.86
4,categoria_propia,2010,4,historica,2,2136,68,209,10.11
4,categoria_propia,2010,4,historica,3+,750,18,106,14.48
4,categoria_propia,2010,4,historica,TODOS,6566,1578,465,9.32
4,categoria_propia,2011,1,historica,1,2516,297,134,6.04
4,categoria_propia,2011,1,historica,2,2066,86,185,9.34
4,categoria_propia,2011,1,historica,3+,735,15,119,16.53
4,categoria_propia,2011,1,historica,TODOS,6464,1545,438,8.9
4,categoria_propia,2011,2,historica,1,2562,328,166,7.43
4,categoria_propia,2011,2,historica,2,2222,57,218,10.07
4,categoria_propia,2011,2,historica,3+,777,9,135,17.58
4,categoria_propia,2011,2,historica,TODOS,6660,1493,519,10.04
4,categoria_propia,2011,3,historica,1,2513,311,162,7.36
4,categoria_propia,2011,3,historica,2,2153,64,208,9.96
4,categoria_propia,2011,3,historica,3+,763,6,129,17.04
4,categoria_propia,2011,3,historica,TODOS,6459,1411,499,9.89
4,categoria_propia,2011,4,historica,1,2549,316,169,7.57
4,categoria_propia,2011,4,historica,2,2064,56,194,9.66
4,categoria_propia,2011,4,historica,3+,720,8,104,14.61
4,categoria_propia,2011,4,historica,TODOS,6377,1424,467,9.43
4,categoria_propia,2012,1,historica,1,2430,311,139,6.56
4,categoria_propia,2012,1,historica,2,1974,57,184,9.6
4,categoria_propia,2012,1,historica,3+,722,8,115,16.11
4,categoria_propia,2012,1,historica,TODOS,6273,1523,438,9.22
4,categoria_propia,2012,2,historica,1,2450,298,128,5.95
4,categoria_propia,2012,2,historica,2,2054,45,173,8.61
4,categoria_propia,2012,2,historica,3+,791,16,125,16.13
4,categoria_propia,2012,2,historica,TODOS,6454,1518,426,8.63
4,categoria_propia,2012,3,historica,1,2406,290,118,5.58
4,categoria_propia,2012,3,historica,2,1990,62,160,8.3
4,categoria_propia,2012,3,historica,3+,777,5,130,16.84
4,categoria_propia,2012,3,historica,TODOS,6330,1514,408,8.47
4,categoria_propia,2012,4,historica,1,2347,320,130,6.41
4,categoria_propia,2012,4,historica,2,1963,71,164,8.67
4,categoria_propia,2012,4,historica,3+,699,14,93,13.58
4,categoria_propia,2012,4,historica,TODOS,6104,1500,387,8.41
4,categoria_propia,2013,4,historica,1,2550,321,140,6.28
4,categoria_propia,2013,4,historica,2,2110,68,207,10.14
4,categoria_propia,2013,4,historica,3+,786,22,134,17.54
4,categoria_propia,2013,4,historica,TODOS,6664,1629,481,9.55
4,categoria_propia,2014,1,historica,1,2607,373,139,6.22
4,categoria_propia,2014,1,historica,2,2137,78,221,10.73
4,categoria_propia,2014,1,historica,3+,748,17,123,16.83
4,categoria_propia,2014,1,historica,TODOS,6668,1644,483,9.61
4,categoria_propia,2014,2,historica,1,2622,363,137,6.06
4,categoria_propia,2014,2,historica,2,2284,78,195,8.84
4,categoria_propia,2014,2,historica,3+,805,17,123,15.61
4,categoria_propia,2014,2,historica,TODOS,6928,1675,455,8.66
4,categoria_propia,2016,2,regular,1,2521,359,154,7.12
4,categoria_propia,2016,2,regular,2,2203,93,181,8.58
4,categoria_propia,2016,2,regular,3+,820,12,116,14.36
4,categoria_propia,2016,2,regular,TODOS,6801,1721,451,8.88
4,categoria_propia,2016,3,regular,1,2570,332,164,7.33
4,categoria_propia,2016,3,regular,2,2179,75,204,9.7
4,categoria_propia,2016,3,regular,3+,758,13,110,14.77
4,categoria_propia,2016,3,regular,TODOS,6790,1703,478,9.4
4,categoria_propia,2016,4,regular,1,2452,314,119,5.57
4,categoria_propia,2016,4,regular,2,2080,57,193,9.54
4,categoria_propia,2016,4,regular,3+,744,15,100,13.72
4,categoria_propia,2016,4,regular,TODOS,6515,1625,412,8.43
4,categoria_propia,2017,1,regular,1,2564,377,132,6.04
4,categoria_propia,2017,1,regular,2,2044,69,195,9.87
4,categoria_propia,2017,1,regular,3+,761,12,134,17.89
4,categoria_propia,2017,1,regular,TODOS,6617,1706,461,9.39
4,categoria_propia,2017,2,regular,1,2488,377,169,8.01
4,categoria_propia,2017,2,regular,2,2146,80,195,9.44
4,categoria_propia,2017,2,regular,3+,781,17,119,15.58
4,categoria_propia,2017,2,regular,TODOS,6736,1795,483,9.78
4,categoria_propia,2017,3,regular,1,2440,367,122,5.89
4,categoria_propia,2017,3,regular,2,2083,90,189,9.48
4,categoria_propia,2017,3,regular,3+,788,21,117,15.25
4,categoria_propia,2017,3,regular,TODOS,6654,1821,428,8.86
4,categoria_propia,2017,4,regular,1,2544,377,168,7.75
4,categoria_propia,2017,4,regular,2,2100,65,212,10.42
4,categoria_propia,2017,4,regular,3+,768,20,129,17.25
4,categoria_propia,2017,4,regular,TODOS,6717,1767,509,10.28
4,categoria_propia,2018,1,regular,1,2448,315,165,7.74
4,categoria_propia,2018,1,regular,2,2160,76,178,8.54
4,categoria_propia,2018,1,regular,3+,719,19,142,20.29
4,categoria_propia,2018,1,regular,TODOS,6655,1738,485,9.86
4,categoria_propia,2018,2,regular,1,2441,338,133,6.32
4,categoria_propia,2018,2,regular,2,2202,66,215,10.07
4,categoria_propia,2018,2,regular,3+,730,14,122,17.04
4,categoria_propia,2018,2,regular,TODOS,6624,1669,470,9.49
4,categoria_propia,2018,3,regular,1,2452,311,148,6.91
4,categoria_propia,2018,3,regular,2,2094,64,209,10.3
4,categoria_propia,2018,3,regular,3+,720,13,126,17.82
4,categoria_propia,2018,3,regular,TODOS,6465,1587,483,9.9
4,categoria_propia,2018,4,regular,1,2467,306,143,6.62
4,categoria_propia,2018,4,regular,2,2137,78,197,9.57
4,categoria_propia,2018,4,regular,3+,788,12,119,15.34
4,categoria_propia,2018,4,regular,TODOS,6615,1619,459,9.19
4,categoria_propia,2019,1,regular,1,2288,354,135,6.98
4,categoria_propia,2019,1,regular,2,1975,67,205,10.74
4,categoria_propia,2019,1,regular,3+,729,9,117,16.25
4,categoria_propia,2019,1,regular,TODOS,6138,1576,457,10.02
4,categoria_propia,2019,2,regular,1,1975,504,93,6.32
4,categoria_propia,2019,2,regular,2,1721,147,139,8.83
4,categoria_propia,2019,2,regular,3+,609,46,77,13.68
4,categoria_propia,2019,2,regular,TODOS,5214,1606,309,8.56
4,categoria_propia,2019,3,regular,1,1973,346,104,6.39
4,categoria_propia,2019,3,regular,2,1787,122,141,8.47
4,categoria_propia,2019,3,regular,3+,685,18,91,13.64
4,categoria_propia,2019,3,regular,TODOS,5427,1468,336,8.49
4,categoria_propia,2019,4,regular,1,2134,350,120,6.73
4,categoria_propia,2019,4,regular,2,1870,93,165,9.29
4,categoria_propia,2019,4,regular,3+,631,19,101,16.5
4,categoria_propia,2019,4,regular,TODOS,5685,1512,386,9.25
4,categoria_propia,2020,1,regular,1,2178,329,130,7.03
4,categoria_propia,2020,1,regular,2,1792,67,173,10.03
4,categoria_propia,2020,1,regular,3+,640,8,96,15.19
4,categoria_propia,2020,1,regular,TODOS,5690,1484,399,9.49
4,categoria_propia,2020,2,regular,1,1505,199,85,6.51
4,categoria_propia,2020,2,regular,2,1084,27,107,10.12
4,categoria_propia,2020,2,regular,3+,332,4,59,17.99
4,categoria_propia,2020,2,regular,TODOS,3800,1109,251,9.33
4,categoria_propia,2020,3,regular,1,1788,254,118,7.69
4,categoria_propia,2020,3,regular,2,1398,55,141,10.5
4,categoria_propia,2020,3,regular,3+,432,9,64,15.13
4,categoria_propia,2020,3,regular,TODOS,4480,1180,323,9.79
4,categoria_propia,2020,4,regular,1,1901,267,120,7.34
4,categoria_propia,2020,4,regular,2,1497,42,144,9.9
4,categoria_propia,2020,4,regular,3+,513,14,75,15.03
4,categoria_propia,2020,4,regular,TODOS,4885,1297,339,9.45
4,categoria_propia,2021,1,regular,1,1936,294,110,6.7
4,categoria_propia,2021,1,regular,2,1626,69,168,10.79
4,categoria_propia,2021,1,regular,3+,589,13,92,15.97
4,categoria_propia,2021,1,regular,TODOS,5212,1437,370,9.8
4,categoria_propia,2021,2,regular,1,2015,291,110,6.38
4,categoria_propia,2021,2,regular,2,1687,64,161,9.92
4,categoria_propia,2021,2,regular,3+,617,12,117,19.34
4,categoria_propia,2021,2,regular,TODOS,5470,1518,388,9.82
4,categoria_propia,2021,3,regular,1,2088,345,114,6.54
4,categoria_propia,2021,3,regular,2,1734,64,160,9.58
4,categoria_propia,2021,3,regular,3+,592,16,109,18.92
4,categoria_propia,2021,3,regular,TODOS,5461,1472,383,9.6
4,categoria_propia,2021,4,regular,1,2063,278,145,8.12
4,categoria_propia,2021,4,regular,2,1821,64,161,9.16
4,categoria_propia,2021,4,regular,3+,641,11,106,16.83
4,categoria_propia,2021,4,regular,TODOS,5715,1543,412,9.88
4,categoria_propia,2022,1,regular,1,2289,300,138,6.94
4,categoria_propia,2022,1,regular,2,1947,71,211,11.25
4,categoria_propia,2022,1,regular,3+,673,13,112,16.97
4,categoria_propia,2022,1,regular,TODOS,6108,1583,461,10.19
4,categoria_propia,2022,2,regular,1,2388,331,145,7.05
4,categoria_propia,2022,2,regular,2,2058,65,221,11.09
4,categoria_propia,2022,2,regular,3+,637,12,127,20.32
4,categoria_propia,2022,2,regular,TODOS,6192,1517,493,10.55
4,categoria_propia,2022,3,regular,1,2360,268,164,7.84
4,categoria_propia,2022,3,regular,2,1965,57,192,10.06
4,categoria_propia,2022,3,regular,3+,617,15,101,16.78
4,categoria_propia,2022,3,regular,TODOS,6076,1474,457,9.93
4,categoria_propia,2022,4,regular,1,2353,299,136,6.62
4,categoria_propia,2022,4,regular,2,1933,40,192,10.14
4,categoria_propia,2022,4,regular,3+,611,9,90,14.95
4,categoria_propia,2022,4,regular,TODOS,6044,1495,418,9.19
4,categoria_propia,2023,1,regular,1,2150,297,132,7.12
4,categoria_propia,2023,1,regular,2,1717,66,187,11.33
4,categoria_propia,2023,1,regular,3+,638,15,94,15.09
4,categoria_propia,2023,1,regular,TODOS,5555,1428,413,10.01
4,categoria_propia,2023,2,regular,1,2168,319,143,7.73
4,categoria_propia,2023,2,regular,2,1844,55,161,9.0
4,categoria_propia,2023,2,regular,3+,609,12,100,16.75
4,categoria_propia,2023,2,regular,TODOS,5698,1463,404,9.54
4,categoria_propia,2023,3,regular,1,2115,305,117,6.46
4,categoria_propia,2023,3,regular,2,1809,51,162,9.22
4,categoria_propia,2023,3,regular,3+,607,10,107,17.92
4,categoria_propia,2023,3,regular,TODOS,5606,1441,386,9.27
4,categoria_propia,2023,4,regular,1,2079,271,138,7.63
4,categoria_propia,2023,4,regular,2,1722,64,166,10.01
4,categoria_propia,2023,4,regular,3+,630,19,106,17.35
4,categoria_propia,2023,4,regular,TODOS,5484,1407,410,10.06
4,categoria_propia,2024,1,regular,1,2130,291,127,6.91
4,categoria_propia,2024,1,regular,2,1812,75,198,11.4
4,categoria_propia,2024,1,regular,3+,593,8,101,17.26
4,categoria_propia,2024,1,regular,TODOS,5679,1518,426,10.24
4,categoria_propia,2024,2,regular,1,2239,339,144,7.58
4,categoria_propia,2024,2,regular,2,1814,61,190,10.84
4,categoria_propia,2024,2,regular,3+,639,15,93,14.9
4,categoria_propia,2024,2,regular,TODOS,5820,1543,427,9.98
4,categoria_propia,2024,3,regular,1,2239,314,139,7.22
4,categoria_propia,2024,3,regular,2,1834,75,182,10.35
4,categoria_propia,2024,3,regular,3+,609,17,100,16.89
4,categoria_propia,2024,3,regular,TODOS,5856,1580,421,9.85
4,categoria_propia,2024,4,regular,1,2219,276,125,6.43
4,categoria_propia,2024,4,regular,2,1829,63,191,10.82
4,categoria_propia,2024,4,regular,3+,638,10,104,16.56
4,categoria_propia,2024,4,regular,TODOS,5866,1529,420,9.68
4,cuenta_propia_precario,2003,3,historica,1,1798,205,90,5.65
4,cuenta_propia_precario,2003,3,historica,2,1670,47,112,6.9
4,cuenta_propia_precario,2003,3,historica,3+,781,8,95,12.29
4,cuenta_propia_precario,2003,3,historica,TODOS,5012,1023,297,7.45
4,cuenta_propia_precario,2003,4,historica,1,1775,199,86,5.46
4,cuenta_propia_precario,2003,4,historica,2,1676,42,122,7.47
4,cuenta_propia_precario,2003,4,historica,3+,813,6,88,10.9
4,cuenta_propia_precario,2003,4,historica,TODOS,5000,983,296,7.37
4,cuenta_propia_precario,2004,1,historica,1,1739,195,77,4.99
4,cuenta_propia_precario,2004,1,historica,2,1643,43,126,7.88
4,cuenta_propia_precario,2004,1,historica,3+,722,12,75,10.56
4,cuenta_propia_precario,2004,1,historica,TODOS,4834,980,278,7.21
4,cuenta_propia_precario,2004,2,historica,1,1799,191,64,3.98
4,cuenta_propia_precario,2004,2,historica,2,1775,48,139,8.05
4,cuenta_propia_precario,2004,2,historica,3+,780,13,71,9.26
4,cuenta_propia_precario,2004,2,historica,TODOS,5128,1026,274,6.68
4,cuenta_propia_precario,2004,3,historica,1,1803,217,75,4.73
4,cuenta_propia_precario,2004,3,historica,2,1735,39,122,7.19
4,cuenta_propia_precario,2004,3,historica,3+,832,8,94,11.41
4,cuenta_propia_precario,2004,3,historica,TODOS,5204,1098,291,7.09
4,cuenta_propia_precario,2004,4,historica,1,1844,195,75,4.55
4,cuenta_propia_precario,2004,4,historica,2,1697,40,133,8.03
4,cuenta_propia_precario,2004,4,historica,3+,750,11,76,10.28
4,cuenta_propia_precario,2004,4,historica,TODOS,5162,1117,284,7.02
4,cuenta_propia_precario,2005,1,historica,1,1817,189,82,5.04
4,cuenta_propia_precario,2005,1,historica,2,1656,45,113,7.01
4,cuenta_propia_precario,2005,1,historica,3+,719,10,72,10.16
4,cuenta_propia_precario,2005,1,historica,TODOS,5002,1054,267,6.76
4,cuenta_propia_precario,2005,2,historica,1,1872,207,75,4.5
4,cuenta_propia_precario,2005,2,historica,2,1724,40,135,8.02
4,cuenta_propia_precario,2005,2,historica,3+,737,15,81,11.22
4,cuenta_propia_precario,2005,2,historica,TODOS,5109,1038,291,7.15
4,cuenta_propia_precario,2005,3,historica,1,1905,204,104,6.11
4,cuenta_propia_precario,2005,3,historica,2,1753,42,148,8.65
4,cuenta_propia_precario,2005,3,historica,3+,741,8,69,9.41
4,cuenta_propia_precario,2005,3,historica,TODOS,5184,1039,321,7.74
4,cuenta_propia_precario,2005,4,historica,1,1887,190,100,5.89
4,cuenta_propia_precario,2005,4,historica,2,1700,58,122,7.43
4,cuenta_propia_precario,2005,4,historica,3+,740,10,82,11.23
4,cuenta_propia_precario,2005,4,historica,TODOS,5050,981,304,7.47
4,cuenta_propia_precario,2006,1,historica,1,1804,227,77,4.88
4,cuenta_propia_precario,2006,1,historica,2,1553,52,122,8.13
4,cuenta_propia_precario,2006,1,historica,3+,721,13,98,13.84
4,cuenta_propia_precario,2006,1,historica,TODOS,4871,1085,297,7.84
4,cuenta_propia_precario,2006,2,historica,1,1872,266,83,5.17
4,cuenta_propia_precario,2006,2,historica,2,1735,59,167,9.96
4,cuenta_propia_precario,2006,2,historica,3+,754,11,80,10.77
4,cuenta_propia_precario,2006,2,historica,TODOS,5162,1137,330,8.2
4,cuenta_propia_precario,2006,4,historica,1,2484,286,111,5.05
4,cuenta_propia_precario,2006,4,historica,2,2202,78,175,8.24
4,cuenta_propia_precario,2006,4,historica,3+,968,11,119,12.43
4,cuenta_propia_precario,2006,4,historica,TODOS,6715,1436,405,7.67
4,cuenta_propia_precario,2007,1,historica,1,2503,317,121,5.54
4,cuenta_propia_precario,2007,1,historica,2,2194,55,197,9.21
4,cuenta_propia_precario,2007,1,historica,3+,962,14,115,12.13
4,cuenta_propia_precario,2007,1,historica,TODOS,6743,1470,433,8.21
4,cuenta_propia_precario,2007,2,historica,1,2414,298,122,5.77
4,cuenta_propia_precario,2007,2,historica,2,2221,56,200,9.24
4,cuenta_propia_precario,2007,2,historica,3+,892,11,110,12.49
4,cuenta_propia_precario,2007,2,historica,TODOS,6588,1426,432,8.37
4,cuenta_propia_precario,2007,4,historica,1,2431,312,127,5.99
4,cuenta_propia_precario,2007,4,historica,2,2168,57,185,8.76
4,cuenta_propia_precario,2007,4,historica,3+,928,12,146,15.94
4,cuenta_propia_precario,2007,4,historica,TODOS,6552,1406,458,8.9
4,cuenta_propia_precario,2008,1,historica,1,2484,313,152,7.0
4,cuenta_propia_precario,2008,1,historica,2,2102,59,223,10.92
4,cuenta_propia_precario,2008,1,historica,3+,873,9,129,14.93
4,cuenta_propia_precario,2008,1,historica,TODOS,6503,1425,504,9.93
4,cuenta_propia_precario,2008,2,historica,1,2411,309,148,7.04
4,cuenta_propia_precario,2008,2,historica,2,2207,75,227,10.65
4,cuenta_propia_precario,2008,2,historica,3+,900,15,126,14.24
4,cuenta_propia_precario,2008,2,historica,TODOS,6612,1493,501,9.79
4,cuenta_propia_precario,2008,3,historica,1,2452,292,164,7.59
4,cuenta_propia_precario,2008,3,historica,2,2285,79,222,10.06
4,cuenta_propia_precario,2008,3,historica,3+,892,15,136,15.51
4,cuenta_propia_precario,2008,3,historica,TODOS,6764,1521,522,9.96
4,cuenta_propia_precario,2008,4,historica,1,2517,316,137,6.22
4,cuenta_propia_precario,2008,4,historica,2,2231,63,205,9.46
4,cuenta_propia_precario,2008,4,historica,3+,876,28,128,15.09
4,cuenta_propia_precario,2008,4,historica,TODOS,6709,1492,470,9.01
4,cuenta_propia_precario,2009,1,historica,1,2464,308,132,6.12
4,cuenta_propia_precario,2009,1,historica,2,2144,51,213,10.18
4,cuenta_propia_precario,2009,1,historica,3+,828,15,106,13.04
4,cuenta_propia_precario,2009,1,historica,TODOS,6445,1383,451,8.91
4,cuenta_propia_precario,2009,2,historica,1,2525,313,122,5.52
4,cuenta_propia_precario,2009,2,historica,2,2118,57,188,9.12
4,cuenta_propia_precario,2009,2,historica,3+,818,10,100,12.38
4,cuenta_propia_precario,2009,2,historica,TODOS,6501,1420,410,8.07
4,cuenta_propia_precario,2009,3,historica,1,2552,301,124,5.51
4,cuenta_propia_precario,2009,3,historica,2,2191,57,215,10.07
4,cuenta_propia_precario,2009,3,historica,3+,819,17,85,10.6
4,cuenta_propia_precario,2009,3,historica,TODOS,6619,1432,424,8.17
4,cuenta_propia_precario,2009,4,historica,1,2376,301,115,5.54
4,cuenta_propia_precario,2009,4,historica,2,2199,62,197,9.22
4,cuenta_propia_precario,2009,4,historica,3+,862,17,91,10.77
4,cuenta_propia_precario,2009,4,historica,TODOS,6483,1426,403,7.97
4,cuenta_propia_precario,2010,1,historica,1,2464,315,127,5.91
4,cuenta_propia_precario,2010,1,historica,2,2057,66,185,9.29
4,cuenta_propia_precario,2010,1,historica,3+,752,18,95,12.94
4,cuenta_propia_precario,2010,1,historica,TODOS,6364,1490,407,8.35
4,cuenta_propia_precario,2010,2,historica,1,2451,324,122,5.74
4,cuenta_propia_precario,2010,2,historica,2,2138,61,196,9.44
4,cuenta_propia_precario,2010,2,historica,3+,806,14,122,15.4
4,cuenta_propia_precario,2010,2,historica,TODOS,6519,1523,440,8.81
4,cuenta_propia_precario,2010,3,historica,1,2500,275,138,6.2
4,cuenta_propia_precario,2010,3,historica,2,2189,69,203,9.58
4,cuenta_propia_precario,2010,3,historica,3+,834,16,106,12.96
4,cuenta_propia_precario,2010,3,historica,TODOS,6667,1504,447,8.66
4,cuenta_propia_precario,2010,4,historica,1,2513,325,135,6.17
4,cuenta_propia_precario,2010,4,historica,2,2136,68,203,9.82
4,cuenta_propia_precario,2010,4,historica,3+,750,18,107,14.62
4,cuenta_propia_precario,2010,4,historica,TODOS,6566,1578,445,8.92
4,cuenta_propia_precario,2011,1,historica,1,2516,297,122,5.5
4,cuenta_propia_precario,2011,1,historica,2,2066,86,199,10.05
4,cuenta_propia_precario,2011,1,historica,3+,735,15,95,13.19
4,cuenta_propia_precario,2011,1,historica,TODOS,6464,1545,416,8.46
4,cuenta_propia_precario,2011,2,historica,1,2562,328,149,6.67
4,cuenta_propia_precario,2011,2,historica,2,2222,57,224,10.35
4,cuenta_propia_precario,2011,2,historica,3+,777,9,119,15.49
4,cuenta_propia_precario,2011,2,historica,TODOS,6660,1493,492,9.52
4,cuenta_propia_precario,2011,3,historica,1,2513,311,158,7.18
4,cuenta_propia_precario,2011,3,historica,2,2153,64,221,10.58
4,cuenta_propia_precario,2011,3,historica,3+,763,6,123,16.25
4,cuenta_propia_precario,2011,3,historica,TODOS,6459,1411,502,9.94
4,cuenta_propia_precario,2011,4,historica,1,2549,316,145,6.49
4,cuenta_propia_precario,2011,4,historica,2,2064,56,183,9.11
4,cuenta_propia_precario,2011,4,historica,3+,720,8,109,15.31
4,cuenta_propia_precario,2011,4,historica,TODOS,6377,1424,437,8.82
4,cuenta_propia_precario,2012,1,historica,1,2430,311,133,6.28
4,cuenta_propia_precario,2012,1,historica,2,1974,57,193,10.07
4,cuenta_propia_precario,2012,1,historica,3+,722,8,115,16.11
4,cuenta_propia_precario,2012,1,historica,TODOS,6273,1523,441,9.28
4,cuenta_propia_precario,2012,2,historica,1,2450,298,129,5.99
4,cuenta_propia_precario,2012,2,historica,2,2054,45,197,9.81
4,cuenta_propia_precario,2012,2,historica,3+,791,16,120,15.48
4,cuenta_propia_precario,2012,2,historica,TODOS,6454,1518,446,9.04
4,cuenta_propia_precario,2012,3,historica,1,2406,290,141,6.66
4,cuenta_propia_precario,2012,3,historica,2,1990,62,192,9.96
4,cuenta_propia_precario,2012,3,historica,3+,777,5,111,14.38
4,cuenta_propia_precario,2012,3,historica,TODOS,6330,1514,444,9.22
4,cuenta_propia_precario,2012,4,historica,1,2347,320,127,6.27
4,cuenta_propia_precario,2012,4,historica,2,1963,71,179,9.46
4,cuenta_propia_precario,2012,4,historica,3+,699,14,104,15.18
4,cuenta_propia_precario,2012,4,historica,TODOS,6104,1500,410,8.91
4,cuenta_propia_precario,2013,4,historica,1,2550,321,132,5.92
4,cuenta_propia_precario,2013,4,historica,2,2110,68,213,10.43
4,cuenta_propia_precario,2013,4,historica,3+,786,22,124,16.23
4,cuenta_propia_precario,2013,4,historica,TODOS,6664,1629,469,9.31
4,cuenta_propia_precario,2014,1,historica,1,2607,373,129,5.77
4,cuenta_propia_precario,2014,1,historica,2,2137,78,214,10.39
4,cuenta_propia_precario,2014,1,historica,3+,748,17,104,14.23
4,cuenta_propia_precario,2014,1,historica,TODOS,6668,1644,447,8.9
4,cuenta_propia_precario,2014,2,historica,1,2622,363,121,5.36
4,cuenta_propia_precario,2014,2,historica,2,2284,78,204,9.25
4,cuenta_propia_precario,2014,2,historica,3+,805,17,121,15.36
4,cuenta_propia_precario,2014,2,historica,TODOS,6928,1675,446,8.49
4,cuenta_propia_precario,2016,2,regular,1,2521,359,139,6.43
4,cuenta_propia_precario,2016,2,regular,2,2203,93,182,8.63
4,cuenta_propia_precario,2016,2,regular,3+,820,12,118,14.6
4,cuenta_propia_precario,2016,2,regular,TODOS,6801,1721,439,8.64
4,cuenta_propia_precario,2016,3,regular,1,2570,332,137,6.12
4,cuenta_propia_precario,2016,3,regular,2,2179,75,196,9.32
4,cuenta_propia_precario,2016,3,regular,3+,758,13,91,12.21
4,cuenta_propia_precario,2016,3,regular,TODOS,6790,1703,424,8.33
4,cuenta_propia_precario,2016,4,regular,1,2452,314,125,5.85
4,cuenta_propia_precario,2016,4,regular,2,2080,57,192,9.49
4,cuenta_propia_precario,2016,4,regular,3+,744,15,88,12.07
4,cuenta_propia_precario,2016,4,regular,TODOS,6515,1625,405,8.28
4,cuenta_propia_precario,2017,1,regular,1,2564,377,124,5.67
4,cuenta_propia_precario,2017,1,regular,2,2044,69,178,9.01
4,cuenta_propia_precario,2017,1,regular,3+,761,12,121,16.15
4,cuenta_propia_precario,2017,1,regular,TODOS,6617,1706,423,8.61
4,cuenta_propia_precario,2017,2,regular,1,2488,377,150,7.11
4,cuenta_propia_precario,2017,2,regular,2,2146,80,201,9.73
4,cuenta_propia_precario,2017,2,regular,3+,781,17,108,14.14
4,cuenta_propia_precario,2017,2,regular,TODOS,6736,1795,459,9.29
4,cuenta_propia_precario,2017,3,regular,1,2440,367,113,5.45
4,cuenta_propia_precario,2017,3,regular,2,2083,90,202,10.14
4,cuenta_propia_precario,2017,3,regular,3+,788,21,114,14.86
4,cuenta_propia_precario,2017,3,regular,TODOS,6654,1821,429,8.88
4,cuenta_propia_precario,2017,4,regular,1,2544,377,138,6.37
4,cuenta_propia_precario,2017,4,regular,2,2100,65,207,10.17
4,cuenta_propia_precario,2017,4,regular,3+,768,20,113,15.11
4,cuenta_propia_precario,2017,4,regular,TODOS,6717,1767,458,9.25
4,cuenta_propia_precario,2018,1,regular,1,2448,315,145,6.8
4,cuenta_propia_precario,2018,1,regular,2,2160,76,214,10.27
4,cuenta_propia_precario,2018,1,regular,3+,719,19,120,17.14
4,cuenta_propia_precario,2018,1,regular,TODOS,6655,1738,479,9.74
4,cuenta_propia_precario,2018,2,regular,1,2441,338,124,5.9
4,cuenta_propia_precario,2018,2,regular,2,2202,66,224,10.49
4,cuenta_propia_precario,2018,2,regular,3+,730,14,104,14.53
4,cuenta_propia_precario,2018,2,regular,TODOS,6624,1669,452,9.12
4,cuenta_propia_precario,2018,3,regular,1,2452,311,130,6.07
4,cuenta_propia_precario,2018,3,regular,2,2094,64,208,10.25
4,cuenta_propia_precario,2018,3,regular,3+,720,13,96,13.58
4,cuenta_propia_precario,2018,3,regular,TODOS,6465,1587,434,8.9
4,cuenta_propia_precario,2018,4,regular,1,2467,306,137,6.34
4,cuenta_propia_precario,2018,4,regular,2,2137,78,203,9.86
4,cuenta_propia_precario,2018,4,regular,3+,788,12,112,14.43
4,cuenta_propia_precario,2018,4,regular,TODOS,6615,1619,452,9.05
4,cuenta_propia_precario,2019,1,regular,1,2288,354,114,5.89
4,cuenta_propia_precario,2019,1,regular,2,1975,67,206,10.8
4,cuenta_propia_precario,2019,1,regular,3+,729,9,106,14.72
4,cuenta_propia_precario,2019,1,regular,TODOS,6138,1576,426,9.34
4,cuenta_propia_precario,2019,2,regular,1,1975,504,87,5.91
4,cuenta_propia_precario,2019,2,regular,2,1721,147,147,9.34
4,cuenta_propia_precario,2019,2,regular,3+,609,46,69,12.26
4,cuenta_propia_precario,2019,2,regular,TODOS,5214,1606,303,8.4
4,cuenta_propia_precario,2019,3,regular,1,1973,346,95,5.84
4,cuenta_propia_precario,2019,3,regular,2,1787,122,150,9.01
4,cuenta_propia_precario,2019,3,regular,3+,685,18,85,12.74
4,cuenta_propia_precario,2019,3,regular,TODOS,5427,1468,330,8.34
4,cuenta_propia_precario,2019,4,regular,1,2134,350,113,6.33
4,cuenta_propia_precario,2019,4,regular,2,1870,93,165,9.29
4,cuenta_propia_precario,2019,4,regular,3+,631,19,103,16.83
4,cuenta_propia_precario,2019,4,regular,TODOS,5685,1512,381,9.13
4,cuenta_propia_precario,2020,1,regular,1,2178,329,100,5.41
4,cuenta_propia_precario,2020,1,regular,2,1792,67,164,9.51
4,cuenta_propia_precario,2020,1,regular,3+,640,8,84,13.29
4,cuenta_propia_precario,2020,1,regular,TODOS,5690,1484,348,8.27
4,cuenta_propia_precario,2020,2,regular,1,1505,199,67,5.13
4,cuenta_propia_precario,2020,2,regular,2,1084,27,84,7.95
4,cuenta_propia_precario,2020,2,regular,3+,332,4,47,14.33
4,cuenta_propia_precario,2020,2,regular,TODOS,3800,1109,198,7.36
4,cuenta_propia_precario,2020,3,regular,1,1788,254,80,5.22
4,cuenta_propia_precario,2020,3,regular,2,1398,55,106,7.89
4,cuenta_propia_precario,2020,3,regular,3+,432,9,57,13.48
4,cuenta_propia_precario,2020,3,regular,TODOS,4480,1180,243,7.36
4,cuenta_propia_precario,2020,4,regular,1,1901,267,94,5.75
4,cuenta_propia_precario,2020,4,regular,2,1497,42,105,7.22
4,cuenta_propia_precario,2020,4,regular,3+,513,14,59,11.82
4,cuenta_propia_precario,2020,4,regular,TODOS,4885,1297,258,7.19
4,cuenta_propia_precario,2021,1,regular,1,1936,294,78,4.75
4,cuenta_propia_precario,2021,1,regular,2,1626,69,127,8.16
4,cuenta_propia_precario,2021,1,regular,3+,589,13,61,10.59
4,cuenta_propia_precario,2021,1,regular,TODOS,5212,1437,266,7.05
4,cuenta_propia_precario,2021,2,regular,1,2015,291,95,5.51
4,cuenta_propia_precario,2021,2,regular,2,1687,64,115,7.09
4,cuenta_propia_precario,2021,2,regular,3+,617,12,99,16.36
4,cuenta_propia_precario,2021,2,regular,TODOS,5470,1518,309,7.82
4,cuenta_propia_precario,2021,3,regular,1,2088,345,95,5.45
4,cuenta_propia_precario,2021,3,regular,2,1734,64,132,7.9
4,cuenta_propia_precario,2021,3,regular,3+,592,16,94,16.32
4,cuenta_propia_precario,2021,3,regular,TODOS,5461,1472,321,8.05
4,cuenta_propia_precario,2021,4,regular,1,2063,278,99,5.55
4,cuenta_propia_precario,2021,4,regular,2,1821,64,136,7.74
4,cuenta_propia_precario,2021,4,regular,3+,641,11,89,14.13
4,cuenta_propia_precario,2021,4,regular,TODOS,5715,1543,324,7.77
4,cuenta_propia_precario,2022,1,regular,1,2289,300,114,5.73
4,cuenta_propia_precario,2022,1,regular,2,1947,71,162,8.64
4,cuenta_propia_precario,2022,1,regular,3+,673,13,101,15.3
4,cuenta_propia_precario,2022,1,regular,TODOS,6108,1583,377,8.33
4,cuenta_propia_precario,2022,2,regular,1,2388,331,113,5.49
4,cuenta_propia_precario,2022,2,regular,2,2058,65,182,9.13
4,cuenta_propia_precario,2022,2,regular,3+,637,12,95,15.2
4,cuenta_propia_precario,2022,2,regular,TODOS,6192,1517,390,8.34
4,cuenta_propia_precario,2022,3,regular,1,2360,268,114,5.45
4,cuenta_propia_precario,2022,3,regular,2,1965,57,168,8.81
4,cuenta_propia_precario,2022,3,regular,3+,617,15,82,13.62
4,cuenta_propia_precario,2022,3,regular,TODOS,6076,1474,364,7.91
4,cuenta_propia_precario,2022,4,regular,1,2353,299,112,5.45
4,cuenta_propia_precario,2022,4,regular,2,1933,40,157,8.29
4,cuenta_propia_precario,2022,4,regular,3+,611,9,74,12.29
4,cuenta_propia_precario,2022,4,regular,TODOS,6044,1495,343,7.54
4,cuenta_propia_precario,2023,1,regular,1,2150,297,119,6.42
4,cuenta_propia_precario,2023,1,regular,2,1717,66,167,10.12
4,cuenta_propia_precario,2023,1,regular,3+,638,15,89,14.29
4,cuenta_propia_precario,2023,1,regular,TODOS,5555,1428,375,9.09
4,cuenta_propia_precario,2023,2,regular,1,2168,319,128,6.92
4,cuenta_propia_precario,2023,2,regular,2,1844,55,158,8.83
4,cuenta_propia_precario,2023,2,regular,3+,609,12,91,15.24
4,cuenta_propia_precario,2023,2,regular,TODOS,5698,1463,377,8.9
4,cuenta_propia_precario,2023,3,regular,1,2115,305,105,5.8
4,cuenta_propia_precario,2023,3,regular,2,1809,51,180,10.24
4,cuenta_propia_precario,2023,3,regular,3+,607,10,103,17.25
4,cuenta_propia_precario,2023,3,regular,TODOS,5606,1441,388,9.32
4,cuenta_propia_precario,2023,4,regular,1,2079,271,126,6.97
4,cuenta_propia_precario,2023,4,regular,2,1722,64,183,11.04
4,cuenta_propia_precario,2023,4,regular,3+,630,19,97,15.88
4,cuenta_propia_precario,2023,4,regular,TODOS,5484,1407,406,9.96
4,cuenta_propia_precario,2024,1,regular,1,2130,291,107,5.82
4,cuenta_propia_precario,2024,1,regular,2,1812,75,174,10.02
4,cuenta_propia_precario,2024,1,regular,3+,593,8,88,15.04
4,cuenta_propia_precario,2024,1,regular,TODOS,5679,1518,369,8.87
4,cuenta_propia_precario,2024,2,regular,1,2239,339,129,6.79
4,cuenta_propia_precario,2024,2,regular,2,1814,61,155,8.84
4,cuenta_propia_precario,2024,2,regular,3+,639,15,79,12.66
4,cuenta_propia_precario,2024,2,regular,TODOS,5820,1543,363,8.49
4,cuenta_propia_precario,2024,3,regular,1,2239,314,110,5.71
4,cuenta_propia_precario,2024,3,regular,2,1834,75,191,10.86
4,cuenta_propia_precario,2024,3,regular,3+,609,17,82,13.85
4,cuenta_propia_precario,2024,3,regular,TODOS,5856,1580,383,8.96
4,cuenta_propia_precario,2024,4,regular,1,2219,276,124,6.38
4,cuenta_propia_precario,2024,4,regular,2,1829,63,202,11.44
4,cuenta_propia_precario,2024,4,regular,3+,638,10,90,14.33
4,cuenta_propia_precario,2024,4,regular,TODOS,5866,1529,416,9.59
4,excluir,2003,3,historica,1,1957,415,94,6.1
4,excluir,2003,3,historica,2,1182,99,68,6.28
4,excluir,2003,3,historica,3+,479,16,50,10.8
4,excluir,2003,3,historica,TODOS,5012,1924,212,6.87
4,excluir,2003,4,historica,1,1881,402,95,6.42
4,excluir,2003,4,historica,2,1252,87,70,6.01
4,excluir,2003,4,historica,3+,487,20,57,12.21
4,excluir,2003,4,historica,TODOS,5000,1889,222,7.14
4,excluir,2004,1,historica,1,1886,368,94,6.19
4,excluir,2004,1,historica,2,1208,80,87,7.71
4,excluir,2004,1,historica,3+,423,21,40,9.95
4,excluir,2004,1,historica,TODOS,4834,1786,221,7.25
4,excluir,2004,2,historica,1,1984,410,80,5.08
4,excluir,2004,2,historica,2,1226,98,80,7.09
4,excluir,2004,2,historica,3+,475,20,40,8.79
4,excluir,2004,2,historica,TODOS,5128,1971,200,6.34
4,excluir,2004,3,historica,1,1930,422,85,5.64
4,excluir,2004,3,historica,2,1259,84,69,5.87
4,excluir,2004,3,historica,3+,513,16,54,10.87
4,excluir,2004,3,historica,TODOS,5204,2024,208,6.54
4,excluir,2004,4,historica,1,2018,383,99,6.06
4,excluir,2004,4,historica,2,1226,82,70,6.12
4,excluir,2004,4,historica,3+,447,18,44,10.26
4,excluir,2004,4,historica,TODOS,5162,1954,213,6.64
4,excluir,2005,1,historica,1,1927,392,84,5.47
4,excluir,2005,1,historica,2,1224,96,68,6.03
4,excluir,2005,1,historica,3+,462,19,44,9.93
4,excluir,2005,1,historica,TODOS,5002,1896,196,6.31
4,excluir,2005,2,historica,1,1975,397,82,5.2
4,excluir,2005,2,historica,2,1267,101,86,7.38
4,excluir,2005,2,historica,3+,459,17,41,9.28
4,excluir,2005,2,historica,TODOS,5109,1923,209,6.56
4,excluir,2005,3,historica,1,2007,397,110,6.83
4,excluir,2005,3,historica,2,1303,79,105,8.58
4,excluir,2005,3,historica,3+,440,12,31,7.24
4,excluir,2005,3,historica,TODOS,5184,1922,246,7.54
4,excluir,2005,4,historica,1,2012,416,98,6.14
4,excluir,2005,4,historica,2,1214,95,85,7.6
4,excluir,2005,4,historica,3+,457,19,44,10.05
4,excluir,2005,4,historica,TODOS,5050,1897,227,7.2
4,excluir,2006,1,historica,1,1891,381,92,6.09
4,excluir,2006,1,historica,2,1145,79,90,8.44
4,excluir,2006,1,historica,3+,457,15,52,11.76
4,excluir,2006,1,historica,TODOS,4871,1853,234,7.75
4,excluir,2006,2,historica,1,1955,420,82,5.34
4,excluir,2006,2,historica,2,1302,94,116,9.6
4,excluir,2006,2,historica,3+,470,8,40,8.66
4,excluir,2006,2,historica,TODOS,5162,1957,238,7.43
4,excluir,2006,4,historica,1,2614,514,99,4.71
4,excluir,2006,4,historica,2,1582,117,110,7.51
4,excluir,2006,4,historica,3+,641,20,67,10.79
4,excluir,2006,4,historica,TODOS,6715,2529,276,6.59
4,excluir,2007,1,historica,1,2582,537,115,5.62
4,excluir,2007,1,historica,2,1630,104,119,7.8
4,excluir,2007,1,historica,3+,630,29,55,9.15
4,excluir,2007,1,historica,TODOS,6743,2571,289,6.93
4,excluir,2007,2,historica,1,2517,516,114,5.7
4,excluir,2007,2,historica,2,1671,100,129,8.21
4,excluir,2007,2,historica,3+,547,22,57,10.86
4,excluir,2007,2,historica,TODOS,6588,2491,300,7.32
4,excluir,2007,4,historica,1,2530,526,130,6.49
4,excluir,2007,4,historica,2,1614,83,112,7.32
4,excluir,2007,4,historica,3+,621,20,88,14.64
4,excluir,2007,4,historica,TODOS,6552,2416,330,7.98
4,excluir,2008,1,historica,1,2620,549,142,6.86
4,excluir,2008,1,historica,2,1551,105,133,9.2
4,excluir,2008,1,historica,3+,553,17,74,13.81
4,excluir,2008,1,historica,TODOS,6503,2450,349,8.61
4,excluir,2008,2,historica,1,2562,536,125,6.17
4,excluir,2008,2,historica,2,1619,103,131,8.64
4,excluir,2008,2,historica,3+,567,25,68,12.55
4,excluir,2008,2,historica,TODOS,6612,2528,324,7.93
4,excluir,2008,3,historica,1,2607,530,149,7.17
4,excluir,2008,3,historica,2,1650,122,133,8.7
4,excluir,2008,3,historica,3+,551,21,65,12.26
4,excluir,2008,3,historica,TODOS,6764,2629,347,8.39
4,excluir,2008,4,historica,1,2664,569,121,5.78
4,excluir,2008,4,historica,2,1615,99,123,8.11
4,excluir,2008,4,historica,3+,534,26,63,12.4
4,excluir,2008,4,historica,TODOS,6709,2590,307,7.45
4,excluir,2009,1,historica,1,2623,528,136,6.49
4,excluir,2009,1,historica,2,1521,91,127,8.88
4,excluir,2009,1,historica,3+,525,19,56,11.07
4,excluir,2009,1,historica,TODOS,6445,2414,319,7.91
4,excluir,2009,2,historica,1,2645,515,125,5.87
4,excluir,2009,2,historica,2,1517,91,112,7.85
4,excluir,2009,2,historica,3+,529,20,57,11.2
4,excluir,2009,2,historica,TODOS,6501,2436,294,7.23
4,excluir,2009,3,historica,1,2681,513,130,6.0
4,excluir,2009,3,historica,2,1576,85,123,8.25
4,excluir,2009,3,historica,3+,508,23,52,10.72
4,excluir,2009,3,historica,TODOS,6619,2475,305,7.36
4,excluir,2009,4,historica,1,2557,505,110,5.36
4,excluir,2009,4,historica,2,1619,105,118,7.79
4,excluir,2009,4,historica,3+,514,18,48,9.68
4,excluir,2009,4,historica,TODOS,6483,2421,276,6.79
4,excluir,2010,1,historica,1,2572,520,150,7.31
4,excluir,2010,1,historica,2,1470,94,96,6.98
4,excluir,2010,1,historica,3+,459,27,57,13.19
4,excluir,2010,1,historica,TODOS,6364,2504,303,7.85
4,excluir,2010,2,historica,1,2556,539,133,6.59
4,excluir,2010,2,historica,2,1547,95,119,8.2
4,excluir,2010,2,historica,3+,485,18,63,13.49
4,excluir,2010,2,historica,TODOS,6519,2583,315,8.0
4,excluir,2010,3,historica,1,2620,506,126,5.96
4,excluir,2010,3,historica,2,1585,113,112,7.61
4,excluir,2010,3,historica,3+,516,17,48,9.62
4,excluir,2010,3,historica,TODOS,6667,2582,286,7.0
4,excluir,2010,4,historica,1,2633,524,140,6.64
4,excluir,2010,4,historica,2,1493,104,110,7.92
4,excluir,2010,4,historica,3+,488,21,59,12.63
4,excluir,2010,4,historica,TODOS,6566,2601,309,7.79
4,excluir,2011,1,historica,1,2631,548,116,5.57
4,excluir,2011,1,historica,2,1503,102,119,8.49
4,excluir,2011,1,historica,3+,440,24,56,13.46
4,excluir,2011,1,historica,TODOS,6464,2564,291,7.46
4,excluir,2011,2,historica,1,2663,572,135,6.46
4,excluir,2011,2,historica,2,1627,88,141,9.16
4,excluir,2011,2,historica,3+,485,12,77,16.28
4,excluir,2011,2,historica,TODOS,6660,2557,353,8.6
4,excluir,2011,3,historica,1,2615,537,155,7.46
4,excluir,2011,3,historica,2,1537,94,123,8.52
4,excluir,2011,3,historica,3+,472,5,65,13.92
4,excluir,2011,3,historica,TODOS,6459,2471,343,8.6
4,excluir,2011,4,historica,1,2584,530,124,6.04
4,excluir,2011,4,historica,2,1489,92,112,8.02
4,excluir,2011,4,historica,3+,440,12,67,15.65
4,excluir,2011,4,historica,TODOS,6377,2498,303,7.81
4,excluir,2012,1,historica,1,2480,513,132,6.71
4,excluir,2012,1,historica,2,1455,90,110,8.06
4,excluir,2012,1,historica,3+,435,16,61,14.56
4,excluir,2012,1,historica,TODOS,6273,2522,303,8.08
4,excluir,2012,2,historica,1,2496,485,118,5.87
4,excluir,2012,2,historica,2,1539,89,119,8.21
4,excluir,2012,2,historica,3+,468,20,67,14.96
4,excluir,2012,2,historica,TODOS,6454,2545,304,7.78
4,excluir,2012,3,historica,1,2452,485,126,6.41
4,excluir,2012,3,historica,2,1489,106,105,7.59
4,excluir,2012,3,historica,3+,466,16,68,15.11
4,excluir,2012,3,historica,TODOS,6330,2530,299,7.87
4,excluir,2012,4,historica,1,2392,478,109,5.69
4,excluir,2012,4,historica,2,1415,94,101,7.65
4,excluir,2012,4,historica,3+,442,18,55,12.97
4,excluir,2012,4,historica,TODOS,6104,2445,265,7.24
4,excluir,2013,4,historica,1,2627,520,136,6.45
4,excluir,2013,4,historica,2,1520,104,127,8.97
4,excluir,2013,4,historica,3+,489,21,74,15.81
4,excluir,2013,4,historica,TODOS,6664,2673,337,8.44
4,excluir,2014,1,historica,1,2679,579,141,6.71
4,excluir,2014,1,historica,2,1505,115,122,8.78
4,excluir,2014,1,historica,3+,476,19,58,12.69
4,excluir,2014,1,historica,TODOS,6668,2721,321,8.13
4,excluir,2014,2,historica,1,2760,570,131,5.98
4,excluir,2014,2,historica,2,1649,113,115,7.49
4,excluir,2014,2,historica,3+,497,21,60,12.61
4,excluir,2014,2,historica,TODOS,6928,2726,306,7.28
4,excluir,2016,2,regular,1,2622,575,140,6.84
4,excluir,2016,2,regular,2,1583,107,110,7.45
4,excluir,2016,2,regular,3+,505,20,54,11.13
4,excluir,2016,2,regular,TODOS,6801,2793,304,7.58
4,excluir,2016,3,regular,1,2700,549,149,6.93
4,excluir,2016,3,regular,2,1498,99,106,7.58
4,excluir,2016,3,regular,3+,458,16,45,10.18
4,excluir,2016,3,regular,TODOS,6790,2798,300,7.52
4,excluir,2016,4,regular,1,2521,502,120,5.94
4,excluir,2016,4,regular,2,1468,99,105,7.67
4,excluir,2016,4,regular,3+,450,14,55,12.61
4,excluir,2016,4,regular,TODOS,6515,2691,280,7.32
4,excluir,2017,1,regular,1,2607,572,115,5.65
4,excluir,2017,1,regular,2,1432,96,126,9.43
4,excluir,2017,1,regular,3+,429,17,61,14.81
4,excluir,2017,1,regular,TODOS,6617,2834,302,7.98
4,excluir,2017,2,regular,1,2567,630,142,7.33
4,excluir,2017,2,regular,2,1514,109,96,6.83
4,excluir,2017,2,regular,3+,430,16,62,14.98
4,excluir,2017,2,regular,TODOS,6736,2980,300,7.99
4,excluir,2017,3,regular,1,2504,581,104,5.41
4,excluir,2017,3,regular,2,1466,109,110,8.11
4,excluir,2017,3,regular,3+,447,19,63,14.72
4,excluir,2017,3,regular,TODOS,6654,2946,277,7.47
4,excluir,2017,4,regular,1,2544,570,137,6.94
4,excluir,2017,4,regular,2,1492,112,108,7.83
4,excluir,2017,4,regular,3+,461,27,62,14.29
4,excluir,2017,4,regular,TODOS,6717,2929,307,8.1
4,excluir,2018,1,regular,1,2501,552,132,6.77
4,excluir,2018,1,regular,2,1509,88,100,7.04
4,excluir,2018,1,regular,3+,443,22,77,18.29
4,excluir,2018,1,regular,TODOS,6655,2864,309,8.15
4,excluir,2018,2,regular,1,2563,542,132,6.53
4,excluir,2018,2,regular,2,1496,90,119,8.46
4,excluir,2018,2,regular,3+,444,18,66,15.49
4,excluir,2018,2,regular,TODOS,6624,2771,317,8.23
4,excluir,2018,3,regular,1,2506,515,131,6.58
4,excluir,2018,3,regular,2,1461,89,125,9.11
4,excluir,2018,3,regular,3+,414,23,65,16.62
4,excluir,2018,3,regular,TODOS,6465,2711,321,8.55
4,excluir,2018,4,regular,1,2576,571,111,5.54
4,excluir,2018,4,regular,2,1495,117,110,7.98
4,excluir,2018,4,regular,3+,452,20,64,14.81
4,excluir,2018,4,regular,TODOS,6615,2800,285,7.47
4,excluir,2019,1,regular,1,2393,542,113,6.1
4,excluir,2019,1,regular,2,1365,107,122,9.7
4,excluir,2019,1,regular,3+,412,12,46,11.5
4,excluir,2019,1,regular,TODOS,6138,2629,281,8.01
4,excluir,2019,2,regular,1,2051,574,92,6.23
4,excluir,2019,2,regular,2,1172,124,87,8.3
4,excluir,2019,2,regular,3+,345,25,31,9.69
4,excluir,2019,2,regular,TODOS,5214,2369,210,7.38
4,excluir,2019,3,regular,1,2075,512,96,6.14
4,excluir,2019,3,regular,2,1239,129,78,7.03
4,excluir,2019,3,regular,3+,360,23,34,10.09
4,excluir,2019,3,regular,TODOS,5427,2417,208,6.91
4,excluir,2019,4,regular,1,2209,536,100,5.98
4,excluir,2019,4,regular,2,1257,98,96,8.28
4,excluir,2019,4,regular,3+,369,27,55,16.08
4,excluir,2019,4,regular,TODOS,5685,2511,251,7.91
4,excluir,2020,1,regular,1,2219,519,100,5.88
4,excluir,2020,1,regular,2,1232,109,99,8.82
4,excluir,2020,1,regular,3+,364,12,42,11.93
4,excluir,2020,1,regular,TODOS,5690,2515,241,7.59
4,excluir,2020,2,regular,1,1510,305,73,6.06
4,excluir,2020,2,regular,2,736,44,48,6.94
4,excluir,2020,2,regular,3+,184,4,21,11.67
4,excluir,2020,2,regular,TODOS,3800,1723,142,6.84
4,excluir,2020,3,regular,1,1796,383,88,6.23
4,excluir,2020,3,regular,2,909,60,55,6.48
4,excluir,2020,3,regular,3+,213,7,26,12.62
4,excluir,2020,3,regular,TODOS,4480,2012,169,6.85
4,excluir,2020,4,regular,1,1953,435,106,6.98
4,excluir,2020,4,regular,2,981,66,53,5.79
4,excluir,2020,4,regular,3+,246,17,28,12.23
4,excluir,2020,4,regular,TODOS,4885,2223,187,7.02
4,excluir,2021,1,regular,1,2014,438,76,4.82
4,excluir,2021,1,regular,2,1075,77,72,7.21
4,excluir,2021,1,regular,3+,316,15,32,10.63
4,excluir,2021,1,regular,TODOS,5212,2337,180,6.26
4,excluir,2021,2,regular,1,2116,481,119,7.28
4,excluir,2021,2,regular,2,1117,69,86,8.21
4,excluir,2021,2,regular,3+,323,15,44,14.29
4,excluir,2021,2,regular,TODOS,5470,2479,249,8.32
4,excluir,2021,3,regular,1,2179,504,100,5.97
4,excluir,2021,3,regular,2,1140,76,81,7.61
4,excluir,2021,3,regular,3+,310,11,46,15.38
4,excluir,2021,3,regular,TODOS,5461,2423,227,7.47
4,excluir,2021,4,regular,1,2130,439,95,5.62
4,excluir,2021,4,regular,2,1227,87,78,6.84
4,excluir,2021,4,regular,3+,373,14,39,10.86
4,excluir,2021,4,regular,TODOS,5715,2525,212,6.65
4,excluir,2022,1,regular,1,2354,517,115,6.26
4,excluir,2022,1,regular,2,1365,98,111,8.76
4,excluir,2022,1,regular,3+,360,17,48,13.99
4,excluir,2022,1,regular,TODOS,6108,2661,274,7.95
4,excluir,2022,2,regular,1,2480,525,121,6.19
4,excluir,2022,2,regular,2,1393,88,117,8.97
4,excluir,2022,2,regular,3+,369,15,55,15.54
4,excluir,2022,2,regular,TODOS,6192,2578,293,8.11
4,excluir,2022,3,regular,1,2409,437,128,6.49
4,excluir,2022,3,regular,2,1354,82,104,8.18
4,excluir,2022,3,regular,3+,343,5,38,11.24
4,excluir,2022,3,regular,TODOS,6076,2494,270,7.54
4,excluir,2022,4,regular,1,2367,477,99,5.24
4,excluir,2022,4,regular,2,1322,79,94,7.56
4,excluir,2022,4,regular,3+,362,16,44,12.72
4,excluir,2022,4,regular,TODOS,6044,2565,237,6.81
4,excluir,2023,1,regular,1,2239,470,123,6.95
4,excluir,2023,1,regular,2,1187,90,92,8.39
4,excluir,2023,1,regular,3+,381,10,49,13.21
4,excluir,2023,1,regular,TODOS,5555,2318,264,8.16
4,excluir,2023,2,regular,1,2270,509,112,6.36
4,excluir,2023,2,regular,2,1227,71,78,6.75
4,excluir,2023,2,regular,3+,369,16,57,16.15
4,excluir,2023,2,regular,TODOS,5698,2428,247,7.55
4,excluir,2023,3,regular,1,2173,490,106,6.3
4,excluir,2023,3,regular,2,1261,90,88,7.51
4,excluir,2023,3,regular,3+,347,12,52,15.52
4,excluir,2023,3,regular,TODOS,5606,2417,246,7.71
4,excluir,2023,4,regular,1,2140,468,113,6.76
4,excluir,2023,4,regular,2,1191,104,116,10.67
4,excluir,2023,4,regular,3+,350,13,46,13.65
4,excluir,2023,4,regular,TODOS,5484,2388,275,8.88
4,excluir,2024,1,regular,1,2172,483,116,6.87
4,excluir,2024,1,regular,2,1256,104,106,9.2
4,excluir,2024,1,regular,3+,329,15,46,14.65
4,excluir,2024,1,regular,TODOS,5679,2524,268,8.49
4,excluir,2024,2,regular,1,2294,530,140,7.94
4,excluir,2024,2,regular,2,1237,85,94,8.16
4,excluir,2024,2,regular,3+,346,14,39,11.75
4,excluir,2024,2,regular,TODOS,5820,2572,273,8.41
4,excluir,2024,3,regular,1,2257,500,99,5.63
4,excluir,2024,3,regular,2,1253,101,106,9.2
4,excluir,2024,3,regular,3+,336,19,45,14.2
4,excluir,2024,3,regular,TODOS,5856,2630,250,7.75
4,excluir,2024,4,regular,1,2305,499,132,7.31
4,excluir,2024,4,regular,2,1185,84,116,10.54
4,excluir,2024,4,regular,3+,359,19,50,14.71
4,excluir,2024,4,regular,TODOS,5866,2619,298,9.18
4,informal,2003,3,historica,1,1798,205,73,4.58
4,informal,2003,3,historica,2,1670,47,94,5.79
4,informal,2003,3,historica,3+,781,8,80,10.35
4,informal,2003,3,historica,TODOS,5012,1023,247,6.19
4,informal,2003,4,historica,1,1775,199,65,4.12
4,informal,2003,4,historica,2,1676,42,109,6.67
4,informal,2003,4,historica,3+,813,6,78,9.67
4,informal,2003,4,historica,TODOS,5000,983,252,6.27
4,informal,2004,1,historica,1,1739,195,64,4.15
4,informal,2004,1,historica,2,1643,43,117,7.31
4,informal,2004,1,historica,3+,722,12,60,8.45
4,informal,2004,1,historica,TODOS,4834,980,241,6.25
4,informal,2004,2,historica,1,1799,191,49,3.05
4,informal,2004,2,historica,2,1775,48,105,6.08
4,informal,2004,2,historica,3+,780,13,59,7.69
4,informal,2004,2,historica,TODOS,5128,1026,213,5.19
4,informal,2004,3,historica,1,1803,217,54,3.4
4,informal,2004,3,historica,2,1735,39,93,5.48
4,informal,2004,3,historica,3+,832,8,78,9.47
4,informal,2004,3,historica,TODOS,5204,1098,225,5.48
4,informal,2004,4,historica,1,1844,195,56,3.4
4,informal,2004,4,historica,2,1697,40,102,6.16
4,informal,2004,4,historica,3+,750,11,68,9.2
4,informal,2004,4,historica,TODOS,5162,1117,226,5.59
4,informal,2005,1,historica,1,1817,189,61,3.75
4,informal,2005,1,historica,2,1656,45,92,5.71
4,informal,2005,1,historica,3+,719,10,59,8.32
4,informal,2005,1,historica,TODOS,5002,1054,212,5.37
4,informal,2005,2,historica,1,1872,207,51,3.06
4,informal,2005,2,historica,2,1724,40,98,5.82
4,informal,2005,2,historica,3+,737,15,72,9.97
4,informal,2005,2,historica,TODOS,5109,1038,221,5.43
4,informal,2005,3,historica,1,1905,204,81,4.76
4,informal,2005,3,historica,2,1753,42,129,7.54
4,informal,2005,3,historica,3+,741,8,58,7.91
4,informal,2005,3,historica,TODOS,5184,1039,268,6.47
4,informal,2005,4,historica,1,1887,190,79,4.66
4,informal,2005,4,historica,2,1700,58,118,7.19
4,informal,2005,4,historica,3+,740,10,69,9.45
4,informal,2005,4,historica,TODOS,5050,981,266,6.54
4,informal,2006,1,historica,1,1804,227,65,4.12
4,informal,2006,1,historica,2,1553,52,100,6.66
4,informal,2006,1,historica,3+,721,13,88,12.43
4,informal,2006,1,historica,TODOS,4871,1085,253,6.68
4,informal,2006,2,historica,1,1872,266,61,3.8
4,informal,2006,2,historica,2,1735,59,131,7.82
4,informal,2006,2,historica,3+,754,11,74,9.96
4,informal,2006,2,historica,TODOS,5162,1137,266,6.61
4,informal,2006,4,historica,1,2484,286,77,3.5
4,informal,2006,4,historica,2,2202,78,137,6.45
4,informal,2006,4,historica,3+,968,11,96,10.03
4,informal,2006,4,historica,TODOS,6715,1436,310,5.87
4,informal,2007,1,historica,1,2503,317,105,4.8
4,informal,2007,1,historica,2,2194,55,165,7.71
4,informal,2007,1,historica,3+,962,14,90,9.49
4,informal,2007,1,historica,TODOS,6743,1470,360,6.83
4,informal,2007,2,historica,1,2414,298,101,4.77
4,informal,2007,2,historica,2,2221,56,160,7.39
4,informal,2007,2,historica,3+,892,11,92,10.44
4,informal,2007,2,historica,TODOS,6588,1426,353,6.84
4,informal,2007,4,historica,1,2431,312,105,4.96
4,informal,2007,4,historica,2,2168,57,146,6.92
4,informal,2007,4,historica,3+,928,12,122,13.32
4,informal,2007,4,historica,TODOS,6552,1406,373,7.25
4,informal,2008,1,historica,1,2484,313,121,5.57
4,informal,2008,1,historica,2,2102,59,187,9.15
4,informal,2008,1,historica,3+,873,9,113,13.08
4,informal,2008,1,historica,TODOS,6503,1425,421,8.29
4,informal,2008,2,historica,1,2411,309,111,5.28
4,informal,2008,2,historica,2,2207,75,185,8.68
4,informal,2008,2,historica,3+,900,15,102,11.53
4,informal,2008,2,historica,TODOS,6612,1493,398,7.77
4,informal,2008,3,historica,1,2452,292,125,5.79
4,informal,2008,3,historica,2,2285,79,168,7.62
4,informal,2008,3,historica,3+,892,15,116,13.23
4,informal,2008,3,historica,TODOS,6764,1521,409,7.8
4,informal,2008,4,historica,1,2517,316,105,4.77
4,informal,2008,4,historica,2,2231,63,153,7.06
4,informal,2008,4,historica,3+,876,28,100,11.79
4,informal,2008,4,historica,TODOS,6709,1492,358,6.86
4,informal,2009,1,historica,1,2464,308,101,4.68
4,informal,2009,1,historica,2,2144,51,167,7.98
4,informal,2009,1,historica,3+,828,15,85,10.46
4,informal,2009,1,historica,TODOS,6445,1383,353,6.97
4,informal,2009,2,historica,1,2525,313,94,4.25
4,informal,2009,2,historica,2,2118,57,166,8.05
4,informal,2009,2,historica,3+,818,10,81,10.02
4,informal,2009,2,historica,TODOS,6501,1420,341,6.71
4,informal,2009,3,historica,1,2552,301,92,4.09
4,informal,2009,3,historica,2,2191,57,163,7.64
4,informal,2009,3,historica,3+,819,17,72,8.98
4,informal,2009,3,historica,TODOS,6619,1432,327,6.3
4,informal,2009,4,historica,1,2376,301,79,3.81
4,informal,2009,4,historica,2,2199,62,153,7.16
4,informal,2009,4,historica,3+,862,17,72,8.52
4,informal,2009,4,historica,TODOS,6483,1426,304,6.01
4,informal,2010,1,historica,1,2464,315,101,4.7
4,informal,2010,1,historica,2,2057,66,151,7.58
4,informal,2010,1,historica,3+,752,18,79,10.76
4,informal,2010,1,historica,TODOS,6364,1490,331,6.79
4,informal,2010,2,historica,1,2451,324,106,4.98
4,informal,2010,2,historica,2,2138,61,158,7.61
4,informal,2010,2,historica,3+,806,14,94,11.87
4,informal,2010,2,historica,TODOS,6519,1523,358,7.17
4,informal,2010,3,historica,1,2500,275,106,4.76
4,informal,2010,3,historica,2,2189,69,158,7.45
4,informal,2010,3,historica,3+,834,16,83,10.15
4,informal,2010,3,historica,TODOS,6667,1504,347,6.72
4,informal,2010,4,historica,1,2513,325,116,5.3
4,informal,2010,4,historica,2,2136,68,158,7.64
4,informal,2010,4,historica,3+,750,18,91,12.43
4,informal,2010,4,historica,TODOS,6566,1578,365,7.32
4,informal,2011,1,historica,1,2516,297,93,4.19
4,informal,2011,1,historica,2,2066,86,171,8.64
4,informal,2011,1,historica,3+,735,15,82,11.39
4,informal,2011,1,historica,TODOS,6464,1545,346,7.03
4,informal,2011,2,historica,1,2562,328,116,5.19
4,informal,2011,2,historica,2,2222,57,185,8.55
4,informal,2011,2,historica,3+,777,9,96,12.5
4,informal,2011,2,historica,TODOS,6660,1493,397,7.68
4,informal,2011,3,historica,1,2513,311,127,5.77
4,informal,2011,3,historica,2,2153,64,168,8.04
4,informal,2011,3,historica,3+,763,6,97,12.81
4,informal,2011,3,historica,TODOS,6459,1411,392,7.77
4,informal,2011,4,historica,1,2549,316,108,4.84
4,informal,2011,4,historica,2,2064,56,145,7.22
4,informal,2011,4,historica,3+,720,8,90,12.64
4,informal,2011,4,historica,TODOS,6377,1424,343,6.93
4,informal,2012,1,historica,1,2430,311,105,4.96
4,informal,2012,1,historica,2,1974,57,148,7.72
4,informal,2012,1,historica,3+,722,8,89,12.46
4,informal,2012,1,historica,TODOS,6273,1523,342,7.2
4,informal,2012,2,historica,1,2450,298,101,4.69
4,informal,2012,2,historica,2,2054,45,152,7.57
4,informal,2012,2,historica,3+,791,16,102,13.16
4,informal,2012,2,historica,TODOS,6454,1518,355,7.19
4,informal,2012,3,historica,1,2406,290,104,4.91
4,informal,2012,3,historica,2,1990,62,147,7.62
4,informal,2012,3,historica,3+,777,5,100,12.95
4,informal,2012,3,historica,TODOS,6330,1514,351,7.29
4,informal,2012,4,historica,1,2347,320,97,4.79
4,informal,2012,4,historica,2,1963,71,146,7.72
4,informal,2012,4,historica,3+,699,14,81,11.82
4,informal,2012,4,historica,TODOS,6104,1500,324,7.04
4,informal,2013,4,historica,1,2550,321,96,4.31
4,informal,2013,4,historica,2,2110,68,171,8.37
4,informal,2013,4,historica,3+,786,22,100,13.09
4,informal,2013,4,historica,TODOS,6664,1629,367,7.29
4,informal,2014,1,historica,1,2607,373,101,4.52
4,informal,2014,1,historica,2,2137,78,182,8.84
4,informal,2014,1,historica,3+,748,17,85,11.63
4,informal,2014,1,historica,TODOS,6668,1644,368,7.32
4,informal,2014,2,historica,1,2622,363,98,4.34
4,informal,2014,2,historica,2,2284,78,177,8.02
4,informal,2014,2,historica,3+,805,17,94,11.93
4,informal,2014,2,historica,TODOS,6928,1675,369,7.02
4,informal,2016,2,regular,1,2521,359,118,5.46
4,informal,2016,2,regular,2,2203,93,149,7.06
4,informal,2016,2,regular,3+,820,12,93,11.51
4,informal,2016,2,regular,TODOS,6801,1721,360,7.09
4,informal,2016,3,regular,1,2570,332,115,5.14
4,informal,2016,3,regular,2,2179,75,156,7.41
4,informal,2016,3,regular,3+,758,13,75,10.07
4,informal,2016,3,regular,TODOS,6790,1703,346,6.8
4,informal,2016,4,regular,1,2452,314,100,4.68
4,informal,2016,4,regular,2,2080,57,158,7.81
4,informal,2016,4,regular,3+,744,15,81,11.11
4,informal,2016,4,regular,TODOS,6515,1625,339,6.93
4,informal,2017,1,regular,1,2564,377,92,4.21
4,informal,2017,1,regular,2,2044,69,148,7.49
4,informal,2017,1,regular,3+,761,12,94,12.55
4,informal,2017,1,regular,TODOS,6617,1706,334,6.8
4,informal,2017,2,regular,1,2488,377,114,5.4
4,informal,2017,2,regular,2,2146,80,165,7.99
4,informal,2017,2,regular,3+,781,17,81,10.6
4,informal,2017,2,regular,TODOS,6736,1795,360,7.29
4,informal,2017,3,regular,1,2440,367,83,4.0
4,informal,2017,3,regular,2,2083,90,147,7.38
4,informal,2017,3,regular,3+,788,21,96,12.52
4,informal,2017,3,regular,TODOS,6654,1821,326,6.75
4,informal,2017,4,regular,1,2544,377,115,5.31
4,informal,2017,4,regular,2,2100,65,162,7.96
4,informal,2017,4,regular,3+,768,20,98,13.1
4,informal,2017,4,regular,TODOS,6717,1767,375,7.58
4,informal,2018,1,regular,1,2448,315,126,5.91
4,informal,2018,1,regular,2,2160,76,153,7.34
4,informal,2018,1,regular,3+,719,19,108,15.43
4,informal,2018,1,regular,TODOS,6655,1738,387,7.87
4,informal,2018,2,regular,1,2441,338,97,4.61
4,informal,2018,2,regular,2,2202,66,184,8.61
4,informal,2018,2,regular,3+,730,14,97,13.55
4,informal,2018,2,regular,TODOS,6624,1669,378,7.63
4,informal,2018,3,regular,1,2452,311,108,5.04
4,informal,2018,3,regular,2,2094,64,164,8.08
4,informal,2018,3,regular,3+,720,13,80,11.32
4,informal,2018,3,regular,TODOS,6465,1587,352,7.22
4,informal,2018,4,regular,1,2467,306,117,5.41
4,informal,2018,4,regular,2,2137,78,155,7.53
4,informal,2018,4,regular,3+,788,12,87,11.21
4,informal,2018,4,regular,TODOS,6615,1619,359,7.19
4,informal,2019,1,regular,1,2288,354,92,4.76
4,informal,2019,1,regular,2,1975,67,173,9.07
4,informal,2019,1,regular,3+,729,9,74,10.28
4,informal,2019,1,regular,TODOS,6138,1576,339,7.43
4,informal,2019,2,regular,1,1975,504,69,4.69
4,informal,2019,2,regular,2,1721,147,106,6.73
4,informal,2019,2,regular,3+,609,46,50,8.88
4,informal,2019,2,regular,TODOS,5214,1606,225,6.24
4,informal,2019,3,regular,1,1973,346,74,4.55
4,informal,2019,3,regular,2,1787,122,118,7.09
4,informal,2019,3,regular,3+,685,18,63,9.45
4,informal,2019,3,regular,TODOS,5427,1468,255,6.44
4,informal,2019,4,regular,1,2134,350,82,4.6
4,informal,2019,4,regular,2,1870,93,125,7.03
4,informal,2019,4,regular,3+,631,19,82,13.4
4,informal,2019,4,regular,TODOS,5685,1512,289,6.93
4,informal,2020,1,regular,1,2178,329,74,4.0
4,informal,2020,1,regular,2,1792,67,130,7.54
4,informal,2020,1,regular,3+,640,8,69,10.92
4,informal,2020,1,regular,TODOS,5690,1484,273,6.49
4,informal,2020,2,regular,1,1505,199,59,4.52
4,informal,2020,2,regular,2,1084,27,67,6.34
4,informal,2020,2,regular,3+,332,4,32,9.76
4,informal,2020,2,regular,TODOS,3800,1109,158,5.87
4,informal,2020,3,regular,1,1788,254,67,4.37
4,informal,2020,3,regular,2,1398,55,89,6.63
4,informal,2020,3,regular,3+,432,9,44,10.4
4,informal,2020,3,regular,TODOS,4480,1180,200,6.06
4,informal,2020,4,regular,1,1901,267,69,4.22
4,informal,2020,4,regular,2,1497,42,85,5.84
4,informal,2020,4,regular,3+,513,14,42,8.42
4,informal,2020,4,regular,TODOS,4885,1297,196,5.46
4,informal,2021,1,regular,1,1936,294,56,3.41
4,informal,2021,1,regular,2,1626,69,102,6.55
4,informal,2021,1,regular,3+,589,13,50,8.68
4,informal,2021,1,regular,TODOS,5212,1437,208,5.51
4,informal,2021,2,regular,1,2015,291,77,4.47
4,informal,2021,2,regular,2,1687,64,91,5.61
4,informal,2021,2,regular,3+,617,12,77,12.73
4,informal,2021,2,regular,TODOS,5470,1518,245,6.2
4,informal,2021,3,regular,1,2088,345,78,4.48
4,informal,2021,3,regular,2,1734,64,118,7.07
4,informal,2021,3,regular,3+,592,16,69,11.98
4,informal,2021,3,regular,TODOS,5461,1472,265,6.64
4,informal,2021,4,regular,1,2063,278,72,4.03
4,informal,2021,4,regular,2,1821,64,101,5.75
4,informal,2021,4,regular,3+,641,11,66,10.48
4,informal,2021,4,regular,TODOS,5715,1543,239,5.73
4,informal,2022,1,regular,1,2289,300,87,4.37
4,informal,2022,1,regular,2,1947,71,135,7.2
4,informal,2022,1,regular,3+,673,13,76,11.52
4,informal,2022,1,regular,TODOS,6108,1583,298,6.59
4,informal,2022,2,regular,1,2388,331,83,4.04
4,informal,2022,2,regular,2,2058,65,149,7.48
4,informal,2022,2,regular,3+,637,12,80,12.8
4,informal,2022,2,regular,TODOS,6192,1517,312,6.67
4,informal,2022,3,regular,1,2360,268,84,4.02
4,informal,2022,3,regular,2,1965,57,125,6.55
4,informal,2022,3,regular,3+,617,15,63,10.47
4,informal,2022,3,regular,TODOS,6076,1474,272,5.91
4,informal,2022,4,regular,1,2353,299,88,4.28
4,informal,2022,4,regular,2,1933,40,131,6.92
4,informal,2022,4,regular,3+,611,9,57,9.47
4,informal,2022,4,regular,TODOS,6044,1495,276,6.07
4,informal,2023,1,regular,1,2150,297,96,5.18
4,informal,2023,1,regular,2,1717,66,127,7.69
4,informal,2023,1,regular,3+,638,15,77,12.36
4,informal,2023,1,regular,TODOS,5555,1428,300,7.27
4,informal,2023,2,regular,1,2168,319,96,5.19
4,informal,2023,2,regular,2,1844,55,123,6.88
4,informal,2023,2,regular,3+,609,12,71,11.89
4,informal,2023,2,regular,TODOS,5698,1463,290,6.85
4,informal,2023,3,regular,1,2115,305,85,4.7
4,informal,2023,3,regular,2,1809,51,134,7.62
4,informal,2023,3,regular,3+,607,10,78,13.07
4,informal,2023,3,regular,TODOS,5606,1441,297,7.13
4,informal,2023,4,regular,1,2079,271,108,5.97
4,informal,2023,4,regular,2,1722,64,147,8.87
4,informal,2023,4,regular,3+,630,19,69,11.29
4,informal,2023,4,regular,TODOS,5484,1407,324,7.95
4,informal,2024,1,regular,1,2130,291,84,4.57
4,informal,2024,1,regular,2,1812,75,148,8.52
4,informal,2024,1,regular,3+,593,8,72,12.31
4,informal,2024,1,regular,TODOS,5679,1518,304,7.31
4,informal,2024,2,regular,1,2239,339,104,5.47
4,informal,2024,2,regular,2,1814,61,114,6.5
4,informal,2024,2,regular,3+,639,15,65,10.42
4,informal,2024,2,regular,TODOS,5820,1543,283,6.62
4,informal,2024,3,regular,1,2239,314,79,4.1
4,informal,2024,3,regular,2,1834,75,150,8.53
4,informal,2024,3,regular,3+,609,17,70,11.82
4,informal,2024,3,regular,TODOS,5856,1580,299,6.99
4,informal,2024,4,regular,1,2219,276,103,5.3
4,informal,2024,4,regular,2,1829,63,174,9.85
4,informal,2024,4,regular,3+,638,10,75,11.94
4,informal,2024,4,regular,TODOS,5866,1529,352,8.12
