ANO4,TRIMESTRE,variable,valor,n,pct
2003,3,II1,3.0,4477,33.968133535660094
2003,3,II1,4.0,3019,22.905918057663126
2003,3,II1,2.0,2646,20.07587253414264
2003,3,II1,1.0,1451,11.009104704097117
2003,3,II1,5.0,1009,7.655538694992413
2003,3,II1,6.0,300,2.276176024279211
2003,3,II1,0.0,107,0.8118361153262519
2003,3,II1,7.0,107,0.8118361153262519
2003,3,II1,8.0,37,0.28072837632776937
2003,3,II1,9.0,16,0.12139605462822459
2003,3,II1,10.0,7,0.05311077389984825
2003,3,II1,12.0,2,0.015174506828528073
2003,3,II1,13.0,1,0.007587253414264037
2003,3,II1,99.0,1,0.007587253414264037
2003,3,II2,2.0,5374,40.773899848254935
2003,3,II2,1.0,4352,33.019726858877085
2003,3,II2,3.0,2829,21.464339908952958
2003,3,II2,4.0,441,3.34597875569044
2003,3,II2,0.0,107,0.8118361153262519
2003,3,II2,5.0,61,0.4628224582701062
2003,3,II2,6.0,12,0.09104704097116843
2003,3,II2,7.0,3,0.02276176024279211
2003,3,II2,99.0,1,0.007587253414264037
2003,3,II3,2.0,12245,92.90591805766313
2003,3,II3,1.0,827,6.2746585735963585
2003,3,II3,0.0,107,0.8118361153262519
2003,3,II3,9.0,1,0.007587253414264037
2003,3,II3_1,0.0,12353,93.72534142640365
2003,3,II3_1,1.0,774,5.872534142640364
2003,3,II3_1,2.0,44,0.3338391502276176
2003,3,II3_1,3.0,7,0.05311077389984825
2003,3,II3_1,5.0,1,0.007587253414264037
2003,3,II3_1,4.0,1,0.007587253414264037
2003,3,II4_1,1.0,12216,92.68588770864947
2003,3,II4_1,2.0,856,6.494688922610015
2003,3,II4_1,0.0,107,0.8118361153262519
2003,3,II4_1,9.0,1,0.007587253414264037
2003,3,II4_2,2.0,6631,50.311077389984824
2003,3,II4_2,1.0,6441,48.86949924127466
2003,3,II4_2,0.0,107,0.8118361153262519
2003,3,II4_2,9.0,1,0.007587253414264037
2003,3,II4_3,2.0,9672,73.38391502276176
2003,3,II4_3,1.0,3400,25.796661608497725
2003,3,II4_3,0.0,107,0.8118361153262519
2003,3,II4_3,9.0,1,0.007587253414264037
2003,3,II5,2.0,12256,92.98937784522003
2003,3,II5,0.0,834,6.327769347496206
2003,3,II5,1.0,87,0.6600910470409712
2003,3,II5,9.0,3,0.02276176024279211
2003,3,II5_1,0.0,13093,99.33990895295904
2003,3,II5_1,1.0,85,0.644916540212443
2003,3,II5_1,2.0,1,0.007587253414264037
2003,3,II5_1,4.0,1,0.007587253414264037
2003,3,II6,2.0,12176,92.3823975720789
2003,3,II6,0.0,834,6.327769347496206
2003,3,II6,1.0,167,1.267071320182094
2003,3,II6,9.0,3,0.02276176024279211
2003,3,II6_1,0.0,13013,98.7329286798179
2003,3,II6_1,1.0,162,1.2291350531107739
2003,3,II6_1,3.0,2,0.015174506828528073
2003,3,II6_1,11.0,1,0.007587253414264037
2003,3,II6_1,10.0,1,0.007587253414264037
2003,3,II6_1,2.0,1,0.007587253414264037
2003,3,II7,1.0,8874,67.32928679817906
2003,3,II7,3.0,1891,14.347496206373293
2003,3,II7,6.0,896,6.798179059180576
2003,3,II7,2.0,649,4.924127465857359
2003,3,II7,4.0,348,2.640364188163885
2003,3,II7,8.0,237,1.7981790591805766
2003,3,II7,0.0,108,0.8194233687405159
2003,3,II7,5.0,78,0.5918057663125948
2003,3,II7,9.0,58,0.4400606980273141
2003,3,II7,7.0,40,0.30349013657056145
2003,3,II7,99.0,1,0.007587253414264037
2003,3,II8,1.0,8040,61.001517450682854
2003,3,II8,2.0,4717,35.78907435508346
2003,3,II8,3.0,268,2.0333839150227617
2003,3,II8,0.0,107,0.8118361153262519
2003,3,II8,4.0,45,0.34142640364188165
2003,3,II8,9.0,3,0.02276176024279211
2003,3,II9,1.0,12276,93.14112291350531
2003,3,II9,2.0,398,3.0197268588770867
2003,3,II9,3.0,269,2.040971168437026
2003,3,II9,4.0,127,0.9635811836115327
2003,3,II9,0.0,107,0.8118361153262519
2003,3,II9,9.0,3,0.02276176024279211
2003,3,IV1,1.0,10087,76.53262518968134
2003,3,IV1,2.0,2921,22.16236722306525
2003,3,IV1,3.0,86,0.6525037936267072
2003,3,IV1,4.0,39,0.2959028831562974
2003,3,IV1,6.0,37,0.28072837632776937
2003,3,IV1,5.0,10,0.07587253414264036
2003,3,IV10,1.0,11803,89.55235204855842
2003,3,IV10,2.0,896,6.798179059180576
2003,3,IV10,3.0,303,2.298937784522003
2003,3,IV10,0.0,178,1.3505311077389985
2003,3,IV11,1.0,8943,67.85280728376328
2003,3,IV11,2.0,2573,19.522003034901367
2003,3,IV11,3.0,1310,9.939301972685888
2003,3,IV11,0.0,181,1.3732928679817906
2003,3,IV11,4.0,167,1.267071320182094
2003,3,IV11,9.0,6,0.04552352048558422
2003,3,IV12_1,2.0,11550,87.63277693474961
2003,3,IV12_1,1.0,1624,12.321699544764796
2003,3,IV12_1,0.0,4,0.030349013657056147
2003,3,IV12_1,9.0,2,0.015174506828528073
2003,3,IV12_2,2.0,11779,89.37025796661608
2003,3,IV12_2,1.0,1392,10.56145675265554
2003,3,IV12_2,0.0,8,0.06069802731411229
2003,3,IV12_2,9.0,1,0.007587253414264037
2003,3,IV12_3,2.0,12782,96.98027314112291
2003,3,IV12_3,1.0,393,2.9817905918057663
2003,3,IV12_3,0.0,4,0.030349013657056147
2003,3,IV12_3,9.0,1,0.007587253414264037
2003,3,IV2,3.0,4534,34.40060698027314
2003,3,IV2,4.0,3132,23.76327769347496
2003,3,IV2,2.0,2583,19.597875569044007
2003,3,IV2,1.0,1281,9.719271623672231
2003,3,IV2,5.0,1081,8.201820940819424
2003,3,IV2,6.0,342,2.5948406676783002
2003,3,IV2,7.0,142,1.077389984825493
2003,3,IV2,8.0,41,0.3110773899848255
2003,3,IV2,9.0,22,0.1669195751138088
2003,3,IV2,10.0,6,0.04552352048558422
2003,3,IV2,31.0,3,0.02276176024279211
2003,3,IV2,12.0,3,0.02276176024279211
2003,3,IV2,11.0,2,0.015174506828528073
2003,3,IV2,0.0,2,0.015174506828528073
2003,3,IV2,22.0,1,0.007587253414264037
2003,3,IV2,20.0,1,0.007587253414264037
2003,3,IV2,32.0,1,0.007587253414264037
2003,3,IV2,13.0,1,0.007587253414264037
2003,3,IV2,99.0,1,0.007587253414264037
2003,3,IV2,21.0,1,0.007587253414264037
2003,3,IV3,1.0,10534,79.92412746585735
2003,3,IV3,2.0,2347,17.807283763277695
2003,3,IV3,3.0,176,1.3353566009104705
2003,3,IV3,4.0,95,0.7207890743550834
2003,3,IV3,0.0,27,0.20485584218512898
2003,3,IV3,9.0,1,0.007587253414264037
2003,3,IV4,4.0,3760,28.528072837632777
2003,3,IV4,1.0,3513,26.65402124430956
2003,3,IV4,2.0,3341,25.349013657056144
2003,3,IV4,3.0,1325,10.053110773899848
2003,3,IV4,9.0,804,6.100151745068286
2003,3,IV4,5.0,234,1.7754172989377845
2003,3,IV4,7.0,130,0.9863429438543247
2003,3,IV4,6.0,64,0.48558421851289835
2003,3,IV4,0.0,9,0.06828528072837632
2003,3,IV5,1.0,10713,81.28224582701063
2003,3,IV5,2.0,2456,18.634294385432472
2003,3,IV5,0.0,9,0.06828528072837632
2003,3,IV5,9.0,2,0.015174506828528073
2003,3,IV6,1.0,12107,91.85887708649469
2003,3,IV6,2.0,919,6.972685887708649
2003,3,IV6,3.0,125,0.9484066767830045
2003,3,IV6,0.0,27,0.20485584218512898
2003,3,IV6,9.0,2,0.015174506828528073
2003,3,IV7,1.0,12585,95.4855842185129
2003,3,IV7,2.0,499,3.786039453717754
2003,3,IV7,3.0,52,0.3945371775417299
2003,3,IV7,4.0,38,0.2883156297420334
2003,3,IV7,0.0,5,0.03793626707132018
2003,3,IV7,9.0,1,0.007587253414264037
2003,3,IV8,1.0,13007,98.68740515933233
2003,3,IV8,2.0,167,1.267071320182094
2003,3,IV8,0.0,5,0.03793626707132018
2003,3,IV8,9.0,1,0.007587253414264037
2003,3,IV9,1.0,11854,89.93930197268588
2003,3,IV9,2.0,1142,8.66464339908953
2003,3,IV9,0.0,175,1.3277693474962065
2003,3,IV9,3.0,9,0.06828528072837632
2003,4,II1,3.0,4660,34.9718574108818
2003,4,II1,4.0,2977,22.341463414634145
2003,4,II1,2.0,2707,20.315196998123827
2003,4,II1,1.0,1457,10.934333958724203
2003,4,II1,5.0,978,7.3395872420262664
2003,4,II1,6.0,281,2.1088180112570356
2003,4,II1,0.0,107,0.8030018761726079
2003,4,II1,7.0,102,0.7654784240150094
2003,4,II1,8.0,32,0.2401500938086304
2003,4,II1,9.0,13,0.0975609756097561
2003,4,II1,10.0,9,0.0675422138836773
2003,4,II1,14.0,1,0.0075046904315197
2003,4,II1,99.0,1,0.0075046904315197
2003,4,II2,2.0,5480,41.12570356472796
2003,4,II2,1.0,4451,33.40337711069419
2003,4,II2,3.0,2813,21.110694183864915
2003,4,II2,4.0,404,3.0318949343339585
2003,4,II2,0.0,107,0.8030018761726079
2003,4,II2,5.0,61,0.45778611632270166
2003,4,II2,6.0,5,0.0375234521575985
2003,4,II2,7.0,3,0.0225140712945591
2003,4,II2,9.0,1,0.0075046904315197
2003,4,II3,2.0,12436,93.328330206379
2003,4,II3,1.0,781,5.861163227016886
2003,4,II3,0.0,106,0.7954971857410882
2003,4,II3,9.0,2,0.0150093808630394
2003,4,II3_1,0.0,12544,94.13883677298311
2003,4,II3_1,1.0,737,5.530956848030018
2003,4,II3_1,2.0,38,0.2851782363977486
2003,4,II3_1,3.0,4,0.0300187617260788
2003,4,II3_1,5.0,1,0.0075046904315197
2003,4,II3_1,4.0,1,0.0075046904315197
2003,4,II4_1,1.0,12367,92.81050656660413
2003,4,II4_1,2.0,850,6.378986866791744
2003,4,II4_1,0.0,106,0.7954971857410882
2003,4,II4_1,9.0,2,0.0150093808630394
2003,4,II4_2,2.0,6803,51.05440900562852
2003,4,II4_2,1.0,6414,48.13508442776735
2003,4,II4_2,0.0,106,0.7954971857410882
2003,4,II4_2,9.0,2,0.0150093808630394
2003,4,II4_3,2.0,9815,73.65853658536585
2003,4,II4_3,1.0,3402,25.53095684803002
2003,4,II4_3,0.0,106,0.7954971857410882
2003,4,II4_3,9.0,2,0.0150093808630394
2003,4,II5,2.0,12413,93.15572232645404
2003,4,II5,0.0,823,6.176360225140713
2003,4,II5,1.0,85,0.6378986866791745
2003,4,II5,9.0,4,0.0300187617260788
2003,4,II5_1,0.0,13240,99.36210131332082
2003,4,II5_1,1.0,83,0.6228893058161351
2003,4,II5_1,2.0,2,0.0150093808630394
2003,4,II6,2.0,12356,92.72795497185741
2003,4,II6,0.0,823,6.176360225140713
2003,4,II6,1.0,142,1.0656660412757974
2003,4,II6,9.0,4,0.0300187617260788
2003,4,II6_1,0.0,13183,98.9343339587242
2003,4,II6_1,1.0,139,1.0431519699812384
2003,4,II6_1,11.0,2,0.0150093808630394
2003,4,II6_1,2.0,1,0.0075046904315197
2003,4,II7,1.0,8921,66.94934333958724
2003,4,II7,3.0,1986,14.904315196998123
2003,4,II7,6.0,927,6.956848030018762
2003,4,II7,2.0,649,4.870544090056285
2003,4,II7,4.0,330,2.476547842401501
2003,4,II7,8.0,213,1.598499061913696
2003,4,II7,0.0,106,0.7954971857410882
2003,4,II7,5.0,103,0.7729831144465291
2003,4,II7,9.0,50,0.37523452157598497
2003,4,II7,7.0,38,0.2851782363977486
2003,4,II7,99.0,2,0.0150093808630394
2003,4,II8,1.0,8047,60.390243902439025
2003,4,II8,2.0,4869,36.54033771106942
2003,4,II8,3.0,255,1.9136960600375235
2003,4,II8,0.0,106,0.7954971857410882
2003,4,II8,4.0,44,0.3302063789868668
2003,4,II8,9.0,4,0.0300187617260788
2003,4,II9,1.0,12477,93.6360225140713
2003,4,II9,2.0,358,2.6866791744840524
2003,4,II9,3.0,260,1.951219512195122
2003,4,II9,4.0,121,0.9080675422138836
2003,4,II9,0.0,106,0.7954971857410882
2003,4,II9,9.0,3,0.0225140712945591
2003,4,IV1,1.0,10241,76.85553470919325
2003,4,IV1,2.0,2919,21.906191369606002
2003,4,IV1,3.0,91,0.6829268292682927
2003,4,IV1,6.0,38,0.2851782363977486
2003,4,IV1,4.0,27,0.2026266416510319
2003,4,IV1,5.0,9,0.0675422138836773
2003,4,IV10,1.0,11874,89.11069418386492
2003,4,IV10,2.0,1006,7.549718574108818
2003,4,IV10,3.0,283,2.123827392120075
2003,4,IV10,0.0,161,1.2082551594746718
2003,4,IV10,9.0,1,0.0075046904315197
2003,4,IV11,1.0,8914,66.89681050656661
2003,4,IV11,2.0,2732,20.50281425891182
2003,4,IV11,3.0,1303,9.778611632270168
2003,4,IV11,4.0,205,1.5384615384615385
2003,4,IV11,0.0,165,1.2382739212007505
2003,4,IV11,9.0,6,0.0450281425891182
2003,4,IV12_1,2.0,11764,88.28517823639775
2003,4,IV12_1,1.0,1557,11.684803001876173
2003,4,IV12_1,0.0,4,0.0300187617260788
2003,4,IV12_2,2.0,11873,89.10318949343339
2003,4,IV12_2,1.0,1445,10.844277673545966
2003,4,IV12_2,0.0,7,0.0525328330206379
2003,4,IV12_3,2.0,12990,97.4859287054409
2003,4,IV12_3,1.0,329,2.469043151969981
2003,4,IV12_3,0.0,6,0.0450281425891182
2003,4,IV2,3.0,4713,35.369606003752345
2003,4,IV2,4.0,3066,23.0093808630394
2003,4,IV2,2.0,2663,19.984990619136962
2003,4,IV2,1.0,1302,9.77110694183865
2003,4,IV2,5.0,1057,7.932457786116323
2003,4,IV2,6.0,322,2.4165103189493435
2003,4,IV2,7.0,126,0.9455909943714822
2003,4,IV2,8.0,35,0.2626641651031895
2003,4,IV2,9.0,20,0.150093808630394
2003,4,IV2,10.0,12,0.0900562851782364
2003,4,IV2,11.0,2,0.0150093808630394
2003,4,IV2,31.0,2,0.0150093808630394
2003,4,IV2,14.0,1,0.0075046904315197
2003,4,IV2,32.0,1,0.0075046904315197
2003,4,IV2,21.0,1,0.0075046904315197
2003,4,IV2,0.0,1,0.0075046904315197
2003,4,IV2,99.0,1,0.0075046904315197
2003,4,IV3,1.0,10648,79.90994371482176
2003,4,IV3,2.0,2402,18.026266416510317
2003,4,IV3,3.0,173,1.298311444652908
2003,4,IV3,4.0,80,0.600375234521576
2003,4,IV3,0.0,19,0.1425891181988743
2003,4,IV3,9.0,3,0.0225140712945591
2003,4,IV4,4.0,3835,28.78048780487805
2003,4,IV4,1.0,3473,26.063789868667918
2003,4,IV4,2.0,3345,25.103189493433394
2003,4,IV4,3.0,1333,10.00375234521576
2003,4,IV4,9.0,893,6.701688555347092
2003,4,IV4,5.0,258,1.9362101313320825
2003,4,IV4,7.0,120,0.900562851782364
2003,4,IV4,6.0,57,0.4277673545966229
2003,4,IV4,0.0,11,0.0825515947467167
2003,4,IV5,1.0,10846,81.39587242026266
2003,4,IV5,2.0,2463,18.484052532833022
2003,4,IV5,0.0,11,0.0825515947467167
2003,4,IV5,9.0,5,0.0375234521575985
2003,4,IV6,1.0,12178,91.3921200750469
2003,4,IV6,2.0,1003,7.527204502814259
2003,4,IV6,3.0,123,0.9230769230769231
2003,4,IV6,0.0,20,0.150093808630394
2003,4,IV6,9.0,1,0.0075046904315197
2003,4,IV7,1.0,12614,94.66416510318949
2003,4,IV7,2.0,616,4.622889305816135
2003,4,IV7,3.0,45,0.33771106941838647
2003,4,IV7,4.0,45,0.33771106941838647
2003,4,IV7,0.0,4,0.0300187617260788
2003,4,IV7,9.0,1,0.0075046904315197
2003,4,IV8,1.0,13166,98.80675422138837
2003,4,IV8,2.0,155,1.1632270168855534
2003,4,IV8,0.0,4,0.0300187617260788
2003,4,IV9,1.0,11958,89.74108818011257
2003,4,IV9,2.0,1188,8.915572232645403
2003,4,IV9,0.0,163,1.2232645403377111
2003,4,IV9,3.0,16,0.1200750469043152
2004,1,II1,3.0,4370,34.0980024968789
2004,1,II1,4.0,2878,22.456304619225968
2004,1,II1,2.0,2729,21.293695380774032
2004,1,II1,1.0,1387,10.822409488139826
2004,1,II1,5.0,937,7.311173533083646
2004,1,II1,6.0,267,2.0833333333333335
2004,1,II1,7.0,108,0.8426966292134831
2004,1,II1,0.0,84,0.6554307116104869
2004,1,II1,8.0,32,0.24968789013732834
2004,1,II1,9.0,14,0.10923845193508115
2004,1,II1,10.0,5,0.03901373283395755
2004,1,II1,99.0,2,0.015605493133583021
2004,1,II1,16.0,1,0.007802746566791511
2004,1,II1,12.0,1,0.007802746566791511
2004,1,II1,11.0,1,0.007802746566791511
2004,1,II2,2.0,5380,41.978776529338326
2004,1,II2,1.0,4205,32.8105493133583
2004,1,II2,3.0,2683,20.934769038701624
2004,1,II2,4.0,411,3.2069288389513106
2004,1,II2,0.0,84,0.6554307116104869
2004,1,II2,5.0,45,0.351123595505618
2004,1,II2,6.0,3,0.023408239700374533
2004,1,II2,99.0,2,0.015605493133583021
2004,1,II2,8.0,1,0.007802746566791511
2004,1,II2,9.0,1,0.007802746566791511
2004,1,II2,7.0,1,0.007802746566791511
2004,1,II3,2.0,11967,93.37546816479401
2004,1,II3,1.0,763,5.953495630461923
2004,1,II3,0.0,85,0.6632334581772784
2004,1,II3,9.0,1,0.007802746566791511
2004,1,II3_1,0.0,12053,94.04650436953808
2004,1,II3_1,1.0,719,5.610174781523096
2004,1,II3_1,2.0,34,0.26529338327091134
2004,1,II3_1,3.0,7,0.054619225967540576
2004,1,II3_1,4.0,3,0.023408239700374533
2004,1,II4_1,1.0,11916,92.97752808988764
2004,1,II4_1,2.0,814,6.3514357053682895
2004,1,II4_1,0.0,85,0.6632334581772784
2004,1,II4_1,9.0,1,0.007802746566791511
2004,1,II4_2,2.0,6577,51.318664169787766
2004,1,II4_2,1.0,6153,48.010299625468164
2004,1,II4_2,0.0,85,0.6632334581772784
2004,1,II4_2,9.0,1,0.007802746566791511
2004,1,II4_3,2.0,9466,73.86079900124844
2004,1,II4_3,1.0,3263,25.4603620474407
2004,1,II4_3,0.0,85,0.6632334581772784
2004,1,II4_3,9.0,2,0.015605493133583021
2004,1,II5,2.0,11938,93.14918851435705
2004,1,II5,0.0,777,6.062734082397004
2004,1,II5,1.0,100,0.7802746566791511
2004,1,II5,9.0,1,0.007802746566791511
2004,1,II5_1,0.0,12716,99.21972534332085
2004,1,II5_1,1.0,97,0.7568664169787765
2004,1,II5_1,2.0,3,0.023408239700374533
2004,1,II6,2.0,11920,93.00873907615481
2004,1,II6,0.0,777,6.062734082397004
2004,1,II6,1.0,118,0.9207240948813983
2004,1,II6,9.0,1,0.007802746566791511
2004,1,II6_1,0.0,12699,99.08707865168539
2004,1,II6_1,1.0,115,0.8973158551810237
2004,1,II6_1,12.0,1,0.007802746566791511
2004,1,II6_1,11.0,1,0.007802746566791511
2004,1,II7,1.0,8513,66.42478152309613
2004,1,II7,3.0,1891,14.754993757802746
2004,1,II7,6.0,907,7.0770911360799005
2004,1,II7,2.0,711,5.547752808988764
2004,1,II7,4.0,328,2.5593008739076155
2004,1,II7,8.0,207,1.6151685393258426
2004,1,II7,5.0,96,0.7490636704119851
2004,1,II7,0.0,84,0.6554307116104869
2004,1,II7,9.0,51,0.397940074906367
2004,1,II7,7.0,28,0.2184769038701623
2004,1,II8,1.0,7616,59.425717852684144
2004,1,II8,2.0,4850,37.84332084893882
2004,1,II8,3.0,213,1.6619850187265917
2004,1,II8,0.0,86,0.6710362047440699
2004,1,II8,4.0,50,0.39013732833957554
2004,1,II8,9.0,1,0.007802746566791511
2004,1,II9,1.0,12052,94.03870162297129
2004,1,II9,2.0,310,2.4188514357053683
2004,1,II9,3.0,250,1.9506866416978776
2004,1,II9,4.0,119,0.9285268414481898
2004,1,II9,0.0,84,0.6554307116104869
2004,1,II9,9.0,1,0.007802746566791511
2004,1,IV1,1.0,9956,77.68414481897628
2004,1,IV1,2.0,2699,21.059612983770286
2004,1,IV1,3.0,84,0.6554307116104869
2004,1,IV1,6.0,47,0.366729088639201
2004,1,IV1,4.0,23,0.17946317103620474
2004,1,IV1,5.0,7,0.054619225967540576
2004,1,IV10,1.0,11356,88.6079900124844
2004,1,IV10,2.0,1014,7.911985018726591
2004,1,IV10,3.0,289,2.2549937578027466
2004,1,IV10,0.0,156,1.2172284644194757
2004,1,IV10,9.0,1,0.007802746566791511
2004,1,IV11,1.0,8472,66.10486891385767
2004,1,IV11,2.0,2764,21.566791510611736
2004,1,IV11,3.0,1211,9.44912609238452
2004,1,IV11,4.0,201,1.5683520599250935
2004,1,IV11,0.0,160,1.2484394506866416
2004,1,IV11,9.0,8,0.062421972534332085
2004,1,IV12_1,2.0,11277,87.99157303370787
2004,1,IV12_1,1.0,1534,11.969413233458177
2004,1,IV12_1,0.0,5,0.03901373283395755
2004,1,IV12_2,2.0,11303,88.19444444444444
2004,1,IV12_2,1.0,1506,11.750936329588015
2004,1,IV12_2,0.0,7,0.054619225967540576
2004,1,IV12_3,2.0,12430,96.98813982521848
2004,1,IV12_3,1.0,380,2.965043695380774
2004,1,IV12_3,0.0,6,0.04681647940074907
2004,1,IV2,3.0,4421,34.49594257178527
2004,1,IV2,4.0,2934,22.89325842696629
2004,1,IV2,2.0,2706,21.11423220973783
2004,1,IV2,1.0,1250,9.753433208489389
2004,1,IV2,5.0,1011,7.888576779026217
2004,1,IV2,6.0,305,2.3798377028714106
2004,1,IV2,7.0,113,0.8817103620474407
2004,1,IV2,8.0,35,0.2730961298377029
2004,1,IV2,9.0,14,0.10923845193508115
2004,1,IV2,10.0,10,0.0780274656679151
2004,1,IV2,12.0,4,0.031210986267166042
2004,1,IV2,11.0,4,0.031210986267166042
2004,1,IV2,31.0,3,0.023408239700374533
2004,1,IV2,99.0,1,0.007802746566791511
2004,1,IV2,21.0,1,0.007802746566791511
2004,1,IV2,0.0,1,0.007802746566791511
2004,1,IV2,16.0,1,0.007802746566791511
2004,1,IV2,33.0,1,0.007802746566791511
2004,1,IV2,41.0,1,0.007802746566791511
2004,1,IV3,1.0,10132,79.05742821473159
2004,1,IV3,2.0,2432,18.976279650436954
2004,1,IV3,3.0,177,1.3810861423220975
2004,1,IV3,4.0,61,0.47596754057428214
2004,1,IV3,0.0,14,0.10923845193508115
2004,1,IV4,4.0,3755,29.299313358302122
2004,1,IV4,1.0,3340,26.061173533083647
2004,1,IV4,2.0,3063,23.899812734082396
2004,1,IV4,3.0,1332,10.393258426966293
2004,1,IV4,9.0,873,6.811797752808989
2004,1,IV4,5.0,260,2.0287141073657926
2004,1,IV4,7.0,109,0.8504993757802747
2004,1,IV4,6.0,72,0.5617977528089888
2004,1,IV4,0.0,12,0.09363295880149813
2004,1,IV5,1.0,10390,81.0705368289638
2004,1,IV5,2.0,2415,18.843632958801496
2004,1,IV5,0.0,8,0.062421972534332085
2004,1,IV5,9.0,3,0.023408239700374533
2004,1,IV6,1.0,11667,91.03464419475655
2004,1,IV6,2.0,1016,7.927590511860175
2004,1,IV6,3.0,118,0.9207240948813983
2004,1,IV6,0.0,15,0.11704119850187265
2004,1,IV7,1.0,12180,95.0374531835206
2004,1,IV7,2.0,550,4.2915106117353305
2004,1,IV7,3.0,43,0.33551810237203494
2004,1,IV7,4.0,39,0.30430711610486894
2004,1,IV7,0.0,3,0.023408239700374533
2004,1,IV7,9.0,1,0.007802746566791511
2004,1,IV8,1.0,12660,98.78277153558052
2004,1,IV8,2.0,152,1.1860174781523096
2004,1,IV8,0.0,4,0.031210986267166042
2004,1,IV9,1.0,11504,89.76279650436953
2004,1,IV9,2.0,1136,8.863920099875156
2004,1,IV9,0.0,159,1.2406367041198503
2004,1,IV9,3.0,17,0.13264669163545567
2004,2,II1,3.0,4728,34.238540082554856
2004,2,II1,4.0,3039,22.00738648707365
2004,2,II1,2.0,2888,20.91389673401405
2004,2,II1,1.0,1541,11.159388804402926
2004,2,II1,5.0,1005,7.277862263741039
2004,2,II1,6.0,306,2.2159461220942864
2004,2,II1,0.0,124,0.89796509522775
2004,2,II1,7.0,106,0.7676153233398508
2004,2,II1,8.0,44,0.3186327757259758
2004,2,II1,9.0,14,0.10138315591281048
2004,2,II1,10.0,5,0.03620826996886089
2004,2,II1,99.0,3,0.021724961981316532
2004,2,II1,12.0,3,0.021724961981316532
2004,2,II1,11.0,2,0.014483307987544354
2004,2,II1,16.0,1,0.007241653993772177
2004,2,II2,2.0,5727,41.47295242233326
2004,2,II2,1.0,4659,33.738865956984576
2004,2,II2,3.0,2804,20.305597798537185
2004,2,II2,4.0,433,3.135636179303353
2004,2,II2,0.0,124,0.89796509522775
2004,2,II2,5.0,51,0.36932435368238103
2004,2,II2,6.0,8,0.05793323195017742
2004,2,II2,99.0,2,0.014483307987544354
2004,2,II2,8.0,1,0.007241653993772177
2004,2,II3,2.0,12834,92.93938735607213
2004,2,II3,1.0,850,6.155405894706351
2004,2,II3,0.0,122,0.8834817872402057
2004,2,II3,9.0,3,0.021724961981316532
2004,2,II3_1,0.0,12959,93.84459410529365
2004,2,II3_1,1.0,799,5.78608154102397
2004,2,II3_1,2.0,40,0.2896661597508871
2004,2,II3_1,3.0,7,0.05069157795640524
2004,2,II3_1,4.0,4,0.02896661597508871
2004,2,II4_1,1.0,12796,92.66420450430878
2004,2,II4_1,2.0,888,6.430588746469693
2004,2,II4_1,0.0,122,0.8834817872402057
2004,2,II4_1,9.0,3,0.021724961981316532
2004,2,II4_2,2.0,7099,51.40850170178869
2004,2,II4_2,1.0,6585,47.686291548989786
2004,2,II4_2,0.0,121,0.8762401332464335
2004,2,II4_2,9.0,4,0.02896661597508871
2004,2,II4_3,2.0,10165,73.61141284669418
2004,2,II4_3,1.0,3519,25.483380404084294
2004,2,II4_3,0.0,121,0.8762401332464335
2004,2,II4_3,9.0,4,0.02896661597508871
2004,2,II5,2.0,12841,92.99007893402853
2004,2,II5,0.0,874,6.329205590556883
2004,2,II5,1.0,91,0.6589905134332682
2004,2,II5,9.0,3,0.021724961981316532
2004,2,II5_1,0.0,13718,99.34100948656673
2004,2,II5_1,1.0,90,0.651748859439496
2004,2,II5_1,2.0,1,0.007241653993772177
2004,2,II6,2.0,12818,92.82352089217177
2004,2,II6,0.0,874,6.329205590556883
2004,2,II6,1.0,114,0.8255485552900282
2004,2,II6,9.0,3,0.021724961981316532
2004,2,II6_1,0.0,13696,99.18169309870375
2004,2,II6_1,1.0,112,0.8110652473024839
2004,2,II6_1,12.0,1,0.007241653993772177
2004,2,II7,1.0,9099,65.89180968933304
2004,2,II7,3.0,2102,15.221956694909117
2004,2,II7,6.0,944,6.836121370120936
2004,2,II7,2.0,738,5.344340647403867
2004,2,II7,4.0,362,2.621478745745528
2004,2,II7,8.0,229,1.6583387645738286
2004,2,II7,0.0,120,0.8689984792526613
2004,2,II7,5.0,105,0.7603736693460786
2004,2,II7,9.0,64,0.46346585560141934
2004,2,II7,7.0,41,0.2969078137446593
2004,2,II7,99.0,5,0.03620826996886089
2004,2,II8,1.0,8353,60.489535809978996
2004,2,II8,2.0,5069,36.70794409443117
2004,2,II8,3.0,207,1.4990223767108408
2004,2,II8,0.0,122,0.8834817872402057
2004,2,II8,4.0,55,0.39829096965746974
2004,2,II8,9.0,3,0.021724961981316532
2004,2,II9,1.0,12919,93.55492794554276
2004,2,II9,2.0,328,2.3752625099572744
2004,2,II9,3.0,295,2.1362879281627922
2004,2,II9,4.0,144,1.0427981751031936
2004,2,II9,0.0,120,0.8689984792526613
2004,2,II9,9.0,3,0.021724961981316532
2004,2,IV1,1.0,10522,76.19668332247085
2004,2,IV1,2.0,3095,22.41291911072489
2004,2,IV1,3.0,86,0.6227822434644072
2004,2,IV1,4.0,49,0.3548410456948367
2004,2,IV1,6.0,46,0.3331160837135202
2004,2,IV1,5.0,11,0.07965819393149395
2004,2,IV10,1.0,12334,89.31856035918604
2004,2,IV10,2.0,981,7.104062567890506
2004,2,IV10,3.0,298,2.158012890144109
2004,2,IV10,0.0,196,1.4193641827793468
2004,2,IV11,1.0,9189,66.54355854877254
2004,2,IV11,2.0,2959,21.428054167571872
2004,2,IV11,3.0,1265,9.160692302121804
2004,2,IV11,0.0,193,1.3976392207980304
2004,2,IV11,4.0,191,1.383155912810486
2004,2,IV11,9.0,12,0.08689984792526613
2004,2,IV12_1,2.0,12183,88.22507060612644
2004,2,IV12_1,1.0,1619,11.724237815917155
2004,2,IV12_1,0.0,5,0.03620826996886089
2004,2,IV12_1,9.0,2,0.014483307987544354
2004,2,IV12_2,2.0,12279,88.92026938952857
2004,2,IV12_2,1.0,1525,11.043522340502571
2004,2,IV12_2,0.0,3,0.021724961981316532
2004,2,IV12_2,9.0,2,0.014483307987544354
2004,2,IV12_3,2.0,13372,96.83539720472156
2004,2,IV12_3,1.0,432,3.128394525309581
2004,2,IV12_3,0.0,3,0.021724961981316532
2004,2,IV12_3,9.0,2,0.014483307987544354
2004,2,IV2,3.0,4787,34.665797668187416
2004,2,IV2,4.0,3132,22.68086030849446
2004,2,IV2,2.0,2855,20.674922152219565
2004,2,IV2,1.0,1416,10.254182055181403
2004,2,IV2,5.0,1070,7.74856977333623
2004,2,IV2,6.0,335,2.4259540879136794
2004,2,IV2,7.0,123,0.8907234412339778
2004,2,IV2,8.0,45,0.325874429719748
2004,2,IV2,9.0,17,0.12310811789412703
2004,2,IV2,10.0,8,0.05793323195017742
2004,2,IV2,11.0,6,0.043449923962633065
2004,2,IV2,31.0,3,0.021724961981316532
2004,2,IV2,12.0,3,0.021724961981316532
2004,2,IV2,99.0,2,0.014483307987544354
2004,2,IV2,14.0,1,0.007241653993772177
2004,2,IV2,21.0,1,0.007241653993772177
2004,2,IV2,0.0,1,0.007241653993772177
2004,2,IV2,20.0,1,0.007241653993772177
2004,2,IV2,16.0,1,0.007241653993772177
2004,2,IV2,30.0,1,0.007241653993772177
2004,2,IV2,33.0,1,0.007241653993772177
2004,2,IV3,1.0,11017,79.78130204938807
2004,2,IV3,2.0,2533,18.343109566224925
2004,2,IV3,3.0,178,1.2890144108914476
2004,2,IV3,4.0,60,0.43449923962633064
2004,2,IV3,0.0,17,0.12310811789412703
2004,2,IV3,9.0,4,0.02896661597508871
2004,2,IV4,4.0,3877,28.07589253385473
2004,2,IV4,1.0,3730,27.011369396770224
2004,2,IV4,2.0,3326,24.085741183286263
2004,2,IV4,3.0,1406,10.181765515243681
2004,2,IV4,9.0,1009,7.306828879716127
2004,2,IV4,5.0,269,1.9480049243247157
2004,2,IV4,7.0,107,0.774856977333623
2004,2,IV4,6.0,77,0.5576073575204576
2004,2,IV4,0.0,8,0.05793323195017742
2004,2,IV5,1.0,11240,81.39619088999927
2004,2,IV5,2.0,2559,18.531392570063
2004,2,IV5,0.0,8,0.05793323195017742
2004,2,IV5,9.0,2,0.014483307987544354
2004,2,IV6,1.0,12676,91.79520602505612
2004,2,IV6,2.0,995,7.205445723803317
2004,2,IV6,3.0,121,0.8762401332464335
2004,2,IV6,0.0,15,0.10862480990658266
2004,2,IV6,9.0,2,0.014483307987544354
2004,2,IV7,1.0,13066,94.61945108262728
2004,2,IV7,2.0,632,4.576725324064016
2004,2,IV7,3.0,61,0.4417408936201028
2004,2,IV7,4.0,43,0.3113911217322036
2004,2,IV7,0.0,5,0.03620826996886089
2004,2,IV7,9.0,2,0.014483307987544354
2004,2,IV8,1.0,13618,98.61684408718952
2004,2,IV8,2.0,186,1.346947642841625
2004,2,IV8,0.0,3,0.021724961981316532
2004,2,IV8,9.0,2,0.014483307987544354
2004,2,IV9,1.0,12454,90.1875588384387
2004,2,IV9,2.0,1140,8.255485552900282
2004,2,IV9,0.0,194,1.4048808747918025
2004,2,IV9,3.0,20,0.14483307987544355
2004,2,IV9,9.0,1,0.007241653993772177
2004,3,II1,3.0,4800,34.76749239461104
2004,3,II1,4.0,3033,21.96870925684485
2004,3,II1,2.0,2861,20.72287411270462
2004,3,II1,1.0,1508,10.922787193973635
2004,3,II1,5.0,1013,7.337389540779371
2004,3,II1,6.0,324,2.346805736636245
2004,3,II1,0.0,115,0.8329711719542228
2004,3,II1,7.0,87,0.6301607996523251
2004,3,II1,8.0,39,0.2824858757062147
2004,3,II1,9.0,12,0.0869187309865276
2004,3,II1,10.0,9,0.0651890482398957
2004,3,II1,99.0,3,0.0217296827466319
2004,3,II1,11.0,1,0.007243227582210633
2004,3,II1,12.0,1,0.007243227582210633
2004,3,II2,2.0,5676,41.112559756627554
2004,3,II2,1.0,4660,33.75344053310155
2004,3,II2,3.0,2839,20.56352310589599
2004,3,II2,4.0,448,3.2449659568303635
2004,3,II2,0.0,115,0.8329711719542228
2004,3,II2,5.0,58,0.4201071997682167
2004,3,II2,6.0,7,0.05070259307547443
2004,3,II2,99.0,2,0.014486455164421265
2004,3,II2,7.0,1,0.007243227582210633
2004,3,II3,2.0,12910,93.51006808633927
2004,3,II3,1.0,778,5.635231058959873
2004,3,II3,0.0,116,0.8402143995364334
2004,3,II3,9.0,2,0.014486455164421265
2004,3,II3_1,0.0,13028,94.36476894104013
2004,3,II3_1,1.0,738,5.345501955671447
2004,3,II3_1,2.0,37,0.26799942054179343
2004,3,II3_1,3.0,2,0.014486455164421265
2004,3,II3_1,8.0,1,0.007243227582210633
2004,3,II4_1,1.0,12750,92.35115167318557
2004,3,II4_1,2.0,938,6.794147472113574
2004,3,II4_1,0.0,116,0.8402143995364334
2004,3,II4_1,9.0,2,0.014486455164421265
2004,3,II4_2,2.0,7031,50.92713313052296
2004,3,II4_2,1.0,6657,48.21816601477619
2004,3,II4_2,0.0,115,0.8329711719542228
2004,3,II4_2,9.0,3,0.0217296827466319
2004,3,II4_3,2.0,10202,73.89540779371288
2004,3,II4_3,1.0,3487,25.25713457916848
2004,3,II4_3,0.0,115,0.8329711719542228
2004,3,II4_3,9.0,2,0.014486455164421265
2004,3,II5,2.0,12850,93.07547443140663
2004,3,II5,0.0,880,6.374040272345357
2004,3,II5,1.0,72,0.5215123859191656
2004,3,II5,9.0,4,0.02897291032884253
2004,3,II5_1,0.0,13734,99.47848761408083
2004,3,II5_1,1.0,72,0.5215123859191656
2004,3,II6,2.0,12799,92.7060698247139
2004,3,II6,0.0,880,6.374040272345357
2004,3,II6,1.0,123,0.8909169926119078
2004,3,II6,9.0,4,0.02897291032884253
2004,3,II6_1,0.0,13683,99.1090830073881
2004,3,II6_1,1.0,123,0.8909169926119078
2004,3,II7,1.0,9096,65.88439808778791
2004,3,II7,3.0,2155,15.609155439663914
2004,3,II7,6.0,894,6.475445458496306
2004,3,II7,2.0,735,5.323772272924815
2004,3,II7,4.0,363,2.6292916123424597
2004,3,II7,8.0,239,1.7311313921483413
2004,3,II7,0.0,115,0.8329711719542228
2004,3,II7,5.0,88,0.6374040272345357
2004,3,II7,9.0,64,0.4635665652614805
2004,3,II7,7.0,54,0.39113428943937417
2004,3,II7,99.0,3,0.0217296827466319
2004,3,II8,1.0,8386,60.74170650441837
2004,3,II8,2.0,5039,36.49862378675938
2004,3,II8,3.0,219,1.5862668405041287
2004,3,II8,0.0,115,0.8329711719542228
2004,3,II8,4.0,45,0.3259452411994785
2004,3,II8,9.0,2,0.014486455164421265
2004,3,II9,1.0,12897,93.41590612777054
2004,3,II9,2.0,336,2.4337244676227727
2004,3,II9,3.0,300,2.17296827466319
2004,3,II9,4.0,156,1.1299435028248588
2004,3,II9,0.0,115,0.8329711719542228
2004,3,II9,9.0,2,0.014486455164421265
2004,3,IV1,1.0,10504,76.08286252354048
2004,3,IV1,2.0,3131,22.678545559901494
2004,3,IV1,3.0,87,0.6301607996523251
2004,3,IV1,6.0,37,0.26799942054179343
2004,3,IV1,4.0,36,0.2607561929595828
2004,3,IV1,5.0,10,0.07243227582210633
2004,3,IV1,,1,0.007243227582210633
2004,3,IV10,1.0,12355,89.49007677821237
2004,3,IV10,2.0,991,7.178038533970738
2004,3,IV10,3.0,272,1.9701579023612923
2004,3,IV10,0.0,187,1.3544835578733885
2004,3,IV10,,1,0.007243227582210633
2004,3,IV11,1.0,9274,67.17369259742141
2004,3,IV11,2.0,2891,20.94017094017094
2004,3,IV11,3.0,1211,8.771548602057077
2004,3,IV11,4.0,234,1.694915254237288
2004,3,IV11,0.0,186,1.3472403302911777
2004,3,IV11,9.0,9,0.0651890482398957
2004,3,IV11,,1,0.007243227582210633
2004,3,IV12_1,2.0,12258,88.78748370273794
2004,3,IV12_1,1.0,1542,11.169056931768797
2004,3,IV12_1,0.0,4,0.02897291032884253
2004,3,IV12_1,9.0,1,0.007243227582210633
2004,3,IV12_1,,1,0.007243227582210633
2004,3,IV12_2,2.0,12452,90.19266985368681
2004,3,IV12_2,1.0,1350,9.778357235984355
2004,3,IV12_2,0.0,2,0.014486455164421265
2004,3,IV12_2,9.0,1,0.007243227582210633
2004,3,IV12_2,,1,0.007243227582210633
2004,3,IV12_3,2.0,13480,97.63870780819933
2004,3,IV12_3,1.0,322,2.3323192814718237
2004,3,IV12_3,0.0,2,0.014486455164421265
2004,3,IV12_3,9.0,1,0.007243227582210633
2004,3,IV12_3,,1,0.007243227582210633
2004,3,IV2,3.0,4867,35.25278864261915
2004,3,IV2,4.0,3120,22.598870056497177
2004,3,IV2,2.0,2811,20.360712733594088
2004,3,IV2,1.0,1384,10.024626973779515
2004,3,IV2,5.0,1077,7.800956106040852
2004,3,IV2,6.0,358,2.593075474431407
2004,3,IV2,7.0,113,0.8184847167898015
2004,3,IV2,8.0,43,0.3114587860350572
2004,3,IV2,9.0,14,0.10140518615094886
2004,3,IV2,10.0,9,0.0651890482398957
2004,3,IV2,31.0,2,0.014486455164421265
2004,3,IV2,14.0,1,0.007243227582210633
2004,3,IV2,20.0,1,0.007243227582210633
2004,3,IV2,,1,0.007243227582210633
2004,3,IV2,11.0,1,0.007243227582210633
2004,3,IV2,12.0,1,0.007243227582210633
2004,3,IV2,30.0,1,0.007243227582210633
2004,3,IV2,99.0,1,0.007243227582210633
2004,3,IV2,0.0,1,0.007243227582210633
2004,3,IV3,1.0,11030,79.89280023178328
2004,3,IV3,2.0,2498,18.09358250036216
2004,3,IV3,3.0,186,1.3472403302911777
2004,3,IV3,4.0,69,0.4997827031725337
2004,3,IV3,0.0,18,0.1303780964797914
2004,3,IV3,9.0,4,0.02897291032884253
2004,3,IV3,,1,0.007243227582210633
2004,3,IV4,4.0,3958,28.668694770389685
2004,3,IV4,1.0,3605,26.11183543386933
2004,3,IV4,2.0,3414,24.7283789656671
2004,3,IV4,3.0,1332,9.647979139504564
2004,3,IV4,9.0,1036,7.503983775170216
2004,3,IV4,5.0,248,1.796320440388237
2004,3,IV4,7.0,127,0.9198899029407503
2004,3,IV4,6.0,77,0.5577285238302188
2004,3,IV4,0.0,8,0.05794582065768506
2004,3,IV4,,1,0.007243227582210633
2004,3,IV5,1.0,11274,81.66014776184268
2004,3,IV5,2.0,2521,18.260176734753006
2004,3,IV5,0.0,7,0.05070259307547443
2004,3,IV5,9.0,3,0.0217296827466319
2004,3,IV5,,1,0.007243227582210633
2004,3,IV6,1.0,12710,92.06142256989715
2004,3,IV6,2.0,954,6.910039113428944
2004,3,IV6,3.0,124,0.8981602201941185
2004,3,IV6,0.0,15,0.10864841373315949
2004,3,IV6,9.0,2,0.014486455164421265
2004,3,IV6,,1,0.007243227582210633
2004,3,IV7,1.0,13067,94.64725481674634
2004,3,IV7,2.0,625,4.527017238881646
2004,3,IV7,3.0,61,0.4418368825148486
2004,3,IV7,4.0,45,0.3259452411994785
2004,3,IV7,0.0,6,0.0434593654932638
2004,3,IV7,9.0,1,0.007243227582210633
2004,3,IV7,,1,0.007243227582210633
2004,3,IV8,1.0,13623,98.67448935245545
2004,3,IV8,2.0,178,1.2892945096334927
2004,3,IV8,0.0,3,0.0217296827466319
2004,3,IV8,9.0,1,0.007243227582210633
2004,3,IV8,,1,0.007243227582210633
2004,3,IV9,1.0,12433,90.0550485296248
2004,3,IV9,2.0,1171,8.481819498768651
2004,3,IV9,0.0,184,1.3327538751267565
2004,3,IV9,3.0,16,0.11589164131537012
2004,3,IV9,,1,0.007243227582210633
2004,3,IV9,9.0,1,0.007243227582210633
2004,4,II1,3.0,4744,35.14855152996962
2004,4,II1,4.0,3013,22.32347929169445
2004,4,II1,2.0,2771,20.530488256649626
2004,4,II1,1.0,1443,10.691264725494554
2004,4,II1,5.0,965,7.149736978587835
2004,4,II1,6.0,328,2.4301696673334816
2004,4,II1,7.0,86,0.6371786322886568
2004,4,II1,0.0,86,0.6371786322886568
2004,4,II1,8.0,36,0.26672593909757725
2004,4,II1,10.0,11,0.08149959250203749
2004,4,II1,9.0,10,0.0740905386382159
2004,4,II1,99.0,3,0.02222716159146477
2004,4,II1,11.0,1,0.00740905386382159
2004,4,II2,2.0,5505,40.78684152033785
2004,4,II2,1.0,4560,33.78528561902645
2004,4,II2,3.0,2830,20.967622434615098
2004,4,II2,4.0,449,3.326665184855894
2004,4,II2,0.0,86,0.6371786322886568
2004,4,II2,5.0,54,0.40008890864636587
2004,4,II2,6.0,8,0.05927243091057272
2004,4,II2,99.0,2,0.01481810772764318
2004,4,II2,7.0,2,0.01481810772764318
2004,4,II2,9.0,1,0.00740905386382159
2004,4,II3,2.0,12672,93.8875305623472
2004,4,II3,1.0,737,5.460472697636511
2004,4,II3,0.0,86,0.6371786322886568
2004,4,II3,9.0,2,0.01481810772764318
2004,4,II3_1,0.0,12760,94.53952730236348
2004,4,II3_1,1.0,702,5.201155812402757
2004,4,II3_1,2.0,30,0.2222716159146477
2004,4,II3_1,3.0,2,0.01481810772764318
2004,4,II3_1,4.0,2,0.01481810772764318
2004,4,II3_1,8.0,1,0.00740905386382159
2004,4,II4_1,1.0,12522,92.77617248277394
2004,4,II4_1,2.0,887,6.57183077720975
2004,4,II4_1,0.0,86,0.6371786322886568
2004,4,II4_1,9.0,2,0.01481810772764318
2004,4,II4_2,2.0,6846,50.722382751722606
2004,4,II4_2,1.0,6563,48.62562050826109
2004,4,II4_2,0.0,86,0.6371786322886568
2004,4,II4_2,9.0,2,0.01481810772764318
2004,4,II4_3,2.0,10002,74.10535674594354
2004,4,II4_3,1.0,3407,25.242646514040157
2004,4,II4_3,0.0,86,0.6371786322886568
2004,4,II4_3,9.0,2,0.01481810772764318
2004,4,II5,2.0,12621,93.50966881529229
2004,4,II5,0.0,808,5.986515521967845
2004,4,II5,1.0,64,0.4741794472845818
2004,4,II5,9.0,4,0.02963621545528636
2004,4,II5_1,0.0,13433,99.52582055271542
2004,4,II5_1,1.0,64,0.4741794472845818
2004,4,II6,2.0,12574,93.16144328369268
2004,4,II6,0.0,808,5.986515521967845
2004,4,II6,1.0,111,0.8224049788841965
2004,4,II6,9.0,4,0.02963621545528636
2004,4,II6_1,0.0,13386,99.1775950211158
2004,4,II6_1,1.0,110,0.8149959250203749
2004,4,II6_1,2.0,1,0.00740905386382159
2004,4,II7,1.0,8986,66.5777580203008
2004,4,II7,3.0,2133,15.803511891531452
2004,4,II7,6.0,893,6.6162851003926795
2004,4,II7,2.0,686,5.082610950581611
2004,4,II7,4.0,338,2.5042602059716974
2004,4,II7,8.0,189,1.4003111802622805
2004,4,II7,0.0,86,0.6371786322886568
2004,4,II7,5.0,86,0.6371786322886568
2004,4,II7,9.0,55,0.40749796251018744
2004,4,II7,7.0,43,0.3185893161443284
2004,4,II7,99.0,2,0.01481810772764318
2004,4,II8,1.0,8171,60.53937912128621
2004,4,II8,2.0,4994,37.00081499592502
2004,4,II8,3.0,197,1.4595836111728533
2004,4,II8,0.0,86,0.6371786322886568
2004,4,II8,4.0,47,0.3482255315996147
2004,4,II8,9.0,2,0.01481810772764318
2004,4,II9,1.0,12654,93.7541675927984
2004,4,II9,2.0,322,2.385715344150552
2004,4,II9,3.0,284,2.1041712973253315
2004,4,II9,4.0,148,1.0965399718455953
2004,4,II9,0.0,86,0.6371786322886568
2004,4,II9,9.0,3,0.02222716159146477
2004,4,IV1,1.0,10245,75.90575683485218
2004,4,IV1,2.0,3079,22.812476846706677
2004,4,IV1,3.0,88,0.6519967400162999
2004,4,IV1,6.0,45,0.33340742387197153
2004,4,IV1,4.0,33,0.24449877750611246
2004,4,IV1,5.0,7,0.05186337704675113
2004,4,IV10,1.0,12068,89.41246202859895
2004,4,IV10,2.0,1013,7.505371564051271
2004,4,IV10,3.0,259,1.9189449507297918
2004,4,IV10,0.0,157,1.1632214566199897
2004,4,IV11,1.0,9050,67.05193746758539
2004,4,IV11,2.0,2882,21.352893235533823
2004,4,IV11,3.0,1137,8.424094243165149
2004,4,IV11,4.0,258,1.9115358968659701
2004,4,IV11,0.0,160,1.1854486182114543
2004,4,IV11,9.0,10,0.0740905386382159
2004,4,IV12_1,2.0,12108,89.7088241831518
2004,4,IV12_1,1.0,1382,10.239312439801438
2004,4,IV12_1,0.0,6,0.04445432318292954
2004,4,IV12_1,9.0,1,0.00740905386382159
2004,4,IV12_2,2.0,12242,90.7016374009039
2004,4,IV12_2,1.0,1251,9.268726383640809
2004,4,IV12_2,0.0,3,0.02222716159146477
2004,4,IV12_2,9.0,1,0.00740905386382159
2004,4,IV12_3,2.0,13264,98.27369044972957
2004,4,IV12_3,1.0,229,1.6966733348151442
2004,4,IV12_3,0.0,3,0.02222716159146477
2004,4,IV12_3,9.0,1,0.00740905386382159
2004,4,IV2,3.0,4796,35.53382233088835
2004,4,IV2,4.0,3097,22.945839816255464
2004,4,IV2,2.0,2724,20.182262725050013
2004,4,IV2,1.0,1325,9.816996369563606
2004,4,IV2,5.0,1025,7.594280210417129
2004,4,IV2,6.0,359,2.659850337111951
2004,4,IV2,7.0,100,0.740905386382159
2004,4,IV2,8.0,43,0.3185893161443284
2004,4,IV2,10.0,12,0.08890864636585907
2004,4,IV2,9.0,11,0.08149959250203749
2004,4,IV2,99.0,2,0.01481810772764318
2004,4,IV2,11.0,1,0.00740905386382159
2004,4,IV2,31.0,1,0.00740905386382159
2004,4,IV2,0.0,1,0.00740905386382159
2004,4,IV3,1.0,10772,79.81032822108617
2004,4,IV3,2.0,2479,18.36704452841372
2004,4,IV3,3.0,174,1.2891753723049566
2004,4,IV3,4.0,56,0.41490701637400906
2004,4,IV3,0.0,14,0.10372675409350227
2004,4,IV3,9.0,2,0.01481810772764318
2004,4,IV4,4.0,3955,29.30280803141439
2004,4,IV4,1.0,3377,25.02037489812551
2004,4,IV4,2.0,3313,24.546195450840926
2004,4,IV4,3.0,1325,9.816996369563606
2004,4,IV4,9.0,1088,8.06105060383789
2004,4,IV4,5.0,231,1.7114914425427872
2004,4,IV4,7.0,134,0.9928132177520931
2004,4,IV4,6.0,67,0.49640660887604654
2004,4,IV4,0.0,7,0.05186337704675113
2004,4,IV5,1.0,11003,81.52181966362896
2004,4,IV5,2.0,2486,18.418907905460472
2004,4,IV5,0.0,5,0.03704526931910795
2004,4,IV5,9.0,3,0.02222716159146477
2004,4,IV6,1.0,12395,91.8352226420686
2004,4,IV6,2.0,977,7.238645624953693
2004,4,IV6,3.0,111,0.8224049788841965
2004,4,IV6,0.0,12,0.08890864636585907
2004,4,IV6,9.0,2,0.01481810772764318
2004,4,IV7,1.0,12823,95.00629769578426
2004,4,IV7,2.0,584,4.326887456471809
2004,4,IV7,4.0,42,0.31118026228050677
2004,4,IV7,3.0,41,0.3037712084166852
2004,4,IV7,0.0,5,0.03704526931910795
2004,4,IV7,9.0,2,0.01481810772764318
2004,4,IV8,1.0,13342,98.85159665110766
2004,4,IV8,2.0,151,1.1187671334370601
2004,4,IV8,0.0,3,0.02222716159146477
2004,4,IV8,9.0,1,0.00740905386382159
2004,4,IV9,1.0,12151,90.02741349929615
2004,4,IV9,2.0,1171,8.676002074535083
2004,4,IV9,0.0,156,1.155812402756168
2004,4,IV9,3.0,19,0.14077202341261022
2005,1,II1,3.0,4737,34.838567331028905
2005,1,II1,4.0,3033,22.306391115687283
2005,1,II1,2.0,2796,20.56335956460984
2005,1,II1,1.0,1439,10.58321688607781
2005,1,II1,5.0,1031,7.582554975362212
2005,1,II1,6.0,303,2.228432742516732
2005,1,II1,7.0,117,0.8604839302787379
2005,1,II1,0.0,71,0.5221740089725675
2005,1,II1,8.0,41,0.30153710377289106
2005,1,II1,9.0,13,0.09560932558652643
2005,1,II1,10.0,7,0.05148194454659116
2005,1,II1,99.0,5,0.0367728175332794
2005,1,II1,11.0,3,0.02206369051996764
2005,1,II1,12.0,1,0.00735456350665588
2005,1,II2,2.0,5625,41.36941972493933
2005,1,II2,1.0,4600,33.83099213061705
2005,1,II2,3.0,2794,20.548650437596528
2005,1,II2,4.0,451,3.316908141501802
2005,1,II2,0.0,71,0.5221740089725675
2005,1,II2,5.0,42,0.308891667279547
2005,1,II2,6.0,6,0.04412738103993528
2005,1,II2,99.0,4,0.02941825402662352
2005,1,II2,7.0,2,0.01470912701331176
2005,1,II2,8.0,1,0.00735456350665588
2005,1,II2,9.0,1,0.00735456350665588
2005,1,II3,2.0,12751,93.77803927336913
2005,1,II3,1.0,772,5.677723027138339
2005,1,II3,0.0,71,0.5221740089725675
2005,1,II3,9.0,3,0.02206369051996764
2005,1,II3_1,0.0,12825,94.32227697286166
2005,1,II3_1,1.0,732,5.383540486872104
2005,1,II3_1,2.0,34,0.2500551592262999
2005,1,II3_1,3.0,4,0.02941825402662352
2005,1,II3_1,4.0,2,0.01470912701331176
2005,1,II4_1,1.0,12672,93.19702875634331
2005,1,II4_1,2.0,851,6.258733544164154
2005,1,II4_1,0.0,71,0.5221740089725675
2005,1,II4_1,9.0,3,0.02206369051996764
2005,1,II4_2,2.0,6967,51.23924395087152
2005,1,II4_2,1.0,6556,48.21651834963595
2005,1,II4_2,0.0,71,0.5221740089725675
2005,1,II4_2,9.0,3,0.02206369051996764
2005,1,II4_3,2.0,9996,73.51621681253218
2005,1,II4_3,1.0,3527,25.939545487975288
2005,1,II4_3,0.0,71,0.5221740089725675
2005,1,II4_3,9.0,3,0.02206369051996764
2005,1,II5,2.0,12728,93.60888431271604
2005,1,II5,0.0,787,5.788041479738178
2005,1,II5,1.0,79,0.5810105170258145
2005,1,II5,9.0,3,0.02206369051996764
2005,1,II5_1,0.0,13518,99.41898948297418
2005,1,II5_1,1.0,79,0.5810105170258145
2005,1,II6,2.0,12695,93.3661837169964
2005,1,II6,0.0,787,5.788041479738178
2005,1,II6,1.0,112,0.8237111127454586
2005,1,II6,9.0,3,0.02206369051996764
2005,1,II6_1,0.0,13486,99.1836434507612
2005,1,II6_1,1.0,110,0.8090019857321468
2005,1,II6_1,2.0,1,0.00735456350665588
2005,1,II7,1.0,9060,66.63234537030228
2005,1,II7,3.0,2161,15.893211737883357
2005,1,II7,6.0,876,6.442597631830551
2005,1,II7,2.0,704,5.177612708685739
2005,1,II7,4.0,353,2.5961609178495255
2005,1,II7,8.0,184,1.353239685224682
2005,1,II7,5.0,103,0.7575200411855556
2005,1,II7,0.0,70,0.5148194454659116
2005,1,II7,9.0,49,0.36037361182613814
2005,1,II7,7.0,32,0.23534603221298817
2005,1,II7,99.0,5,0.0367728175332794
2005,1,II8,1.0,8256,60.719276310950946
2005,1,II8,2.0,5062,37.228800470692065
2005,1,II8,3.0,161,1.1840847245715966
2005,1,II8,0.0,71,0.5221740089725675
2005,1,II8,4.0,43,0.31624623078620284
2005,1,II8,9.0,4,0.02941825402662352
2005,1,II9,1.0,12817,94.26344046480841
2005,1,II9,2.0,302,2.2210781790100755
2005,1,II9,3.0,263,1.9342502022504964
2005,1,II9,4.0,141,1.0369934544384791
2005,1,II9,0.0,70,0.5148194454659116
2005,1,II9,9.0,4,0.02941825402662352
2005,1,IV1,1.0,10405,76.52423328675444
2005,1,IV1,2.0,3022,22.22549091711407
2005,1,IV1,3.0,82,0.6030742075457821
2005,1,IV1,6.0,44,0.3236007942928587
2005,1,IV1,4.0,33,0.24270059571964403
2005,1,IV1,5.0,11,0.08090019857321468
2005,1,IV10,1.0,12171,89.51239243950872
2005,1,IV10,2.0,1018,7.486945649775686
2005,1,IV10,3.0,261,1.9195410752371846
2005,1,IV10,0.0,147,1.0811208354784143
2005,1,IV11,1.0,9135,67.18393763330147
2005,1,IV11,2.0,2917,21.453261748915203
2005,1,IV11,3.0,1127,8.288593072001177
2005,1,IV11,4.0,267,1.96366845627712
2005,1,IV11,0.0,148,1.0884753989850702
2005,1,IV11,9.0,3,0.02206369051996764
2005,1,IV12_1,2.0,12206,89.76980216224167
2005,1,IV12_1,1.0,1390,10.222843274251673
2005,1,IV12_1,9.0,1,0.00735456350665588
2005,1,IV12_2,2.0,12287,90.3655218062808
2005,1,IV12_2,1.0,1309,9.627123630212546
2005,1,IV12_2,9.0,1,0.00735456350665588
2005,1,IV12_3,2.0,13314,97.91865852761639
2005,1,IV12_3,1.0,282,2.0739869088769582
2005,1,IV12_3,9.0,1,0.00735456350665588
2005,1,IV2,3.0,4776,35.12539530778848
2005,1,IV2,4.0,3095,22.762374053099947
2005,1,IV2,2.0,2754,20.254467897330294
2005,1,IV2,1.0,1334,9.810987717878945
2005,1,IV2,5.0,1099,8.082665293814813
2005,1,IV2,6.0,328,2.4122968301831285
2005,1,IV2,7.0,126,0.9266750018386408
2005,1,IV2,8.0,50,0.367728175332794
2005,1,IV2,9.0,18,0.13238214311980584
2005,1,IV2,10.0,9,0.06619107155990292
2005,1,IV2,11.0,3,0.02206369051996764
2005,1,IV2,99.0,2,0.01470912701331176
2005,1,IV2,21.0,1,0.00735456350665588
2005,1,IV2,12.0,1,0.00735456350665588
2005,1,IV2,31.0,1,0.00735456350665588
2005,1,IV3,1.0,10903,80.18680591306907
2005,1,IV3,2.0,2460,18.092226226373466
2005,1,IV3,3.0,165,1.21350297859822
2005,1,IV3,4.0,57,0.41921011987938517
2005,1,IV3,0.0,10,0.0735456350665588
2005,1,IV3,9.0,2,0.01470912701331176
2005,1,IV4,4.0,3880,28.535706405824815
2005,1,IV4,1.0,3561,26.189600647201587
2005,1,IV4,2.0,3235,23.79201294403177
2005,1,IV4,3.0,1407,10.347870853864823
2005,1,IV4,9.0,1080,7.942928587188351
2005,1,IV4,5.0,248,1.8239317496506582
2005,1,IV4,7.0,115,0.8457748032654262
2005,1,IV4,6.0,62,0.45598293741266455
2005,1,IV4,0.0,9,0.06619107155990292
2005,1,IV5,1.0,11179,82.21666544090608
2005,1,IV5,2.0,2414,17.753916305067293
2005,1,IV5,9.0,3,0.02206369051996764
2005,1,IV5,0.0,1,0.00735456350665588
2005,1,IV6,1.0,12508,91.99088034125175
2005,1,IV6,2.0,981,7.214826800029418
2005,1,IV6,3.0,93,0.6839744061189968
2005,1,IV6,0.0,14,0.10296388909318233
2005,1,IV6,9.0,1,0.00735456350665588
2005,1,IV7,1.0,12872,94.66794145767449
2005,1,IV7,2.0,637,4.6848569537397955
2005,1,IV7,4.0,42,0.308891667279547
2005,1,IV7,3.0,41,0.30153710377289106
2005,1,IV7,0.0,3,0.02206369051996764
2005,1,IV7,9.0,2,0.01470912701331176
2005,1,IV8,1.0,13453,98.94094285504156
2005,1,IV8,2.0,143,1.0517025814517909
2005,1,IV8,9.0,1,0.00735456350665588
2005,1,IV9,1.0,12300,90.46113113186732
2005,1,IV9,2.0,1133,8.332720453041112
2005,1,IV9,0.0,146,1.0737662719717584
2005,1,IV9,3.0,18,0.13238214311980584
2005,2,II1,3.0,4658,34.47561246391829
2005,2,II1,4.0,3048,22.559396047664865
2005,2,II1,2.0,2750,20.353785804159575
2005,2,II1,1.0,1449,10.72459477462808
2005,2,II1,5.0,1060,7.845459255421509
2005,2,II1,6.0,290,2.1463992302568276
2005,2,II1,7.0,106,0.7845459255421509
2005,2,II1,0.0,79,0.5847087558285842
2005,2,II1,8.0,41,0.3034564428983791
2005,2,II1,9.0,15,0.1110206498408704
2005,2,II1,99.0,5,0.037006883280290136
2005,2,II1,11.0,5,0.037006883280290136
2005,2,II1,10.0,3,0.022204129968174082
2005,2,II1,12.0,2,0.014802753312116054
2005,2,II2,2.0,5578,41.28487898749167
2005,2,II2,1.0,4542,33.61705277181556
2005,2,II2,3.0,2791,20.65724224705795
2005,2,II2,4.0,468,3.4638442750351564
2005,2,II2,0.0,79,0.5847087558285842
2005,2,II2,5.0,41,0.3034564428983791
2005,2,II2,99.0,4,0.029605506624232107
2005,2,II2,6.0,4,0.029605506624232107
2005,2,II2,8.0,3,0.022204129968174082
2005,2,II2,7.0,1,0.007401376656058027
2005,2,II3,2.0,12658,93.68662571238251
2005,2,II3,1.0,772,5.713862778476797
2005,2,II3,0.0,80,0.5921101324846422
2005,2,II3,9.0,1,0.007401376656058027
2005,2,II3_1,0.0,12739,94.2861372215232
2005,2,II3_1,1.0,725,5.36599807564207
2005,2,II3_1,2.0,42,0.31085781955443714
2005,2,II3_1,3.0,4,0.029605506624232107
2005,2,II3_1,4.0,1,0.007401376656058027
2005,2,II4_1,1.0,12519,92.65783435719044
2005,2,II4_1,2.0,911,6.742654133668863
2005,2,II4_1,0.0,80,0.5921101324846422
2005,2,II4_1,9.0,1,0.007401376656058027
2005,2,II4_2,2.0,6948,51.42476500629117
2005,2,II4_2,1.0,6482,47.97572348456813
2005,2,II4_2,0.0,79,0.5847087558285842
2005,2,II4_2,9.0,2,0.014802753312116054
2005,2,II4_3,2.0,9929,73.48826881800015
2005,2,II4_3,1.0,3501,25.912219672859152
2005,2,II4_3,0.0,80,0.5921101324846422
2005,2,II4_3,9.0,1,0.007401376656058027
2005,2,II5,2.0,12608,93.31655687957961
2005,2,II5,0.0,831,6.15054400118422
2005,2,II5,1.0,71,0.5254977425801199
2005,2,II5,9.0,1,0.007401376656058027
2005,2,II5_1,0.0,13440,99.47450225741989
2005,2,II5_1,1.0,70,0.5180963659240618
2005,2,II5_1,2.0,1,0.007401376656058027
2005,2,II6,2.0,12566,93.00569906002517
2005,2,II6,0.0,831,6.15054400118422
2005,2,II6,1.0,113,0.836355562134557
2005,2,II6,9.0,1,0.007401376656058027
2005,2,II6_1,0.0,13399,99.1710458145215
2005,2,II6_1,1.0,112,0.828954185478499
2005,2,II7,1.0,8863,65.59840130264229
2005,2,II7,3.0,2194,16.23862038339131
2005,2,II7,6.0,876,6.483605950706831
2005,2,II7,2.0,737,5.454814595514765
2005,2,II7,4.0,353,2.6126859595884833
2005,2,II7,8.0,191,1.4136629413070831
2005,2,II7,5.0,106,0.7845459255421509
2005,2,II7,0.0,78,0.5773073791725261
2005,2,II7,9.0,74,0.5477018725482939
2005,2,II7,7.0,35,0.2590481829620309
2005,2,II7,99.0,4,0.029605506624232107
2005,2,II8,1.0,8212,60.780105099548514
2005,2,II8,2.0,5013,37.10310117681889
2005,2,II8,3.0,157,1.1620161350011102
2005,2,II8,0.0,79,0.5847087558285842
2005,2,II8,4.0,48,0.3552660794907853
2005,2,II8,9.0,2,0.014802753312116054
2005,2,II9,1.0,12707,94.04929316852935
2005,2,II9,2.0,321,2.375841906594627
2005,2,II9,3.0,266,1.968766190511435
2005,2,II9,4.0,138,1.0213899785360077
2005,2,II9,0.0,78,0.5773073791725261
2005,2,II9,9.0,1,0.007401376656058027
2005,2,IV1,1.0,10376,76.79668418325808
2005,2,IV1,2.0,2960,21.90807490193176
2005,2,IV1,3.0,75,0.5551032492043521
2005,2,IV1,6.0,49,0.3626674561468433
2005,2,IV1,4.0,37,0.27385093627414697
2005,2,IV1,5.0,14,0.10361927318481237
2005,2,IV10,1.0,12121,89.71208644807935
2005,2,IV10,2.0,971,7.186736733032344
2005,2,IV10,3.0,272,2.0131744504477833
2005,2,IV10,0.0,147,1.08800236844053
2005,2,IV11,1.0,9163,67.8188142994597
2005,2,IV11,2.0,2850,21.093923469765375
2005,2,IV11,3.0,1061,7.852860632077566
2005,2,IV11,4.0,281,2.0797868403523054
2005,2,IV11,0.0,148,1.0954037450965879
2005,2,IV11,9.0,8,0.059211013248464214
2005,2,IV12_1,2.0,12115,89.667678188143
2005,2,IV12_1,1.0,1392,10.302716305232773
2005,2,IV12_1,0.0,3,0.022204129968174082
2005,2,IV12_1,9.0,1,0.007401376656058027
2005,2,IV12_2,2.0,12238,90.57804751683813
2005,2,IV12_2,1.0,1271,9.407149729849753
2005,2,IV12_2,9.0,1,0.007401376656058027
2005,2,IV12_2,0.0,1,0.007401376656058027
2005,2,IV12_3,2.0,13190,97.62415809340537
2005,2,IV12_3,1.0,318,2.3536377766264525
2005,2,IV12_3,0.0,2,0.014802753312116054
2005,2,IV12_3,9.0,1,0.007401376656058027
2005,2,IV2,3.0,4698,34.77166753016061
2005,2,IV2,4.0,3105,22.98127451706017
2005,2,IV2,2.0,2713,20.079934867885427
2005,2,IV2,1.0,1345,9.954851602398046
2005,2,IV2,5.0,1125,8.32654873806528
2005,2,IV2,6.0,312,2.3092295166901042
2005,2,IV2,7.0,124,0.9177707053511953
2005,2,IV2,8.0,51,0.37747020945895937
2005,2,IV2,9.0,23,0.17023166308933463
2005,2,IV2,11.0,5,0.037006883280290136
2005,2,IV2,10.0,5,0.037006883280290136
2005,2,IV2,12.0,2,0.014802753312116054
2005,2,IV2,14.0,1,0.007401376656058027
2005,2,IV2,21.0,1,0.007401376656058027
2005,2,IV2,99.0,1,0.007401376656058027
2005,2,IV3,1.0,10868,80.43816149803864
2005,2,IV3,2.0,2376,17.58567093479387
2005,2,IV3,3.0,191,1.4136629413070831
2005,2,IV3,4.0,59,0.4366812227074236
2005,2,IV3,0.0,10,0.07401376656058027
2005,2,IV3,9.0,7,0.051809636592406186
2005,2,IV4,4.0,3800,28.1252312930205
2005,2,IV4,1.0,3635,26.904004144770926
2005,2,IV4,2.0,3242,23.995263118940123
2005,2,IV4,3.0,1323,9.792021315964769
2005,2,IV4,9.0,1049,7.7640441122048705
2005,2,IV4,5.0,270,1.9983716971356673
2005,2,IV4,7.0,114,0.8437569387906151
2005,2,IV4,6.0,67,0.4958922359558878
2005,2,IV4,0.0,11,0.0814151432166383
2005,2,IV5,1.0,11138,82.4365331951743
2005,2,IV5,2.0,2366,17.51165716823329
2005,2,IV5,9.0,4,0.029605506624232107
2005,2,IV5,0.0,3,0.022204129968174082
2005,2,IV6,1.0,12456,92.19154762785878
2005,2,IV6,2.0,952,7.046110576567242
2005,2,IV6,3.0,82,0.6069128857967582
2005,2,IV6,0.0,20,0.14802753312116054
2005,2,IV6,9.0,1,0.007401376656058027
2005,2,IV7,1.0,12773,94.53778402782918
2005,2,IV7,2.0,637,4.714676929908963
2005,2,IV7,4.0,55,0.4070757160831915
2005,2,IV7,3.0,40,0.2960550662423211
2005,2,IV7,0.0,5,0.037006883280290136
2005,2,IV7,9.0,1,0.007401376656058027
2005,2,IV8,1.0,13367,98.93420176152765
2005,2,IV8,2.0,143,1.0583968618162978
2005,2,IV8,9.0,1,0.007401376656058027
2005,2,IV9,1.0,12257,90.71867367330323
2005,2,IV9,2.0,1076,7.963881281918437
2005,2,IV9,0.0,149,1.102805121752646
2005,2,IV9,3.0,28,0.20723854636962474
2005,2,IV9,9.0,1,0.007401376656058027
2005,3,II1,3.0,4724,34.21452886217136
2005,3,II1,4.0,3011,21.80777866299703
2005,3,II1,2.0,2953,21.387701890345475
2005,3,II1,1.0,1505,10.90026798001014
2005,3,II1,5.0,1046,7.575867313681466
2005,3,II1,6.0,334,2.4190627942348084
2005,3,II1,7.0,96,0.6952994857680886
2005,3,II1,0.0,78,0.564930832186572
2005,3,II1,8.0,41,0.29695082204678785
2005,3,II1,9.0,10,0.07242702976750924
2005,3,II1,10.0,5,0.03621351488375462
2005,3,II1,11.0,3,0.02172810893025277
2005,3,II1,12.0,1,0.007242702976750923
2005,3,II2,2.0,5625,40.740204244223946
2005,3,II2,1.0,4801,34.772216991381185
2005,3,II2,3.0,2792,20.22162671108858
2005,3,II2,4.0,451,3.2664590425146667
2005,3,II2,0.0,78,0.564930832186572
2005,3,II2,5.0,53,0.38386325776779895
2005,3,II2,6.0,5,0.03621351488375462
2005,3,II2,8.0,2,0.014485405953501847
2005,3,II3,2.0,12980,94.01028463822699
2005,3,II3,1.0,747,5.41029912363294
2005,3,II3,0.0,79,0.5721735351633229
2005,3,II3,9.0,1,0.007242702976750923
2005,3,II3_1,0.0,13060,94.58970087636706
2005,3,II3_1,1.0,709,5.135076410516405
2005,3,II3_1,2.0,35,0.25349460418628234
2005,3,II3_1,4.0,2,0.014485405953501847
2005,3,II3_1,3.0,1,0.007242702976750923
2005,3,II4_1,1.0,12675,91.80126023031795
2005,3,II4_1,2.0,1052,7.619323531541972
2005,3,II4_1,0.0,79,0.5721735351633229
2005,3,II4_1,9.0,1,0.007242702976750923
2005,3,II4_2,2.0,6983,50.5757948866517
2005,3,II4_2,1.0,6744,48.84478887520823
2005,3,II4_2,0.0,78,0.564930832186572
2005,3,II4_2,9.0,2,0.014485405953501847
2005,3,II4_3,2.0,10186,73.77417252118491
2005,3,II4_3,1.0,3541,25.646411240675018
2005,3,II4_3,0.0,79,0.5721735351633229
2005,3,II4_3,9.0,1,0.007242702976750923
2005,3,II5,2.0,12853,93.09046136017962
2005,3,II5,0.0,883,6.395306728471065
2005,3,II5,1.0,70,0.5069892083725647
2005,3,II5,9.0,1,0.007242702976750923
2005,3,II5_1,0.0,13737,99.49301079162744
2005,3,II5_1,1.0,68,0.4925038024190628
2005,3,II5_1,2.0,2,0.014485405953501847
2005,3,II6,2.0,12808,92.76453972622583
2005,3,II6,0.0,883,6.395306728471065
2005,3,II6,1.0,115,0.8329108423263561
2005,3,II6,9.0,1,0.007242702976750923
2005,3,II6_1,0.0,13692,99.16708915767364
2005,3,II6_1,1.0,115,0.8329108423263561
2005,3,II7,1.0,8996,65.1553559788513
2005,3,II7,3.0,2256,16.339537915550082
2005,3,II7,6.0,924,6.692257550517853
2005,3,II7,2.0,743,5.3813283117259365
2005,3,II7,4.0,399,2.8898384877236185
2005,3,II7,8.0,204,1.4775114072571884
2005,3,II7,5.0,90,0.6518432679075831
2005,3,II7,0.0,78,0.564930832186572
2005,3,II7,9.0,74,0.5359600202795683
2005,3,II7,7.0,40,0.28970811907003696
2005,3,II7,99.0,3,0.02172810893025277
2005,3,II8,1.0,8472,61.36017961903382
2005,3,II8,2.0,5031,36.4380386760339
2005,3,II8,3.0,187,1.3543854566524227
2005,3,II8,0.0,78,0.564930832186572
2005,3,II8,4.0,39,0.282465416093286
2005,3,II9,1.0,12944,93.74954733106395
2005,3,II9,2.0,361,2.6146157746070835
2005,3,II9,3.0,277,2.006228724560006
2005,3,II9,4.0,147,1.0646773375823857
2005,3,II9,0.0,78,0.564930832186572
2005,3,IV1,1.0,10465,75.79488665169842
2005,3,IV1,2.0,3180,23.031795466067937
2005,3,IV1,3.0,75,0.5432027232563192
2005,3,IV1,6.0,42,0.3041935250235388
2005,3,IV1,4.0,36,0.2607373071630332
2005,3,IV1,5.0,9,0.0651843267907583
2005,3,IV10,1.0,12338,89.3604693271529
2005,3,IV10,2.0,1057,7.655537046425726
2005,3,IV10,3.0,256,1.8541319620482364
2005,3,IV10,0.0,156,1.129861664373144
2005,3,IV11,1.0,9362,67.80618526834215
2005,3,IV11,2.0,2911,21.083508365321936
2005,3,IV11,3.0,1104,7.99594408633302
2005,3,IV11,4.0,266,1.9265589918157457
2005,3,IV11,0.0,157,1.137104367349895
2005,3,IV11,9.0,7,0.05069892083725647
2005,3,IV12_1,2.0,12499,90.52654450640979
2005,3,IV12_1,1.0,1300,9.4155138697762
2005,3,IV12_1,0.0,7,0.05069892083725647
2005,3,IV12_1,9.0,1,0.007242702976750923
2005,3,IV12_2,2.0,12677,91.81574563627146
2005,3,IV12_2,1.0,1124,8.140798145868038
2005,3,IV12_2,0.0,5,0.03621351488375462
2005,3,IV12_2,9.0,1,0.007242702976750923
2005,3,IV12_3,2.0,13526,97.964800463533
2005,3,IV12_3,1.0,275,1.9917433186065039
2005,3,IV12_3,0.0,5,0.03621351488375462
2005,3,IV12_3,9.0,1,0.007242702976750923
2005,3,IV2,3.0,4759,34.46802346635764
2005,3,IV2,4.0,3102,22.466864633881364
2005,3,IV2,2.0,2926,21.192148909973202
2005,3,IV2,1.0,1360,9.850076048381256
2005,3,IV2,5.0,1113,8.061128413123777
2005,3,IV2,6.0,362,2.6218584775838343
2005,3,IV2,7.0,108,0.7822119214890997
2005,3,IV2,8.0,51,0.3693778518142971
2005,3,IV2,9.0,14,0.10139784167451293
2005,3,IV2,10.0,6,0.04345621786050554
2005,3,IV2,11.0,3,0.02172810893025277
2005,3,IV2,14.0,1,0.007242702976750923
2005,3,IV2,12.0,1,0.007242702976750923
2005,3,IV2,0.0,1,0.007242702976750923
2005,3,IV3,1.0,11025,79.85080031867894
2005,3,IV3,2.0,2507,18.157456362714566
2005,3,IV3,3.0,198,1.4340551893966829
2005,3,IV3,4.0,60,0.4345621786050554
2005,3,IV3,0.0,9,0.0651843267907583
2005,3,IV3,9.0,8,0.05794162381400739
2005,3,IV4,4.0,3907,28.29724053016586
2005,3,IV4,1.0,3689,26.718331281234157
2005,3,IV4,2.0,3377,24.458607952487867
2005,3,IV4,3.0,1275,9.234446295357428
2005,3,IV4,9.0,1106,8.010429492286521
2005,3,IV4,5.0,246,1.7817049322807272
2005,3,IV4,7.0,121,0.8763670601868617
2005,3,IV4,6.0,75,0.5432027232563192
2005,3,IV4,0.0,11,0.07966973274426016
2005,3,IV5,1.0,11257,81.53110740928514
2005,3,IV5,2.0,2538,18.381980154993844
2005,3,IV5,0.0,8,0.05794162381400739
2005,3,IV5,9.0,4,0.028970811907003693
2005,3,IV6,1.0,12729,92.1923661910625
2005,3,IV6,2.0,959,6.945752154704135
2005,3,IV6,3.0,103,0.7459984066053451
2005,3,IV6,0.0,15,0.10864054465126385
2005,3,IV6,9.0,1,0.007242702976750923
2005,3,IV7,1.0,13040,94.44484681683204
2005,3,IV7,2.0,669,4.845368291446368
2005,3,IV7,4.0,53,0.38386325776779895
2005,3,IV7,3.0,37,0.2679800101397842
2005,3,IV7,0.0,7,0.05069892083725647
2005,3,IV7,9.0,1,0.007242702976750923
2005,3,IV8,1.0,13654,98.89186644455711
2005,3,IV8,2.0,150,1.0864054465126385
2005,3,IV8,0.0,2,0.014485405953501847
2005,3,IV8,9.0,1,0.007242702976750923
2005,3,IV9,1.0,12497,90.51205910045628
2005,3,IV9,2.0,1132,8.198739769682046
2005,3,IV9,0.0,157,1.137104367349895
2005,3,IV9,3.0,20,0.14485405953501848
2005,3,IV9,9.0,1,0.007242702976750923
2005,4,II1,3.0,4709,34.36223000583771
2005,4,II1,4.0,2955,21.563047285464098
2005,4,II1,2.0,2910,21.234676007005255
2005,4,II1,1.0,1534,11.193812025685931
2005,4,II1,5.0,1023,7.464973730297723
2005,4,II1,6.0,362,2.6415645067133684
2005,4,II1,7.0,93,0.6786339754816112
2005,4,II1,0.0,65,0.4743140688849971
2005,4,II1,8.0,36,0.2626970227670753
2005,4,II1,9.0,8,0.05837711617046118
2005,4,II1,10.0,7,0.05107997664915353
2005,4,II1,11.0,1,0.0072971395213076475
2005,4,II1,15.0,1,0.0072971395213076475
2005,4,II2,2.0,5506,40.17805020431991
2005,4,II2,1.0,4850,35.39112667834209
2005,4,II2,3.0,2783,20.307939287799183
2005,4,II2,4.0,437,3.1888499708114417
2005,4,II2,0.0,65,0.4743140688849971
2005,4,II2,5.0,54,0.39404553415061294
2005,4,II2,6.0,8,0.05837711617046118
2005,4,II2,7.0,1,0.0072971395213076475
2005,4,II3,2.0,12892,94.07472270869819
2005,4,II3,1.0,746,5.443666082895505
2005,4,II3,0.0,65,0.4743140688849971
2005,4,II3,9.0,1,0.0072971395213076475
2005,4,II3_1,0.0,12958,94.5563339171045
2005,4,II3_1,1.0,717,5.232049036777584
2005,4,II3_1,2.0,25,0.18242848803269118
2005,4,II3_1,4.0,3,0.021891418563922942
2005,4,II3_1,3.0,1,0.0072971395213076475
2005,4,II4_1,1.0,12657,92.3598949211909
2005,4,II4_1,2.0,981,7.158493870402802
2005,4,II4_1,0.0,65,0.4743140688849971
2005,4,II4_1,9.0,1,0.0072971395213076475
2005,4,II4_2,2.0,6896,50.32107413893754
2005,4,II4_2,1.0,6742,49.19731465265616
2005,4,II4_2,0.0,65,0.4743140688849971
2005,4,II4_2,9.0,1,0.0072971395213076475
2005,4,II4_3,2.0,10147,74.0440747227087
2005,4,II4_3,1.0,3491,25.474314068884997
2005,4,II4_3,0.0,65,0.4743140688849971
2005,4,II4_3,9.0,1,0.0072971395213076475
2005,4,II5,2.0,12774,93.21366024518389
2005,4,II5,0.0,832,6.0712200817279625
2005,4,II5,1.0,97,0.7078225335668418
2005,4,II5,9.0,1,0.0072971395213076475
2005,4,II5_1,0.0,13607,99.29217746643316
2005,4,II5_1,1.0,96,0.7005253940455342
2005,4,II5_1,2.0,1,0.0072971395213076475
2005,4,II6,2.0,12771,93.19176882661996
2005,4,II6,0.0,832,6.0712200817279625
2005,4,II6,1.0,100,0.7297139521307647
2005,4,II6,9.0,1,0.0072971395213076475
2005,4,II6_1,0.0,13604,99.27028604786923
2005,4,II6_1,1.0,99,0.7224168126094571
2005,4,II6_1,2.0,1,0.0072971395213076475
2005,4,II7,1.0,8987,65.57939287799182
2005,4,II7,3.0,2276,16.608289550496206
2005,4,II7,6.0,911,6.647694103911267
2005,4,II7,2.0,708,5.166374781085814
2005,4,II7,4.0,383,2.794804436660829
2005,4,II7,8.0,187,1.3645650904845301
2005,4,II7,5.0,76,0.5545826036193812
2005,4,II7,9.0,73,0.5326911850554582
2005,4,II7,0.0,65,0.4743140688849971
2005,4,II7,7.0,37,0.26999416228838297
2005,4,II7,99.0,1,0.0072971395213076475
2005,4,II8,1.0,8414,61.398131932282546
2005,4,II8,2.0,5002,36.50029188558085
2005,4,II8,3.0,174,1.2697022767075306
2005,4,II8,0.0,65,0.4743140688849971
2005,4,II8,4.0,49,0.35755983654407475
2005,4,II9,1.0,12865,93.87769994162288
2005,4,II9,2.0,363,2.648861646234676
2005,4,II9,3.0,272,1.98482194979568
2005,4,II9,4.0,138,1.0070052539404553
2005,4,II9,0.0,65,0.4743140688849971
2005,4,II9,9.0,1,0.0072971395213076475
2005,4,IV1,1.0,10318,75.29188558085231
2005,4,IV1,2.0,3219,23.489492119089316
2005,4,IV1,3.0,109,0.7953882078225336
2005,4,IV1,6.0,26,0.18972562755399883
2005,4,IV1,4.0,21,0.1532399299474606
2005,4,IV1,5.0,10,0.07297139521307647
2005,4,IV1,,1,0.0072971395213076475
2005,4,IV10,1.0,12246,89.36077057793345
2005,4,IV10,2.0,1093,7.975773496789259
2005,4,IV10,3.0,217,1.5834792761237595
2005,4,IV10,0.0,147,1.0726795096322241
2005,4,IV10,,1,0.0072971395213076475
2005,4,IV11,1.0,9249,67.49124343257444
2005,4,IV11,2.0,2946,21.49737302977233
2005,4,IV11,3.0,1124,8.201984821949795
2005,4,IV11,4.0,232,1.6929363689433743
2005,4,IV11,0.0,148,1.0799766491535319
2005,4,IV11,9.0,4,0.02918855808523059
2005,4,IV11,,1,0.0072971395213076475
2005,4,IV12_1,2.0,12495,91.17775831873905
2005,4,IV12_1,1.0,1195,8.720081727962638
2005,4,IV12_1,0.0,12,0.08756567425569177
2005,4,IV12_1,,1,0.0072971395213076475
2005,4,IV12_1,9.0,1,0.0072971395213076475
2005,4,IV12_2,2.0,12623,92.11179217746643
2005,4,IV12_2,1.0,1072,7.822533566841798
2005,4,IV12_2,0.0,7,0.05107997664915353
2005,4,IV12_2,,1,0.0072971395213076475
2005,4,IV12_2,9.0,1,0.0072971395213076475
2005,4,IV12_3,2.0,13443,98.0954465849387
2005,4,IV12_3,1.0,252,1.838879159369527
2005,4,IV12_3,0.0,7,0.05107997664915353
2005,4,IV12_3,,1,0.0072971395213076475
2005,4,IV12_3,9.0,1,0.0072971395213076475
2005,4,IV2,3.0,4760,34.734384121424405
2005,4,IV2,4.0,3040,22.18330414477525
2005,4,IV2,2.0,2878,21.001167542323408
2005,4,IV2,1.0,1389,10.135726795096323
2005,4,IV2,5.0,1083,7.9028021015761825
2005,4,IV2,6.0,385,2.8093987157034443
2005,4,IV2,7.0,102,0.7443082311733801
2005,4,IV2,8.0,46,0.3356684179801518
2005,4,IV2,9.0,10,0.07297139521307647
2005,4,IV2,10.0,7,0.05107997664915353
2005,4,IV2,,1,0.0072971395213076475
2005,4,IV2,11.0,1,0.0072971395213076475
2005,4,IV2,15.0,1,0.0072971395213076475
2005,4,IV2,0.0,1,0.0072971395213076475
2005,4,IV3,1.0,10909,79.60449503794513
2005,4,IV3,2.0,2555,18.64419147694104
2005,4,IV3,3.0,171,1.2478108581436078
2005,4,IV3,4.0,54,0.39404553415061294
2005,4,IV3,0.0,11,0.08026853473438413
2005,4,IV3,9.0,3,0.021891418563922942
2005,4,IV3,,1,0.0072971395213076475
2005,4,IV4,4.0,4017,29.31260945709282
2005,4,IV4,1.0,3520,25.68593111500292
2005,4,IV4,2.0,3343,24.394337419731464
2005,4,IV4,3.0,1217,8.880618797431406
2005,4,IV4,9.0,1176,8.581436077057793
2005,4,IV4,5.0,222,1.6199649737302977
2005,4,IV4,7.0,130,0.9486281377699942
2005,4,IV4,6.0,69,0.5035026269702276
2005,4,IV4,0.0,9,0.06567425569176882
2005,4,IV4,,1,0.0072971395213076475
2005,4,IV5,1.0,11175,81.54553415061297
2005,4,IV5,2.0,2521,18.39608873321658
2005,4,IV5,0.0,7,0.05107997664915353
2005,4,IV5,,1,0.0072971395213076475
2005,4,IV6,1.0,12600,91.94395796847635
2005,4,IV6,2.0,966,7.049036777583187
2005,4,IV6,3.0,117,0.8537653239929948
2005,4,IV6,0.0,19,0.1386456509048453
2005,4,IV6,,1,0.0072971395213076475
2005,4,IV6,9.0,1,0.0072971395213076475
2005,4,IV7,1.0,12954,94.52714535901926
2005,4,IV7,2.0,669,4.881786339754816
2005,4,IV7,4.0,43,0.31377699941622883
2005,4,IV7,3.0,29,0.2116170461179218
2005,4,IV7,0.0,7,0.05107997664915353
2005,4,IV7,,1,0.0072971395213076475
2005,4,IV7,9.0,1,0.0072971395213076475
2005,4,IV8,1.0,13559,98.94191476941039
2005,4,IV8,2.0,140,1.0215995329830707
2005,4,IV8,0.0,3,0.021891418563922942
2005,4,IV8,,1,0.0072971395213076475
2005,4,IV8,9.0,1,0.0072971395213076475
2005,4,IV9,1.0,12377,90.31669585522475
2005,4,IV9,2.0,1165,8.50116754232341
2005,4,IV9,0.0,144,1.0507880910683012
2005,4,IV9,3.0,17,0.12405137186223
2005,4,IV9,,1,0.0072971395213076475
2006,1,II1,3.0,4622,34.71273000375516
2006,1,II1,4.0,2925,21.96770559519339
2006,1,II1,2.0,2771,20.811115283514834
2006,1,II1,1.0,1449,10.882463387157342
2006,1,II1,5.0,1012,7.600450619601952
2006,1,II1,6.0,312,2.3432219301539616
2006,1,II1,7.0,102,0.7660533233195644
2006,1,II1,0.0,65,0.488171235448742
2006,1,II1,8.0,40,0.3004130679684566
2006,1,II1,9.0,9,0.06759294029290275
2006,1,II1,10.0,4,0.030041306796845663
2006,1,II1,99.0,2,0.015020653398422831
2006,1,II1,11.0,1,0.007510326699211416
2006,1,II1,15.0,1,0.007510326699211416
2006,1,II2,2.0,5421,40.71348103642509
2006,1,II2,1.0,4605,34.58505444986857
2006,1,II2,3.0,2732,20.51821254224559
2006,1,II2,4.0,433,3.251971460758543
2006,1,II2,0.0,65,0.488171235448742
2006,1,II2,5.0,50,0.3755163349605708
2006,1,II2,6.0,6,0.045061960195268494
2006,1,II2,99.0,2,0.015020653398422831
2006,1,II2,7.0,1,0.007510326699211416
2006,1,II3,2.0,12548,94.23957942170485
2006,1,II3,1.0,701,5.264739016147202
2006,1,II3,0.0,65,0.488171235448742
2006,1,II3,9.0,1,0.007510326699211416
2006,1,II3_1,0.0,12614,94.7352609838528
2006,1,II3_1,1.0,668,5.016898235073226
2006,1,II3_1,2.0,30,0.22530980097634248
2006,1,II3_1,4.0,2,0.015020653398422831
2006,1,II3_1,3.0,1,0.007510326699211416
2006,1,II4_1,1.0,12388,93.03792714983102
2006,1,II4_1,2.0,860,6.458880961321817
2006,1,II4_1,0.0,65,0.488171235448742
2006,1,II4_1,9.0,2,0.015020653398422831
2006,1,II4_2,2.0,6823,51.242959068719486
2006,1,II4_2,1.0,6426,48.261359369132556
2006,1,II4_2,0.0,65,0.488171235448742
2006,1,II4_2,9.0,1,0.007510326699211416
2006,1,II4_3,2.0,9874,74.15696582801351
2006,1,II4_3,1.0,3375,25.347352609838527
2006,1,II4_3,0.0,65,0.488171235448742
2006,1,II4_3,9.0,1,0.007510326699211416
2006,1,II5,2.0,12464,93.60871197897109
2006,1,II5,0.0,760,5.707848291400676
2006,1,II5,1.0,90,0.6759294029290274
2006,1,II5,9.0,1,0.007510326699211416
2006,1,II5_1,0.0,13225,99.32407059707097
2006,1,II5_1,1.0,90,0.6759294029290274
2006,1,II6,2.0,12465,93.61622230567029
2006,1,II6,0.0,760,5.707848291400676
2006,1,II6,1.0,89,0.668419076229816
2006,1,II6,9.0,1,0.007510326699211416
2006,1,II6_1,0.0,13226,99.33158092377019
2006,1,II6_1,1.0,88,0.6609087495306046
2006,1,II6_1,2.0,1,0.007510326699211416
2006,1,II7,1.0,8770,65.86556515208412
2006,1,II7,3.0,2246,16.86819376642884
2006,1,II7,6.0,844,6.338715734134435
2006,1,II7,2.0,680,5.1070221554637625
2006,1,II7,4.0,352,2.6436349981224185
2006,1,II7,8.0,188,1.4119414194517461
2006,1,II7,5.0,71,0.5332331956440105
2006,1,II7,0.0,65,0.488171235448742
2006,1,II7,9.0,60,0.45061960195268497
2006,1,II7,7.0,38,0.2853924145700338
2006,1,II7,99.0,1,0.007510326699211416
2006,1,II8,1.0,8070,60.608336462636125
2006,1,II8,2.0,5002,37.5666541494555
2006,1,II8,3.0,136,1.0214044310927526
2006,1,II8,0.0,65,0.488171235448742
2006,1,II8,4.0,42,0.31543372136687947
2006,1,II9,1.0,12537,94.15696582801351
2006,1,II9,2.0,310,2.328201276755539
2006,1,II9,3.0,261,1.9601952684941795
2006,1,II9,4.0,141,1.0589560645888096
2006,1,II9,0.0,65,0.488171235448742
2006,1,II9,9.0,1,0.007510326699211416
2006,1,IV1,1.0,10074,75.6590311678558
2006,1,IV1,2.0,3069,23.049192639879834
2006,1,IV1,3.0,105,0.7885843034171987
2006,1,IV1,6.0,33,0.24784078107397672
2006,1,IV1,4.0,22,0.16522718738265116
2006,1,IV1,5.0,12,0.09012392039053699
2006,1,IV10,1.0,11939,89.6657904618851
2006,1,IV10,2.0,1011,7.592940292902742
2006,1,IV10,3.0,215,1.6147202403304544
2006,1,IV10,0.0,150,1.1265490048817124
2006,1,IV11,1.0,9017,67.72061584678933
2006,1,IV11,2.0,2804,21.05895606458881
2006,1,IV11,3.0,1109,8.32895230942546
2006,1,IV11,4.0,230,1.7273751408186255
2006,1,IV11,0.0,150,1.1265490048817124
2006,1,IV11,9.0,5,0.03755163349605708
2006,1,IV12_1,2.0,12094,90.82989110026286
2006,1,IV12_1,1.0,1216,9.132557266241081
2006,1,IV12_1,0.0,4,0.030041306796845663
2006,1,IV12_1,9.0,1,0.007510326699211416
2006,1,IV12_2,2.0,12177,91.45324821629741
2006,1,IV12_2,1.0,1134,8.516710476905745
2006,1,IV12_2,0.0,3,0.022530980097634247
2006,1,IV12_2,9.0,1,0.007510326699211416
2006,1,IV12_3,2.0,13040,97.93466015771686
2006,1,IV12_3,1.0,270,2.0277882087870824
2006,1,IV12_3,0.0,4,0.030041306796845663
2006,1,IV12_3,9.0,1,0.007510326699211416
2006,1,IV2,3.0,4656,34.96808111152835
2006,1,IV2,4.0,2976,22.350732256853174
2006,1,IV2,2.0,2762,20.74352234322193
2006,1,IV2,1.0,1328,9.97371385655276
2006,1,IV2,5.0,1079,8.103642508449118
2006,1,IV2,6.0,332,2.49342846413819
2006,1,IV2,7.0,113,0.8486669170108899
2006,1,IV2,8.0,51,0.3830266616597822
2006,1,IV2,9.0,12,0.09012392039053699
2006,1,IV2,10.0,4,0.030041306796845663
2006,1,IV2,11.0,1,0.007510326699211416
2006,1,IV2,15.0,1,0.007510326699211416
2006,1,IV3,1.0,10700,80.36049568156214
2006,1,IV3,2.0,2388,17.93466015771686
2006,1,IV3,3.0,163,1.2241832519714608
2006,1,IV3,4.0,47,0.35298535486293653
2006,1,IV3,0.0,11,0.08261359369132558
2006,1,IV3,9.0,6,0.045061960195268494
2006,1,IV4,4.0,3953,29.688321441982726
2006,1,IV4,1.0,3432,25.775441231693577
2006,1,IV4,2.0,3257,24.46113405933158
2006,1,IV4,3.0,1180,8.862185505069471
2006,1,IV4,9.0,1102,8.27638002253098
2006,1,IV4,5.0,204,1.5321066466391289
2006,1,IV4,7.0,118,0.8862185505069471
2006,1,IV4,6.0,63,0.4731505820503192
2006,1,IV4,0.0,6,0.045061960195268494
2006,1,IV5,1.0,10911,81.94517461509575
2006,1,IV5,2.0,2401,18.03229440480661
2006,1,IV5,0.0,2,0.015020653398422831
2006,1,IV5,9.0,1,0.007510326699211416
2006,1,IV6,1.0,12256,92.0465640255351
2006,1,IV6,2.0,942,7.0747277506571535
2006,1,IV6,3.0,99,0.7435223432219301
2006,1,IV6,0.0,17,0.12767555388659407
2006,1,IV6,9.0,1,0.007510326699211416
2006,1,IV7,1.0,12600,94.63011641006383
2006,1,IV7,2.0,643,4.82914006759294
2006,1,IV7,4.0,35,0.26286143447239957
2006,1,IV7,3.0,33,0.24784078107397672
2006,1,IV7,0.0,3,0.022530980097634247
2006,1,IV7,9.0,1,0.007510326699211416
2006,1,IV8,1.0,13168,98.89598197521592
2006,1,IV8,2.0,145,1.0889973713856553
2006,1,IV8,9.0,1,0.007510326699211416
2006,1,IV8,0.0,1,0.007510326699211416
2006,1,IV9,1.0,12036,90.3942921517086
2006,1,IV9,2.0,1115,8.374014269620728
2006,1,IV9,0.0,147,1.104018024784078
2006,1,IV9,3.0,17,0.12767555388659407
2006,2,II1,3.0,4813,34.4721386620828
2006,2,II1,4.0,3065,21.952442343503797
2006,2,II1,2.0,2942,21.071479730697607
2006,2,II1,1.0,1544,11.058587594900445
2006,2,II1,5.0,1042,7.463114167024782
2006,2,II1,6.0,305,2.1845007878527434
2006,2,II1,7.0,100,0.7162297665090961
2006,2,II1,0.0,77,0.551496920212004
2006,2,II1,8.0,49,0.3509525855894571
2006,2,II1,9.0,15,0.10743446497636441
2006,2,II1,10.0,6,0.042973785990545764
2006,2,II1,99.0,2,0.014324595330181922
2006,2,II1,11.0,2,0.014324595330181922
2006,2,II2,2.0,5673,40.63171465406102
2006,2,II2,1.0,4911,35.17404383326171
2006,2,II2,3.0,2791,19.989972783268872
2006,2,II2,4.0,448,3.2087093539607507
2006,2,II2,0.0,77,0.551496920212004
2006,2,II2,5.0,51,0.365277180919639
2006,2,II2,6.0,5,0.035811488325454804
2006,2,II2,99.0,2,0.014324595330181922
2006,2,II2,7.0,2,0.014324595330181922
2006,2,II2,8.0,2,0.014324595330181922
2006,2,II3,2.0,13184,94.42773241655924
2006,2,II3,1.0,700,5.013608365563673
2006,2,II3,0.0,77,0.551496920212004
2006,2,II3,9.0,1,0.007162297665090961
2006,2,II3_1,0.0,13262,94.98639163443633
2006,2,II3_1,1.0,663,4.748603351955308
2006,2,II3_1,2.0,35,0.25068041827818366
2006,2,II3_1,3.0,2,0.014324595330181922
2006,2,II4_1,1.0,12816,91.79200687580575
2006,2,II4_1,2.0,1067,7.642171608652055
2006,2,II4_1,0.0,77,0.551496920212004
2006,2,II4_1,9.0,2,0.014324595330181922
2006,2,II4_2,2.0,7313,52.3778828248102
2006,2,II4_2,1.0,6571,47.06345795731271
2006,2,II4_2,0.0,77,0.551496920212004
2006,2,II4_2,9.0,1,0.007162297665090961
2006,2,II4_3,2.0,10345,74.09396934536599
2006,2,II4_3,1.0,3538,25.340209139091822
2006,2,II4_3,0.0,78,0.5586592178770949
2006,2,II4_3,9.0,1,0.007162297665090961
2006,2,II5,2.0,12937,92.65864489328176
2006,2,II5,0.0,943,6.754046698180776
2006,2,II5,1.0,81,0.5801461108723679
2006,2,II5,9.0,1,0.007162297665090961
2006,2,II5_1,0.0,13881,99.41985388912764
2006,2,II5_1,1.0,79,0.565821515542186
2006,2,II5_1,2.0,2,0.014324595330181922
2006,2,II6,2.0,12903,92.41512677266867
2006,2,II6,0.0,943,6.754046698180776
2006,2,II6,1.0,115,0.8236642314854605
2006,2,II6,9.0,1,0.007162297665090961
2006,2,II6_1,0.0,13847,99.17633576851453
2006,2,II6_1,1.0,114,0.8165019338203696
2006,2,II6_1,2.0,1,0.007162297665090961
2006,2,II7,1.0,9031,64.68271021343647
2006,2,II7,3.0,2406,17.232488182208854
2006,2,II7,6.0,879,6.295659647614955
2006,2,II7,2.0,748,5.357398653488039
2006,2,II7,4.0,408,2.922217447357112
2006,2,II7,8.0,215,1.5398939979945567
2006,2,II7,5.0,96,0.6875805758487322
2006,2,II7,0.0,77,0.551496920212004
2006,2,II7,9.0,58,0.4154132645752758
2006,2,II7,7.0,43,0.30797879959891133
2006,2,II7,99.0,1,0.007162297665090961
2006,2,II8,1.0,8557,61.287781120183354
2006,2,II8,2.0,5135,36.778398510242084
2006,2,II8,3.0,146,1.0456954591032803
2006,2,II8,0.0,77,0.551496920212004
2006,2,II8,4.0,46,0.32946569259418423
2006,2,II8,9.0,1,0.007162297665090961
2006,2,II9,1.0,13101,93.83326171035668
2006,2,II9,2.0,329,2.356395931814926
2006,2,II9,3.0,288,2.062741727546197
2006,2,II9,4.0,167,1.1961037100701906
2006,2,II9,0.0,77,0.551496920212004
2006,2,IV1,1.0,10431,74.70992694456382
2006,2,IV1,2.0,3353,24.015184071049994
2006,2,IV1,3.0,93,0.6660936828534594
2006,2,IV1,6.0,41,0.2936542042687294
2006,2,IV1,4.0,32,0.22919352528291076
2006,2,IV1,5.0,12,0.08594757198109153
2006,2,IV10,1.0,12502,89.5430454089672
2006,2,IV10,2.0,1035,7.412978083369145
2006,2,IV10,3.0,255,1.8263859045981952
2006,2,IV10,0.0,169,1.2104283054003724
2006,2,IV10,9.0,1,0.007162297665090961
2006,2,IV11,1.0,9506,68.08480160435468
2006,2,IV11,2.0,2894,20.72768944277324
2006,2,IV11,3.0,1117,8.000286491906603
2006,2,IV11,4.0,268,1.9194957742443777
2006,2,IV11,0.0,172,1.2319151983956453
2006,2,IV11,9.0,5,0.035811488325454804
2006,2,IV12_1,2.0,12661,90.68185073771666
2006,2,IV12_1,1.0,1297,9.289500071622976
2006,2,IV12_1,0.0,4,0.028649190660363845
2006,2,IV12_2,2.0,12740,91.24767225325884
2006,2,IV12_2,1.0,1220,8.738003151410974
2006,2,IV12_2,0.0,2,0.014324595330181922
2006,2,IV12_3,2.0,13663,97.8584729981378
2006,2,IV12_3,1.0,294,2.1057155135367425
2006,2,IV12_3,0.0,5,0.035811488325454804
2006,2,IV2,3.0,4825,34.558086234063886
2006,2,IV2,4.0,3146,22.532588454376164
2006,2,IV2,2.0,2924,20.94255837272597
2006,2,IV2,1.0,1427,10.220598768084802
2006,2,IV2,5.0,1110,7.950150408250967
2006,2,IV2,6.0,323,2.3134221458243807
2006,2,IV2,7.0,112,0.8021773384901877
2006,2,IV2,8.0,63,0.45122475290073055
2006,2,IV2,9.0,19,0.13608365563672825
2006,2,IV2,10.0,8,0.05729838132072769
2006,2,IV2,62.0,3,0.021486892995272882
2006,2,IV2,11.0,2,0.014324595330181922
2006,2,IV3,1.0,11262,80.66179630425441
2006,2,IV3,2.0,2426,17.375734135510672
2006,2,IV3,3.0,209,1.4969202120040108
2006,2,IV3,4.0,43,0.30797879959891133
2006,2,IV3,0.0,12,0.08594757198109153
2006,2,IV3,9.0,10,0.07162297665090961
2006,2,IV4,4.0,4084,29.250823664231486
2006,2,IV4,1.0,3529,25.275748460106
2006,2,IV4,2.0,3369,24.12978083369145
2006,2,IV4,3.0,1342,9.61180346655207
2006,2,IV4,9.0,1210,8.666380174760063
2006,2,IV4,5.0,231,1.654490760636012
2006,2,IV4,7.0,110,0.7878527431600058
2006,2,IV4,6.0,81,0.5801461108723679
2006,2,IV4,0.0,6,0.042973785990545764
2006,2,IV5,1.0,11517,82.4881822088526
2006,2,IV5,2.0,2441,17.483168600487037
2006,2,IV5,0.0,2,0.014324595330181922
2006,2,IV5,9.0,2,0.014324595330181922
2006,2,IV6,1.0,12862,92.12147256839994
2006,2,IV6,2.0,979,7.011889414124051
2006,2,IV6,3.0,104,0.74487895716946
2006,2,IV6,0.0,17,0.12175906030654635
2006,2,IV7,1.0,13216,94.65692594184215
2006,2,IV7,2.0,662,4.741441054290216
2006,2,IV7,4.0,46,0.32946569259418423
2006,2,IV7,3.0,36,0.2578427159432746
2006,2,IV7,0.0,2,0.014324595330181922
2006,2,IV8,1.0,13794,98.79673399226472
2006,2,IV8,2.0,168,1.2032660077352815
2006,2,IV9,1.0,12668,90.7319868213723
2006,2,IV9,2.0,1105,7.9143389199255125
2006,2,IV9,0.0,169,1.2104283054003724
2006,2,IV9,3.0,19,0.13608365563672825
2006,2,IV9,9.0,1,0.007162297665090961
2006,3,II1,3.0,6350,33.65843316018234
2006,3,II1,4.0,4349,23.05205130923354
2006,3,II1,2.0,3904,20.693310717693205
2006,3,II1,1.0,2096,11.109933213187745
2006,3,II1,5.0,1404,7.441959079826142
2006,3,II1,6.0,440,2.332237888264603
2006,3,II1,7.0,153,0.8109827202374642
2006,3,II1,0.0,71,0.37633838651542456
2006,3,II1,8.0,62,0.32863352061910317
2006,3,II1,9.0,16,0.0848086504823492
2006,3,II1,10.0,13,0.06890702851690872
2006,3,II1,11.0,4,0.0212021626205873
2006,3,II1,19.0,1,0.005300540655146825
2006,3,II1,12.0,1,0.005300540655146825
2006,3,II1,13.0,1,0.005300540655146825
2006,3,II1,15.0,1,0.005300540655146825
2006,3,II2,2.0,7546,39.99787978373794
2006,3,II2,1.0,6671,35.359906710484466
2006,3,II2,3.0,3928,20.820523693416728
2006,3,II2,4.0,562,2.9789038481925156
2006,3,II2,0.0,71,0.37633838651542456
2006,3,II2,5.0,71,0.37633838651542456
2006,3,II2,6.0,12,0.0636064878617619
2006,3,II2,7.0,3,0.015901621965440475
2006,3,II2,8.0,2,0.01060108131029365
2006,3,II3,2.0,17770,94.19060744195907
2006,3,II3,1.0,1024,5.427753630870349
2006,3,II3,0.0,72,0.3816389271705714
2006,3,II3_1,0.0,17842,94.57224636912966
2006,3,II3_1,1.0,975,5.168027138768155
2006,3,II3_1,2.0,42,0.22262270751616664
2006,3,II3_1,3.0,5,0.026502703275734125
2006,3,II3_1,4.0,2,0.01060108131029365
2006,3,II4_1,1.0,17246,91.41312413866214
2006,3,II4_1,2.0,1549,8.210537474822432
2006,3,II4_1,0.0,71,0.37633838651542456
2006,3,II4_2,2.0,9884,52.39054383547122
2006,3,II4_2,1.0,8910,47.22781723735821
2006,3,II4_2,0.0,71,0.37633838651542456
2006,3,II4_2,9.0,1,0.005300540655146825
2006,3,II4_3,2.0,13913,73.74642213505777
2006,3,II4_3,1.0,4880,25.866638397116507
2006,3,II4_3,0.0,72,0.3816389271705714
2006,3,II4_3,9.0,1,0.005300540655146825
2006,3,II5,2.0,17452,92.50503551362239
2006,3,II5,0.0,1299,6.885402311035726
2006,3,II5,1.0,114,0.6042616346867381
2006,3,II5,9.0,1,0.005300540655146825
2006,3,II5_1,0.0,18752,99.39573836531326
2006,3,II5_1,1.0,109,0.5777589314110039
2006,3,II5_1,2.0,5,0.026502703275734125
2006,3,II6,2.0,17389,92.17110145234814
2006,3,II6,0.0,1299,6.885402311035726
2006,3,II6,1.0,177,0.9381956959609881
2006,3,II6,9.0,1,0.005300540655146825
2006,3,II6_1,0.0,18689,99.06180430403901
2006,3,II6_1,1.0,175,0.9275946146506944
2006,3,II6_1,2.0,2,0.01060108131029365
2006,3,II7,1.0,12445,65.96522845330223
2006,3,II7,3.0,3284,17.406975511502175
2006,3,II7,6.0,1103,5.846496342626948
2006,3,II7,2.0,919,4.871196862079932
2006,3,II7,4.0,521,2.7615816813314957
2006,3,II7,8.0,289,1.5318562493374324
2006,3,II7,5.0,94,0.4982508215838016
2006,3,II7,9.0,76,0.4028410897911587
2006,3,II7,0.0,72,0.3816389271705714
2006,3,II7,7.0,62,0.32863352061910317
2006,3,II7,99.0,1,0.005300540655146825
2006,3,II8,1.0,11641,61.70359376656419
2006,3,II8,2.0,6892,36.531326195271916
2006,3,II8,3.0,204,1.0813102936499523
2006,3,II8,0.0,71,0.37633838651542456
2006,3,II8,4.0,56,0.2968302766882222
2006,3,II8,9.0,2,0.01060108131029365
2006,3,II9,1.0,17821,94.46093501537156
2006,3,II9,2.0,430,2.2792324817131346
2006,3,II9,3.0,395,2.093713558782996
2006,3,II9,4.0,148,0.7844800169617301
2006,3,II9,0.0,71,0.37633838651542456
2006,3,II9,9.0,1,0.005300540655146825
2006,3,IV1,1.0,14656,77.68472384183187
2006,3,IV1,2.0,3995,21.175659917311567
2006,3,IV1,3.0,125,0.6625675818933531
2006,3,IV1,4.0,45,0.23852432948160712
2006,3,IV1,6.0,33,0.17491784161984522
2006,3,IV1,5.0,12,0.0636064878617619
2006,3,IV10,1.0,17033,90.28410897911587
2006,3,IV10,2.0,1363,7.2246369129651224
2006,3,IV10,3.0,314,1.664369765716103
2006,3,IV10,0.0,155,0.8215838015477579
2006,3,IV10,9.0,1,0.005300540655146825
2006,3,IV11,1.0,13276,70.36997773772924
2006,3,IV11,2.0,3646,19.325771228665324
2006,3,IV11,3.0,1437,7.6168769214459875
2006,3,IV11,4.0,337,1.78628220078448
2006,3,IV11,0.0,162,0.8586875861337856
2006,3,IV11,9.0,8,0.0424043252411746
2006,3,IV12_1,2.0,17397,92.21350577758932
2006,3,IV12_1,1.0,1462,7.749390437824658
2006,3,IV12_1,0.0,7,0.037103784586027776
2006,3,IV12_2,2.0,17558,93.06689282306796
2006,3,IV12_2,1.0,1305,6.917205554966607
2006,3,IV12_2,0.0,3,0.015901621965440475
2006,3,IV12_3,2.0,18531,98.22431888052581
2006,3,IV12_3,1.0,329,1.7438778755433053
2006,3,IV12_3,0.0,6,0.03180324393088095
2006,3,IV2,3.0,6388,33.85985370507792
2006,3,IV2,4.0,4439,23.529099968196757
2006,3,IV2,2.0,3846,20.385879359694687
2006,3,IV2,1.0,1955,10.362556980812043
2006,3,IV2,5.0,1469,7.786494222410686
2006,3,IV2,6.0,487,2.5813632990565036
2006,3,IV2,7.0,163,0.8639881267889324
2006,3,IV2,8.0,74,0.39224000848086504
2006,3,IV2,9.0,18,0.09540973179264285
2006,3,IV2,10.0,16,0.0848086504823492
2006,3,IV2,11.0,4,0.0212021626205873
2006,3,IV2,62.0,3,0.015901621965440475
2006,3,IV2,19.0,1,0.005300540655146825
2006,3,IV2,12.0,1,0.005300540655146825
2006,3,IV2,13.0,1,0.005300540655146825
2006,3,IV2,15.0,1,0.005300540655146825
2006,3,IV3,1.0,15260,80.88625039754055
2006,3,IV3,2.0,3282,17.39637443019188
2006,3,IV3,3.0,242,1.2827308385455316
2006,3,IV3,4.0,60,0.3180324393088095
2006,3,IV3,0.0,16,0.0848086504823492
2006,3,IV3,9.0,6,0.03180324393088095
2006,3,IV4,4.0,5725,30.345595250715572
2006,3,IV4,1.0,5114,27.106964910420864
2006,3,IV4,2.0,4412,23.385985370507793
2006,3,IV4,3.0,1603,8.49676667020036
2006,3,IV4,9.0,1446,7.664581787342309
2006,3,IV4,5.0,288,1.5265557086822856
2006,3,IV4,7.0,151,0.8003816389271706
2006,3,IV4,6.0,118,0.6254637973073254
2006,3,IV4,0.0,9,0.047704865896321426
2006,3,IV5,1.0,15689,83.16018233859853
2006,3,IV5,2.0,3169,16.79741333616029
2006,3,IV5,0.0,6,0.03180324393088095
2006,3,IV5,9.0,2,0.01060108131029365
2006,3,IV6,1.0,17438,92.43082794445033
2006,3,IV6,2.0,1248,6.615074737623238
2006,3,IV6,3.0,129,0.6837697445139405
2006,3,IV6,0.0,51,0.2703275734124881
2006,3,IV7,1.0,18090,95.88678045160606
2006,3,IV7,2.0,683,3.6202692674652814
2006,3,IV7,4.0,53,0.2809286547227817
2006,3,IV7,3.0,37,0.19612000424043252
2006,3,IV7,0.0,3,0.015901621965440475
2006,3,IV8,1.0,18713,99.18901727976254
2006,3,IV8,2.0,152,0.8056821795823174
2006,3,IV8,0.0,1,0.005300540655146825
2006,3,IV9,1.0,17206,91.20110251245627
2006,3,IV9,2.0,1482,7.855401250927595
2006,3,IV9,0.0,155,0.8215838015477579
2006,3,IV9,3.0,22,0.11661189441323015
2006,3,IV9,9.0,1,0.005300540655146825
2006,4,II1,3.0,6312,33.8354328598231
2006,4,II1,4.0,4273,22.905387295631197
2006,4,II1,2.0,3855,20.66470115250603
2006,4,II1,1.0,2016,10.806754221388367
2006,4,II1,5.0,1418,7.6011793084963815
2006,4,II1,6.0,468,2.508710801393728
2006,4,II1,7.0,153,0.8201554543017958
2006,4,II1,0.0,92,0.4931653712141517
2006,4,II1,8.0,47,0.25194317877244704
2006,4,II1,10.0,8,0.04288394532296971
2006,4,II1,9.0,7,0.0375234521575985
2006,4,II1,11.0,3,0.016081479496113642
2006,4,II1,19.0,1,0.005360493165371214
2006,4,II1,13.0,1,0.005360493165371214
2006,4,II1,15.0,1,0.005360493165371214
2006,4,II2,2.0,7567,40.56285178236398
2006,4,II2,1.0,6500,34.84320557491289
2006,4,II2,3.0,3857,20.675422138836772
2006,4,II2,4.0,557,2.9857946931117665
2006,4,II2,0.0,92,0.4931653712141517
2006,4,II2,5.0,73,0.39131600107209863
2006,4,II2,6.0,9,0.04824443848834093
2006,4,II3,2.0,17518,93.90511927097293
2006,4,II3,1.0,1044,5.596354864647547
2006,4,II3,0.0,92,0.4931653712141517
2006,4,II3,9.0,1,0.005360493165371214
2006,4,II3_1,0.0,17611,94.40364513535245
2006,4,II3_1,1.0,1005,5.387295631198071
2006,4,II3_1,2.0,34,0.18225676762262127
2006,4,II3_1,3.0,3,0.016081479496113642
2006,4,II3_1,4.0,2,0.010720986330742428
2006,4,II4_1,1.0,17268,92.56499597963013
2006,4,II4_1,2.0,1291,6.920396676494238
2006,4,II4_1,0.0,92,0.4931653712141517
2006,4,II4_1,9.0,4,0.021441972661484857
2006,4,II4_2,2.0,9560,51.246314660948805
2006,4,II4_2,1.0,9000,48.244438488340926
2006,4,II4_2,0.0,92,0.4931653712141517
2006,4,II4_2,9.0,3,0.016081479496113642
2006,4,II4_3,2.0,13630,73.06352184400964
2006,4,II4_3,1.0,4930,26.427231305280085
2006,4,II4_3,0.0,92,0.4931653712141517
2006,4,II4_3,9.0,3,0.016081479496113642
2006,4,II5,2.0,17416,93.35834896810506
2006,4,II5,0.0,1114,5.971589386223533
2006,4,II5,1.0,123,0.6593406593406593
2006,4,II5,9.0,2,0.010720986330742428
2006,4,II5_1,0.0,18532,99.34065934065934
2006,4,II5_1,1.0,119,0.6378986866791745
2006,4,II5_1,2.0,4,0.021441972661484857
2006,4,II6,2.0,17391,93.22433663897078
2006,4,II6,0.0,1114,5.971589386223533
2006,4,II6,1.0,148,0.7933529884749397
2006,4,II6,9.0,2,0.010720986330742428
2006,4,II6_1,0.0,18507,99.20664701152506
2006,4,II6_1,1.0,146,0.7826320021441973
2006,4,II6_1,3.0,1,0.005360493165371214
2006,4,II6_1,2.0,1,0.005360493165371214
2006,4,II7,1.0,12380,66.36290538729563
2006,4,II7,3.0,3164,16.96060037523452
2006,4,II7,6.0,1124,6.0251943178772445
2006,4,II7,2.0,876,4.6957920128651836
2006,4,II7,4.0,502,2.6909675690163497
2006,4,II7,8.0,301,1.6135084427767354
2006,4,II7,0.0,92,0.4931653712141517
2006,4,II7,5.0,80,0.42883945322969713
2006,4,II7,9.0,78,0.4181184668989547
2006,4,II7,7.0,55,0.2948271240954168
2006,4,II7,99.0,3,0.016081479496113642
2006,4,II8,1.0,11612,62.24604663629054
2006,4,II8,2.0,6704,35.93674618064862
2006,4,II8,3.0,193,1.0345751809166444
2006,4,II8,0.0,92,0.4931653712141517
2006,4,II8,4.0,51,0.27338515143393194
2006,4,II8,9.0,3,0.016081479496113642
2006,4,II9,1.0,17668,94.70919324577861
2006,4,II9,2.0,412,2.20852318413294
2006,4,II9,3.0,340,1.8225676762262129
2006,4,II9,4.0,139,0.7451085499865988
2006,4,II9,0.0,92,0.4931653712141517
2006,4,II9,9.0,4,0.021441972661484857
2006,4,IV1,1.0,14599,78.25783972125436
2006,4,IV1,2.0,3873,20.761190029482712
2006,4,IV1,3.0,138,0.7397480568212276
2006,4,IV1,4.0,21,0.1125703564727955
2006,4,IV1,6.0,19,0.10184937014205307
2006,4,IV1,5.0,5,0.02680246582685607
2006,4,IV10,1.0,16893,90.55481104261592
2006,4,IV10,2.0,1330,7.129455909943715
2006,4,IV10,3.0,278,1.4902170999731976
2006,4,IV10,0.0,154,0.8255159474671669
2006,4,IV11,1.0,13312,71.3588850174216
2006,4,IV11,2.0,3453,18.509782900026803
2006,4,IV11,3.0,1432,7.676226212811579
2006,4,IV11,4.0,294,1.575984990619137
2006,4,IV11,0.0,159,0.852318413294023
2006,4,IV11,9.0,5,0.02680246582685607
2006,4,IV12_1,2.0,17271,92.58107745912623
2006,4,IV12_1,1.0,1373,7.359957116054677
2006,4,IV12_1,0.0,10,0.05360493165371214
2006,4,IV12_1,9.0,1,0.005360493165371214
2006,4,IV12_2,2.0,17446,93.5191637630662
2006,4,IV12_2,1.0,1201,6.437952291610828
2006,4,IV12_2,0.0,7,0.0375234521575985
2006,4,IV12_2,9.0,1,0.005360493165371214
2006,4,IV12_3,2.0,18338,98.30072366657733
2006,4,IV12_3,1.0,310,1.6617528812650764
2006,4,IV12_3,0.0,6,0.032162958992227285
2006,4,IV12_3,9.0,1,0.005360493165371214
2006,4,IV2,3.0,6346,34.017689627445726
2006,4,IV2,4.0,4381,23.48432055749129
2006,4,IV2,2.0,3803,20.38595550790673
2006,4,IV2,1.0,1871,10.029482712409541
2006,4,IV2,5.0,1502,8.051460734387563
2006,4,IV2,6.0,499,2.674886089520236
2006,4,IV2,7.0,173,0.92736531760922
2006,4,IV2,8.0,55,0.2948271240954168
2006,4,IV2,10.0,9,0.04824443848834093
2006,4,IV2,9.0,8,0.04288394532296971
2006,4,IV2,19.0,3,0.016081479496113642
2006,4,IV2,11.0,3,0.016081479496113642
2006,4,IV2,13.0,1,0.005360493165371214
2006,4,IV2,15.0,1,0.005360493165371214
2006,4,IV3,1.0,15136,81.1364245510587
2006,4,IV3,2.0,3212,17.21790404717234
2006,4,IV3,3.0,213,1.1417850442240687
2006,4,IV3,4.0,82,0.43956043956043955
2006,4,IV3,0.0,11,0.05896542481908336
2006,4,IV3,9.0,1,0.005360493165371214
2006,4,IV4,4.0,5750,30.822835700884482
2006,4,IV4,1.0,5194,27.842401500938088
2006,4,IV4,2.0,4291,23.00187617260788
2006,4,IV4,3.0,1527,8.185473063521844
2006,4,IV4,9.0,1352,7.2473867595818815
2006,4,IV4,5.0,286,1.5331010452961673
2006,4,IV4,7.0,140,0.7504690431519699
2006,4,IV4,6.0,99,0.5306888233717502
2006,4,IV4,0.0,16,0.08576789064593943
2006,4,IV5,1.0,15575,83.48968105065666
2006,4,IV5,2.0,3069,16.451353524524258
2006,4,IV5,0.0,10,0.05360493165371214
2006,4,IV5,9.0,1,0.005360493165371214
2006,4,IV6,1.0,17293,92.6990083087644
2006,4,IV6,2.0,1191,6.384347359957116
2006,4,IV6,3.0,131,0.702224604663629
2006,4,IV6,0.0,39,0.20905923344947736
2006,4,IV6,9.0,1,0.005360493165371214
2006,4,IV7,1.0,17949,96.21549182524792
2006,4,IV7,2.0,633,3.3931921736799784
2006,4,IV7,4.0,46,0.24658268560707586
2006,4,IV7,3.0,19,0.10184937014205307
2006,4,IV7,0.0,7,0.0375234521575985
2006,4,IV7,9.0,1,0.005360493165371214
2006,4,IV8,1.0,18505,99.19592602519432
2006,4,IV8,2.0,143,0.7665505226480837
2006,4,IV8,0.0,6,0.032162958992227285
2006,4,IV8,9.0,1,0.005360493165371214
2006,4,IV9,1.0,17010,91.18198874296435
2006,4,IV9,2.0,1479,7.928169391584026
2006,4,IV9,0.0,152,0.8147949611364246
2006,4,IV9,3.0,14,0.075046904315197
2007,1,II1,3.0,6316,34.40087145969499
2007,1,II1,4.0,4204,22.89760348583878
2007,1,II1,2.0,3819,20.80065359477124
2007,1,II1,1.0,1937,10.550108932461873
2007,1,II1,5.0,1351,7.35838779956427
2007,1,II1,6.0,463,2.5217864923747277
2007,1,II1,7.0,135,0.7352941176470589
2007,1,II1,0.0,62,0.33769063180827885
2007,1,II1,8.0,52,0.28322440087145967
2007,1,II1,9.0,11,0.05991285403050109
2007,1,II1,10.0,6,0.032679738562091505
2007,1,II1,12.0,1,0.0054466230936819175
2007,1,II1,11.0,1,0.0054466230936819175
2007,1,II1,13.0,1,0.0054466230936819175
2007,1,II1,15.0,1,0.0054466230936819175
2007,1,II2,2.0,7531,41.01851851851852
2007,1,II2,1.0,6330,34.47712418300654
2007,1,II2,3.0,3774,20.555555555555557
2007,1,II2,4.0,575,3.1318082788671022
2007,1,II2,5.0,76,0.4139433551198257
2007,1,II2,0.0,62,0.33769063180827885
2007,1,II2,6.0,11,0.05991285403050109
2007,1,II2,7.0,1,0.0054466230936819175
2007,1,II3,2.0,17339,94.43899782135077
2007,1,II3,1.0,956,5.206971677559912
2007,1,II3,0.0,62,0.33769063180827885
2007,1,II3,9.0,3,0.016339869281045753
2007,1,II3_1,0.0,17405,94.79847494553377
2007,1,II3_1,1.0,925,5.038126361655773
2007,1,II3_1,2.0,29,0.1579520697167756
2007,1,II3_1,3.0,1,0.0054466230936819175
2007,1,II4_1,1.0,17143,93.37145969498911
2007,1,II4_1,2.0,1150,6.2636165577342044
2007,1,II4_1,0.0,62,0.33769063180827885
2007,1,II4_1,9.0,5,0.027233115468409588
2007,1,II4_2,2.0,9482,51.64488017429194
2007,1,II4_2,1.0,8813,48.00108932461874
2007,1,II4_2,0.0,62,0.33769063180827885
2007,1,II4_2,9.0,3,0.016339869281045753
2007,1,II4_3,2.0,13442,73.21350762527233
2007,1,II4_3,1.0,4853,26.432461873638346
2007,1,II4_3,0.0,62,0.33769063180827885
2007,1,II4_3,9.0,3,0.016339869281045753
2007,1,II5,2.0,17236,93.87799564270152
2007,1,II5,0.0,1006,5.4793028322440085
2007,1,II5,1.0,116,0.6318082788671024
2007,1,II5,9.0,2,0.010893246187363835
2007,1,II5_1,0.0,18244,99.3681917211329
2007,1,II5_1,1.0,114,0.6209150326797386
2007,1,II5_1,2.0,2,0.010893246187363835
2007,1,II6,2.0,17231,93.85076252723312
2007,1,II6,0.0,1006,5.4793028322440085
2007,1,II6,1.0,121,0.659041394335512
2007,1,II6,9.0,2,0.010893246187363835
2007,1,II6_1,0.0,18239,99.34095860566448
2007,1,II6_1,1.0,120,0.6535947712418301
2007,1,II6_1,3.0,1,0.0054466230936819175
2007,1,II7,1.0,12243,66.68300653594771
2007,1,II7,3.0,3062,16.67755991285403
2007,1,II7,6.0,1156,6.296296296296297
2007,1,II7,2.0,842,4.586056644880174
2007,1,II7,4.0,491,2.6742919389978215
2007,1,II7,8.0,284,1.5468409586056644
2007,1,II7,5.0,84,0.45751633986928103
2007,1,II7,9.0,75,0.4084967320261438
2007,1,II7,0.0,62,0.33769063180827885
2007,1,II7,7.0,61,0.332244008714597
2007,1,II8,1.0,11372,61.93899782135076
2007,1,II8,2.0,6709,36.54139433551198
2007,1,II8,3.0,162,0.8823529411764706
2007,1,II8,0.0,62,0.33769063180827885
2007,1,II8,4.0,53,0.2886710239651416
2007,1,II8,9.0,2,0.010893246187363835
2007,1,II9,1.0,17427,94.91830065359477
2007,1,II9,2.0,385,2.096949891067538
2007,1,II9,3.0,345,1.8790849673202614
2007,1,II9,4.0,139,0.7570806100217865
2007,1,II9,0.0,63,0.3431372549019608
2007,1,II9,9.0,1,0.0054466230936819175
2007,1,IV1,1.0,14391,78.38235294117646
2007,1,IV1,2.0,3788,20.6318082788671
2007,1,IV1,3.0,128,0.6971677559912854
2007,1,IV1,6.0,25,0.13616557734204793
2007,1,IV1,4.0,22,0.11982570806100218
2007,1,IV1,5.0,6,0.032679738562091505
2007,1,IV10,1.0,16641,90.63725490196079
2007,1,IV10,2.0,1293,7.042483660130719
2007,1,IV10,3.0,276,1.5032679738562091
2007,1,IV10,0.0,150,0.8169934640522876
2007,1,IV11,1.0,13079,71.23638344226579
2007,1,IV11,2.0,3455,18.818082788671024
2007,1,IV11,3.0,1372,7.47276688453159
2007,1,IV11,4.0,294,1.6013071895424837
2007,1,IV11,0.0,155,0.8442265795206971
2007,1,IV11,9.0,5,0.027233115468409588
2007,1,IV12_1,2.0,16918,92.14596949891067
2007,1,IV12_1,1.0,1432,7.799564270152506
2007,1,IV12_1,0.0,9,0.049019607843137254
2007,1,IV12_1,9.0,1,0.0054466230936819175
2007,1,IV12_2,2.0,17036,92.78867102396514
2007,1,IV12_2,1.0,1317,7.173202614379085
2007,1,IV12_2,0.0,6,0.032679738562091505
2007,1,IV12_2,9.0,1,0.0054466230936819175
2007,1,IV12_3,2.0,18055,98.33877995642702
2007,1,IV12_3,1.0,300,1.6339869281045751
2007,1,IV12_3,0.0,5,0.027233115468409588
2007,1,IV2,3.0,6350,34.58605664488017
2007,1,IV2,4.0,4278,23.30065359477124
2007,1,IV2,2.0,3770,20.533769063180827
2007,1,IV2,1.0,1789,9.74400871459695
2007,1,IV2,5.0,1444,7.864923747276689
2007,1,IV2,6.0,484,2.636165577342048
2007,1,IV2,7.0,158,0.8605664488017429
2007,1,IV2,8.0,58,0.3159041394335512
2007,1,IV2,9.0,15,0.08169934640522876
2007,1,IV2,10.0,8,0.04357298474945534
2007,1,IV2,41.0,2,0.010893246187363835
2007,1,IV2,12.0,1,0.0054466230936819175
2007,1,IV2,11.0,1,0.0054466230936819175
2007,1,IV2,13.0,1,0.0054466230936819175
2007,1,IV2,15.0,1,0.0054466230936819175
2007,1,IV3,1.0,14924,81.28540305010893
2007,1,IV3,2.0,3123,17.00980392156863
2007,1,IV3,3.0,210,1.1437908496732025
2007,1,IV3,4.0,88,0.4793028322440087
2007,1,IV3,0.0,9,0.049019607843137254
2007,1,IV3,9.0,6,0.032679738562091505
2007,1,IV4,4.0,5784,31.50326797385621
2007,1,IV4,1.0,4983,27.140522875816995
2007,1,IV4,2.0,4224,23.00653594771242
2007,1,IV4,3.0,1536,8.366013071895425
2007,1,IV4,9.0,1299,7.07516339869281
2007,1,IV4,5.0,298,1.6230936819172113
2007,1,IV4,7.0,129,0.7026143790849673
2007,1,IV4,6.0,92,0.5010893246187363
2007,1,IV4,0.0,15,0.08169934640522876
2007,1,IV5,1.0,15285,83.2516339869281
2007,1,IV5,2.0,3062,16.67755991285403
2007,1,IV5,0.0,11,0.05991285403050109
2007,1,IV5,9.0,2,0.010893246187363835
2007,1,IV6,1.0,17081,93.03376906318083
2007,1,IV6,2.0,1116,6.078431372549019
2007,1,IV6,3.0,132,0.7189542483660131
2007,1,IV6,0.0,31,0.16884531590413943
2007,1,IV7,1.0,17690,96.35076252723312
2007,1,IV7,2.0,600,3.2679738562091503
2007,1,IV7,4.0,43,0.23420479302832245
2007,1,IV7,3.0,22,0.11982570806100218
2007,1,IV7,0.0,5,0.027233115468409588
2007,1,IV8,1.0,18215,99.21023965141612
2007,1,IV8,2.0,141,0.7679738562091504
2007,1,IV8,0.0,4,0.02178649237472767
2007,1,IV9,1.0,16759,91.27995642701525
2007,1,IV9,2.0,1440,7.8431372549019605
2007,1,IV9,0.0,147,0.8006535947712419
2007,1,IV9,3.0,14,0.07625272331154684
2007,2,II1,3.0,6335,34.195185145201336
2007,2,II1,4.0,4322,23.32937493252726
2007,2,II1,2.0,3882,20.95433444888265
2007,2,II1,1.0,1953,10.541941055813451
2007,2,II1,5.0,1310,7.071143258123718
2007,2,II1,6.0,448,2.4182230378926914
2007,2,II1,7.0,125,0.674727410126309
2007,2,II1,0.0,70,0.377847349670733
2007,2,II1,8.0,53,0.286084421893555
2007,2,II1,9.0,17,0.09176292777717802
2007,2,II1,10.0,7,0.037784734967073304
2007,2,II1,12.0,1,0.005397819281010472
2007,2,II1,11.0,1,0.005397819281010472
2007,2,II1,13.0,1,0.005397819281010472
2007,2,II1,99.0,1,0.005397819281010472
2007,2,II2,2.0,7492,40.44046205333046
2007,2,II2,1.0,6499,35.080427507287055
2007,2,II2,3.0,3804,20.533304544963833
2007,2,II2,4.0,578,3.1199395444240525
2007,2,II2,0.0,70,0.377847349670733
2007,2,II2,5.0,67,0.36165389182770163
2007,2,II2,6.0,15,0.08096728921515707
2007,2,II2,99.0,1,0.005397819281010472
2007,2,II3,2.0,17527,94.60757853827054
2007,2,II3,1.0,924,4.987585015653676
2007,2,II3,0.0,71,0.3832451689517435
2007,2,II3,9.0,4,0.021591277124041887
2007,2,II3_1,0.0,17603,95.01781280362734
2007,2,II3_1,1.0,883,4.766274425132247
2007,2,II3_1,2.0,38,0.20511713267839793
2007,2,II3_1,3.0,2,0.010795638562020943
2007,2,II4_1,1.0,17249,93.10698477814962
2007,2,II4_1,2.0,1201,6.482780956493577
2007,2,II4_1,0.0,71,0.3832451689517435
2007,2,II4_1,9.0,5,0.02698909640505236
2007,2,II4_2,2.0,9659,52.13753643528015
2007,2,II4_2,1.0,8791,47.452229299363054
2007,2,II4_2,0.0,71,0.3832451689517435
2007,2,II4_2,9.0,5,0.02698909640505236
2007,2,II4_3,2.0,13598,73.3995465831804
2007,2,II4_3,1.0,4853,26.19561697074382
2007,2,II4_3,0.0,70,0.377847349670733
2007,2,II4_3,9.0,5,0.02698909640505236
2007,2,II5,2.0,17374,93.78171218827593
2007,2,II5,0.0,1028,5.548958220878765
2007,2,II5,1.0,120,0.6477383137212566
2007,2,II5,9.0,4,0.021591277124041887
2007,2,II5_1,0.0,18406,99.35226168627874
2007,2,II5_1,1.0,118,0.6369426751592356
2007,2,II5_1,2.0,2,0.010795638562020943
2007,2,II6,2.0,17367,93.74392745330886
2007,2,II6,0.0,1028,5.548958220878765
2007,2,II6,1.0,127,0.6855230486883299
2007,2,II6,9.0,4,0.021591277124041887
2007,2,II6_1,0.0,18399,99.31447695131168
2007,2,II6_1,1.0,126,0.6801252294073195
2007,2,II6_1,2.0,1,0.005397819281010472
2007,2,II7,1.0,12318,66.49033790348699
2007,2,II7,3.0,3239,17.483536651192917
2007,2,II7,6.0,1115,6.018568498326676
2007,2,II7,2.0,822,4.437007448990608
2007,2,II7,4.0,445,2.40202958004966
2007,2,II7,8.0,289,1.5599697722120263
2007,2,II7,5.0,104,0.561373205225089
2007,2,II7,0.0,71,0.3832451689517435
2007,2,II7,7.0,65,0.35085825326568065
2007,2,II7,9.0,57,0.3076756990175969
2007,2,II7,99.0,1,0.005397819281010472
2007,2,II8,1.0,11587,62.544532009068334
2007,2,II8,2.0,6688,36.100615351398034
2007,2,II8,3.0,142,0.766490337903487
2007,2,II8,0.0,70,0.377847349670733
2007,2,II8,4.0,36,0.19432149411637697
2007,2,II8,9.0,3,0.016193457843031417
2007,2,II9,1.0,17612,95.06639317715643
2007,2,II9,2.0,367,1.980999676130843
2007,2,II9,3.0,334,1.8028716398574975
2007,2,II9,4.0,140,0.755694699341466
2007,2,II9,0.0,71,0.3832451689517435
2007,2,II9,9.0,2,0.010795638562020943
2007,2,IV1,1.0,14356,77.49109359818634
2007,2,IV1,2.0,3985,21.51030983482673
2007,2,IV1,3.0,118,0.6369426751592356
2007,2,IV1,4.0,35,0.1889236748353665
2007,2,IV1,6.0,22,0.11875202418223038
2007,2,IV1,5.0,10,0.05397819281010472
2007,2,IV10,1.0,16897,91.20695239123394
2007,2,IV10,2.0,1218,6.574543884270755
2007,2,IV10,3.0,265,1.430422109467775
2007,2,IV10,0.0,145,0.7826837957465184
2007,2,IV10,9.0,1,0.005397819281010472
2007,2,IV11,1.0,13288,71.72622260606715
2007,2,IV11,2.0,3531,19.059699881247976
2007,2,IV11,3.0,1268,6.844434848321278
2007,2,IV11,4.0,286,1.5437763143689949
2007,2,IV11,0.0,149,0.8042750728705603
2007,2,IV11,9.0,4,0.021591277124041887
2007,2,IV12_1,2.0,17078,92.18395768109684
2007,2,IV12_1,1.0,1443,7.789053222498111
2007,2,IV12_1,0.0,4,0.021591277124041887
2007,2,IV12_1,9.0,1,0.005397819281010472
2007,2,IV12_2,2.0,17141,92.5240202958005
2007,2,IV12_2,1.0,1382,7.459786246356472
2007,2,IV12_2,0.0,2,0.010795638562020943
2007,2,IV12_2,9.0,1,0.005397819281010472
2007,2,IV12_3,2.0,18274,98.63974954118537
2007,2,IV12_3,1.0,247,1.3332613624095866
2007,2,IV12_3,0.0,4,0.021591277124041887
2007,2,IV12_3,9.0,1,0.005397819281010472
2007,2,IV2,3.0,6356,34.308539350102556
2007,2,IV2,4.0,4402,23.761200475008096
2007,2,IV2,2.0,3839,20.722228219799202
2007,2,IV2,1.0,1826,9.856418007125122
2007,2,IV2,5.0,1397,7.540753535571629
2007,2,IV2,6.0,470,2.5369750620749216
2007,2,IV2,7.0,138,0.7448990607794451
2007,2,IV2,8.0,60,0.3238691568606283
2007,2,IV2,9.0,19,0.10255856633919896
2007,2,IV2,10.0,11,0.05937601209111519
2007,2,IV2,62.0,2,0.010795638562020943
2007,2,IV2,41.0,2,0.010795638562020943
2007,2,IV2,12.0,1,0.005397819281010472
2007,2,IV2,11.0,1,0.005397819281010472
2007,2,IV2,13.0,1,0.005397819281010472
2007,2,IV2,99.0,1,0.005397819281010472
2007,2,IV3,1.0,15261,82.3761200475008
2007,2,IV3,2.0,2966,16.00993198747706
2007,2,IV3,3.0,197,1.063370398359063
2007,2,IV3,4.0,77,0.4156320846378063
2007,2,IV3,9.0,13,0.07017165065313613
2007,2,IV3,0.0,12,0.06477383137212567
2007,2,IV4,4.0,5764,31.11303033574436
2007,2,IV4,1.0,5132,27.701608550145743
2007,2,IV4,2.0,4141,22.352369642664364
2007,2,IV4,3.0,1569,8.46917845190543
2007,2,IV4,9.0,1416,7.643312101910828
2007,2,IV4,5.0,260,1.4034330130627226
2007,2,IV4,7.0,131,0.7071143258123718
2007,2,IV4,6.0,106,0.57216884378711
2007,2,IV4,0.0,7,0.037784734967073304
2007,2,IV5,1.0,15605,84.23296988016841
2007,2,IV5,2.0,2908,15.696858469178451
2007,2,IV5,0.0,9,0.048580373529094244
2007,2,IV5,9.0,4,0.021591277124041887
2007,2,IV6,1.0,17317,93.47403648925834
2007,2,IV6,2.0,1071,5.781064449962216
2007,2,IV6,3.0,107,0.5775666630681204
2007,2,IV6,0.0,30,0.16193457843031414
2007,2,IV6,9.0,1,0.005397819281010472
2007,2,IV7,1.0,17876,96.4914174673432
2007,2,IV7,2.0,586,3.1631220986721367
2007,2,IV7,4.0,35,0.1889236748353665
2007,2,IV7,3.0,28,0.15113893986829322
2007,2,IV7,9.0,1,0.005397819281010472
2007,2,IV8,1.0,18383,99.22811184281551
2007,2,IV8,2.0,142,0.766490337903487
2007,2,IV8,9.0,1,0.005397819281010472
2007,2,IV9,1.0,17032,91.93565799417036
2007,2,IV9,2.0,1342,7.243873475116053
2007,2,IV9,0.0,143,0.7718881571844974
2007,2,IV9,3.0,8,0.043182554248083774
2007,2,IV9,9.0,1,0.005397819281010472
2007,4,II1,3.0,6107,34.13448102397854
2007,4,II1,4.0,4223,23.60404672740484
2007,4,II1,2.0,3769,21.066457995640267
2007,4,II1,1.0,1777,9.93236822983623
2007,4,II1,5.0,1350,7.545693365379241
2007,4,II1,6.0,408,2.2804762170923927
2007,4,II1,7.0,114,0.6371918841875803
2007,4,II1,0.0,59,0.3297747470795372
2007,4,II1,8.0,58,0.3241853445866637
2007,4,II1,9.0,8,0.0447152199429881
2007,4,II1,10.0,7,0.039125817450114585
2007,4,II1,17.0,3,0.016768207478620536
2007,4,II1,11.0,3,0.016768207478620536
2007,4,II1,12.0,2,0.011178804985747024
2007,4,II1,16.0,1,0.005589402492873512
2007,4,II1,19.0,1,0.005589402492873512
2007,4,II1,99.0,1,0.005589402492873512
2007,4,II2,2.0,7355,41.11005533508468
2007,4,II2,1.0,6145,34.34687831870773
2007,4,II2,3.0,3669,20.507517746352914
2007,4,II2,4.0,579,3.2362640433737635
2007,4,II2,5.0,66,0.36890056452965175
2007,4,II2,0.0,60,0.33536414957241073
2007,4,II2,6.0,7,0.039125817450114585
2007,4,II2,13.0,3,0.016768207478620536
2007,4,II2,7.0,3,0.016768207478620536
2007,4,II2,8.0,1,0.005589402492873512
2007,4,II2,11.0,1,0.005589402492873512
2007,4,II2,9.0,1,0.005589402492873512
2007,4,II2,99.0,1,0.005589402492873512
2007,4,II3,2.0,16875,94.32116706724051
2007,4,II3,1.0,956,5.3434687831870775
2007,4,II3,0.0,58,0.3241853445866637
2007,4,II3,9.0,2,0.011178804985747024
2007,4,II3_1,0.0,16935,94.65653121681292
2007,4,II3_1,1.0,925,5.170197305907998
2007,4,II3_1,2.0,25,0.1397350623218378
2007,4,II3_1,3.0,3,0.016768207478620536
2007,4,II3_1,5.0,1,0.005589402492873512
2007,4,II3_1,4.0,1,0.005589402492873512
2007,4,II3_1,11.0,1,0.005589402492873512
2007,4,II4_1,1.0,16573,92.63316751439271
2007,4,II4_1,2.0,1255,7.014700128556258
2007,4,II4_1,0.0,58,0.3241853445866637
2007,4,II4_1,9.0,5,0.02794701246436756
2007,4,II4_2,2.0,9234,51.61254261919401
2007,4,II4_2,1.0,8595,48.04091442624783
2007,4,II4_2,0.0,58,0.3241853445866637
2007,4,II4_2,9.0,4,0.02235760997149405
2007,4,II4_3,2.0,13056,72.97523894695657
2007,4,II4_3,1.0,4773,26.67821809848527
2007,4,II4_3,0.0,58,0.3241853445866637
2007,4,II4_3,9.0,4,0.02235760997149405
2007,4,II5,2.0,16703,93.35978983846627
2007,4,II5,0.0,1069,5.975071264881784
2007,4,II5,1.0,115,0.6427812866804539
2007,4,II5,9.0,4,0.02235760997149405
2007,4,II5_1,0.0,17776,99.35721871331954
2007,4,II5_1,1.0,111,0.6204236767089598
2007,4,II5_1,2.0,3,0.016768207478620536
2007,4,II5_1,11.0,1,0.005589402492873512
2007,4,II6,2.0,16680,93.23123358113018
2007,4,II6,0.0,1069,5.975071264881784
2007,4,II6,1.0,138,0.7713375440165446
2007,4,II6,9.0,4,0.02235760997149405
2007,4,II6_1,0.0,17753,99.22866245598345
2007,4,II6_1,1.0,135,0.7545693365379241
2007,4,II6_1,3.0,1,0.005589402492873512
2007,4,II6_1,11.0,1,0.005589402492873512
2007,4,II6_1,2.0,1,0.005589402492873512
2007,4,II7,1.0,11948,66.78218098485272
2007,4,II7,3.0,3031,16.941478955899615
2007,4,II7,6.0,1051,5.874462020010061
2007,4,II7,2.0,803,4.48829020177743
2007,4,II7,4.0,498,2.7835224414510087
2007,4,II7,8.0,299,1.67123134536918
2007,4,II7,5.0,88,0.49186741937286904
2007,4,II7,7.0,59,0.3297747470795372
2007,4,II7,0.0,58,0.3241853445866637
2007,4,II7,9.0,49,0.27388072215080206
2007,4,II7,99.0,7,0.039125817450114585
2007,4,II8,1.0,11166,62.41126823542563
2007,4,II8,2.0,6486,36.252864568777596
2007,4,II8,3.0,144,0.8048739589737857
2007,4,II8,0.0,58,0.3241853445866637
2007,4,II8,4.0,33,0.18445028226482588
2007,4,II8,9.0,4,0.02235760997149405
2007,4,II9,1.0,17007,95.05896819629982
2007,4,II9,2.0,412,2.302833827063887
2007,4,II9,3.0,299,1.67123134536918
2007,4,II9,4.0,110,0.6148342742160863
2007,4,II9,0.0,58,0.3241853445866637
2007,4,II9,9.0,5,0.02794701246436756
2007,4,IV1,1.0,14199,79.363925996311
2007,4,IV1,2.0,3511,19.6243921524789
2007,4,IV1,3.0,125,0.6986753116091889
2007,4,IV1,4.0,27,0.15091386730758483
2007,4,IV1,6.0,23,0.12855625733609077
2007,4,IV1,5.0,6,0.03353641495724107
2007,4,IV10,1.0,16354,91.40908836845341
2007,4,IV10,2.0,1181,6.601084344083618
2007,4,IV10,3.0,235,1.3135095858252752
2007,4,IV10,0.0,121,0.6763177016376949
2007,4,IV11,1.0,12855,71.851769045889
2007,4,IV11,2.0,3315,18.52886926387569
2007,4,IV11,3.0,1340,7.489799340450506
2007,4,IV11,4.0,247,1.3805824157397575
2007,4,IV11,0.0,127,0.709854116594936
2007,4,IV11,9.0,7,0.039125817450114585
2007,4,IV12_1,2.0,16491,92.17483650997708
2007,4,IV12_1,1.0,1390,7.769269465094181
2007,4,IV12_1,0.0,8,0.0447152199429881
2007,4,IV12_1,9.0,2,0.011178804985747024
2007,4,IV12_2,2.0,16647,93.04678329886535
2007,4,IV12_2,1.0,1237,6.914090883684534
2007,4,IV12_2,0.0,5,0.02794701246436756
2007,4,IV12_2,9.0,2,0.011178804985747024
2007,4,IV12_3,2.0,17630,98.54116594936
2007,4,IV12_3,1.0,254,1.419708233189872
2007,4,IV12_3,0.0,5,0.02794701246436756
2007,4,IV12_3,9.0,2,0.011178804985747024
2007,4,IV2,3.0,6135,34.290984293779
2007,4,IV2,4.0,4348,24.30272203901403
2007,4,IV2,2.0,3696,20.6584316136605
2007,4,IV2,1.0,1639,9.161030685819686
2007,4,IV2,5.0,1428,7.981666759823375
2007,4,IV2,6.0,431,2.4090324744284835
2007,4,IV2,7.0,126,0.7042647141020625
2007,4,IV2,8.0,62,0.34654295455815776
2007,4,IV2,9.0,8,0.0447152199429881
2007,4,IV2,10.0,7,0.039125817450114585
2007,4,IV2,17.0,3,0.016768207478620536
2007,4,IV2,12.0,2,0.011178804985747024
2007,4,IV2,11.0,2,0.011178804985747024
2007,4,IV2,16.0,1,0.005589402492873512
2007,4,IV2,19.0,1,0.005589402492873512
2007,4,IV2,99.0,1,0.005589402492873512
2007,4,IV2,41.0,1,0.005589402492873512
2007,4,IV3,1.0,14606,81.63881281091051
2007,4,IV3,2.0,3014,16.846459113520766
2007,4,IV3,3.0,198,1.1067016935889553
2007,4,IV3,4.0,59,0.3297747470795372
2007,4,IV3,0.0,12,0.06707282991448214
2007,4,IV3,9.0,2,0.011178804985747024
2007,4,IV4,4.0,5606,31.33419037504891
2007,4,IV4,1.0,5211,29.12637639036387
2007,4,IV4,2.0,3896,21.776312112235203
2007,4,IV4,3.0,1446,8.082276004695098
2007,4,IV4,9.0,1207,6.7464088088983285
2007,4,IV4,5.0,300,1.6768207478620536
2007,4,IV4,7.0,121,0.6763177016376949
2007,4,IV4,6.0,91,0.5086356268514896
2007,4,IV4,0.0,13,0.07266223240735566
2007,4,IV5,1.0,14953,83.57833547593762
2007,4,IV5,2.0,2926,16.354591694147896
2007,4,IV5,0.0,9,0.050304622435861604
2007,4,IV5,9.0,3,0.016768207478620536
2007,4,IV6,1.0,16739,93.56100832820971
2007,4,IV6,2.0,1022,5.712369347716729
2007,4,IV6,3.0,92,0.5142250293443631
2007,4,IV6,0.0,36,0.20121848974344642
2007,4,IV6,9.0,2,0.011178804985747024
2007,4,IV7,1.0,17257,96.45631881951819
2007,4,IV7,2.0,567,3.169191213459281
2007,4,IV7,4.0,35,0.1956290872505729
2007,4,IV7,3.0,23,0.12855625733609077
2007,4,IV7,0.0,7,0.039125817450114585
2007,4,IV7,9.0,2,0.011178804985747024
2007,4,IV8,1.0,17772,99.33486110334805
2007,4,IV8,2.0,114,0.6371918841875803
2007,4,IV8,0.0,3,0.016768207478620536
2007,4,IV8,9.0,2,0.011178804985747024
2007,4,IV9,1.0,16430,91.8338829579118
2007,4,IV9,2.0,1331,7.439494718014644
2007,4,IV9,0.0,123,0.687496506623442
2007,4,IV9,3.0,7,0.039125817450114585
2008,1,II1,3.0,6254,34.508635435634275
2008,1,II1,4.0,4167,22.99288197318325
2008,1,II1,2.0,3866,21.332009049274404
2008,1,II1,1.0,1851,10.213540804502566
2008,1,II1,5.0,1317,7.267008773381891
2008,1,II1,6.0,422,2.32853280361971
2008,1,II1,7.0,122,0.673177729956409
2008,1,II1,0.0,61,0.3365888649782045
2008,1,II1,8.0,39,0.2151961595762291
2008,1,II1,9.0,9,0.04966065220989902
2008,1,II1,10.0,7,0.03862495171881035
2008,1,II1,12.0,3,0.01655355073663301
2008,1,II1,11.0,2,0.011035700491088672
2008,1,II1,16.0,1,0.005517850245544336
2008,1,II1,13.0,1,0.005517850245544336
2008,1,II1,99.0,1,0.005517850245544336
2008,1,II2,2.0,7464,41.18523423274292
2008,1,II2,1.0,6314,34.83970645036694
2008,1,II2,3.0,3639,20.07945704353584
2008,1,II2,4.0,558,3.0789604370137393
2008,1,II2,5.0,70,0.3862495171881035
2008,1,II2,0.0,62,0.3421067152237488
2008,1,II2,6.0,13,0.07173205319207637
2008,1,II2,8.0,2,0.011035700491088672
2008,1,II2,99.0,1,0.005517850245544336
2008,1,II3,2.0,17165,94.71389946476853
2008,1,II3,1.0,895,4.93847596976218
2008,1,II3,0.0,62,0.3421067152237488
2008,1,II3,9.0,1,0.005517850245544336
2008,1,II3_1,0.0,17229,95.06704188048336
2008,1,II3_1,1.0,870,4.800529713623572
2008,1,II3_1,2.0,21,0.11587485515643106
2008,1,II3_1,3.0,2,0.011035700491088672
2008,1,II3_1,5.0,1,0.005517850245544336
2008,1,II4_1,1.0,16892,93.20752634773493
2008,1,II4_1,2.0,1168,6.444849086795784
2008,1,II4_1,0.0,62,0.3421067152237488
2008,1,II4_1,9.0,1,0.005517850245544336
2008,1,II4_2,2.0,9319,51.42084643822766
2008,1,II4_2,1.0,8741,48.23152899630304
2008,1,II4_2,0.0,62,0.3421067152237488
2008,1,II4_2,9.0,1,0.005517850245544336
2008,1,II4_3,2.0,13208,72.87976604314959
2008,1,II4_3,1.0,4852,26.772609391381117
2008,1,II4_3,0.0,62,0.3421067152237488
2008,1,II4_3,9.0,1,0.005517850245544336
2008,1,II5,2.0,17013,93.87518622744578
2008,1,II5,0.0,1010,5.573028747999779
2008,1,II5,1.0,99,0.5462671743088893
2008,1,II5,9.0,1,0.005517850245544336
2008,1,II5_1,0.0,18024,99.4537328256911
2008,1,II5_1,1.0,96,0.5297136235722563
2008,1,II5_1,2.0,3,0.01655355073663301
2008,1,II6,2.0,17005,93.83104342548143
2008,1,II6,0.0,1010,5.573028747999779
2008,1,II6,1.0,107,0.590409976273244
2008,1,II6,9.0,1,0.005517850245544336
2008,1,II6_1,0.0,18016,99.40959002372675
2008,1,II6_1,1.0,105,0.5793742757821553
2008,1,II6_1,3.0,1,0.005517850245544336
2008,1,II6_1,2.0,1,0.005517850245544336
2008,1,II7,1.0,12048,66.47905975831816
2008,1,II7,3.0,3074,16.96187165480329
2008,1,II7,6.0,1127,6.218617226728466
2008,1,II7,2.0,809,4.463940848645367
2008,1,II7,4.0,485,2.676157369089003
2008,1,II7,8.0,298,1.644319373172212
2008,1,II7,7.0,85,0.46901727087126854
2008,1,II7,5.0,85,0.46901727087126854
2008,1,II7,0.0,62,0.3421067152237488
2008,1,II7,9.0,49,0.2703746620316725
2008,1,II7,99.0,1,0.005517850245544336
2008,1,II8,1.0,11410,62.95867130166087
2008,1,II8,2.0,6481,35.76118744137284
2008,1,II8,3.0,127,0.7007669811841306
2008,1,II8,0.0,62,0.3421067152237488
2008,1,II8,4.0,40,0.22071400982177344
2008,1,II8,9.0,3,0.01655355073663301
2008,1,II9,1.0,17266,95.2712023395685
2008,1,II9,2.0,386,2.129890194780114
2008,1,II9,3.0,301,1.6608729239088451
2008,1,II9,4.0,106,0.5848921260276996
2008,1,II9,0.0,62,0.3421067152237488
2008,1,II9,9.0,2,0.011035700491088672
2008,1,IV1,1.0,14218,78.45279479114937
2008,1,IV1,2.0,3712,20.482260111460576
2008,1,IV1,3.0,141,0.7780168846217513
2008,1,IV1,6.0,23,0.1269105556475197
2008,1,IV1,4.0,19,0.10483915466534238
2008,1,IV1,5.0,10,0.05517850245544336
2008,1,IV10,1.0,16600,91.59631407603598
2008,1,IV10,2.0,1151,6.35104563262153
2008,1,IV10,3.0,247,1.362909010649451
2008,1,IV10,0.0,125,0.689731280693042
2008,1,IV11,1.0,13023,71.85896374772389
2008,1,IV11,2.0,3323,18.335816365943828
2008,1,IV11,3.0,1383,7.631186889587816
2008,1,IV11,4.0,261,1.4401589140870716
2008,1,IV11,0.0,129,0.7118026816752193
2008,1,IV11,9.0,4,0.022071400982177344
2008,1,IV12_1,2.0,16721,92.26397395574683
2008,1,IV12_1,1.0,1390,7.669811841306627
2008,1,IV12_1,0.0,12,0.06621420294653203
2008,1,IV12_2,2.0,16750,92.42399161286762
2008,1,IV12_2,1.0,1365,7.531865585168019
2008,1,IV12_2,0.0,8,0.04414280196435469
2008,1,IV12_3,2.0,17865,98.57639463664957
2008,1,IV12_3,1.0,249,1.3739447111405396
2008,1,IV12_3,0.0,9,0.04966065220989902
2008,1,IV2,3.0,6307,34.801081498648124
2008,1,IV2,4.0,4258,23.49500634552778
2008,1,IV2,2.0,3780,20.85747392815759
2008,1,IV2,1.0,1725,9.51829167356398
2008,1,IV2,5.0,1390,7.669811841306627
2008,1,IV2,6.0,453,2.4995861612315844
2008,1,IV2,7.0,138,0.7614633338851183
2008,1,IV2,8.0,44,0.24278541080395077
2008,1,IV2,9.0,12,0.06621420294653203
2008,1,IV2,10.0,7,0.03862495171881035
2008,1,IV2,12.0,3,0.01655355073663301
2008,1,IV2,11.0,2,0.011035700491088672
2008,1,IV2,16.0,1,0.005517850245544336
2008,1,IV2,13.0,1,0.005517850245544336
2008,1,IV2,41.0,1,0.005517850245544336
2008,1,IV2,99.0,1,0.005517850245544336
2008,1,IV3,1.0,14897,82.19941510787397
2008,1,IV3,2.0,2958,16.321801026320145
2008,1,IV3,3.0,183,1.0097665949346135
2008,1,IV3,4.0,69,0.38073166694255917
2008,1,IV3,0.0,15,0.08276775368316504
2008,1,IV3,9.0,1,0.005517850245544336
2008,1,IV4,4.0,5590,30.844782872592837
2008,1,IV4,1.0,5238,28.90249958616123
2008,1,IV4,2.0,3971,21.91138332505656
2008,1,IV4,3.0,1496,8.254703967334327
2008,1,IV4,9.0,1286,7.095955415770016
2008,1,IV4,5.0,304,1.6774264746454781
2008,1,IV4,7.0,141,0.7780168846217513
2008,1,IV4,6.0,79,0.43591016939800253
2008,1,IV4,0.0,18,0.09932130441979804
2008,1,IV5,1.0,15160,83.65060972245213
2008,1,IV5,2.0,2949,16.272140374110247
2008,1,IV5,0.0,13,0.07173205319207637
2008,1,IV5,9.0,1,0.005517850245544336
2008,1,IV6,1.0,17030,93.96898968162004
2008,1,IV6,2.0,969,5.346796887932461
2008,1,IV6,3.0,94,0.5186779230811676
2008,1,IV6,0.0,30,0.16553550736633008
2008,1,IV7,1.0,17429,96.17061192959223
2008,1,IV7,2.0,625,3.44865640346521
2008,1,IV7,4.0,37,0.20416045908514044
2008,1,IV7,3.0,20,0.11035700491088672
2008,1,IV7,0.0,12,0.06621420294653203
2008,1,IV8,1.0,18002,99.33234012028913
2008,1,IV8,2.0,114,0.6290349279920543
2008,1,IV8,0.0,7,0.03862495171881035
2008,1,IV9,1.0,16694,92.11499199911714
2008,1,IV9,2.0,1299,7.167687468962092
2008,1,IV9,0.0,125,0.689731280693042
2008,1,IV9,3.0,5,0.02758925122772168
2008,2,II1,3.0,6410,35.17339771729587
2008,2,II1,4.0,4169,22.87642669007902
2008,2,II1,2.0,3811,20.91198419666374
2008,2,II1,1.0,1941,10.650790166812994
2008,2,II1,5.0,1266,6.946883230904302
2008,2,II1,6.0,379,2.079675153643547
2008,2,II1,7.0,120,0.6584723441615452
2008,2,II1,0.0,70,0.38410886742756806
2008,2,II1,8.0,35,0.19205443371378403
2008,2,II1,9.0,10,0.05487269534679543
2008,2,II1,10.0,5,0.027436347673397716
2008,2,II1,99.0,4,0.021949078138718173
2008,2,II1,12.0,2,0.010974539069359086
2008,2,II1,11.0,1,0.005487269534679543
2008,2,II1,13.0,1,0.005487269534679543
2008,2,II2,2.0,7498,41.14354697102722
2008,2,II2,1.0,6476,35.53555750658472
2008,2,II2,3.0,3560,19.534679543459173
2008,2,II2,4.0,535,2.9356892010535556
2008,2,II2,0.0,70,0.38410886742756806
2008,2,II2,5.0,65,0.3566725197541703
2008,2,II2,6.0,14,0.07682177348551361
2008,2,II2,99.0,4,0.021949078138718173
2008,2,II2,8.0,1,0.005487269534679543
2008,2,II2,7.0,1,0.005487269534679543
2008,2,II3,2.0,17270,94.76514486391572
2008,2,II3,1.0,883,4.845258999122037
2008,2,II3,0.0,69,0.3786215978928885
2008,2,II3,9.0,2,0.010974539069359086
2008,2,II3_1,0.0,17342,95.16022827041265
2008,2,II3_1,1.0,850,4.664179104477612
2008,2,II3_1,2.0,27,0.14815627743634768
2008,2,II3_1,3.0,4,0.021949078138718173
2008,2,II3_1,4.0,1,0.005487269534679543
2008,2,II4_1,1.0,17060,93.61281826163301
2008,2,II4_1,2.0,1091,5.986611062335382
2008,2,II4_1,0.0,70,0.38410886742756806
2008,2,II4_1,9.0,3,0.01646180860403863
2008,2,II4_2,2.0,9331,51.20171202809482
2008,2,II4_2,1.0,8821,48.40320456540825
2008,2,II4_2,0.0,69,0.3786215978928885
2008,2,II4_2,9.0,3,0.01646180860403863
2008,2,II4_3,2.0,13299,72.97519754170325
2008,2,II4_3,1.0,4853,26.629719051799825
2008,2,II4_3,0.0,69,0.3786215978928885
2008,2,II4_3,9.0,3,0.01646180860403863
2008,2,II5,2.0,17174,94.23836698858648
2008,2,II5,0.0,944,5.179982440737489
2008,2,II5,1.0,103,0.565188762071993
2008,2,II5,9.0,3,0.01646180860403863
2008,2,II5_1,0.0,18122,99.44029850746269
2008,2,II5_1,1.0,98,0.5377524143985952
2008,2,II5_1,2.0,4,0.021949078138718173
2008,2,II6,2.0,17167,94.19995610184372
2008,2,II6,0.0,944,5.179982440737489
2008,2,II6,1.0,110,0.6035996488147498
2008,2,II6,9.0,3,0.01646180860403863
2008,2,II6_1,0.0,18114,99.39640035118525
2008,2,II6_1,1.0,109,0.5981123792800702
2008,2,II6_1,2.0,1,0.005487269534679543
2008,2,II7,1.0,12048,66.11062335381914
2008,2,II7,3.0,3311,18.168349429323968
2008,2,II7,6.0,1082,5.937225636523266
2008,2,II7,2.0,784,4.302019315188762
2008,2,II7,4.0,458,2.513169446883231
2008,2,II7,8.0,272,1.492537313432836
2008,2,II7,5.0,84,0.46093064091308167
2008,2,II7,7.0,74,0.4060579455662862
2008,2,II7,0.0,69,0.3786215978928885
2008,2,II7,9.0,41,0.2249780509218613
2008,2,II7,99.0,1,0.005487269534679543
2008,2,II8,1.0,11541,63.32857769973661
2008,2,II8,2.0,6458,35.43678665496049
2008,2,II8,3.0,122,0.6694468832309043
2008,2,II8,0.0,69,0.3786215978928885
2008,2,II8,4.0,31,0.17010535557506584
2008,2,II8,9.0,3,0.01646180860403863
2008,2,II9,1.0,17375,95.34130816505707
2008,2,II9,2.0,350,1.9205443371378401
2008,2,II9,3.0,311,1.706540825285338
2008,2,II9,4.0,117,0.6420105355575065
2008,2,II9,0.0,69,0.3786215978928885
2008,2,II9,9.0,2,0.010974539069359086
2008,2,IV1,1.0,14113,77.4418349429324
2008,2,IV1,2.0,3886,21.323529411764707
2008,2,IV1,3.0,146,0.8011413520632134
2008,2,IV1,4.0,40,0.21949078138718173
2008,2,IV1,6.0,27,0.14815627743634768
2008,2,IV1,5.0,12,0.06584723441615452
2008,2,IV10,1.0,16771,92.02699736611062
2008,2,IV10,2.0,1099,6.030509218612818
2008,2,IV10,3.0,226,1.2401229148375768
2008,2,IV10,0.0,128,0.7023705004389815
2008,2,IV11,1.0,13187,72.36062335381914
2008,2,IV11,2.0,3304,18.12993854258121
2008,2,IV11,3.0,1357,7.446224758560141
2008,2,IV11,4.0,244,1.3388937664618086
2008,2,IV11,0.0,130,0.7133450395083406
2008,2,IV11,9.0,2,0.010974539069359086
2008,2,IV12_1,2.0,16856,92.49341527655838
2008,2,IV12_1,1.0,1360,7.462686567164179
2008,2,IV12_1,0.0,7,0.038410886742756806
2008,2,IV12_1,9.0,1,0.005487269534679543
2008,2,IV12_2,2.0,16821,92.3013608428446
2008,2,IV12_2,1.0,1399,7.676690079016681
2008,2,IV12_2,0.0,3,0.01646180860403863
2008,2,IV12_2,9.0,1,0.005487269534679543
2008,2,IV12_3,2.0,17999,98.7653643546971
2008,2,IV12_3,1.0,221,1.212686567164179
2008,2,IV12_3,0.0,3,0.01646180860403863
2008,2,IV12_3,9.0,1,0.005487269534679543
2008,2,IV2,3.0,6459,35.44227392449517
2008,2,IV2,4.0,4255,23.348331870061457
2008,2,IV2,2.0,3749,20.57177348551361
2008,2,IV2,1.0,1827,10.025241439859526
2008,2,IV2,5.0,1326,7.276119402985074
2008,2,IV2,6.0,414,2.271729587357331
2008,2,IV2,7.0,133,0.7298068481123793
2008,2,IV2,8.0,36,0.19754170324846357
2008,2,IV2,9.0,13,0.07133450395083407
2008,2,IV2,10.0,6,0.03292361720807726
2008,2,IV2,12.0,2,0.010974539069359086
2008,2,IV2,99.0,2,0.010974539069359086
2008,2,IV2,11.0,1,0.005487269534679543
2008,2,IV2,13.0,1,0.005487269534679543
2008,2,IV3,1.0,15143,83.09372256365232
2008,2,IV3,2.0,2837,15.567383669885865
2008,2,IV3,3.0,164,0.8999122036874452
2008,2,IV3,4.0,62,0.3402107111501317
2008,2,IV3,0.0,13,0.07133450395083407
2008,2,IV3,9.0,5,0.027436347673397716
2008,2,IV4,4.0,5500,30.17998244073749
2008,2,IV4,1.0,5409,29.68064091308165
2008,2,IV4,2.0,3918,21.49912203687445
2008,2,IV4,3.0,1476,8.099209833187006
2008,2,IV4,9.0,1418,7.780948200175593
2008,2,IV4,5.0,269,1.4760755048287972
2008,2,IV4,7.0,150,0.8230904302019315
2008,2,IV4,6.0,69,0.3786215978928885
2008,2,IV4,0.0,15,0.08230904302019315
2008,2,IV5,1.0,15421,84.61918349429324
2008,2,IV5,2.0,2789,15.303994732221247
2008,2,IV5,0.0,10,0.05487269534679543
2008,2,IV5,9.0,4,0.021949078138718173
2008,2,IV6,1.0,17185,94.29872695346795
2008,2,IV6,2.0,922,5.0592625109745395
2008,2,IV6,3.0,87,0.4773924495171203
2008,2,IV6,0.0,29,0.15913081650570676
2008,2,IV6,9.0,1,0.005487269534679543
2008,2,IV7,1.0,17541,96.25219490781387
2008,2,IV7,2.0,620,3.402107111501317
2008,2,IV7,4.0,36,0.19754170324846357
2008,2,IV7,3.0,19,0.10425812115891132
2008,2,IV7,0.0,7,0.038410886742756806
2008,2,IV7,9.0,1,0.005487269534679543
2008,2,IV8,1.0,18099,99.31409130816506
2008,2,IV8,2.0,121,0.6639596136962248
2008,2,IV8,0.0,3,0.01646180860403863
2008,2,IV8,9.0,1,0.005487269534679543
2008,2,IV9,1.0,16839,92.40013169446883
2008,2,IV9,2.0,1257,6.897497805092186
2008,2,IV9,0.0,126,0.6913959613696224
2008,2,IV9,3.0,1,0.005487269534679543
2008,2,IV9,9.0,1,0.005487269534679543
2008,3,II1,3.0,6460,35.250463821892396
2008,3,II1,4.0,4257,23.229291716686674
2008,3,II1,2.0,3832,20.91018225472007
2008,3,II1,1.0,1926,10.509658408818073
2008,3,II1,5.0,1261,6.880934191858562
2008,3,II1,6.0,357,1.948051948051948
2008,3,II1,7.0,106,0.5784131834552002
2008,3,II1,0.0,66,0.36014405762304924
2008,3,II1,8.0,43,0.23463931026956236
2008,3,II1,9.0,13,0.0709374658954491
2008,3,II1,10.0,4,0.021826912583215105
2008,3,II1,11.0,1,0.005456728145803776
2008,3,II2,2.0,7496,40.903634180945105
2008,3,II2,1.0,6490,35.414165666266506
2008,3,II2,3.0,3629,19.802466441121904
2008,3,II2,4.0,581,3.170359052711994
2008,3,II2,0.0,66,0.36014405762304924
2008,3,II2,5.0,56,0.30557677616501144
2008,3,II2,6.0,5,0.02728364072901888
2008,3,II2,7.0,3,0.01637018443741133
2008,3,II3,2.0,17369,94.77791116446579
2008,3,II3,1.0,888,4.845574593473753
2008,3,II3,0.0,67,0.365600785768853
2008,3,II3,9.0,2,0.010913456291607553
2008,3,II3_1,0.0,17438,95.15442540652624
2008,3,II3_1,1.0,854,4.660045836516424
2008,3,II3_1,2.0,33,0.18007202881152462
2008,3,II3_1,3.0,1,0.005456728145803776
2008,3,II4_1,1.0,17172,93.70293571974244
2008,3,II4_1,2.0,1086,5.9260067663429
2008,3,II4_1,0.0,66,0.36014405762304924
2008,3,II4_1,9.0,2,0.010913456291607553
2008,3,II4_2,2.0,9358,51.06406198843174
2008,3,II4_2,1.0,8900,48.564880497653604
2008,3,II4_2,0.0,66,0.36014405762304924
2008,3,II4_2,9.0,2,0.010913456291607553
2008,3,II4_3,2.0,13355,72.87460438720943
2008,3,II4_3,1.0,4903,26.754338098875913
2008,3,II4_3,0.0,66,0.36014405762304924
2008,3,II4_3,9.0,2,0.010913456291607553
2008,3,II5,2.0,17259,94.17767106842737
2008,3,II5,0.0,949,5.178435010367783
2008,3,II5,1.0,116,0.632980464913238
2008,3,II5,9.0,2,0.010913456291607553
2008,3,II5_1,0.0,18211,99.37247626323257
2008,3,II5_1,1.0,109,0.5947833678926115
2008,3,II5_1,2.0,6,0.03274036887482266
2008,3,II6,2.0,17248,94.11764705882354
2008,3,II6,0.0,948,5.17297828222198
2008,3,II6,1.0,128,0.6984612026628834
2008,3,II6,9.0,2,0.010913456291607553
2008,3,II6_1,0.0,18198,99.30153879733712
2008,3,II6_1,1.0,128,0.6984612026628834
2008,3,II7,1.0,12225,66.70850158245116
2008,3,II7,3.0,3314,18.083597075193715
2008,3,II7,6.0,1066,5.816872203426826
2008,3,II7,2.0,750,4.092546109352832
2008,3,II7,4.0,444,2.4227872967368764
2008,3,II7,8.0,273,1.4896867838044308
2008,3,II7,5.0,77,0.42016806722689076
2008,3,II7,7.0,76,0.414711339081087
2008,3,II7,0.0,66,0.36014405762304924
2008,3,II7,9.0,32,0.17461530066572084
2008,3,II7,99.0,3,0.01637018443741133
2008,3,II8,1.0,11638,63.50540216086434
2008,3,II8,2.0,6452,35.206809996725966
2008,3,II8,3.0,127,0.6930044745170796
2008,3,II8,0.0,66,0.36014405762304924
2008,3,II8,4.0,41,0.22372585397795483
2008,3,II8,9.0,2,0.010913456291607553
2008,3,II9,1.0,17528,95.64553093964858
2008,3,II9,2.0,327,1.7843501036778349
2008,3,II9,3.0,292,1.5933646185747026
2008,3,II9,4.0,111,0.6056968241842191
2008,3,II9,0.0,66,0.36014405762304924
2008,3,II9,9.0,2,0.010913456291607553
2008,3,IV1,1.0,14267,77.85114045618248
2008,3,IV1,2.0,3838,20.942922623594892
2008,3,IV1,3.0,145,0.7912255811415475
2008,3,IV1,4.0,41,0.22372585397795483
2008,3,IV1,6.0,23,0.12550474735348685
2008,3,IV1,5.0,12,0.06548073774964532
2008,3,IV10,1.0,16889,92.15868165447998
2008,3,IV10,2.0,1106,6.035141329258976
2008,3,IV10,3.0,212,1.1568263669104004
2008,3,IV10,0.0,119,0.6493506493506493
2008,3,IV11,1.0,13380,73.01102259085452
2008,3,IV11,2.0,3247,17.71799628942486
2008,3,IV11,3.0,1349,7.3611262686892935
2008,3,IV11,4.0,226,1.2332205609516533
2008,3,IV11,0.0,123,0.6711775619338645
2008,3,IV11,9.0,1,0.005456728145803776
2008,3,IV12_1,2.0,16852,91.95678271308523
2008,3,IV12_1,1.0,1466,7.999563461748336
2008,3,IV12_1,0.0,7,0.03819709702062643
2008,3,IV12_1,9.0,1,0.005456728145803776
2008,3,IV12_2,2.0,17022,92.88442649787187
2008,3,IV12_2,1.0,1299,7.088289861399105
2008,3,IV12_2,0.0,4,0.021826912583215105
2008,3,IV12_2,9.0,1,0.005456728145803776
2008,3,IV12_3,2.0,18108,98.81043326421478
2008,3,IV12_3,1.0,212,1.1568263669104004
2008,3,IV12_3,0.0,5,0.02728364072901888
2008,3,IV12_3,9.0,1,0.005456728145803776
2008,3,IV2,3.0,6488,35.4032522099749
2008,3,IV2,4.0,4371,23.851358725308305
2008,3,IV2,2.0,3773,20.58823529411765
2008,3,IV2,1.0,1802,9.833024118738404
2008,3,IV2,5.0,1321,7.208337880606789
2008,3,IV2,6.0,387,2.1117537924260614
2008,3,IV2,7.0,122,0.6657208337880607
2008,3,IV2,8.0,43,0.23463931026956236
2008,3,IV2,9.0,14,0.07639419404125286
2008,3,IV2,10.0,4,0.021826912583215105
2008,3,IV2,11.0,1,0.005456728145803776
2008,3,IV3,1.0,15195,82.91498417548837
2008,3,IV3,2.0,2866,15.638982865873622
2008,3,IV3,3.0,184,1.0040379788278948
2008,3,IV3,4.0,60,0.32740368874822656
2008,3,IV3,0.0,13,0.0709374658954491
2008,3,IV3,9.0,8,0.04365382516643021
2008,3,IV4,1.0,5593,30.51948051948052
2008,3,IV4,4.0,5565,30.366692131398015
2008,3,IV4,2.0,3863,21.079340827239985
2008,3,IV4,3.0,1420,7.748553967041362
2008,3,IV4,9.0,1393,7.60122230710466
2008,3,IV4,5.0,282,1.5387973371166648
2008,3,IV4,7.0,127,0.6930044745170796
2008,3,IV4,6.0,74,0.4037978827894794
2008,3,IV4,0.0,9,0.04911055331223398
2008,3,IV5,1.0,15549,84.84666593910292
2008,3,IV5,2.0,2763,15.076939866855833
2008,3,IV5,0.0,8,0.04365382516643021
2008,3,IV5,9.0,6,0.03274036887482266
2008,3,IV6,1.0,17263,94.19949798101058
2008,3,IV6,2.0,939,5.123867728909746
2008,3,IV6,3.0,83,0.4529084361017134
2008,3,IV6,0.0,39,0.21281239768634727
2008,3,IV6,9.0,2,0.010913456291607553
2008,3,IV7,1.0,17680,96.47495361781075
2008,3,IV7,2.0,582,3.1758157808577976
2008,3,IV7,4.0,34,0.18552875695732837
2008,3,IV7,3.0,24,0.13096147549929063
2008,3,IV7,0.0,5,0.02728364072901888
2008,3,IV7,9.0,1,0.005456728145803776
2008,3,IV8,1.0,18207,99.35064935064935
2008,3,IV8,2.0,116,0.632980464913238
2008,3,IV8,0.0,2,0.010913456291607553
2008,3,IV8,9.0,1,0.005456728145803776
2008,3,IV9,1.0,16961,92.55156608097785
2008,3,IV9,2.0,1245,6.793626541525701
2008,3,IV9,0.0,119,0.6493506493506493
2008,3,IV9,3.0,1,0.005456728145803776
2008,4,II1,3.0,6403,35.14848767634627
2008,4,II1,4.0,4152,22.791897677993084
2008,4,II1,2.0,3939,21.62266015260471
2008,4,II1,1.0,1836,10.078498106164572
2008,4,II1,5.0,1265,6.944063237635176
2008,4,II1,6.0,382,2.096942416424219
2008,4,II1,7.0,114,0.6257890980951858
2008,4,II1,0.0,55,0.30191579294065984
2008,4,II1,8.0,49,0.2689795246198606
2008,4,II1,9.0,9,0.04940440248119888
2008,4,II1,10.0,6,0.03293626832079925
2008,4,II1,11.0,3,0.016468134160399626
2008,4,II1,17.0,2,0.010978756106933085
2008,4,II1,16.0,1,0.0054893780534665424
2008,4,II1,13.0,1,0.0054893780534665424
2008,4,II2,2.0,7502,41.181314157106
2008,4,II2,1.0,6351,34.86304001756601
2008,4,II2,3.0,3666,20.124059944008344
2008,4,II2,4.0,564,3.09600922215513
2008,4,II2,5.0,63,0.34583081736839216
2008,4,II2,0.0,56,0.30740517099412634
2008,4,II2,6.0,10,0.05489378053466542
2008,4,II2,13.0,2,0.010978756106933085
2008,4,II2,7.0,2,0.010978756106933085
2008,4,II2,8.0,1,0.0054893780534665424
2008,4,II3,2.0,17295,94.93879343470385
2008,4,II3,1.0,866,4.753801394302026
2008,4,II3,0.0,56,0.30740517099412634
2008,4,II3_1,0.0,17351,95.24619860569797
2008,4,II3_1,1.0,839,4.605588186858429
2008,4,II3_1,2.0,23,0.12625569522973046
2008,4,II3_1,3.0,4,0.02195751221386617
2008,4,II4_1,1.0,17021,93.43470384805401
2008,4,II4_1,2.0,1141,6.263380359005325
2008,4,II4_1,0.0,55,0.30191579294065984
2008,4,II4_2,2.0,9227,50.65049129933578
2008,4,II4_2,1.0,8935,49.047592907723555
2008,4,II4_2,0.0,55,0.30191579294065984
2008,4,II4_3,2.0,13182,72.36098150079596
2008,4,II4_3,1.0,4980,27.33710270626338
2008,4,II4_3,0.0,55,0.30191579294065984
2008,4,II5,2.0,17123,93.9946204095076
2008,4,II5,0.0,986,5.412526760718011
2008,4,II5,1.0,108,0.5928528297743866
2008,4,II5_1,0.0,18109,99.40714717022561
2008,4,II5_1,1.0,104,0.5708953175605204
2008,4,II5_1,2.0,4,0.02195751221386617
2008,4,II6,2.0,17108,93.9122797387056
2008,4,II6,0.0,985,5.407037382664544
2008,4,II6,1.0,124,0.6806828786298512
2008,4,II6_1,0.0,18093,99.31931712137015
2008,4,II6_1,1.0,123,0.6751935005763847
2008,4,II6_1,2.0,1,0.0054893780534665424
2008,4,II7,1.0,12256,67.27781742328594
2008,4,II7,3.0,3136,17.214689575671077
2008,4,II7,6.0,1083,5.944996431904265
2008,4,II7,2.0,732,4.018224735137509
2008,4,II7,4.0,482,2.6458802217708732
2008,4,II7,8.0,287,1.5754515013448975
2008,4,II7,5.0,78,0.4281714881703903
2008,4,II7,7.0,69,0.37876708568919143
2008,4,II7,0.0,55,0.30191579294065984
2008,4,II7,9.0,38,0.2085963660317286
2008,4,II7,99.0,1,0.0054893780534665424
2008,4,II8,1.0,11650,63.95125432288522
2008,4,II8,2.0,6370,34.96733820058187
2008,4,II8,3.0,107,0.58736345172092
2008,4,II8,0.0,55,0.30191579294065984
2008,4,II8,4.0,35,0.192128231871329
2008,4,II9,1.0,17453,95.80611516715156
2008,4,II9,2.0,334,1.833452269857825
2008,4,II9,3.0,271,1.487621452489433
2008,4,II9,4.0,104,0.5708953175605204
2008,4,II9,0.0,55,0.30191579294065984
2008,4,IV1,1.0,14293,78.45968051819729
2008,4,IV1,2.0,3750,20.585167700499532
2008,4,IV1,3.0,118,0.647746610309052
2008,4,IV1,4.0,26,0.1427238293901301
2008,4,IV1,6.0,20,0.10978756106933084
2008,4,IV1,5.0,10,0.05489378053466542
2008,4,IV10,1.0,16809,92.27095570071911
2008,4,IV10,2.0,1088,5.972443322171598
2008,4,IV10,3.0,209,1.1472800131745073
2008,4,IV10,0.0,111,0.6093209639347862
2008,4,IV11,1.0,13344,73.25026074545754
2008,4,IV11,2.0,3185,17.483669100290935
2008,4,IV11,3.0,1352,7.421639128286765
2008,4,IV11,4.0,218,1.1966844156557062
2008,4,IV11,0.0,116,0.6367678542021189
2008,4,IV11,9.0,2,0.010978756106933085
2008,4,IV12_1,2.0,16766,92.03491244442004
2008,4,IV12_1,1.0,1440,7.9047043969918205
2008,4,IV12_1,0.0,11,0.060383158588131966
2008,4,IV12_2,2.0,16911,92.83087226217269
2008,4,IV12_2,1.0,1300,7.136191469506505
2008,4,IV12_2,0.0,6,0.03293626832079925
2008,4,IV12_3,2.0,17991,98.75940055991656
2008,4,IV12_3,1.0,219,1.2021737937091728
2008,4,IV12_3,0.0,7,0.03842564637426579
2008,4,IV2,3.0,6441,35.357084042378
2008,4,IV2,4.0,4247,23.313388593072403
2008,4,IV2,2.0,3855,21.16155239611352
2008,4,IV2,1.0,1720,9.441730251962452
2008,4,IV2,5.0,1343,7.3722347258055665
2008,4,IV2,6.0,407,2.234176867760883
2008,4,IV2,7.0,128,0.7026403908437174
2008,4,IV2,8.0,51,0.27995828072679363
2008,4,IV2,9.0,9,0.04940440248119888
2008,4,IV2,10.0,8,0.04391502442773234
2008,4,IV2,11.0,3,0.016468134160399626
2008,4,IV2,17.0,2,0.010978756106933085
2008,4,IV2,16.0,1,0.0054893780534665424
2008,4,IV2,13.0,1,0.0054893780534665424
2008,4,IV2,41.0,1,0.0054893780534665424
2008,4,IV3,1.0,15048,82.60416094856453
2008,4,IV3,2.0,2896,15.897238842839107
2008,4,IV3,3.0,190,1.042981830158643
2008,4,IV3,4.0,63,0.34583081736839216
2008,4,IV3,0.0,16,0.08783004885546468
2008,4,IV3,9.0,4,0.02195751221386617
2008,4,IV4,4.0,5686,31.21260361201076
2008,4,IV4,1.0,5428,29.796344074216393
2008,4,IV4,2.0,3829,21.01882856672339
2008,4,IV4,9.0,1382,7.586320469890762
2008,4,IV4,3.0,1367,7.503979799088763
2008,4,IV4,5.0,320,1.7566009771092934
2008,4,IV4,7.0,114,0.6257890980951858
2008,4,IV4,6.0,76,0.4171927320634572
2008,4,IV4,0.0,15,0.08234067080199814
2008,4,IV5,1.0,15438,84.74501838941647
2008,4,IV5,2.0,2767,15.189109073941923
2008,4,IV5,0.0,9,0.04940440248119888
2008,4,IV5,9.0,3,0.016468134160399626
2008,4,IV6,1.0,17207,94.45572816599879
2008,4,IV6,2.0,894,4.907503979799089
2008,4,IV6,3.0,78,0.4281714881703903
2008,4,IV6,0.0,37,0.20310698797826207
2008,4,IV6,9.0,1,0.0054893780534665424
2008,4,IV7,1.0,17585,96.53071307020915
2008,4,IV7,2.0,565,3.1014986002085965
2008,4,IV7,4.0,41,0.22506450019212823
2008,4,IV7,3.0,22,0.12076631717626393
2008,4,IV7,0.0,4,0.02195751221386617
2008,4,IV8,1.0,18106,99.39067903606521
2008,4,IV8,2.0,108,0.5928528297743866
2008,4,IV8,0.0,3,0.016468134160399626
2008,4,IV9,1.0,16897,92.75402096942416
2008,4,IV9,2.0,1204,6.609211176373717
2008,4,IV9,0.0,113,0.6202997200417193
2008,4,IV9,3.0,3,0.016468134160399626
2009,1,II1,3.0,6201,34.7979797979798
2009,1,II1,4.0,4016,22.536475869809202
2009,1,II1,2.0,3913,21.958473625140293
2009,1,II1,1.0,1894,10.628507295173963
2009,1,II1,5.0,1215,6.818181818181818
2009,1,II1,6.0,354,1.9865319865319866
2009,1,II1,7.0,108,0.6060606060606061
2009,1,II1,0.0,67,0.3759820426487093
2009,1,II1,8.0,33,0.18518518518518517
2009,1,II1,9.0,9,0.050505050505050504
2009,1,II1,10.0,4,0.02244668911335578
2009,1,II1,11.0,3,0.016835016835016835
2009,1,II1,12.0,1,0.005611672278338945
2009,1,II1,16.0,1,0.005611672278338945
2009,1,II1,13.0,1,0.005611672278338945
2009,1,II2,2.0,7285,40.88103254769921
2009,1,II2,1.0,6299,35.347923681257015
2009,1,II2,3.0,3552,19.932659932659934
2009,1,II2,4.0,546,3.063973063973064
2009,1,II2,0.0,68,0.38159371492704824
2009,1,II2,5.0,55,0.30864197530864196
2009,1,II2,6.0,13,0.07295173961840629
2009,1,II2,8.0,2,0.01122334455667789
2009,1,II3,2.0,16922,94.96071829405163
2009,1,II3,1.0,831,4.6632996632996635
2009,1,II3,0.0,67,0.3759820426487093
2009,1,II3_1,0.0,16989,95.33670033670033
2009,1,II3_1,1.0,809,4.539842873176206
2009,1,II3_1,2.0,20,0.1122334455667789
2009,1,II3_1,3.0,2,0.01122334455667789
2009,1,II4_1,1.0,16590,93.0976430976431
2009,1,II4_1,2.0,1161,6.515151515151516
2009,1,II4_1,0.0,68,0.38159371492704824
2009,1,II4_1,9.0,1,0.005611672278338945
2009,1,II4_2,2.0,9068,50.886644219977555
2009,1,II4_2,1.0,8684,48.731762065095396
2009,1,II4_2,0.0,67,0.3759820426487093
2009,1,II4_2,9.0,1,0.005611672278338945
2009,1,II4_3,2.0,12958,72.71604938271605
2009,1,II4_3,1.0,4795,26.90796857463524
2009,1,II4_3,0.0,67,0.3759820426487093
2009,1,II5,2.0,16740,93.93939393939394
2009,1,II5,0.0,998,5.600448933782267
2009,1,II5,1.0,82,0.4601571268237935
2009,1,II5_1,0.0,17738,99.53984287317621
2009,1,II5_1,1.0,81,0.45454545454545453
2009,1,II5_1,2.0,1,0.005611672278338945
2009,1,II6,2.0,16707,93.75420875420875
2009,1,II6,0.0,998,5.600448933782267
2009,1,II6,1.0,115,0.6453423120089786
2009,1,II6_1,0.0,17705,99.35465768799102
2009,1,II6_1,1.0,112,0.6285072951739619
2009,1,II6_1,2.0,3,0.016835016835016835
2009,1,II7,1.0,11720,65.76879910213243
2009,1,II7,3.0,3185,17.87317620650954
2009,1,II7,6.0,1051,5.8978675645342316
2009,1,II7,2.0,809,4.539842873176206
2009,1,II7,4.0,500,2.8058361391694726
2009,1,II7,8.0,276,1.5488215488215489
2009,1,II7,5.0,89,0.4994388327721661
2009,1,II7,7.0,88,0.49382716049382713
2009,1,II7,0.0,67,0.3759820426487093
2009,1,II7,9.0,35,0.19640852974186307
2009,1,II8,1.0,11245,63.103254769921435
2009,1,II8,2.0,6379,35.79685746352413
2009,1,II8,3.0,84,0.4713804713804714
2009,1,II8,0.0,67,0.3759820426487093
2009,1,II8,4.0,44,0.24691358024691357
2009,1,II8,9.0,1,0.005611672278338945
2009,1,II9,1.0,17003,95.41526374859708
2009,1,II9,3.0,323,1.8125701459034793
2009,1,II9,2.0,314,1.7620650953984287
2009,1,II9,4.0,113,0.6341189674523008
2009,1,II9,0.0,67,0.3759820426487093
2009,1,IV1,1.0,13820,77.55331088664423
2009,1,IV1,2.0,3798,21.31313131313131
2009,1,IV1,3.0,145,0.813692480359147
2009,1,IV1,4.0,26,0.14590347923681257
2009,1,IV1,6.0,18,0.10101010101010101
2009,1,IV1,5.0,12,0.06734006734006734
2009,1,IV1,,1,0.005611672278338945
2009,1,IV10,1.0,16467,92.4074074074074
2009,1,IV10,2.0,1034,5.802469135802469
2009,1,IV10,3.0,191,1.0718294051627384
2009,1,IV10,0.0,127,0.712682379349046
2009,1,IV10,,1,0.005611672278338945
2009,1,IV11,1.0,13060,73.28843995510663
2009,1,IV11,2.0,2971,16.672278338945006
2009,1,IV11,3.0,1451,8.142536475869809
2009,1,IV11,4.0,207,1.1616161616161615
2009,1,IV11,0.0,127,0.712682379349046
2009,1,IV11,9.0,3,0.016835016835016835
2009,1,IV11,,1,0.005611672278338945
2009,1,IV12_1,2.0,16468,92.41301907968575
2009,1,IV12_1,1.0,1344,7.542087542087542
2009,1,IV12_1,0.0,7,0.03928170594837262
2009,1,IV12_1,,1,0.005611672278338945
2009,1,IV12_2,2.0,16474,92.44668911335577
2009,1,IV12_2,1.0,1341,7.525252525252525
2009,1,IV12_2,0.0,4,0.02244668911335578
2009,1,IV12_2,,1,0.005611672278338945
2009,1,IV12_3,2.0,17595,98.73737373737374
2009,1,IV12_3,1.0,218,1.22334455667789
2009,1,IV12_3,0.0,6,0.03367003367003367
2009,1,IV12_3,,1,0.005611672278338945
2009,1,IV2,3.0,6221,34.91021324354658
2009,1,IV2,4.0,4104,23.03030303030303
2009,1,IV2,2.0,3848,21.59371492704826
2009,1,IV2,1.0,1801,10.10662177328844
2009,1,IV2,5.0,1279,7.177328843995511
2009,1,IV2,6.0,381,2.138047138047138
2009,1,IV2,7.0,123,0.6902356902356902
2009,1,IV2,8.0,39,0.21885521885521886
2009,1,IV2,9.0,10,0.05611672278338945
2009,1,IV2,10.0,5,0.028058361391694726
2009,1,IV2,11.0,3,0.016835016835016835
2009,1,IV2,12.0,1,0.005611672278338945
2009,1,IV2,16.0,1,0.005611672278338945
2009,1,IV2,13.0,1,0.005611672278338945
2009,1,IV2,41.0,1,0.005611672278338945
2009,1,IV2,99.0,1,0.005611672278338945
2009,1,IV2,,1,0.005611672278338945
2009,1,IV3,1.0,14720,82.60381593714926
2009,1,IV3,2.0,2853,16.01010101010101
2009,1,IV3,3.0,176,0.9876543209876543
2009,1,IV3,4.0,55,0.30864197530864196
2009,1,IV3,0.0,12,0.06734006734006734
2009,1,IV3,9.0,3,0.016835016835016835
2009,1,IV3,,1,0.005611672278338945
2009,1,IV4,4.0,5521,30.982042648709314
2009,1,IV4,1.0,5226,29.326599326599325
2009,1,IV4,2.0,3776,21.189674523007856
2009,1,IV4,9.0,1395,7.828282828282828
2009,1,IV4,3.0,1359,7.626262626262626
2009,1,IV4,5.0,300,1.6835016835016836
2009,1,IV4,7.0,144,0.8080808080808081
2009,1,IV4,6.0,83,0.4657687991021324
2009,1,IV4,0.0,15,0.08417508417508418
2009,1,IV4,,1,0.005611672278338945
2009,1,IV5,1.0,15010,84.23120089786757
2009,1,IV5,2.0,2799,15.707070707070708
2009,1,IV5,0.0,8,0.04489337822671156
2009,1,IV5,9.0,2,0.01122334455667789
2009,1,IV5,,1,0.005611672278338945
2009,1,IV6,1.0,16839,94.4949494949495
2009,1,IV6,2.0,891,5.0
2009,1,IV6,3.0,67,0.3759820426487093
2009,1,IV6,0.0,22,0.12345679012345678
2009,1,IV6,,1,0.005611672278338945
2009,1,IV7,1.0,17167,96.33557800224467
2009,1,IV7,2.0,598,3.355780022446689
2009,1,IV7,4.0,34,0.19079685746352412
2009,1,IV7,3.0,13,0.07295173961840629
2009,1,IV7,0.0,7,0.03928170594837262
2009,1,IV7,,1,0.005611672278338945
2009,1,IV8,1.0,17694,99.29292929292929
2009,1,IV8,2.0,121,0.6790123456790124
2009,1,IV8,0.0,4,0.02244668911335578
2009,1,IV8,,1,0.005611672278338945
2009,1,IV9,1.0,16481,92.48597081930416
2009,1,IV9,2.0,1205,6.7620650953984285
2009,1,IV9,0.0,128,0.7182940516273849
2009,1,IV9,3.0,5,0.028058361391694726
2009,1,IV9,,1,0.005611672278338945
2009,2,II1,3.0,6183,34.534182305630026
2009,2,II1,4.0,3950,22.062109025915998
2009,2,II1,2.0,3886,21.704647006255584
2009,2,II1,1.0,2053,11.466711349419125
2009,2,II1,5.0,1242,6.936997319034853
2009,2,II1,6.0,359,2.0051385165326185
2009,2,II1,7.0,113,0.6311438784629133
2009,2,II1,0.0,65,0.363047363717605
2009,2,II1,8.0,32,0.17873100983020554
2009,2,II1,9.0,10,0.05585344057193923
2009,2,II1,10.0,6,0.03351206434316354
2009,2,II1,12.0,2,0.011170688114387846
2009,2,II1,11.0,2,0.011170688114387846
2009,2,II1,99.0,1,0.005585344057193923
2009,2,II2,2.0,7237,40.42113494191242
2009,2,II2,1.0,6496,36.282394995531725
2009,2,II2,3.0,3489,19.487265415549597
2009,2,II2,4.0,532,2.9714030384271672
2009,2,II2,5.0,65,0.363047363717605
2009,2,II2,0.0,65,0.363047363717605
2009,2,II2,6.0,14,0.07819481680071493
2009,2,II2,8.0,3,0.01675603217158177
2009,2,II2,7.0,2,0.011170688114387846
2009,2,II2,99.0,1,0.005585344057193923
2009,2,II3,2.0,16988,94.88382484361037
2009,2,II3,1.0,851,4.753127792672029
2009,2,II3,0.0,64,0.3574620196604111
2009,2,II3,9.0,1,0.005585344057193923
2009,2,II3_1,0.0,17053,95.24687220732797
2009,2,II3_1,1.0,828,4.624664879356568
2009,2,II3_1,2.0,20,0.11170688114387846
2009,2,II3_1,3.0,2,0.011170688114387846
2009,2,II3_1,4.0,1,0.005585344057193923
2009,2,II4_1,1.0,16709,93.32551385165326
2009,2,II4_1,2.0,1129,6.305853440571939
2009,2,II4_1,0.0,65,0.363047363717605
2009,2,II4_1,9.0,1,0.005585344057193923
2009,2,II4_2,2.0,9132,51.0053619302949
2009,2,II4_2,1.0,8707,48.63159070598749
2009,2,II4_2,0.0,64,0.3574620196604111
2009,2,II4_2,9.0,1,0.005585344057193923
2009,2,II4_3,2.0,13048,72.8775692582663
2009,2,II4_3,1.0,4791,26.759383378016086
2009,2,II4_3,0.0,64,0.3574620196604111
2009,2,II4_3,9.0,1,0.005585344057193923
2009,2,II5,2.0,16830,94.00134048257372
2009,2,II5,0.0,977,5.456881143878463
2009,2,II5,1.0,96,0.5361930294906166
2009,2,II5,9.0,1,0.005585344057193923
2009,2,II5_1,0.0,17809,99.46939231456658
2009,2,II5_1,1.0,92,0.5138516532618409
2009,2,II5_1,2.0,3,0.01675603217158177
2009,2,II6,2.0,16803,93.85053619302948
2009,2,II6,0.0,977,5.456881143878463
2009,2,II6,1.0,123,0.6869973190348525
2009,2,II6,9.0,1,0.005585344057193923
2009,2,II6_1,0.0,17781,99.31300268096514
2009,2,II6_1,1.0,121,0.6758266309204647
2009,2,II6_1,2.0,2,0.011170688114387846
2009,2,II7,1.0,11790,65.85120643431635
2009,2,II7,3.0,3237,18.07975871313673
2009,2,II7,6.0,1079,6.026586237712243
2009,2,II7,2.0,765,4.272788203753351
2009,2,II7,4.0,520,2.90437890974084
2009,2,II7,8.0,236,1.318141197497766
2009,2,II7,7.0,97,0.5417783735478106
2009,2,II7,5.0,84,0.4691689008042895
2009,2,II7,0.0,64,0.3574620196604111
2009,2,II7,9.0,31,0.17314566577301163
2009,2,II7,99.0,1,0.005585344057193923
2009,2,II8,1.0,11394,63.63941018766756
2009,2,II8,2.0,6295,35.159740840035745
2009,2,II8,3.0,106,0.5920464700625558
2009,2,II8,0.0,64,0.3574620196604111
2009,2,II8,4.0,43,0.2401697944593387
2009,2,II8,9.0,2,0.011170688114387846
2009,2,II9,1.0,17073,95.35857908847186
2009,2,II9,3.0,336,1.876675603217158
2009,2,II9,2.0,325,1.815236818588025
2009,2,II9,4.0,105,0.5864611260053619
2009,2,II9,0.0,64,0.3574620196604111
2009,2,II9,9.0,1,0.005585344057193923
2009,2,IV1,1.0,13765,76.88226094727435
2009,2,IV1,2.0,3919,21.888963360142984
2009,2,IV1,3.0,138,0.7707774798927614
2009,2,IV1,4.0,43,0.2401697944593387
2009,2,IV1,6.0,22,0.1228775692582663
2009,2,IV1,5.0,17,0.09495084897229669
2009,2,IV10,1.0,16606,92.75022341376228
2009,2,IV10,2.0,1002,5.596514745308311
2009,2,IV10,3.0,174,0.9718498659517426
2009,2,IV10,0.0,122,0.6814119749776586
2009,2,IV11,1.0,13217,73.82149240393208
2009,2,IV11,2.0,2937,16.404155495978554
2009,2,IV11,3.0,1437,8.026139410187668
2009,2,IV11,4.0,189,1.0556300268096515
2009,2,IV11,0.0,122,0.6814119749776586
2009,2,IV11,9.0,2,0.011170688114387846
2009,2,IV12_1,2.0,16572,92.5603217158177
2009,2,IV12_1,1.0,1326,7.406166219839142
2009,2,IV12_1,0.0,5,0.027926720285969615
2009,2,IV12_1,9.0,1,0.005585344057193923
2009,2,IV12_2,2.0,16597,92.69995531724754
2009,2,IV12_2,1.0,1301,7.266532618409294
2009,2,IV12_2,0.0,5,0.027926720285969615
2009,2,IV12_2,9.0,1,0.005585344057193923
2009,2,IV12_3,2.0,17691,98.8103217158177
2009,2,IV12_3,1.0,207,1.156166219839142
2009,2,IV12_3,0.0,5,0.027926720285969615
2009,2,IV12_3,9.0,1,0.005585344057193923
2009,2,IV2,3.0,6228,34.78552278820376
2009,2,IV2,4.0,4032,22.5201072386059
2009,2,IV2,2.0,3836,21.425379803395888
2009,2,IV2,1.0,1929,10.774128686327078
2009,2,IV2,5.0,1304,7.283288650580876
2009,2,IV2,6.0,398,2.2229669347631815
2009,2,IV2,7.0,120,0.6702412868632708
2009,2,IV2,8.0,34,0.18990169794459338
2009,2,IV2,9.0,11,0.06143878462913315
2009,2,IV2,10.0,7,0.03909740840035746
2009,2,IV2,12.0,2,0.011170688114387846
2009,2,IV2,11.0,2,0.011170688114387846
2009,2,IV2,99.0,1,0.005585344057193923
2009,2,IV3,1.0,14874,83.07640750670241
2009,2,IV3,2.0,2793,15.599865951742627
2009,2,IV3,3.0,172,0.9606791778373548
2009,2,IV3,4.0,53,0.2960232350312779
2009,2,IV3,0.0,7,0.03909740840035746
2009,2,IV3,9.0,5,0.027926720285969615
2009,2,IV4,4.0,5474,30.574173369079535
2009,2,IV4,1.0,5277,29.473860589812332
2009,2,IV4,2.0,3744,20.91152815013405
2009,2,IV4,3.0,1437,8.026139410187668
2009,2,IV4,9.0,1417,7.914432529043789
2009,2,IV4,5.0,312,1.742627345844504
2009,2,IV4,7.0,155,0.8657283288650581
2009,2,IV4,6.0,79,0.4412421805183199
2009,2,IV4,0.0,9,0.05026809651474531
2009,2,IV5,1.0,15087,84.26608579088472
2009,2,IV5,2.0,2808,15.683646112600536
2009,2,IV5,0.0,5,0.027926720285969615
2009,2,IV5,9.0,4,0.022341376228775692
2009,2,IV6,1.0,16935,94.58780160857908
2009,2,IV6,2.0,882,4.92627345844504
2009,2,IV6,3.0,70,0.39097408400357464
2009,2,IV6,0.0,16,0.08936550491510277
2009,2,IV6,9.0,1,0.005585344057193923
2009,2,IV7,1.0,17254,96.36952636282395
2009,2,IV7,2.0,612,3.418230563002681
2009,2,IV7,4.0,16,0.08936550491510277
2009,2,IV7,3.0,14,0.07819481680071493
2009,2,IV7,0.0,6,0.03351206434316354
2009,2,IV7,9.0,2,0.011170688114387846
2009,2,IV8,1.0,17784,99.32975871313673
2009,2,IV8,2.0,116,0.647899910634495
2009,2,IV8,0.0,3,0.01675603217158177
2009,2,IV8,9.0,1,0.005585344057193923
2009,2,IV9,1.0,16569,92.54356568364611
2009,2,IV9,2.0,1210,6.758266309204647
2009,2,IV9,0.0,120,0.6702412868632708
2009,2,IV9,3.0,4,0.022341376228775692
2009,2,IV9,9.0,1,0.005585344057193923
2009,3,II1,3.0,6303,34.72918618105681
2009,3,II1,4.0,4004,22.06182158796628
2009,3,II1,2.0,3942,21.720204969970798
2009,3,II1,1.0,2059,11.344977684720922
2009,3,II1,5.0,1260,6.942531268940438
2009,3,II1,6.0,360,1.9835803625544106
2009,3,II1,7.0,105,0.5785442724117031
2009,3,II1,0.0,56,0.30855694528624167
2009,3,II1,8.0,41,0.2259077635131412
2009,3,II1,9.0,10,0.0550994545154003
2009,3,II1,10.0,6,0.03305967270924018
2009,3,II1,12.0,1,0.00550994545154003
2009,3,II1,11.0,1,0.00550994545154003
2009,3,II1,99.0,1,0.00550994545154003
2009,3,II2,2.0,7311,40.28321119620916
2009,3,II2,1.0,6647,36.624607416386574
2009,3,II2,3.0,3523,19.411537825775525
2009,3,II2,4.0,530,2.920271089316216
2009,3,II2,5.0,63,0.34712656344702186
2009,3,II2,0.0,56,0.30855694528624167
2009,3,II2,6.0,12,0.06611934541848036
2009,3,II2,7.0,4,0.02203978180616012
2009,3,II2,8.0,2,0.01101989090308006
2009,3,II2,99.0,1,0.00550994545154003
2009,3,II3,2.0,17247,95.03002920271089
2009,3,II3,1.0,844,4.650393961099785
2009,3,II3,0.0,56,0.30855694528624167
2009,3,II3,9.0,2,0.01101989090308006
2009,3,II3_1,0.0,17305,95.34960603890022
2009,3,II3_1,1.0,810,4.463055815747424
2009,3,II3_1,2.0,28,0.15427847264312083
2009,3,II3_1,3.0,3,0.01652983635462009
2009,3,II3_1,-9.0,2,0.01101989090308006
2009,3,II3_1,4.0,1,0.00550994545154003
2009,3,II4_1,1.0,17054,93.96660973056366
2009,3,II4_1,2.0,1037,5.713813433247011
2009,3,II4_1,0.0,57,0.3140668907377817
2009,3,II4_1,9.0,1,0.00550994545154003
2009,3,II4_2,2.0,9246,50.944955644939114
2009,3,II4_2,1.0,8844,48.72995757342002
2009,3,II4_2,0.0,57,0.3140668907377817
2009,3,II4_2,9.0,2,0.01101989090308006
2009,3,II4_3,2.0,13175,72.59353132403989
2009,3,II4_3,1.0,4916,27.086891839770786
2009,3,II4_3,0.0,57,0.3140668907377817
2009,3,II4_3,9.0,1,0.00550994545154003
2009,3,II5,2.0,17123,94.34679596671992
2009,3,II5,0.0,908,5.003030469998347
2009,3,II5,1.0,113,0.6226238360240234
2009,3,II5,9.0,5,0.02754972725770015
2009,3,II5_1,0.0,18036,99.37737616397598
2009,3,II5_1,1.0,109,0.6005840542178632
2009,3,II5_1,2.0,4,0.02203978180616012
2009,3,II6,2.0,17122,94.34128602126839
2009,3,II6,0.0,908,5.003030469998347
2009,3,II6,1.0,114,0.6281337814755634
2009,3,II6,9.0,5,0.02754972725770015
2009,3,II6_1,0.0,18035,99.37186621852443
2009,3,II6_1,1.0,113,0.6226238360240234
2009,3,II6_1,2.0,1,0.00550994545154003
2009,3,II7,1.0,11971,65.9595570003857
2009,3,II7,3.0,3357,18.49688688081988
2009,3,II7,6.0,1118,6.1601190148217535
2009,3,II7,2.0,756,4.165518761364263
2009,3,II7,4.0,504,2.777012507576175
2009,3,II7,8.0,212,1.1681084357264864
2009,3,II7,7.0,75,0.4132459088655022
2009,3,II7,5.0,70,0.38569618160780206
2009,3,II7,0.0,57,0.3140668907377817
2009,3,II7,9.0,28,0.15427847264312083
2009,3,II7,99.0,1,0.00550994545154003
2009,3,II8,1.0,11654,64.2129042922475
2009,3,II8,2.0,6292,34.66857678108987
2009,3,II8,3.0,107,0.5895641633147832
2009,3,II8,0.0,57,0.3140668907377817
2009,3,II8,4.0,39,0.21488787261006115
2009,3,II9,1.0,17366,95.68571271144415
2009,3,II9,2.0,313,1.7246129263320293
2009,3,II9,3.0,298,1.6419637445589288
2009,3,II9,4.0,115,0.6336437269271035
2009,3,II9,0.0,57,0.3140668907377817
2009,3,IV1,1.0,14007,77.1778059397212
2009,3,IV1,2.0,3921,21.604496115488455
2009,3,IV1,3.0,137,0.7548625268609841
2009,3,IV1,4.0,37,0.2038679817069811
2009,3,IV1,6.0,28,0.15427847264312083
2009,3,IV1,5.0,19,0.10468896357926057
2009,3,IV10,1.0,16841,92.79299134938564
2009,3,IV10,2.0,1012,5.57606479695851
2009,3,IV10,3.0,176,0.9697503994710452
2009,3,IV10,0.0,120,0.6611934541848036
2009,3,IV11,1.0,13445,74.0812165959557
2009,3,IV11,2.0,3047,16.788803790842472
2009,3,IV11,3.0,1347,7.4218965232244205
2009,3,IV11,4.0,188,1.0358697448895255
2009,3,IV11,0.0,121,0.6667033996363436
2009,3,IV11,9.0,1,0.00550994545154003
2009,3,IV12_1,2.0,16749,92.28607636784396
2009,3,IV12_1,1.0,1392,7.669844068543721
2009,3,IV12_1,0.0,8,0.04407956361232024
2009,3,IV12_2,2.0,16926,93.26133671276655
2009,3,IV12_2,1.0,1219,6.716623505427297
2009,3,IV12_2,0.0,4,0.02203978180616012
2009,3,IV12_3,2.0,17941,98.85393134607968
2009,3,IV12_3,1.0,202,1.113008981211086
2009,3,IV12_3,0.0,6,0.03305967270924018
2009,3,IV2,3.0,6345,34.96060389002149
2009,3,IV2,4.0,4077,22.4640476059287
2009,3,IV2,2.0,3898,21.477767370103034
2009,3,IV2,1.0,1925,10.606644994214557
2009,3,IV2,5.0,1329,7.3227175050966995
2009,3,IV2,6.0,397,2.1874483442613917
2009,3,IV2,7.0,117,0.6446636178301834
2009,3,IV2,8.0,41,0.2259077635131412
2009,3,IV2,9.0,10,0.0550994545154003
2009,3,IV2,10.0,7,0.03856961816078021
2009,3,IV2,12.0,1,0.00550994545154003
2009,3,IV2,11.0,1,0.00550994545154003
2009,3,IV2,99.0,1,0.00550994545154003
2009,3,IV3,1.0,15136,83.39853435450989
2009,3,IV3,2.0,2781,15.323158300732823
2009,3,IV3,3.0,165,0.9091409995041049
2009,3,IV3,4.0,52,0.28651716348008155
2009,3,IV3,0.0,8,0.04407956361232024
2009,3,IV3,9.0,7,0.03856961816078021
2009,3,IV4,4.0,5578,30.734475728690285
2009,3,IV4,1.0,5307,29.241280511322937
2009,3,IV4,2.0,3910,21.543886715521516
2009,3,IV4,3.0,1422,7.835142432089922
2009,3,IV4,9.0,1414,7.791062868477602
2009,3,IV4,5.0,312,1.7191029808804892
2009,3,IV4,7.0,128,0.7052730177971238
2009,3,IV4,6.0,72,0.39671607251088215
2009,3,IV4,0.0,6,0.03305967270924018
2009,3,IV5,1.0,15491,85.3545649898066
2009,3,IV5,2.0,2652,14.612375337484158
2009,3,IV5,0.0,4,0.02203978180616012
2009,3,IV5,9.0,2,0.01101989090308006
2009,3,IV6,1.0,17228,94.92534023913163
2009,3,IV6,2.0,816,4.496115488456664
2009,3,IV6,3.0,89,0.49038514518706267
2009,3,IV6,0.0,16,0.08815912722464048
2009,3,IV7,1.0,17554,96.72158245633368
2009,3,IV7,2.0,556,3.0635296710562567
2009,3,IV7,4.0,18,0.09917901812772054
2009,3,IV7,3.0,17,0.0936690726761805
2009,3,IV7,0.0,3,0.01652983635462009
2009,3,IV7,9.0,1,0.00550994545154003
2009,3,IV8,1.0,18029,99.3388065458152
2009,3,IV8,2.0,119,0.6556835087332635
2009,3,IV8,0.0,1,0.00550994545154003
2009,3,IV9,1.0,16844,92.80952118574027
2009,3,IV9,2.0,1180,6.501735632817235
2009,3,IV9,0.0,120,0.6611934541848036
2009,3,IV9,3.0,4,0.02203978180616012
2009,3,IV9,9.0,1,0.00550994545154003
2009,4,II1,3.0,6219,34.92446790587971
2009,4,II1,2.0,3965,22.26652440051665
2009,4,II1,4.0,3951,22.187903633402595
2009,4,II1,1.0,1865,10.47340933340821
2009,4,II1,5.0,1241,6.969169427753131
2009,4,II1,6.0,354,1.9879822541697085
2009,4,II1,7.0,108,0.6065030605941484
2009,4,II1,8.0,41,0.23024653226259337
2009,4,II1,0.0,41,0.23024653226259337
2009,4,II1,9.0,9,0.05054192171617903
2009,4,II1,10.0,7,0.039310383557028136
2009,4,II1,11.0,3,0.016847307238726343
2009,4,II1,13.0,1,0.005615769079575448
2009,4,II1,99.0,1,0.005615769079575448
2009,4,II1,12.0,1,0.005615769079575448
2009,4,II2,2.0,7266,40.804178132195204
2009,4,II2,1.0,6342,35.61520750266749
2009,4,II2,3.0,3546,19.91351715617454
2009,4,II2,4.0,534,2.9988206884932893
2009,4,II2,5.0,59,0.33133037569495144
2009,4,II2,0.0,41,0.23024653226259337
2009,4,II2,6.0,16,0.08985230527320717
2009,4,II2,7.0,2,0.011231538159150897
2009,4,II2,99.0,1,0.005615769079575448
2009,4,II3,2.0,16927,95.0581232099736
2009,4,II3,1.0,836,4.694782950525075
2009,4,II3,0.0,41,0.23024653226259337
2009,4,II3,9.0,3,0.016847307238726343
2009,4,II3_1,0.0,16971,95.30521704947492
2009,4,II3_1,1.0,794,4.458920649182906
2009,4,II3_1,2.0,31,0.1740888414668389
2009,4,II3_1,-9.0,7,0.039310383557028136
2009,4,II3_1,3.0,4,0.022463076318301793
2009,4,II4_1,1.0,16742,94.01920593025214
2009,4,II4_1,2.0,1021,5.733700230246532
2009,4,II4_1,0.0,42,0.23586230134216882
2009,4,II4_1,9.0,2,0.011231538159150897
2009,4,II4_2,2.0,9021,50.659852866850116
2009,4,II4_2,1.0,8741,49.08743752456899
2009,4,II4_2,0.0,42,0.23586230134216882
2009,4,II4_2,9.0,3,0.016847307238726343
2009,4,II4_3,2.0,12853,72.17947997978324
2009,4,II4_3,1.0,4910,27.573426180715447
2009,4,II4_3,0.0,42,0.23586230134216882
2009,4,II4_3,9.0,2,0.011231538159150897
2009,4,II5,2.0,16854,94.6481720671646
2009,4,II5,0.0,851,4.779019486718706
2009,4,II5,1.0,95,0.5334980625596676
2009,4,II5,9.0,7,0.039310383557028136
2009,4,II5_1,0.0,17712,99.46650193744033
2009,4,II5_1,1.0,94,0.5278822934800921
2009,4,II5_1,2.0,1,0.005615769079575448
2009,4,II6,2.0,16851,94.63132475992587
2009,4,II6,0.0,851,4.779019486718706
2009,4,II6,1.0,98,0.5503453697983939
2009,4,II6,9.0,7,0.039310383557028136
2009,4,II6_1,0.0,17709,99.44965463020161
2009,4,II6_1,1.0,96,0.539113831639243
2009,4,II6_1,2.0,1,0.005615769079575448
2009,4,II6_1,21.0,1,0.005615769079575448
2009,4,II7,1.0,11820,66.37839052058179
2009,4,II7,3.0,3218,18.071544898073792
2009,4,II7,6.0,1042,5.851631380917617
2009,4,II7,2.0,784,4.402762958387151
2009,4,II7,4.0,493,2.7685741562306956
2009,4,II7,8.0,232,1.302858426461504
2009,4,II7,5.0,66,0.37064075925197953
2009,4,II7,7.0,64,0.3594092210928287
2009,4,II7,0.0,42,0.23586230134216882
2009,4,II7,9.0,42,0.23586230134216882
2009,4,II7,99.0,4,0.022463076318301793
2009,4,II8,1.0,11395,63.991688661762225
2009,4,II8,2.0,6224,34.95254675127759
2009,4,II8,3.0,88,0.49418767900263944
2009,4,II8,4.0,57,0.32009883753580054
2009,4,II8,0.0,42,0.23586230134216882
2009,4,II8,9.0,1,0.005615769079575448
2009,4,II9,1.0,17126,96.17566125680912
2009,4,II9,2.0,276,1.5499522659628235
2009,4,II9,3.0,257,1.44325265345089
2009,4,II9,4.0,105,0.589655753355422
2009,4,II9,0.0,42,0.23586230134216882
2009,4,II9,9.0,1,0.005615769079575448
2009,4,IV1,1.0,13892,78.01426405346213
2009,4,IV1,2.0,3749,21.053518279328355
2009,4,IV1,3.0,124,0.6963553658673556
2009,4,IV1,4.0,20,0.11231538159150896
2009,4,IV1,6.0,15,0.08423653619363172
2009,4,IV1,5.0,7,0.039310383557028136
2009,4,IV10,1.0,16509,92.71073173471108
2009,4,IV10,2.0,1020,5.728084461166957
2009,4,IV10,3.0,165,0.9266018981299489
2009,4,IV10,0.0,110,0.6177345987532993
2009,4,IV10,9.0,3,0.016847307238726343
2009,4,IV11,1.0,13195,74.10007300499804
2009,4,IV11,2.0,2980,16.734991857134833
2009,4,IV11,3.0,1330,7.4689728758353455
2009,4,IV11,4.0,185,1.0389172797214579
2009,4,IV11,0.0,112,0.6289661369124502
2009,4,IV11,9.0,5,0.02807884539787724
2009,4,IV12_1,2.0,16414,92.1772336721514
2009,4,IV12_1,1.0,1385,7.777840175211995
2009,4,IV12_1,0.0,6,0.033694614477452686
2009,4,IV12_1,9.0,2,0.011231538159150897
2009,4,IV12_2,2.0,16539,92.87920480709833
2009,4,IV12_2,1.0,1263,7.09271634750379
2009,4,IV12_2,0.0,3,0.016847307238726343
2009,4,IV12_2,9.0,2,0.011231538159150897
2009,4,IV12_3,2.0,17603,98.85438310776661
2009,4,IV12_3,1.0,195,1.0950749705172123
2009,4,IV12_3,0.0,7,0.039310383557028136
2009,4,IV12_3,9.0,2,0.011231538159150897
2009,4,IV2,3.0,6246,35.07609367102825
2009,4,IV2,4.0,4013,22.536081316336272
2009,4,IV2,2.0,3933,22.086819789970235
2009,4,IV2,1.0,1744,9.79390127477958
2009,4,IV2,5.0,1306,7.334194417925535
2009,4,IV2,6.0,380,2.1339922502386703
2009,4,IV2,7.0,120,0.6738922895490538
2009,4,IV2,8.0,41,0.23024653226259337
2009,4,IV2,9.0,9,0.05054192171617903
2009,4,IV2,10.0,8,0.044926152636603586
2009,4,IV2,11.0,4,0.022463076318301793
2009,4,IV2,13.0,1,0.005615769079575448
2009,4,IV2,99.0,1,0.005615769079575448
2009,4,IV2,12.0,1,0.005615769079575448
2009,4,IV3,1.0,14822,83.23692929746728
2009,4,IV3,2.0,2737,15.370359970798
2009,4,IV3,3.0,167,0.9378334362890998
2009,4,IV3,4.0,62,0.3481776829336778
2009,4,IV3,9.0,10,0.05615769079575448
2009,4,IV3,0.0,9,0.05054192171617903
2009,4,IV4,4.0,5593,31.40899646206548
2009,4,IV4,1.0,5056,28.393328466333465
2009,4,IV4,2.0,3882,21.800415566911887
2009,4,IV4,3.0,1400,7.862076711405627
2009,4,IV4,9.0,1380,7.749761329814118
2009,4,IV4,5.0,292,1.6398045712360307
2009,4,IV4,7.0,117,0.6570449823103274
2009,4,IV4,6.0,74,0.41556691188858313
2009,4,IV4,0.0,9,0.05054192171617903
2009,4,IV4,99.0,4,0.022463076318301793
2009,4,IV5,1.0,15211,85.42146346942214
2009,4,IV5,2.0,2587,14.527994608861684
2009,4,IV5,0.0,5,0.02807884539787724
2009,4,IV5,9.0,4,0.022463076318301793
2009,4,IV6,1.0,16946,95.16482282248553
2009,4,IV6,2.0,772,4.335373729432246
2009,4,IV6,3.0,69,0.3874880664907059
2009,4,IV6,0.0,17,0.09546807435278261
2009,4,IV6,9.0,3,0.016847307238726343
2009,4,IV7,1.0,17223,96.72039085752793
2009,4,IV7,2.0,534,2.9988206884932893
2009,4,IV7,4.0,29,0.162857303307688
2009,4,IV7,3.0,16,0.08985230527320717
2009,4,IV7,9.0,3,0.016847307238726343
2009,4,IV7,0.0,2,0.011231538159150897
2009,4,IV8,1.0,17697,99.3822654012467
2009,4,IV8,2.0,108,0.6065030605941484
2009,4,IV8,0.0,1,0.005615769079575448
2009,4,IV8,9.0,1,0.005615769079575448
2009,4,IV9,1.0,16605,93.24984556635032
2009,4,IV9,2.0,1085,6.093109451339361
2009,4,IV9,0.0,110,0.6177345987532993
2009,4,IV9,3.0,5,0.02807884539787724
2009,4,IV9,9.0,2,0.011231538159150897
2010,1,II1,3.0,6059,34.66643780752946
2010,1,II1,2.0,3950,22.59983979860396
2010,1,II1,4.0,3839,21.964755692871037
2010,1,II1,1.0,1895,10.842201624899873
2010,1,II1,5.0,1217,6.96303924934203
2010,1,II1,6.0,319,1.8251516191783956
2010,1,II1,7.0,107,0.6121981920128161
2010,1,II1,0.0,37,0.2116947019109738
2010,1,II1,8.0,31,0.17736583133081588
2010,1,II1,9.0,8,0.04577182744021055
2010,1,II1,10.0,6,0.03432887058015791
2010,1,II1,99.0,4,0.022885913720105275
2010,1,II1,11.0,4,0.022885913720105275
2010,1,II1,13.0,1,0.005721478430026319
2010,1,II1,12.0,1,0.005721478430026319
2010,1,II2,2.0,7046,40.313537017965444
2010,1,II2,1.0,6315,36.1311362856162
2010,1,II2,3.0,3484,19.933630850211696
2010,1,II2,4.0,515,2.946561391463554
2010,1,II2,5.0,62,0.35473166266163175
2010,1,II2,0.0,37,0.2116947019109738
2010,1,II2,6.0,15,0.08582217645039478
2010,1,II2,99.0,4,0.022885913720105275
2010,1,II3,2.0,16637,95.18823664034787
2010,1,II3,1.0,798,4.565739787161003
2010,1,II3,0.0,38,0.2174161803410001
2010,1,II3,9.0,5,0.028607392150131594
2010,1,II3_1,0.0,16680,95.43426021283899
2010,1,II3_1,1.0,766,4.3826524774001605
2010,1,II3_1,2.0,26,0.1487584391806843
2010,1,II3_1,-9.0,4,0.022885913720105275
2010,1,II3_1,3.0,2,0.011442956860052637
2010,1,II4_1,1.0,16360,93.60338711523057
2010,1,II4_1,2.0,1077,6.162032269138345
2010,1,II4_1,0.0,37,0.2116947019109738
2010,1,II4_1,9.0,4,0.022885913720105275
2010,1,II4_2,2.0,9001,51.49902734866689
2010,1,II4_2,1.0,8436,48.266392035702026
2010,1,II4_2,0.0,37,0.2116947019109738
2010,1,II4_2,9.0,4,0.022885913720105275
2010,1,II4_3,2.0,12693,72.62272571232407
2010,1,II4_3,1.0,4744,27.142693672044857
2010,1,II4_3,0.0,37,0.2116947019109738
2010,1,II4_3,9.0,4,0.022885913720105275
2010,1,II5,2.0,16518,94.50738070717473
2010,1,II5,0.0,880,5.03490101842316
2010,1,II5,1.0,75,0.4291108822519739
2010,1,II5,9.0,5,0.028607392150131594
2010,1,II5_1,0.0,17402,99.565167639318
2010,1,II5_1,1.0,74,0.4233894038219476
2010,1,II5_1,2.0,2,0.011442956860052637
2010,1,II6,2.0,16478,94.27852156997368
2010,1,II6,0.0,880,5.03490101842316
2010,1,II6,1.0,115,0.6579700194530267
2010,1,II6,9.0,5,0.028607392150131594
2010,1,II6_1,0.0,17363,99.34202998054697
2010,1,II6_1,1.0,111,0.6350841057329214
2010,1,II6_1,2.0,2,0.011442956860052637
2010,1,II6_1,21.0,1,0.005721478430026319
2010,1,II6_1,-9.0,1,0.005721478430026319
2010,1,II7,1.0,11469,65.61963611397185
2010,1,II7,3.0,3254,18.617690811305643
2010,1,II7,6.0,994,5.687149559446161
2010,1,II7,2.0,783,4.479917610710608
2010,1,II7,4.0,477,2.729145211122554
2010,1,II7,8.0,245,1.4017622153564482
2010,1,II7,7.0,88,0.503490101842316
2010,1,II7,5.0,71,0.4062249685318686
2010,1,II7,9.0,52,0.2975168783613686
2010,1,II7,0.0,37,0.2116947019109738
2010,1,II7,99.0,8,0.04577182744021055
2010,1,II8,1.0,11176,63.94324293397414
2010,1,II8,2.0,6155,35.21569973681199
2010,1,II8,3.0,65,0.37189609795171075
2010,1,II8,4.0,41,0.23458061563107907
2010,1,II8,0.0,37,0.2116947019109738
2010,1,II8,9.0,4,0.022885913720105275
2010,1,II9,1.0,16794,96.08650875386199
2010,1,II9,2.0,299,1.7107220505778693
2010,1,II9,3.0,251,1.436091085936606
2010,1,II9,4.0,92,0.5263760155624213
2010,1,II9,0.0,37,0.2116947019109738
2010,1,II9,9.0,5,0.028607392150131594
2010,1,IV1,1.0,13578,77.68623412289736
2010,1,IV1,2.0,3725,21.31250715184804
2010,1,IV1,3.0,121,0.6922988900331846
2010,1,IV1,4.0,31,0.17736583133081588
2010,1,IV1,6.0,14,0.08010069802036847
2010,1,IV1,5.0,9,0.05149330587023687
2010,1,IV10,1.0,16234,92.88248083304725
2010,1,IV10,2.0,999,5.715756951596292
2010,1,IV10,3.0,146,0.8353358507838425
2010,1,IV10,0.0,96,0.5492619292825266
2010,1,IV10,9.0,3,0.017164435290078956
2010,1,IV11,1.0,13018,74.48220620208262
2010,1,IV11,2.0,2846,16.283327611854904
2010,1,IV11,3.0,1339,7.661059617805241
2010,1,IV11,4.0,169,0.9669298546744479
2010,1,IV11,0.0,99,0.5664263645726055
2010,1,IV11,9.0,7,0.040050349010184234
2010,1,IV12_1,2.0,16176,92.55063508410574
2010,1,IV12_1,1.0,1298,7.426479002174162
2010,1,IV12_1,9.0,3,0.017164435290078956
2010,1,IV12_1,0.0,1,0.005721478430026319
2010,1,IV12_2,2.0,16078,91.98993019796315
2010,1,IV12_2,1.0,1397,7.9929053667467675
2010,1,IV12_2,9.0,3,0.017164435290078956
2010,1,IV12_3,2.0,17273,98.8270969218446
2010,1,IV12_3,1.0,200,1.1442956860052638
2010,1,IV12_3,9.0,3,0.017164435290078956
2010,1,IV12_3,0.0,2,0.011442956860052637
2010,1,IV2,3.0,6106,34.935347293740705
2010,1,IV2,4.0,3898,22.30232292024259
2010,1,IV2,2.0,3898,22.30232292024259
2010,1,IV2,1.0,1788,10.230003432887058
2010,1,IV2,5.0,1269,7.260556127703398
2010,1,IV2,6.0,350,2.0025174505092114
2010,1,IV2,7.0,112,0.6408055841629478
2010,1,IV2,8.0,34,0.19453026662089484
2010,1,IV2,9.0,8,0.04577182744021055
2010,1,IV2,10.0,6,0.03432887058015791
2010,1,IV2,11.0,5,0.028607392150131594
2010,1,IV2,99.0,2,0.011442956860052637
2010,1,IV2,13.0,1,0.005721478430026319
2010,1,IV2,12.0,1,0.005721478430026319
2010,1,IV3,1.0,14549,83.24178967845292
2010,1,IV3,2.0,2690,15.390776976770798
2010,1,IV3,3.0,167,0.9554868978143952
2010,1,IV3,4.0,61,0.34901018423160546
2010,1,IV3,9.0,7,0.040050349010184234
2010,1,IV3,0.0,4,0.022885913720105275
2010,1,IV4,4.0,5553,31.77136972193615
2010,1,IV4,1.0,5022,28.733264675592174
2010,1,IV4,2.0,3726,21.318228630278064
2010,1,IV4,3.0,1348,7.712552923675478
2010,1,IV4,9.0,1328,7.598123355074951
2010,1,IV4,5.0,290,1.6592287447076324
2010,1,IV4,7.0,129,0.7380707174733951
2010,1,IV4,6.0,77,0.44055383911202656
2010,1,IV4,0.0,5,0.028607392150131594
2010,1,IV5,1.0,14843,84.92390433688065
2010,1,IV5,2.0,2627,15.03032383567914
2010,1,IV5,9.0,5,0.028607392150131594
2010,1,IV5,0.0,3,0.017164435290078956
2010,1,IV6,1.0,16603,94.99370637372697
2010,1,IV6,2.0,799,4.5714612655910285
2010,1,IV6,3.0,67,0.38333905481176334
2010,1,IV6,0.0,6,0.03432887058015791
2010,1,IV6,9.0,3,0.017164435290078956
2010,1,IV7,1.0,16923,96.8245794713354
2010,1,IV7,2.0,513,2.9351184346035017
2010,1,IV7,4.0,31,0.17736583133081588
2010,1,IV7,3.0,7,0.040050349010184234
2010,1,IV7,9.0,3,0.017164435290078956
2010,1,IV7,0.0,1,0.005721478430026319
2010,1,IV8,1.0,17382,99.45073807071748
2010,1,IV8,2.0,94,0.537818972422474
2010,1,IV8,9.0,2,0.011442956860052637
2010,1,IV9,1.0,16282,93.15711179768853
2010,1,IV9,2.0,1092,6.24785444558874
2010,1,IV9,0.0,96,0.5492619292825266
2010,1,IV9,3.0,6,0.03432887058015791
2010,1,IV9,9.0,2,0.011442956860052637
2010,2,II1,3.0,6104,34.26710829169708
2010,2,II1,2.0,4034,22.646381855947904
2010,2,II1,4.0,3802,21.343962274743166
2010,2,II1,1.0,2117,11.884578678493236
2010,2,II1,5.0,1185,6.6524448436535115
2010,2,II1,6.0,363,2.037837534385
2010,2,II1,7.0,108,0.6062987705608264
2010,2,II1,0.0,51,0.28630775276483467
2010,2,II1,8.0,34,0.19087183517655645
2010,2,II1,9.0,8,0.044911020041542696
2010,2,II1,10.0,3,0.01684163251557851
2010,2,II1,99.0,2,0.011227755010385674
2010,2,II1,12.0,1,0.005613877505192837
2010,2,II1,11.0,1,0.005613877505192837
2010,2,II2,2.0,7015,39.38135069892775
2010,2,II2,1.0,6660,37.388424184584295
2010,2,II2,3.0,3498,19.63734351316454
2010,2,II2,4.0,503,2.8237803851119967
2010,2,II2,5.0,68,0.3817436703531129
2010,2,II2,0.0,51,0.28630775276483467
2010,2,II2,6.0,12,0.06736653006231404
2010,2,II2,7.0,2,0.011227755010385674
2010,2,II2,8.0,2,0.011227755010385674
2010,2,II2,99.0,2,0.011227755010385674
2010,2,II3,2.0,16990,95.3797788132263
2010,2,II3,1.0,769,4.317071801493292
2010,2,II3,0.0,52,0.2919216302700275
2010,2,II3,9.0,2,0.011227755010385674
2010,2,II3_1,0.0,17044,95.68292819850672
2010,2,II3_1,1.0,744,4.176724863863471
2010,2,II3_1,2.0,22,0.1235053051142424
2010,2,II3_1,3.0,2,0.011227755010385674
2010,2,II3_1,-9.0,1,0.005613877505192837
2010,2,II4_1,1.0,16618,93.29141638129455
2010,2,II4_1,2.0,1143,6.416661988435412
2010,2,II4_1,0.0,51,0.28630775276483467
2010,2,II4_1,9.0,1,0.005613877505192837
2010,2,II4_2,2.0,9289,52.14730814573626
2010,2,II4_2,1.0,8472,47.560770223993714
2010,2,II4_2,0.0,51,0.28630775276483467
2010,2,II4_2,9.0,1,0.005613877505192837
2010,2,II4_3,2.0,13061,73.32285409532363
2010,2,II4_3,1.0,4699,26.37961039690114
2010,2,II4_3,0.0,51,0.28630775276483467
2010,2,II4_3,9.0,2,0.011227755010385674
2010,2,II5,2.0,16748,94.02122045696963
2010,2,II5,0.0,988,5.546510975130523
2010,2,II5,1.0,76,0.4266546903946556
2010,2,II5,9.0,1,0.005613877505192837
2010,2,II5_1,0.0,17736,99.56773143210015
2010,2,II5_1,1.0,75,0.42104081288946277
2010,2,II5_1,2.0,2,0.011227755010385674
2010,2,II6,2.0,16704,93.77420984674114
2010,2,II6,0.0,988,5.546510975130523
2010,2,II6,1.0,120,0.6736653006231405
2010,2,II6,9.0,1,0.005613877505192837
2010,2,II6_1,0.0,17693,99.32633469937686
2010,2,II6_1,1.0,117,0.6568236681075619
2010,2,II6_1,2.0,2,0.011227755010385674
2010,2,II6_1,-9.0,1,0.005613877505192837
2010,2,II7,1.0,11580,65.00870151013305
2010,2,II7,3.0,3416,19.17700555773873
2010,2,II7,6.0,1058,5.939482400494021
2010,2,II7,2.0,799,4.485488126649076
2010,2,II7,4.0,470,2.638522427440633
2010,2,II7,8.0,237,1.3304889687307022
2010,2,II7,7.0,86,0.48279346544658397
2010,2,II7,5.0,76,0.4266546903946556
2010,2,II7,0.0,51,0.28630775276483467
2010,2,II7,9.0,38,0.2133273451973278
2010,2,II7,99.0,2,0.011227755010385674
2010,2,II8,1.0,11480,64.44731375961376
2010,2,II8,2.0,6165,34.60955481951384
2010,2,II8,3.0,73,0.40981305787907707
2010,2,II8,0.0,51,0.28630775276483467
2010,2,II8,4.0,42,0.23578285521809914
2010,2,II8,9.0,2,0.011227755010385674
2010,2,II9,1.0,17043,95.67731432100152
2010,2,II9,2.0,317,1.7795991691461293
2010,2,II9,3.0,284,1.5943412114747657
2010,2,II9,4.0,117,0.6568236681075619
2010,2,II9,0.0,51,0.28630775276483467
2010,2,II9,9.0,1,0.005613877505192837
2010,2,IV1,1.0,13692,76.86521080110032
2010,2,IV1,2.0,3926,22.040083085387078
2010,2,IV1,3.0,137,0.7691012182114186
2010,2,IV1,4.0,32,0.17964408016617078
2010,2,IV1,6.0,17,0.09543591758827823
2010,2,IV1,5.0,9,0.05052489754673553
2010,2,IV10,1.0,16545,92.88160332341549
2010,2,IV10,2.0,1000,5.6138775051928365
2010,2,IV10,3.0,148,0.8308538707685398
2010,2,IV10,0.0,119,0.6680514231179475
2010,2,IV10,9.0,1,0.005613877505192837
2010,2,IV11,1.0,13330,74.83298714422051
2010,2,IV11,2.0,2855,16.02762027732555
2010,2,IV11,3.0,1332,7.4776848369168585
2010,2,IV11,4.0,170,0.9543591758827822
2010,2,IV11,0.0,120,0.6736653006231405
2010,2,IV11,9.0,6,0.03368326503115702
2010,2,IV12_1,2.0,16471,92.46617638803122
2010,2,IV12_1,1.0,1340,7.522595856958401
2010,2,IV12_1,0.0,2,0.011227755010385674
2010,2,IV12_2,2.0,16393,92.02829394262618
2010,2,IV12_2,1.0,1419,7.966092179868635
2010,2,IV12_2,0.0,1,0.005613877505192837
2010,2,IV12_3,2.0,17595,98.77617470386797
2010,2,IV12_3,1.0,216,1.2125975411216527
2010,2,IV12_3,0.0,2,0.011227755010385674
2010,2,IV2,3.0,6142,34.480435636894406
2010,2,IV2,2.0,3989,22.393757368214224
2010,2,IV2,4.0,3871,21.73131982260147
2010,2,IV2,1.0,2008,11.272666030427215
2010,2,IV2,5.0,1243,6.978049738954696
2010,2,IV2,6.0,394,2.211867737045978
2010,2,IV2,7.0,115,0.6455959130971762
2010,2,IV2,8.0,37,0.20771346769213495
2010,2,IV2,9.0,8,0.044911020041542696
2010,2,IV2,10.0,3,0.01684163251557851
2010,2,IV2,12.0,1,0.005613877505192837
2010,2,IV2,11.0,1,0.005613877505192837
2010,2,IV2,99.0,1,0.005613877505192837
2010,2,IV3,1.0,14804,83.10784258687475
2010,2,IV3,2.0,2777,15.589737831920507
2010,2,IV3,3.0,177,0.993656318419132
2010,2,IV3,4.0,51,0.28630775276483467
2010,2,IV3,9.0,4,0.022455510020771348
2010,2,IV4,4.0,5636,31.63981361926683
2010,2,IV4,1.0,5156,28.945152416774267
2010,2,IV4,2.0,3705,20.79941615673946
2010,2,IV4,3.0,1402,7.870656262280357
2010,2,IV4,9.0,1400,7.859428507269971
2010,2,IV4,5.0,300,1.684163251557851
2010,2,IV4,7.0,139,0.7803289732218043
2010,2,IV4,6.0,75,0.42104081288946277
2010,2,IV5,1.0,15056,84.52253971818335
2010,2,IV5,2.0,2753,15.45500477179588
2010,2,IV5,9.0,4,0.022455510020771348
2010,2,IV6,1.0,16872,94.71734126761353
2010,2,IV6,2.0,865,4.856004041991803
2010,2,IV6,3.0,75,0.42104081288946277
2010,2,IV6,9.0,1,0.005613877505192837
2010,2,IV7,1.0,17247,96.82254533206086
2010,2,IV7,2.0,538,3.0202660977937463
2010,2,IV7,4.0,18,0.10104979509347106
2010,2,IV7,3.0,9,0.05052489754673553
2010,2,IV7,9.0,1,0.005613877505192837
2010,2,IV8,1.0,17694,99.33194857688206
2010,2,IV8,2.0,119,0.6680514231179475
2010,2,IV9,1.0,16488,92.56161230561949
2010,2,IV9,2.0,1200,6.736653006231404
2010,2,IV9,0.0,119,0.6680514231179475
2010,2,IV9,3.0,6,0.03368326503115702
2010,3,II1,3.0,6176,34.225547243003604
2010,3,II1,2.0,4025,22.30534774175672
2010,3,II1,4.0,3873,21.46300914380715
2010,3,II1,1.0,2105,11.665281241341091
2010,3,II1,5.0,1229,6.810750900526462
2010,3,II1,6.0,396,2.1945137157107233
2010,3,II1,7.0,116,0.6428373510667775
2010,3,II1,0.0,70,0.38791909116098644
2010,3,II1,8.0,41,0.22720975339429206
2010,3,II1,9.0,6,0.03325020781379884
2010,3,II1,10.0,4,0.022166805209199225
2010,3,II1,12.0,3,0.01662510390689942
2010,3,II1,99.0,1,0.005541701302299806
2010,3,II2,2.0,7127,39.49570518149072
2010,3,II2,1.0,6703,37.1460238293156
2010,3,II2,3.0,3531,19.567747298420617
2010,3,II2,4.0,526,2.914934885009698
2010,3,II2,0.0,70,0.38791909116098644
2010,3,II2,5.0,63,0.3491271820448878
2010,3,II2,6.0,18,0.09975062344139651
2010,3,II2,7.0,4,0.022166805209199225
2010,3,II2,8.0,2,0.011083402604599613
2010,3,II2,99.0,1,0.005541701302299806
2010,3,II3,2.0,17173,95.16763646439458
2010,3,II3,1.0,799,4.427819340537545
2010,3,II3,0.0,70,0.38791909116098644
2010,3,II3,9.0,3,0.01662510390689942
2010,3,II3_1,0.0,17246,95.57218065946246
2010,3,II3_1,1.0,762,4.222776392352452
2010,3,II3_1,2.0,27,0.14962593516209477
2010,3,II3_1,-9.0,6,0.03325020781379884
2010,3,II3_1,3.0,3,0.01662510390689942
2010,3,II3_1,6.0,1,0.005541701302299806
2010,3,II4_1,1.0,16828,93.25574951510113
2010,3,II4_1,2.0,1144,6.339706289830978
2010,3,II4_1,0.0,71,0.39346079246328625
2010,3,II4_1,9.0,2,0.011083402604599613
2010,3,II4_2,2.0,9200,50.98365198115822
2010,3,II4_2,1.0,8772,48.6118038237739
2010,3,II4_2,0.0,71,0.39346079246328625
2010,3,II4_2,9.0,2,0.011083402604599613
2010,3,II4_3,2.0,13045,72.29149348850098
2010,3,II4_3,1.0,4926,27.298420615128844
2010,3,II4_3,0.0,71,0.39346079246328625
2010,3,II4_3,9.0,3,0.01662510390689942
2010,3,II5,2.0,16949,93.92629537267942
2010,3,II5,0.0,997,5.525076198392907
2010,3,II5,1.0,95,0.5264616237184816
2010,3,II5,9.0,4,0.022166805209199225
2010,3,II5_1,0.0,17950,99.47353837628152
2010,3,II5_1,1.0,94,0.5209199224161818
2010,3,II5_1,2.0,1,0.005541701302299806
2010,3,II6,2.0,16952,93.94292047658631
2010,3,II6,0.0,997,5.525076198392907
2010,3,II6,1.0,92,0.5098365198115822
2010,3,II6,9.0,4,0.022166805209199225
2010,3,II6_1,0.0,17953,99.49016348018841
2010,3,II6_1,1.0,91,0.5042948185092824
2010,3,II6_1,2.0,1,0.005541701302299806
2010,3,II7,1.0,11822,65.51399279578831
2010,3,II7,3.0,3365,18.647824882238847
2010,3,II7,6.0,1073,5.946245497367692
2010,3,II7,2.0,814,4.510944860072042
2010,3,II7,4.0,493,2.7320587420338045
2010,3,II7,8.0,232,1.285674702133555
2010,3,II7,0.0,71,0.39346079246328625
2010,3,II7,5.0,70,0.38791909116098644
2010,3,II7,7.0,66,0.3657522859517872
2010,3,II7,9.0,37,0.20504294818509283
2010,3,II7,99.0,2,0.011083402604599613
2010,3,II8,1.0,11607,64.32252701579385
2010,3,II8,2.0,6234,34.54696591853699
2010,3,II8,3.0,85,0.47104461069548353
2010,3,II8,0.0,71,0.39346079246328625
2010,3,II8,4.0,48,0.2660016625103907
2010,3,II9,1.0,17248,95.58326406206706
2010,3,II9,2.0,321,1.7788861180382378
2010,3,II9,3.0,275,1.5239678581324467
2010,3,II9,4.0,130,0.7204211692989748
2010,3,II9,0.0,71,0.39346079246328625
2010,3,IV1,1.0,13901,77.0351898032696
2010,3,IV1,2.0,3964,21.967303962316432
2010,3,IV1,3.0,119,0.659462454973677
2010,3,IV1,6.0,28,0.15516763646439458
2010,3,IV1,4.0,25,0.13854253255749516
2010,3,IV1,5.0,8,0.04433361041839845
2010,3,IV10,1.0,16751,92.82903851482405
2010,3,IV10,2.0,1007,5.580493211415905
2010,3,IV10,3.0,147,0.8146300914380715
2010,3,IV10,0.0,138,0.7647547797173733
2010,3,IV10,9.0,2,0.011083402604599613
2010,3,IV11,1.0,13481,74.70767525630369
2010,3,IV11,2.0,2985,16.54197838736492
2010,3,IV11,3.0,1267,7.021335550013855
2010,3,IV11,4.0,169,0.9365475200886673
2010,3,IV11,0.0,138,0.7647547797173733
2010,3,IV11,9.0,5,0.02770850651149903
2010,3,IV12_1,2.0,16714,92.62399556663895
2010,3,IV12_1,1.0,1327,7.353837628151843
2010,3,IV12_1,0.0,3,0.01662510390689942
2010,3,IV12_1,9.0,1,0.005541701302299806
2010,3,IV12_2,2.0,16714,92.62399556663895
2010,3,IV12_2,1.0,1327,7.353837628151843
2010,3,IV12_2,0.0,3,0.01662510390689942
2010,3,IV12_2,9.0,1,0.005541701302299806
2010,3,IV12_3,2.0,17822,98.76420060958715
2010,3,IV12_3,1.0,217,1.202549182599058
2010,3,IV12_3,0.0,5,0.02770850651149903
2010,3,IV12_3,9.0,1,0.005541701302299806
2010,3,IV2,3.0,6216,34.447215295095596
2010,3,IV2,2.0,3979,22.050429481850927
2010,3,IV2,4.0,3942,21.845386533665835
2010,3,IV2,1.0,2001,11.088944305901911
2010,3,IV2,5.0,1296,7.182044887780549
2010,3,IV2,6.0,426,2.3607647547797175
2010,3,IV2,7.0,123,0.6816292601828762
2010,3,IV2,8.0,44,0.24383485730119148
2010,3,IV2,9.0,6,0.03325020781379884
2010,3,IV2,10.0,4,0.022166805209199225
2010,3,IV2,12.0,3,0.01662510390689942
2010,3,IV2,11.0,3,0.01662510390689942
2010,3,IV2,99.0,2,0.011083402604599613
2010,3,IV3,1.0,15066,83.49127182044887
2010,3,IV3,2.0,2747,15.223053477417567
2010,3,IV3,3.0,167,0.9254641174840676
2010,3,IV3,4.0,58,0.32141867553338876
2010,3,IV3,9.0,7,0.038791909116098644
2010,3,IV4,4.0,5702,31.598780825713494
2010,3,IV4,1.0,5207,28.85563868107509
2010,3,IV4,2.0,3811,21.11942366306456
2010,3,IV4,3.0,1426,7.902466057079524
2010,3,IV4,9.0,1393,7.71958991410363
2010,3,IV4,5.0,302,1.6735937932945415
2010,3,IV4,7.0,129,0.714879467996675
2010,3,IV4,6.0,75,0.41562759767248547
2010,3,IV5,1.0,15352,85.07619839290662
2010,3,IV5,2.0,2689,14.901634801884178
2010,3,IV5,9.0,4,0.022166805209199225
2010,3,IV6,1.0,17150,95.04017733444168
2010,3,IV6,2.0,817,4.527569963978942
2010,3,IV6,3.0,77,0.4267110002770851
2010,3,IV6,9.0,1,0.005541701302299806
2010,3,IV7,1.0,17462,96.76918814075921
2010,3,IV7,2.0,553,3.064560820171793
2010,3,IV7,4.0,16,0.0886672208367969
2010,3,IV7,3.0,13,0.07204211692989748
2010,3,IV7,9.0,1,0.005541701302299806
2010,3,IV8,1.0,17907,99.23524522028262
2010,3,IV8,2.0,138,0.7647547797173733
2010,3,IV9,1.0,16810,93.15599889165973
2010,3,IV9,2.0,1095,6.068162926018288
2010,3,IV9,0.0,138,0.7647547797173733
2010,3,IV9,3.0,2,0.011083402604599613
2010,4,II1,3.0,6221,34.92589265663597
2010,4,II1,2.0,3994,22.42308556029643
2010,4,II1,4.0,3888,21.827981136312598
2010,4,II1,1.0,1900,10.666966090276219
2010,4,II1,5.0,1257,7.057040197619583
2010,4,II1,6.0,343,1.925668088928812
2010,4,II1,7.0,100,0.5614192679092747
2010,4,II1,0.0,47,0.2638670559173591
2010,4,II1,8.0,37,0.20772512912643162
2010,4,II1,10.0,11,0.06175611947002021
2010,4,II1,9.0,9,0.05052773411183472
2010,4,II1,12.0,3,0.01684257803727824
2010,4,II1,11.0,1,0.005614192679092746
2010,4,II1,34.0,1,0.005614192679092746
2010,4,II2,2.0,7133,40.04603637996856
2010,4,II2,1.0,6551,36.778576240736584
2010,4,II2,3.0,3455,19.397035706265438
2010,4,II2,4.0,554,3.1102627442173816
2010,4,II2,5.0,56,0.3143947900291938
2010,4,II2,0.0,47,0.2638670559173591
2010,4,II2,6.0,14,0.07859869750729845
2010,4,II2,7.0,2,0.011228385358185492
2010,4,II3,2.0,16978,95.31776330563665
2010,4,II3,1.0,781,4.384684482371435
2010,4,II3,0.0,47,0.2638670559173591
2010,4,II3,9.0,6,0.03368515607455648
2010,4,II3_1,0.0,17031,95.61531551762856
2010,4,II3_1,1.0,734,4.120817426454076
2010,4,II3_1,2.0,35,0.19649674376824613
2010,4,II3_1,-9.0,8,0.04491354143274197
2010,4,II3_1,3.0,3,0.01684257803727824
2010,4,II3_1,4.0,1,0.005614192679092746
2010,4,II4_1,1.0,16694,93.72333258477431
2010,4,II4_1,2.0,1068,5.995957781271053
2010,4,II4_1,0.0,48,0.26948124859645184
2010,4,II4_1,9.0,2,0.011228385358185492
2010,4,II4_2,2.0,8942,50.20211093644734
2010,4,II4_2,1.0,8820,49.51717942959802
2010,4,II4_2,0.0,48,0.26948124859645184
2010,4,II4_2,9.0,2,0.011228385358185492
2010,4,II4_3,2.0,12752,71.5921850437907
2010,4,II4_3,1.0,5010,28.12710532225466
2010,4,II4_3,0.0,48,0.26948124859645184
2010,4,II4_3,9.0,2,0.011228385358185492
2010,4,II5,2.0,16823,94.44756344037728
2010,4,II5,0.0,893,5.013474062429823
2010,4,II5,1.0,89,0.4996631484392544
2010,4,II5,9.0,7,0.039299348753649224
2010,4,II5_1,0.0,17723,99.50033685156075
2010,4,II5_1,1.0,88,0.49404895576016167
2010,4,II5_1,2.0,1,0.005614192679092746
2010,4,II6,2.0,16803,94.33527958679542
2010,4,II6,0.0,893,5.013474062429823
2010,4,II6,1.0,109,0.6119470020211094
2010,4,II6,9.0,7,0.039299348753649224
2010,4,II6_1,0.0,17703,99.38805299797889
2010,4,II6_1,1.0,107,0.6007186166629239
2010,4,II6_1,21.0,1,0.005614192679092746
2010,4,II6_1,-9.0,1,0.005614192679092746
2010,4,II7,1.0,11674,65.54008533572872
2010,4,II7,3.0,3308,18.571749382438806
2010,4,II7,6.0,1013,5.687177183920952
2010,4,II7,2.0,845,4.743992813833371
2010,4,II7,4.0,486,2.7284976420390747
2010,4,II7,8.0,220,1.2351223894004042
2010,4,II7,5.0,84,0.4715921850437907
2010,4,II7,7.0,78,0.4379070289692342
2010,4,II7,9.0,55,0.30878059735010105
2010,4,II7,0.0,48,0.26948124859645184
2010,4,II7,99.0,1,0.005614192679092746
2010,4,II8,1.0,11528,64.72041320458118
2010,4,II8,2.0,6118,34.347630810689424
2010,4,II8,3.0,69,0.3873792948573995
2010,4,II8,0.0,48,0.26948124859645184
2010,4,II8,4.0,47,0.2638670559173591
2010,4,II8,9.0,2,0.011228385358185492
2010,4,II9,1.0,17094,95.9690096564114
2010,4,II9,2.0,287,1.6112732988996183
2010,4,II9,3.0,258,1.4484617112059286
2010,4,II9,4.0,123,0.6905456995284078
2010,4,II9,0.0,48,0.26948124859645184
2010,4,II9,9.0,2,0.011228385358185492
2010,4,IV1,1.0,13784,77.38603188861441
2010,4,IV1,2.0,3844,21.580956658432516
2010,4,IV1,3.0,123,0.6905456995284078
2010,4,IV1,4.0,31,0.17403997305187513
2010,4,IV1,6.0,24,0.13474062429822592
2010,4,IV1,5.0,6,0.03368515607455648
2010,4,IV10,1.0,16593,93.15629912418594
2010,4,IV10,2.0,951,5.339097237817202
2010,4,IV10,3.0,133,0.7466876263193353
2010,4,IV10,0.0,130,0.729845048282057
2010,4,IV10,9.0,5,0.028070963395463732
2010,4,IV11,1.0,13286,74.59016393442623
2010,4,IV11,2.0,3017,16.938019312822817
2010,4,IV11,3.0,1219,6.843700875814058
2010,4,IV11,4.0,154,0.864585672580283
2010,4,IV11,0.0,130,0.729845048282057
2010,4,IV11,9.0,6,0.03368515607455648
2010,4,IV12_1,2.0,16514,92.71277790253761
2010,4,IV12_1,1.0,1290,7.242308556029643
2010,4,IV12_1,9.0,5,0.028070963395463732
2010,4,IV12_1,0.0,3,0.01684257803727824
2010,4,IV12_2,2.0,16504,92.65663597574668
2010,4,IV12_2,1.0,1300,7.29845048282057
2010,4,IV12_2,9.0,5,0.028070963395463732
2010,4,IV12_2,0.0,3,0.01684257803727824
2010,4,IV12_3,2.0,17598,98.79856276667415
2010,4,IV12_3,1.0,203,1.1396811138558276
2010,4,IV12_3,0.0,6,0.03368515607455648
2010,4,IV12_3,9.0,5,0.028070963395463732
2010,4,IV2,3.0,6260,35.14484617112059
2010,4,IV2,2.0,3952,22.187289467774534
2010,4,IV2,4.0,3936,22.09746238490905
2010,4,IV2,1.0,1810,10.161688749157872
2010,4,IV2,5.0,1309,7.348978216932405
2010,4,IV2,6.0,367,2.060408713227038
2010,4,IV2,7.0,108,0.6063328093420166
2010,4,IV2,8.0,40,0.22456770716370986
2010,4,IV2,10.0,13,0.0729845048282057
2010,4,IV2,9.0,9,0.05052773411183472
2010,4,IV2,11.0,4,0.022456770716370984
2010,4,IV2,12.0,3,0.01684257803727824
2010,4,IV2,34.0,1,0.005614192679092746
2010,4,IV3,1.0,14979,84.09499214013024
2010,4,IV3,2.0,2604,14.619357736357511
2010,4,IV3,3.0,145,0.8140579384684482
2010,4,IV3,4.0,74,0.41545025825286325
2010,4,IV3,9.0,10,0.056141926790927464
2010,4,IV4,4.0,5676,31.86615764653043
2010,4,IV4,1.0,4959,27.84078149562093
2010,4,IV4,2.0,3980,22.344486862789132
2010,4,IV4,3.0,1377,7.7307433191107116
2010,4,IV4,9.0,1329,7.46126207051426
2010,4,IV4,5.0,287,1.6112732988996183
2010,4,IV4,7.0,142,0.79721536043117
2010,4,IV4,6.0,62,0.34807994610375026
2010,4,IV5,1.0,15268,85.71749382438806
2010,4,IV5,2.0,2540,14.260049404895575
2010,4,IV5,9.0,4,0.022456770716370984
2010,4,IV6,1.0,16998,95.4300471592185
2010,4,IV6,2.0,740,4.154502582528632
2010,4,IV6,3.0,72,0.40422187289467776
2010,4,IV6,9.0,2,0.011228385358185492
2010,4,IV7,1.0,17252,96.85605209970807
2010,4,IV7,2.0,523,2.9362227711655065
2010,4,IV7,4.0,20,0.11228385358185493
2010,4,IV7,3.0,15,0.08421289018639119
2010,4,IV7,9.0,2,0.011228385358185492
2010,4,IV8,1.0,17682,99.27015495171794
2010,4,IV8,2.0,130,0.729845048282057
2010,4,IV9,1.0,16683,93.6615764653043
2010,4,IV9,2.0,995,5.586121715697283
2010,4,IV9,0.0,130,0.729845048282057
2010,4,IV9,9.0,3,0.01684257803727824
2010,4,IV9,3.0,1,0.005614192679092746
2011,1,II1,3.0,6010,34.134151189867666
2011,1,II1,2.0,4046,22.979496791049016
2011,1,II1,4.0,3838,21.79814846367922
2011,1,II1,1.0,1984,11.26824558414267
2011,1,II1,5.0,1185,6.730277730448117
2011,1,II1,6.0,332,1.885613676378713
2011,1,II1,7.0,105,0.596353722951099
2011,1,II1,0.0,42,0.2385414891804396
2011,1,II1,8.0,38,0.21582325211563583
2011,1,II1,10.0,10,0.056795592662009425
2011,1,II1,9.0,10,0.056795592662009425
2011,1,II1,99.0,3,0.01703867779860283
2011,1,II1,11.0,2,0.011359118532401886
2011,1,II1,12.0,1,0.005679559266200943
2011,1,II1,34.0,1,0.005679559266200943
2011,1,II2,2.0,6944,39.438859544499344
2011,1,II2,1.0,6671,37.88833986482649
2011,1,II2,3.0,3369,19.134435167830976
2011,1,II2,4.0,504,2.8624978701652752
2011,1,II2,5.0,62,0.35213267450445845
2011,1,II2,0.0,42,0.2385414891804396
2011,1,II2,6.0,11,0.06247515192821037
2011,1,II2,99.0,3,0.01703867779860283
2011,1,II2,7.0,1,0.005679559266200943
2011,1,II3,2.0,16781,95.30868404611802
2011,1,II3,1.0,776,4.407337990571931
2011,1,II3,0.0,43,0.24422104844664055
2011,1,II3,9.0,7,0.0397569148634066
2011,1,II3_1,0.0,16831,95.59266200942807
2011,1,II3_1,1.0,742,4.214232975521099
2011,1,II3_1,2.0,30,0.17038677798602828
2011,1,II3_1,3.0,2,0.011359118532401886
2011,1,II3_1,-9.0,2,0.011359118532401886
2011,1,II4_1,1.0,16555,94.02510365195661
2011,1,II4_1,2.0,1006,5.713636621798148
2011,1,II4_1,0.0,42,0.2385414891804396
2011,1,II4_1,9.0,4,0.022718237064803772
2011,1,II4_2,2.0,8973,50.96268529562106
2011,1,II4_2,1.0,8588,48.77605497813369
2011,1,II4_2,0.0,42,0.2385414891804396
2011,1,II4_2,9.0,4,0.022718237064803772
2011,1,II4_3,2.0,12679,72.01113193616176
2011,1,II4_3,1.0,4882,27.727608337593004
2011,1,II4_3,0.0,42,0.2385414891804396
2011,1,II4_3,9.0,4,0.022718237064803772
2011,1,II5,2.0,16676,94.71233032316692
2011,1,II5,0.0,832,4.725393309479184
2011,1,II5,1.0,93,0.5281990117566877
2011,1,II5,9.0,6,0.03407735559720566
2011,1,II5_1,0.0,17513,99.46612142897712
2011,1,II5_1,1.0,92,0.5225194524904867
2011,1,II5_1,2.0,2,0.011359118532401886
2011,1,II6,2.0,16658,94.61009825637531
2011,1,II6,0.0,832,4.725393309479184
2011,1,II6,1.0,111,0.6304310785483046
2011,1,II6,9.0,6,0.03407735559720566
2011,1,II6_1,0.0,17496,99.3695689214517
2011,1,II6_1,1.0,107,0.6077128414835009
2011,1,II6_1,2.0,2,0.011359118532401886
2011,1,II6_1,21.0,1,0.005679559266200943
2011,1,II6_1,-9.0,1,0.005679559266200943
2011,1,II7,1.0,11359,64.5141137047765
2011,1,II7,3.0,3460,19.651275061055262
2011,1,II7,6.0,1004,5.702277503265747
2011,1,II7,2.0,801,4.549326972226956
2011,1,II7,4.0,454,2.5785199068552282
2011,1,II7,8.0,244,1.38581246095303
2011,1,II7,5.0,91,0.5168398932242858
2011,1,II7,7.0,82,0.4657238598284773
2011,1,II7,9.0,65,0.3691713523030613
2011,1,II7,0.0,42,0.2385414891804396
2011,1,II7,99.0,5,0.028397796331004713
2011,1,II8,1.0,11390,64.69018004202874
2011,1,II8,2.0,6071,34.48060430510592
2011,1,II8,3.0,60,0.34077355597205655
2011,1,II8,0.0,42,0.2385414891804396
2011,1,II8,4.0,36,0.20446413358323395
2011,1,II8,9.0,8,0.045436474129607544
2011,1,II9,1.0,16930,96.15493837678196
2011,1,II9,2.0,275,1.5618787982052593
2011,1,II9,3.0,242,1.3744533424206282
2011,1,II9,4.0,111,0.6304310785483046
2011,1,II9,0.0,42,0.2385414891804396
2011,1,II9,9.0,7,0.0397569148634066
2011,1,IV1,1.0,13565,77.04322144601579
2011,1,IV1,2.0,3878,22.025330834327256
2011,1,IV1,3.0,117,0.6645084341455103
2011,1,IV1,6.0,21,0.1192707445902198
2011,1,IV1,4.0,20,0.11359118532401885
2011,1,IV1,5.0,5,0.028397796331004713
2011,1,IV1,0.0,1,0.005679559266200943
2011,1,IV10,1.0,16483,93.61617538479014
2011,1,IV10,2.0,882,5.009371272789232
2011,1,IV10,3.0,121,0.6872266712103141
2011,1,IV10,0.0,117,0.6645084341455103
2011,1,IV10,9.0,4,0.022718237064803772
2011,1,IV11,1.0,13228,75.12920997330608
2011,1,IV11,2.0,2907,16.51047878684614
2011,1,IV11,3.0,1208,6.860907593570739
2011,1,IV11,4.0,140,0.795138297268132
2011,1,IV11,0.0,117,0.6645084341455103
2011,1,IV11,9.0,7,0.0397569148634066
2011,1,IV12_1,2.0,16351,92.86647356165162
2011,1,IV12_1,1.0,1250,7.099449082751178
2011,1,IV12_1,9.0,4,0.022718237064803772
2011,1,IV12_1,0.0,2,0.011359118532401886
2011,1,IV12_2,2.0,16240,92.2360424831033
2011,1,IV12_2,1.0,1362,7.735559720565684
2011,1,IV12_2,9.0,4,0.022718237064803772
2011,1,IV12_2,0.0,1,0.005679559266200943
2011,1,IV12_3,2.0,17402,98.8356903504288
2011,1,IV12_3,1.0,195,1.107514056909184
2011,1,IV12_3,0.0,6,0.03407735559720566
2011,1,IV12_3,9.0,4,0.022718237064803772
2011,1,IV2,3.0,6061,34.423808712443915
2011,1,IV2,2.0,4019,22.82614869086159
2011,1,IV2,4.0,3878,22.025330834327256
2011,1,IV2,1.0,1878,10.66621230192537
2011,1,IV2,5.0,1224,6.951780541829954
2011,1,IV2,6.0,365,2.0730391321633443
2011,1,IV2,7.0,111,0.6304310785483046
2011,1,IV2,8.0,42,0.2385414891804396
2011,1,IV2,10.0,13,0.07383427046061225
2011,1,IV2,9.0,11,0.06247515192821037
2011,1,IV2,11.0,2,0.011359118532401886
2011,1,IV2,0.0,1,0.005679559266200943
2011,1,IV2,12.0,1,0.005679559266200943
2011,1,IV2,34.0,1,0.005679559266200943
2011,1,IV3,1.0,14759,83.82461520985972
2011,1,IV3,2.0,2633,14.954279547907083
2011,1,IV3,3.0,139,0.789458738001931
2011,1,IV3,4.0,64,0.36349179303686036
2011,1,IV3,9.0,11,0.06247515192821037
2011,1,IV3,0.0,1,0.005679559266200943
2011,1,IV4,4.0,5629,31.970239109445107
2011,1,IV4,1.0,4857,27.58561935593798
2011,1,IV4,2.0,3957,22.47401601635713
2011,1,IV4,3.0,1387,7.877548702220707
2011,1,IV4,9.0,1324,7.5197364684500485
2011,1,IV4,5.0,253,1.4369284943488385
2011,1,IV4,7.0,136,0.7724200602033282
2011,1,IV4,6.0,63,0.3578122337706594
2011,1,IV4,0.0,1,0.005679559266200943
2011,1,IV5,1.0,15120,85.87493610495825
2011,1,IV5,2.0,2482,14.09666609871074
2011,1,IV5,9.0,4,0.022718237064803772
2011,1,IV5,0.0,1,0.005679559266200943
2011,1,IV6,1.0,16849,95.69489407621968
2011,1,IV6,2.0,695,3.9472936900096554
2011,1,IV6,3.0,60,0.34077355597205655
2011,1,IV6,9.0,2,0.011359118532401886
2011,1,IV6,0.0,1,0.005679559266200943
2011,1,IV7,1.0,17085,97.03527006304311
2011,1,IV7,2.0,481,2.7318680070426535
2011,1,IV7,4.0,24,0.13630942238882263
2011,1,IV7,3.0,13,0.07383427046061225
2011,1,IV7,9.0,3,0.01703867779860283
2011,1,IV7,0.0,1,0.005679559266200943
2011,1,IV8,1.0,17490,99.33549156585448
2011,1,IV8,2.0,114,0.6474697563469075
2011,1,IV8,9.0,2,0.011359118532401886
2011,1,IV8,0.0,1,0.005679559266200943
2011,1,IV9,1.0,16514,93.79224172204236
2011,1,IV9,2.0,971,5.514852047481115
2011,1,IV9,0.0,117,0.6645084341455103
2011,1,IV9,9.0,3,0.01703867779860283
2011,1,IV9,3.0,2,0.011359118532401886
2011,2,II1,3.0,6081,33.78145658574524
2011,2,II1,2.0,4183,23.237597911227155
2011,2,II1,4.0,3802,21.12104883062052
2011,2,II1,1.0,2187,12.149325037497917
2011,2,II1,5.0,1154,6.410754958057885
2011,2,II1,6.0,353,1.9610021665463029
2011,2,II1,7.0,119,0.6610743847564025
2011,2,II1,0.0,55,0.3055385811899339
2011,2,II1,8.0,42,0.23332037109049497
2011,2,II1,9.0,12,0.06666296316871285
2011,2,II1,10.0,8,0.044441975445808565
2011,2,II1,11.0,2,0.011110493861452141
2011,2,II1,99.0,2,0.011110493861452141
2011,2,II1,32.0,1,0.005555246930726071
2011,2,II2,2.0,7001,38.89228376201322
2011,2,II2,1.0,6969,38.71451586022999
2011,2,II2,3.0,3391,18.837842342092106
2011,2,II2,4.0,487,2.7054052552635963
2011,2,II2,5.0,78,0.4333092605966335
2011,2,II2,0.0,55,0.3055385811899339
2011,2,II2,6.0,14,0.07777345703016499
2011,2,II2,7.0,3,0.016665740792178214
2011,2,II2,99.0,2,0.011110493861452141
2011,2,II2,21.0,1,0.005555246930726071
2011,2,II3,2.0,17200,95.55024720848841
2011,2,II3,1.0,739,4.105327481806566
2011,2,II3,0.0,56,0.31109382812065994
2011,2,II3,9.0,6,0.03333148158435643
2011,2,II3_1,0.0,17262,95.89467251819343
2011,2,II3_1,1.0,707,3.927559580023332
2011,2,II3_1,2.0,29,0.16110216099105606
2011,2,II3_1,-9.0,2,0.011110493861452141
2011,2,II3_1,3.0,1,0.005555246930726071
2011,2,II4_1,1.0,16807,93.36703516471307
2011,2,II4_1,2.0,1136,6.310760513304817
2011,2,II4_1,0.0,55,0.3055385811899339
2011,2,II4_1,9.0,3,0.016665740792178214
2011,2,II4_2,2.0,9363,52.0137770123882
2011,2,II4_2,1.0,8580,47.66401866562969
2011,2,II4_2,0.0,55,0.3055385811899339
2011,2,II4_2,9.0,3,0.016665740792178214
2011,2,II4_3,2.0,13094,72.74040331092716
2011,2,II4_3,1.0,4848,26.93183712015999
2011,2,II4_3,0.0,55,0.3055385811899339
2011,2,II4_3,9.0,4,0.022220987722904283
2011,2,II5,2.0,16952,94.17254596966835
2011,2,II5,0.0,959,5.327481806566301
2011,2,II5,1.0,87,0.48330648297316814
2011,2,II5,9.0,3,0.016665740792178214
2011,2,II5_1,0.0,17913,99.51113827009611
2011,2,II5_1,1.0,86,0.4777512360424421
2011,2,II5_1,2.0,2,0.011110493861452141
2011,2,II6,2.0,16936,94.08366201877674
2011,2,II6,0.0,959,5.327481806566301
2011,2,II6,1.0,103,0.5721904338647853
2011,2,II6,9.0,3,0.016665740792178214
2011,2,II6_1,0.0,17898,99.42780956613521
2011,2,II6_1,1.0,101,0.5610799400033332
2011,2,II6_1,2.0,1,0.005555246930726071
2011,2,II6_1,-9.0,1,0.005555246930726071
2011,2,II7,1.0,11447,63.59091161602133
2011,2,II7,3.0,3715,20.637742347647354
2011,2,II7,6.0,1065,5.916337981223266
2011,2,II7,2.0,797,4.427531803788678
2011,2,II7,4.0,448,2.4887506249652795
2011,2,II7,8.0,255,1.416587967335148
2011,2,II7,5.0,87,0.48330648297316814
2011,2,II7,7.0,81,0.44997500138881175
2011,2,II7,0.0,55,0.3055385811899339
2011,2,II7,9.0,47,0.26109660574412535
2011,2,II7,99.0,4,0.022220987722904283
2011,2,II8,1.0,11676,64.8630631631576
2011,2,II8,2.0,6170,34.275873562579854
2011,2,II8,0.0,55,0.3055385811899339
2011,2,II8,3.0,49,0.2722070996055775
2011,2,II8,4.0,42,0.23332037109049497
2011,2,II8,9.0,9,0.04999722237653464
2011,2,II9,1.0,17251,95.83356480195545
2011,2,II9,2.0,304,1.6887950669407255
2011,2,II9,3.0,270,1.499916671296039
2011,2,II9,4.0,116,0.6444086439642243
2011,2,II9,0.0,55,0.3055385811899339
2011,2,II9,9.0,5,0.027776234653630355
2011,2,IV1,1.0,13613,75.623576467974
2011,2,IV1,2.0,4201,23.337592355980224
2011,2,IV1,3.0,115,0.6388533970334982
2011,2,IV1,6.0,34,0.18887839564468642
2011,2,IV1,4.0,26,0.14443642019887784
2011,2,IV1,5.0,11,0.061107716237986776
2011,2,IV1,0.0,1,0.005555246930726071
2011,2,IV10,1.0,16774,93.1837120159991
2011,2,IV10,2.0,995,5.527470696072441
2011,2,IV10,0.0,123,0.6832953724793067
2011,2,IV10,3.0,108,0.5999666685184156
2011,2,IV10,9.0,1,0.005555246930726071
2011,2,IV11,1.0,13614,75.62913171490473
2011,2,IV11,2.0,2934,16.299094494750292
2011,2,IV11,3.0,1199,6.660741069940559
2011,2,IV11,4.0,126,0.6999611132714849
2011,2,IV11,0.0,123,0.6832953724793067
2011,2,IV11,9.0,5,0.027776234653630355
2011,2,IV12_1,2.0,16696,92.75040275540248
2011,2,IV12_1,1.0,1302,7.232931503805344
2011,2,IV12_1,0.0,2,0.011110493861452141
2011,2,IV12_1,9.0,1,0.005555246930726071
2011,2,IV12_2,2.0,16565,92.02266540747736
2011,2,IV12_2,1.0,1434,7.966224098661185
2011,2,IV12_2,0.0,1,0.005555246930726071
2011,2,IV12_2,9.0,1,0.005555246930726071
2011,2,IV12_3,2.0,17770,98.71673795900227
2011,2,IV12_3,1.0,226,1.255485806344092
2011,2,IV12_3,0.0,4,0.022220987722904283
2011,2,IV12_3,9.0,1,0.005555246930726071
2011,2,IV2,3.0,6109,33.93700349980556
2011,2,IV2,2.0,4159,23.104271984889728
2011,2,IV2,4.0,3870,21.498805621909895
2011,2,IV2,1.0,2072,11.510471640464418
2011,2,IV2,5.0,1207,6.7051830453863674
2011,2,IV2,6.0,386,2.1443253152602635
2011,2,IV2,7.0,121,0.6721848786178546
2011,2,IV2,8.0,49,0.2722070996055775
2011,2,IV2,9.0,16,0.08888395089161713
2011,2,IV2,10.0,9,0.04999722237653464
2011,2,IV2,11.0,1,0.005555246930726071
2011,2,IV2,0.0,1,0.005555246930726071
2011,2,IV2,99.0,1,0.005555246930726071
2011,2,IV3,1.0,15112,83.95089161713238
2011,2,IV3,2.0,2681,14.893617021276595
2011,2,IV3,3.0,150,0.8332870396089106
2011,2,IV3,4.0,46,0.25554135881339923
2011,2,IV3,9.0,11,0.061107716237986776
2011,2,IV3,0.0,1,0.005555246930726071
2011,2,IV4,4.0,5651,31.392700405533027
2011,2,IV4,1.0,5100,28.33175934670296
2011,2,IV4,2.0,3949,21.937670129437254
2011,2,IV4,3.0,1421,7.894005888561747
2011,2,IV4,9.0,1420,7.88845064163102
2011,2,IV4,5.0,266,1.4776956835731347
2011,2,IV4,7.0,118,0.6555191378256764
2011,2,IV4,6.0,75,0.4166435198044553
2011,2,IV4,0.0,1,0.005555246930726071
2011,2,IV5,1.0,15381,85.4452530414977
2011,2,IV5,2.0,2615,14.526970723848676
2011,2,IV5,9.0,4,0.022220987722904283
2011,2,IV5,0.0,1,0.005555246930726071
2011,2,IV6,1.0,17178,95.42803177601245
2011,2,IV6,2.0,763,4.238653408143992
2011,2,IV6,3.0,58,0.32220432198211213
2011,2,IV6,0.0,1,0.005555246930726071
2011,2,IV6,9.0,1,0.005555246930726071
2011,2,IV7,1.0,17484,97.12793733681463
2011,2,IV7,2.0,480,2.666518526748514
2011,2,IV7,4.0,21,0.11666018554524749
2011,2,IV7,3.0,12,0.06666296316871285
2011,2,IV7,9.0,3,0.016665740792178214
2011,2,IV7,0.0,1,0.005555246930726071
2011,2,IV8,1.0,17878,99.31670462752069
2011,2,IV8,2.0,120,0.6666296316871285
2011,2,IV8,9.0,2,0.011110493861452141
2011,2,IV8,0.0,1,0.005555246930726071
2011,2,IV9,1.0,16809,93.37814565857452
2011,2,IV9,2.0,1066,5.9218932281539916
2011,2,IV9,0.0,123,0.6832953724793067
2011,2,IV9,3.0,2,0.011110493861452141
2011,2,IV9,9.0,1,0.005555246930726071
2011,3,II1,3.0,6028,33.93953043184506
2011,3,II1,2.0,4068,22.90411575924779
2011,3,II1,4.0,3772,21.237542931141263
2011,3,II1,1.0,2155,12.133325826248521
2011,3,II1,5.0,1173,6.604357862732955
2011,3,II1,6.0,342,1.9255672540960531
2011,3,II1,7.0,111,0.6249648105399471
2011,3,II1,0.0,47,0.2646247395979956
2011,3,II1,8.0,44,0.24773379877259163
2011,3,II1,9.0,13,0.0731940769100839
2011,3,II1,10.0,5,0.02815156804233996
2011,3,II1,12.0,2,0.011260627216935984
2011,3,II1,32.0,1,0.005630313608467992
2011,3,II2,2.0,6969,39.23765553741343
2011,3,II2,1.0,6785,38.20167783345532
2011,3,II2,3.0,3349,18.855920274759303
2011,3,II2,4.0,524,2.9502843308372277
2011,3,II2,5.0,70,0.3941219525927594
2011,3,II2,0.0,47,0.2646247395979956
2011,3,II2,6.0,13,0.0731940769100839
2011,3,II2,7.0,3,0.016890940825403974
2011,3,II2,21.0,1,0.005630313608467992
2011,3,II3,2.0,16999,95.70970103034739
2011,3,II3,1.0,713,4.014413602837678
2011,3,II3,0.0,47,0.2646247395979956
2011,3,II3,9.0,2,0.011260627216935984
2011,3,II3_1,0.0,17048,95.98558639716232
2011,3,II3_1,1.0,680,3.8286132537582342
2011,3,II3_1,2.0,28,0.15764878103710378
2011,3,II3_1,-9.0,4,0.022521254433871967
2011,3,II3_1,3.0,1,0.005630313608467992
2011,3,II4_1,1.0,16544,93.14790833849446
2011,3,II4_1,2.0,1169,6.581836608299082
2011,3,II4_1,0.0,47,0.2646247395979956
2011,3,II4_1,9.0,1,0.005630313608467992
2011,3,II4_2,2.0,9270,52.19300715049828
2011,3,II4_2,1.0,8443,47.536737796295256
2011,3,II4_2,0.0,47,0.2646247395979956
2011,3,II4_2,9.0,1,0.005630313608467992
2011,3,II4_3,2.0,12895,72.60289398119475
2011,3,II4_3,1.0,4817,27.121220651990317
2011,3,II4_3,0.0,47,0.2646247395979956
2011,3,II4_3,9.0,2,0.011260627216935984
2011,3,II5,2.0,16744,94.27397106018805
2011,3,II5,0.0,949,5.343167614436124
2011,3,II5,1.0,67,0.37723101176735546
2011,3,II5,9.0,1,0.005630313608467992
2011,3,II5_1,0.0,17694,99.62276898823265
2011,3,II5_1,1.0,67,0.37723101176735546
2011,3,II6,2.0,16719,94.13321321997635
2011,3,II6,0.0,949,5.343167614436124
2011,3,II6,1.0,92,0.5179888519790552
2011,3,II6,9.0,1,0.005630313608467992
2011,3,II6_1,0.0,17669,99.48201114802094
2011,3,II6_1,1.0,92,0.5179888519790552
2011,3,II7,1.0,11434,64.37700579922301
2011,3,II7,3.0,3533,19.891897978717413
2011,3,II7,6.0,1048,5.9005686616744555
2011,3,II7,2.0,793,4.4648386915151175
2011,3,II7,4.0,478,2.6912899048477
2011,3,II7,8.0,234,1.31749338438151
2011,3,II7,7.0,81,0.45605540228590735
2011,3,II7,5.0,74,0.4166432070266314
2011,3,II7,0.0,47,0.2646247395979956
2011,3,II7,9.0,37,0.2083216035133157
2011,3,II7,99.0,2,0.011260627216935984
2011,3,II8,1.0,11572,65.1539890771916
2011,3,II8,2.0,6037,33.990203254321266
2011,3,II8,4.0,51,0.2871459940318676
2011,3,II8,3.0,51,0.2871459940318676
2011,3,II8,0.0,47,0.2646247395979956
2011,3,II8,9.0,3,0.016890940825403974
2011,3,II9,1.0,16999,95.70970103034739
2011,3,II9,2.0,317,1.7848094138843533
2011,3,II9,3.0,272,1.5314453015032938
2011,3,II9,4.0,125,0.703789201058499
2011,3,II9,0.0,47,0.2646247395979956
2011,3,II9,9.0,1,0.005630313608467992
2011,3,IV1,1.0,13482,75.90788806936547
2011,3,IV1,2.0,4086,23.005461404200215
2011,3,IV1,3.0,117,0.658746692190755
2011,3,IV1,6.0,37,0.2083216035133157
2011,3,IV1,4.0,30,0.16890940825403974
2011,3,IV1,5.0,9,0.05067282247621192
2011,3,IV10,1.0,16557,93.22110241540454
2011,3,IV10,2.0,960,5.405101064129272
2011,3,IV10,0.0,133,0.7488317099262429
2011,3,IV10,3.0,108,0.6080738697145431
2011,3,IV10,9.0,3,0.016890940825403974
2011,3,IV11,1.0,13403,75.4630932942965
2011,3,IV11,2.0,2920,16.440515736726535
2011,3,IV11,3.0,1170,6.58746692190755
2011,3,IV11,0.0,133,0.7488317099262429
2011,3,IV11,4.0,132,0.7432013963177749
2011,3,IV11,9.0,3,0.016890940825403974
2011,3,IV12_1,2.0,16493,92.86076234446259
2011,3,IV12_1,1.0,1260,7.094195146669669
2011,3,IV12_1,0.0,5,0.02815156804233996
2011,3,IV12_1,9.0,3,0.016890940825403974
2011,3,IV12_2,2.0,16475,92.75941669951017
2011,3,IV12_2,1.0,1281,7.212431732447497
2011,3,IV12_2,9.0,3,0.016890940825403974
2011,3,IV12_2,0.0,2,0.011260627216935984
2011,3,IV12_3,2.0,17547,98.79511288778785
2011,3,IV12_3,1.0,209,1.1767355441698102
2011,3,IV12_3,9.0,3,0.016890940825403974
2011,3,IV12_3,0.0,2,0.011260627216935984
2011,3,IV2,3.0,6033,33.9676819998874
2011,3,IV2,2.0,4044,22.76898823264456
2011,3,IV2,4.0,3878,21.83435617363887
2011,3,IV2,1.0,2029,11.423906311581556
2011,3,IV2,5.0,1206,6.790158211812398
2011,3,IV2,6.0,379,2.1338888576093686
2011,3,IV2,7.0,114,0.641855751365351
2011,3,IV2,8.0,51,0.2871459940318676
2011,3,IV2,9.0,16,0.09008501773548787
2011,3,IV2,10.0,6,0.03378188165080795
2011,3,IV2,11.0,3,0.016890940825403974
2011,3,IV2,12.0,2,0.011260627216935984
2011,3,IV3,1.0,14950,84.17318844659647
2011,3,IV3,2.0,2610,14.695118518101458
2011,3,IV3,3.0,146,0.8220257868363268
2011,3,IV3,4.0,48,0.2702550532064636
2011,3,IV3,9.0,7,0.039412195259275945
2011,3,IV4,4.0,5588,31.462192444119136
2011,3,IV4,1.0,5041,28.382410900287145
2011,3,IV4,2.0,3879,21.83998648724734
2011,3,IV4,9.0,1410,7.9387421879398685
2011,3,IV4,3.0,1374,7.73605089803502
2011,3,IV4,5.0,280,1.5764878103710376
2011,3,IV4,7.0,119,0.670007319407691
2011,3,IV4,6.0,70,0.3941219525927594
2011,3,IV5,1.0,15162,85.36681493159169
2011,3,IV5,2.0,2594,14.60503350036597
2011,3,IV5,9.0,5,0.02815156804233996
2011,3,IV6,1.0,16946,95.41129440909859
2011,3,IV6,2.0,754,4.245256460784866
2011,3,IV6,3.0,57,0.3209278756826755
2011,3,IV6,9.0,4,0.022521254433871967
2011,3,IV7,1.0,17224,96.9765215922527
2011,3,IV7,2.0,504,2.837678058667868
2011,3,IV7,4.0,21,0.11823658577782782
2011,3,IV7,3.0,9,0.05067282247621192
2011,3,IV7,9.0,3,0.016890940825403974
2011,3,IV8,1.0,17628,99.25116829007376
2011,3,IV8,2.0,129,0.7263104554923709
2011,3,IV8,9.0,4,0.022521254433871967
2011,3,IV9,1.0,16591,93.41253307809245
2011,3,IV9,2.0,1033,5.816113957547436
2011,3,IV9,0.0,133,0.7488317099262429
2011,3,IV9,9.0,3,0.016890940825403974
2011,3,IV9,3.0,1,0.005630313608467992
2011,4,II1,3.0,6077,34.360511138753814
2011,4,II1,2.0,4052,22.910776885672284
2011,4,II1,4.0,3765,21.28802442609974
2011,4,II1,1.0,2031,11.483659391609182
2011,4,II1,5.0,1214,6.864186362094312
2011,4,II1,6.0,341,1.9280787063213842
2011,4,II1,7.0,102,0.5767273549700328
2011,4,II1,99.0,48,0.2714011082211919
2011,4,II1,8.0,38,0.21485921067511027
2011,4,II1,9.0,8,0.04523351803686532
2011,4,II1,10.0,7,0.03957932828225715
2011,4,II1,12.0,2,0.01130837950921633
2011,4,II1,34.0,1,0.005654189754608165
2011,4,II2,2.0,6912,39.081759583851635
2011,4,II2,1.0,6741,38.11489313581364
2011,4,II2,3.0,3373,19.07158204229334
2011,4,II2,4.0,537,3.0362998982245846
2011,4,II2,5.0,61,0.34490557503109803
2011,4,II2,99.0,48,0.2714011082211919
2011,4,II2,6.0,13,0.07350446680990615
2011,4,II2,7.0,1,0.005654189754608165
2011,4,II3,2.0,16940,95.78197444306231
2011,4,II3,1.0,694,3.9240076896980662
2011,4,II3,9.0,52,0.2940178672396246
2011,4,II3_1,0.0,16992,96.07599231030193
2011,4,II3_1,1.0,654,3.6978400995137397
2011,4,II3_1,2.0,37,0.20920502092050208
2011,4,II3_1,-9.0,2,0.01130837950921633
2011,4,II3_1,3.0,1,0.005654189754608165
2011,4,II4_1,1.0,16609,93.910437634287
2011,4,II4_1,2.0,1029,5.818161257491801
2011,4,II4_1,9.0,48,0.2714011082211919
2011,4,II4_2,2.0,9070,51.283501074296055
2011,4,II4_2,1.0,8568,48.445097817482754
2011,4,II4_2,9.0,48,0.2714011082211919
2011,4,II4_3,2.0,12644,71.49157525726564
2011,4,II4_3,1.0,4994,28.237023634513175
2011,4,II4_3,9.0,48,0.2714011082211919
2011,4,II5,2.0,16781,94.8829582720796
2011,4,II5,0.0,845,4.7777903426438995
2011,4,II5,1.0,60,0.3392513852764899
2011,4,II5_1,0.0,17626,99.66074861472352
2011,4,II5_1,1.0,59,0.3335971955218817
2011,4,II5_1,2.0,1,0.005654189754608165
2011,4,II6,2.0,16744,94.67375325115911
2011,4,II6,0.0,845,4.7777903426438995
2011,4,II6,1.0,97,0.548456406196992
2011,4,II6_1,0.0,17589,99.45154359380301
2011,4,II6_1,1.0,97,0.548456406196992
2011,4,II7,1.0,11536,65.22673300915979
2011,4,II7,3.0,3417,19.320366391496098
2011,4,II7,6.0,1043,5.8973199140563155
2011,4,II7,2.0,789,4.461155716385842
2011,4,II7,4.0,447,2.5274228203098494
2011,4,II7,8.0,188,1.0629876738663349
2011,4,II7,5.0,95,0.5371480266877756
2011,4,II7,7.0,62,0.3505597647857062
2011,4,II7,9.0,58,0.32794300576727353
2011,4,II7,99.0,51,0.2883636774850164
2011,4,II8,1.0,11575,65.44724640958951
2011,4,II8,2.0,5960,33.69897093746466
2011,4,II8,3.0,56,0.3166346262580572
2011,4,II8,9.0,49,0.2770552979758001
2011,4,II8,4.0,46,0.2600927287119756
2011,4,II9,1.0,16993,96.08164650005654
2011,4,II9,2.0,290,1.6397150288363678
2011,4,II9,3.0,236,1.3343887820875269
2011,4,II9,4.0,117,0.6615402012891552
2011,4,II9,0.0,48,0.2714011082211919
2011,4,II9,9.0,2,0.01130837950921633
2011,4,IV1,1.0,13589,76.83478457537035
2011,4,IV1,2.0,3915,22.136152889290965
2011,4,IV1,3.0,116,0.6558860115345471
2011,4,IV1,4.0,33,0.18658826190206942
2011,4,IV1,6.0,27,0.15266312337442045
2011,4,IV1,5.0,6,0.03392513852764899
2011,4,IV10,1.0,16590,93.80300802894945
2011,4,IV10,2.0,854,4.828678050435372
2011,4,IV10,0.0,124,0.7011195295714124
2011,4,IV10,3.0,115,0.650231821779939
2011,4,IV10,9.0,3,0.016962569263824494
2011,4,IV11,1.0,13365,75.56824607033812
2011,4,IV11,2.0,2920,16.510234083455842
2011,4,IV11,3.0,1147,6.485355648535565
2011,4,IV11,4.0,128,0.7237362885898451
2011,4,IV11,0.0,124,0.7011195295714124
2011,4,IV11,9.0,2,0.01130837950921633
2011,4,IV12_1,2.0,16488,93.22628067397942
2011,4,IV12_1,1.0,1188,6.7171774284745
2011,4,IV12_1,9.0,10,0.056541897546081646
2011,4,IV12_2,2.0,16527,93.44679407440914
2011,4,IV12_2,1.0,1152,6.513626597308606
2011,4,IV12_2,9.0,7,0.03957932828225715
2011,4,IV12_3,2.0,17495,98.92004975686984
2011,4,IV12_3,1.0,183,1.034716725093294
2011,4,IV12_3,9.0,8,0.04523351803686532
2011,4,IV2,3.0,6074,34.34354856948999
2011,4,IV2,2.0,4026,22.763767952052472
2011,4,IV2,4.0,3858,21.8138640732783
2011,4,IV2,1.0,1927,10.895623657129933
2011,4,IV2,5.0,1256,7.101662331787855
2011,4,IV2,6.0,374,2.1146669682234536
2011,4,IV2,7.0,104,0.5880357344792492
2011,4,IV2,8.0,41,0.23182177993893474
2011,4,IV2,10.0,11,0.06219608730068981
2011,4,IV2,9.0,8,0.04523351803686532
2011,4,IV2,11.0,4,0.02261675901843266
2011,4,IV2,12.0,2,0.01130837950921633
2011,4,IV2,34.0,1,0.005654189754608165
2011,4,IV3,1.0,14989,84.75065023182178
2011,4,IV3,2.0,2515,14.220287232839533
2011,4,IV3,3.0,123,0.6954653398168043
2011,4,IV3,4.0,50,0.2827094877304082
2011,4,IV3,9.0,9,0.05088770779147348
2011,4,IV4,4.0,5624,31.799163179916317
2011,4,IV4,1.0,4932,27.886463869727468
2011,4,IV4,2.0,3909,22.102227750763316
2011,4,IV4,9.0,1399,7.910211466696822
2011,4,IV4,3.0,1375,7.774510912586226
2011,4,IV4,5.0,260,1.4700893361981229
2011,4,IV4,7.0,125,0.7067737193260206
2011,4,IV4,6.0,62,0.3505597647857062
2011,4,IV5,1.0,15247,86.20943118851069
2011,4,IV5,2.0,2435,13.76795205247088
2011,4,IV5,9.0,4,0.02261675901843266
2011,4,IV6,1.0,16939,95.7763202533077
2011,4,IV6,2.0,701,3.9635870179803234
2011,4,IV6,3.0,42,0.23747596969354293
2011,4,IV6,9.0,4,0.02261675901843266
2011,4,IV7,1.0,17152,96.98066267103924
2011,4,IV7,2.0,498,2.815786497794866
2011,4,IV7,4.0,19,0.10742960533755513
2011,4,IV7,3.0,13,0.07350446680990615
2011,4,IV7,9.0,4,0.02261675901843266
2011,4,IV8,1.0,17562,99.29888047042859
2011,4,IV8,2.0,120,0.6785027705529798
2011,4,IV8,9.0,4,0.02261675901843266
2011,4,IV9,1.0,16638,94.07440913717065
2011,4,IV9,2.0,920,5.201854574239512
2011,4,IV9,0.0,124,0.7011195295714124
2011,4,IV9,9.0,3,0.016962569263824494
2011,4,IV9,3.0,1,0.005654189754608165
2012,1,II1,3.0,5938,34.31973182291065
2012,1,II1,2.0,4083,23.598427927407236
2012,1,II1,4.0,3600,20.806843139521444
2012,1,II1,1.0,2001,11.565136978384002
2012,1,II1,5.0,1116,6.450121373251648
2012,1,II1,6.0,354,2.046006242052942
2012,1,II1,7.0,106,0.6126459368859092
2012,1,II1,0.0,46,0.2658652178938851
2012,1,II1,8.0,38,0.21962778869494856
2012,1,II1,9.0,9,0.052017107848803604
2012,1,II1,10.0,8,0.04623742919893654
2012,1,II1,11.0,1,0.005779678649867067
2012,1,II1,34.0,1,0.005779678649867067
2012,1,II1,99.0,1,0.005779678649867067
2012,1,II2,2.0,6756,39.04750895850191
2012,1,II2,1.0,6686,38.642931453011215
2012,1,II2,3.0,3229,18.66258236042076
2012,1,II2,4.0,507,2.930297075482603
2012,1,II2,5.0,65,0.37567911224135936
2012,1,II2,0.0,46,0.2658652178938851
2012,1,II2,6.0,11,0.06357646514853774
2012,1,II2,7.0,1,0.005779678649867067
2012,1,II2,99.0,1,0.005779678649867067
2012,1,II3,2.0,16587,95.86752976534504
2012,1,II3,1.0,661,3.8203675875621315
2012,1,II3,0.0,46,0.2658652178938851
2012,1,II3,9.0,8,0.04623742919893654
2012,1,II3_1,0.0,16641,96.17963241243787
2012,1,II3_1,1.0,625,3.6122991561669173
2012,1,II3_1,2.0,33,0.19072939544561324
2012,1,II3_1,3.0,2,0.011559357299734134
2012,1,II3_1,-9.0,1,0.005779678649867067
2012,1,II4_1,1.0,16307,94.24921974338227
2012,1,II4_1,2.0,949,5.484915038723847
2012,1,II4_1,0.0,46,0.2658652178938851
2012,1,II4_2,2.0,8792,50.81493468963126
2012,1,II4_2,1.0,8464,48.91920009247486
2012,1,II4_2,0.0,46,0.2658652178938851
2012,1,II4_3,2.0,12305,71.11894578661426
2012,1,II4_3,1.0,4951,28.615188995491852
2012,1,II4_3,0.0,46,0.2658652178938851
2012,1,II5,2.0,16423,94.91966246676685
2012,1,II5,0.0,803,4.641081955843255
2012,1,II5,1.0,75,0.43347589874003006
2012,1,II5,9.0,1,0.005779678649867067
2012,1,II5_1,0.0,17227,99.56652410125997
2012,1,II5_1,1.0,73,0.42191654144029594
2012,1,II5_1,2.0,2,0.011559357299734134
2012,1,II6,2.0,16397,94.7693908218703
2012,1,II6,0.0,803,4.641081955843255
2012,1,II6,1.0,100,0.5779678649867067
2012,1,II6,9.0,2,0.011559357299734134
2012,1,II6_1,0.0,17202,99.4220321350133
2012,1,II6_1,1.0,100,0.5779678649867067
2012,1,II7,1.0,11159,64.4954340538666
2012,1,II7,3.0,3461,20.00346780718992
2012,1,II7,6.0,1017,5.877933186914808
2012,1,II7,2.0,775,4.479250953646977
2012,1,II7,4.0,425,2.4563634261935037
2012,1,II7,8.0,197,1.1385966940238124
2012,1,II7,5.0,91,0.5259507571379032
2012,1,II7,7.0,68,0.3930181481909606
2012,1,II7,9.0,60,0.34678071899202406
2012,1,II7,0.0,46,0.2658652178938851
2012,1,II7,99.0,3,0.017339035949601202
2012,1,II8,1.0,11242,64.97514738180557
2012,1,II8,2.0,5915,34.1867992139637
2012,1,II8,3.0,54,0.31210264709282165
2012,1,II8,0.0,46,0.2658652178938851
2012,1,II8,4.0,42,0.24274650329441683
2012,1,II8,9.0,3,0.017339035949601202
2012,1,II9,1.0,16665,96.31834470003467
2012,1,II9,2.0,263,1.5200554849150387
2012,1,II9,3.0,220,1.2715293029707548
2012,1,II9,4.0,104,0.6010865795861751
2012,1,II9,0.0,46,0.2658652178938851
2012,1,II9,9.0,4,0.02311871459946827
2012,1,IV1,1.0,13260,76.63853889723731
2012,1,IV1,2.0,3884,22.44827187608369
2012,1,IV1,3.0,105,0.6068662582360421
2012,1,IV1,4.0,24,0.13871228759680962
2012,1,IV1,6.0,21,0.12137325164720841
2012,1,IV1,5.0,8,0.04623742919893654
2012,1,IV10,1.0,16265,94.00647324008786
2012,1,IV10,2.0,828,4.785573922089932
2012,1,IV10,0.0,106,0.6126459368859092
2012,1,IV10,3.0,102,0.5895272222864408
2012,1,IV10,9.0,1,0.005779678649867067
2012,1,IV11,1.0,13170,76.11836781874928
2012,1,IV11,2.0,2792,16.136862790428854
2012,1,IV11,3.0,1118,6.4616807305513815
2012,1,IV11,4.0,113,0.6531036874349786
2012,1,IV11,0.0,106,0.6126459368859092
2012,1,IV11,9.0,3,0.017339035949601202
2012,1,IV12_1,2.0,16181,93.52098023349902
2012,1,IV12_1,1.0,1117,6.455901051901514
2012,1,IV12_1,9.0,3,0.017339035949601202
2012,1,IV12_1,0.0,1,0.005779678649867067
2012,1,IV12_2,2.0,16180,93.51520055484914
2012,1,IV12_2,1.0,1118,6.4616807305513815
2012,1,IV12_2,9.0,3,0.017339035949601202
2012,1,IV12_2,0.0,1,0.005779678649867067
2012,1,IV12_3,2.0,17119,98.94231880707433
2012,1,IV12_3,1.0,176,1.0172234423766038
2012,1,IV12_3,0.0,4,0.02311871459946827
2012,1,IV12_3,9.0,3,0.017339035949601202
2012,1,IV2,3.0,5947,34.37174893075945
2012,1,IV2,2.0,4063,23.482834354409896
2012,1,IV2,4.0,3669,21.20564096636227
2012,1,IV2,1.0,1901,10.987169113397295
2012,1,IV2,5.0,1165,6.733325627095134
2012,1,IV2,6.0,385,2.225176280198821
2012,1,IV2,7.0,107,0.6184256155357762
2012,1,IV2,8.0,38,0.21962778869494856
2012,1,IV2,9.0,13,0.07513582244827188
2012,1,IV2,10.0,11,0.06357646514853774
2012,1,IV2,11.0,1,0.005779678649867067
2012,1,IV2,34.0,1,0.005779678649867067
2012,1,IV2,99.0,1,0.005779678649867067
2012,1,IV3,1.0,14674,84.81100450814935
2012,1,IV3,2.0,2445,14.13131429892498
2012,1,IV3,3.0,120,0.6935614379840481
2012,1,IV3,4.0,51,0.2947636111432204
2012,1,IV3,9.0,12,0.06935614379840481
2012,1,IV4,4.0,5547,32.05987747081262
2012,1,IV4,1.0,4689,27.100913189226677
2012,1,IV4,2.0,3923,22.673679343428507
2012,1,IV4,9.0,1389,8.027973644665357
2012,1,IV4,3.0,1335,7.715870997572535
2012,1,IV4,5.0,223,1.2888683389203561
2012,1,IV4,7.0,135,0.7802566177320541
2012,1,IV4,6.0,61,0.3525603976418911
2012,1,IV5,1.0,14969,86.51600970986013
2012,1,IV5,2.0,2329,13.4608715755404
2012,1,IV5,9.0,4,0.02311871459946827
2012,1,IV6,1.0,16610,96.00046237429198
2012,1,IV6,2.0,651,3.762570801063461
2012,1,IV6,3.0,40,0.2311871459946827
2012,1,IV6,9.0,1,0.005779678649867067
2012,1,IV7,1.0,16804,97.1217200323662
2012,1,IV7,2.0,469,2.7106692867876547
2012,1,IV7,3.0,18,0.10403421569760721
2012,1,IV7,4.0,10,0.05779678649867068
2012,1,IV7,9.0,1,0.005779678649867067
2012,1,IV8,1.0,17196,99.38735406311409
2012,1,IV8,2.0,104,0.6010865795861751
2012,1,IV8,9.0,2,0.011559357299734134
2012,1,IV9,1.0,16306,94.2434400647324
2012,1,IV9,2.0,885,5.1150156051323545
2012,1,IV9,0.0,106,0.6126459368859092
2012,1,IV9,9.0,4,0.02311871459946827
2012,1,IV9,3.0,1,0.005779678649867067
2012,2,II1,3.0,6037,34.23111816738489
2012,2,II1,2.0,4222,23.939668859151734
2012,2,II1,4.0,3650,20.696303016557042
2012,2,II1,1.0,2074,11.76003628940803
2012,2,II1,5.0,1101,6.242912224994329
2012,2,II1,6.0,331,1.8768428215014743
2012,2,II1,7.0,111,0.6293944205035156
2012,2,II1,0.0,47,0.2665003402132003
2012,2,II1,8.0,42,0.2381492401905194
2012,2,II1,9.0,13,0.07371286005897029
2012,2,II1,10.0,5,0.02835110002268088
2012,2,II1,11.0,2,0.011340440009072352
2012,2,II1,99.0,1,0.005670220004536176
2012,2,II2,2.0,7004,39.71422091177138
2012,2,II2,1.0,6807,38.59718757087775
2012,2,II2,3.0,3201,18.1503742345203
2012,2,II2,4.0,503,2.8521206622816964
2012,2,II2,5.0,61,0.3458834202767067
2012,2,II2,0.0,47,0.2665003402132003
2012,2,II2,6.0,9,0.051031980040825584
2012,2,II2,7.0,3,0.017010660013608528
2012,2,II2,99.0,1,0.005670220004536176
2012,2,II3,2.0,16907,95.86640961669313
2012,2,II3,1.0,675,3.827398503061919
2012,2,II3,0.0,47,0.2665003402132003
2012,2,II3,9.0,7,0.03969154003175323
2012,2,II3_1,0.0,16961,96.17260149693809
2012,2,II3_1,1.0,644,3.6516216829212973
2012,2,II3_1,2.0,28,0.15876616012701292
2012,2,II3_1,-9.0,2,0.011340440009072352
2012,2,II3_1,3.0,1,0.005670220004536176
2012,2,II4_1,1.0,16554,93.86482195509186
2012,2,II4_1,2.0,1034,5.863007484690406
2012,2,II4_1,0.0,47,0.2665003402132003
2012,2,II4_1,9.0,1,0.005670220004536176
2012,2,II4_2,2.0,9205,52.1943751417555
2012,2,II4_2,1.0,8382,47.52778407802223
2012,2,II4_2,0.0,48,0.27217056021773645
2012,2,II4_2,9.0,1,0.005670220004536176
2012,2,II4_3,2.0,12642,71.68292129734634
2012,2,II4_3,1.0,4945,28.03923792243139
2012,2,II4_3,0.0,48,0.27217056021773645
2012,2,II4_3,9.0,1,0.005670220004536176
2012,2,II5,2.0,16669,94.51689725561351
2012,2,II5,0.0,874,4.955772283964618
2012,2,II5,1.0,90,0.5103198004082559
2012,2,II5,9.0,3,0.017010660013608528
2012,2,II5_1,0.0,17546,99.48968019959175
2012,2,II5_1,1.0,86,0.48763892039011114
2012,2,II5_1,2.0,4,0.022680880018144705
2012,2,II6,2.0,16664,94.48854615559084
2012,2,II6,0.0,874,4.955772283964618
2012,2,II6,1.0,94,0.5330006804264006
2012,2,II6,9.0,4,0.022680880018144705
2012,2,II6_1,0.0,17542,99.4669993195736
2012,2,II6_1,1.0,93,0.5273304604218644
2012,2,II6_1,2.0,1,0.005670220004536176
2012,2,II7,1.0,11176,63.370378770696306
2012,2,II7,3.0,3691,20.928782036743026
2012,2,II7,6.0,1033,5.85733726468587
2012,2,II7,2.0,765,4.337718303470175
2012,2,II7,4.0,449,2.545928782036743
2012,2,II7,8.0,233,1.321161261056929
2012,2,II7,5.0,91,0.515990020412792
2012,2,II7,7.0,85,0.48196870038557493
2012,2,II7,9.0,60,0.34021320027217056
2012,2,II7,0.0,48,0.27217056021773645
2012,2,II7,99.0,5,0.02835110002268088
2012,2,II8,1.0,11547,65.47403039237922
2012,2,II8,2.0,5946,33.715128146972106
2012,2,II8,4.0,49,0.2778407802222726
2012,2,II8,0.0,48,0.27217056021773645
2012,2,II8,3.0,40,0.22680880018144703
2012,2,II8,9.0,6,0.034021320027217056
2012,2,II9,1.0,16945,96.0818779768655
2012,2,II9,2.0,298,1.6897255613517805
2012,2,II9,3.0,245,1.389203901111363
2012,2,II9,4.0,93,0.5273304604218644
2012,2,II9,0.0,48,0.27217056021773645
2012,2,II9,9.0,7,0.03969154003175323
2012,2,IV1,1.0,13313,75.48763892039011
2012,2,IV1,2.0,4141,23.480381038784305
2012,2,IV1,3.0,117,0.6634157405307326
2012,2,IV1,4.0,35,0.19845770015876615
2012,2,IV1,6.0,19,0.10773418008618735
2012,2,IV1,5.0,11,0.06237242004989794
2012,2,IV10,1.0,16592,94.08029031526424
2012,2,IV10,2.0,858,4.865048763892039
2012,2,IV10,0.0,99,0.5613517804490814
2012,2,IV10,3.0,86,0.48763892039011114
2012,2,IV10,9.0,1,0.005670220004536176
2012,2,IV11,1.0,13615,77.20004536176003
2012,2,IV11,2.0,2783,15.780222272624178
2012,2,IV11,3.0,1039,5.891358584713087
2012,2,IV11,0.0,99,0.5613517804490814
2012,2,IV11,4.0,96,0.5443411204354729
2012,2,IV11,9.0,4,0.022680880018144705
2012,2,IV12_1,2.0,16495,93.53027897482423
2012,2,IV12_1,1.0,1140,6.464050805171241
2012,2,IV12_1,0.0,1,0.005670220004536176
2012,2,IV12_2,2.0,16490,93.50192787480154
2012,2,IV12_2,1.0,1145,6.492401905193922
2012,2,IV12_2,0.0,1,0.005670220004536176
2012,2,IV12_3,2.0,17459,98.9963710591971
2012,2,IV12_3,1.0,172,0.9752778407802223
2012,2,IV12_3,0.0,5,0.02835110002268088
2012,2,IV2,3.0,6060,34.361533227489225
2012,2,IV2,2.0,4188,23.746881378997504
2012,2,IV2,4.0,3729,21.1442503969154
2012,2,IV2,1.0,1955,11.085280108868224
2012,2,IV2,5.0,1150,6.520753005216602
2012,2,IV2,6.0,366,2.0753005216602403
2012,2,IV2,7.0,116,0.6577455205261964
2012,2,IV2,8.0,46,0.2608301202086641
2012,2,IV2,9.0,18,0.10206396008165117
2012,2,IV2,10.0,6,0.034021320027217056
2012,2,IV2,11.0,1,0.005670220004536176
2012,2,IV2,99.0,1,0.005670220004536176
2012,2,IV3,1.0,15075,85.47856656838286
2012,2,IV3,2.0,2374,13.461102290768881
2012,2,IV3,3.0,129,0.7314583805851667
2012,2,IV3,4.0,43,0.24381946019505557
2012,2,IV3,9.0,15,0.08505330006804264
2012,2,IV4,4.0,5563,31.543433885234748
2012,2,IV4,1.0,4640,26.309820821047857
2012,2,IV4,2.0,4152,23.542753458834202
2012,2,IV4,9.0,1487,8.431617146745294
2012,2,IV4,3.0,1393,7.898616466318893
2012,2,IV4,5.0,214,1.2134270809707417
2012,2,IV4,7.0,120,0.6804264005443411
2012,2,IV4,6.0,67,0.3799047403039238
2012,2,IV5,1.0,15212,86.25538670900431
2012,2,IV5,2.0,2418,13.710591970968473
2012,2,IV5,9.0,6,0.034021320027217056
2012,2,IV6,1.0,16961,96.17260149693809
2012,2,IV6,2.0,629,3.5665683828532546
2012,2,IV6,3.0,45,0.25515990020412793
2012,2,IV6,9.0,1,0.005670220004536176
2012,2,IV7,1.0,17127,97.11385801769109
2012,2,IV7,2.0,471,2.670673622136539
2012,2,IV7,3.0,19,0.10773418008618735
2012,2,IV7,4.0,18,0.10206396008165117
2012,2,IV7,9.0,1,0.005670220004536176
2012,2,IV8,1.0,17537,99.43864821955091
2012,2,IV8,2.0,95,0.5386709004309367
2012,2,IV8,9.0,4,0.022680880018144705
2012,2,IV9,1.0,16628,94.28441823542754
2012,2,IV9,2.0,903,5.120208664096167
2012,2,IV9,0.0,99,0.5613517804490814
2012,2,IV9,9.0,4,0.022680880018144705
2012,2,IV9,3.0,2,0.011340440009072352
2012,3,II1,3.0,6027,34.63196000689536
2012,3,II1,2.0,4119,23.668333046026547
2012,3,II1,4.0,3569,20.50795839797736
2012,3,II1,1.0,2055,11.808308912256507
2012,3,II1,5.0,1143,6.567833132218583
2012,3,II1,6.0,295,1.6951100384991094
2012,3,II1,7.0,97,0.5573751652014021
2012,3,II1,0.0,39,0.22409929322530597
2012,3,II1,8.0,36,0.2068608860541286
2012,3,II1,9.0,15,0.08619203585588692
2012,3,II1,10.0,5,0.028730678618628974
2012,3,II1,11.0,2,0.011492271447451588
2012,3,II1,99.0,1,0.005746135723725794
2012,3,II2,2.0,6855,39.389760386140324
2012,3,II2,1.0,6739,38.723208642188126
2012,3,II2,3.0,3189,18.32442682296156
2012,3,II2,4.0,507,2.9132908119289778
2012,3,II2,5.0,61,0.35051427914727346
2012,3,II2,0.0,39,0.22409929322530597
2012,3,II2,6.0,10,0.05746135723725795
2012,3,II2,7.0,2,0.011492271447451588
2012,3,II2,99.0,1,0.005746135723725794
2012,3,II3,2.0,16719,96.06964316497155
2012,3,II3,1.0,642,3.68901913463196
2012,3,II3,0.0,39,0.22409929322530597
2012,3,II3,9.0,3,0.017238407171177382
2012,3,II3_1,0.0,16761,96.31098086536804
2012,3,II3_1,1.0,616,3.5396196058150893
2012,3,II3_1,2.0,25,0.14365339309314487
2012,3,II3_1,-9.0,1,0.005746135723725794
2012,3,II4_1,1.0,16351,93.95506521864047
2012,3,II4_1,2.0,1011,5.809343216686778
2012,3,II4_1,0.0,39,0.22409929322530597
2012,3,II4_1,9.0,2,0.011492271447451588
2012,3,II4_2,2.0,9185,52.778256622421424
2012,3,II4_2,1.0,8177,46.986151812905824
2012,3,II4_2,0.0,39,0.22409929322530597
2012,3,II4_2,9.0,2,0.011492271447451588
2012,3,II4_3,2.0,12468,71.64282020341321
2012,3,II4_3,1.0,4894,28.12158823191404
2012,3,II4_3,0.0,39,0.22409929322530597
2012,3,II4_3,9.0,2,0.011492271447451588
2012,3,II5,2.0,16505,94.83997012009424
2012,3,II5,0.0,831,4.775038786416135
2012,3,II5,1.0,65,0.37349882204217666
2012,3,II5,9.0,2,0.011492271447451588
2012,3,II5_1,0.0,17338,99.62650117795782
2012,3,II5_1,1.0,62,0.35626041487099924
2012,3,II5_1,2.0,3,0.017238407171177382
2012,3,II6,2.0,16486,94.73079354134344
2012,3,II6,0.0,831,4.775038786416135
2012,3,II6,1.0,84,0.4826754007929667
2012,3,II6,9.0,2,0.011492271447451588
2012,3,II6_1,0.0,17319,99.51732459920703
2012,3,II6_1,1.0,83,0.47692926506924094
2012,3,II6_1,2.0,1,0.005746135723725794
2012,3,II7,1.0,11114,63.86255243348848
2012,3,II7,3.0,3585,20.59989656955697
2012,3,II7,6.0,1068,6.136872952939148
2012,3,II7,2.0,724,4.160202263977475
2012,3,II7,4.0,443,2.545538125610527
2012,3,II7,8.0,205,1.177957823363788
2012,3,II7,5.0,92,0.5286444865827731
2012,3,II7,7.0,72,0.4137217721082572
2012,3,II7,9.0,59,0.3390220076998219
2012,3,II7,0.0,39,0.22409929322530597
2012,3,II7,99.0,2,0.011492271447451588
2012,3,II8,1.0,11471,65.91392288685859
2012,3,II8,2.0,5788,33.2586335689249
2012,3,II8,4.0,58,0.3332758719760961
2012,3,II8,3.0,43,0.24708383612020915
2012,3,II8,0.0,39,0.22409929322530597
2012,3,II8,9.0,4,0.022984542894903176
2012,3,II9,1.0,16712,96.02942021490547
2012,3,II9,2.0,318,1.8272711601448026
2012,3,II9,3.0,235,1.3503418950755617
2012,3,II9,4.0,95,0.5458828937539505
2012,3,II9,0.0,39,0.22409929322530597
2012,3,II9,9.0,4,0.022984542894903176
2012,3,IV1,1.0,13200,75.84899155318048
2012,3,IV1,2.0,4024,23.122450152272595
2012,3,IV1,3.0,127,0.7297592369131759
2012,3,IV1,4.0,29,0.16663793598804805
2012,3,IV1,5.0,12,0.06895362868470953
2012,3,IV1,6.0,11,0.06320749296098374
2012,3,IV10,1.0,16396,94.21364132620812
2012,3,IV10,2.0,810,4.654369936217893
2012,3,IV10,0.0,103,0.5918519795437568
2012,3,IV10,3.0,92,0.5286444865827731
2012,3,IV10,9.0,2,0.011492271447451588
2012,3,IV11,1.0,13414,77.07866459805781
2012,3,IV11,2.0,2815,16.175372062288112
2012,3,IV11,3.0,964,5.539274837671666
2012,3,IV11,4.0,104,0.5975981152674826
2012,3,IV11,0.0,103,0.5918519795437568
2012,3,IV11,9.0,3,0.017238407171177382
2012,3,IV12_1,2.0,16276,93.52410503936103
2012,3,IV12_1,1.0,1122,6.447164282020341
2012,3,IV12_1,0.0,3,0.017238407171177382
2012,3,IV12_1,9.0,2,0.011492271447451588
2012,3,IV12_2,2.0,16294,93.6275354823881
2012,3,IV12_2,1.0,1105,6.349479974717003
2012,3,IV12_2,0.0,2,0.011492271447451588
2012,3,IV12_2,9.0,2,0.011492271447451588
2012,3,IV12_3,2.0,17252,99.13233350571741
2012,3,IV12_3,1.0,145,0.8331896799402402
2012,3,IV12_3,0.0,4,0.022984542894903176
2012,3,IV12_3,9.0,2,0.011492271447451588
2012,3,IV2,3.0,6042,34.71815204275125
2012,3,IV2,2.0,4096,23.536171924380852
2012,3,IV2,4.0,3662,21.042349020283858
2012,3,IV2,1.0,1921,11.038326725277251
2012,3,IV2,5.0,1180,6.780440153996437
2012,3,IV2,6.0,325,1.867494110210883
2012,3,IV2,7.0,111,0.6378210653335632
2012,3,IV2,8.0,40,0.2298454289490318
2012,3,IV2,9.0,18,0.1034304430270643
2012,3,IV2,10.0,6,0.034476814342354764
2012,3,IV2,11.0,1,0.005746135723725794
2012,3,IV2,99.0,1,0.005746135723725794
2012,3,IV3,1.0,14910,85.67488364075159
2012,3,IV3,2.0,2320,13.331034879043843
2012,3,IV3,3.0,132,0.7584899155318049
2012,3,IV3,4.0,30,0.17238407171177383
2012,3,IV3,9.0,11,0.06320749296098374
2012,3,IV4,4.0,5432,31.213009251278514
2012,3,IV4,1.0,4755,27.322875366316154
2012,3,IV4,2.0,3993,22.944319944837098
2012,3,IV4,9.0,1418,8.148020456243177
2012,3,IV4,3.0,1368,7.860713670056887
2012,3,IV4,5.0,264,1.5169798310636098
2012,3,IV4,7.0,106,0.6090903867149342
2012,3,IV4,6.0,67,0.38499109348962823
2012,3,IV5,1.0,15003,86.20927426305809
2012,3,IV5,2.0,2396,13.767741194047003
2012,3,IV5,9.0,4,0.022984542894903176
2012,3,IV6,1.0,16749,96.24202723668333
2012,3,IV6,2.0,612,3.5166350629201863
2012,3,IV6,3.0,41,0.23559156467275758
2012,3,IV6,9.0,1,0.005746135723725794
2012,3,IV7,1.0,16913,97.18439349537437
2012,3,IV7,2.0,450,2.5857610756766074
2012,3,IV7,4.0,28,0.16089180026432223
2012,3,IV7,3.0,10,0.05746135723725795
2012,3,IV7,9.0,2,0.011492271447451588
2012,3,IV8,1.0,17300,99.40814802045624
2012,3,IV8,2.0,99,0.5688674366488536
2012,3,IV8,9.0,4,0.022984542894903176
2012,3,IV9,1.0,16426,94.3860253979199
2012,3,IV9,2.0,869,4.9933919439177155
2012,3,IV9,0.0,103,0.5918519795437568
2012,3,IV9,9.0,3,0.017238407171177382
2012,3,IV9,3.0,2,0.011492271447451588
2012,4,II1,3.0,5891,34.749011974281835
2012,4,II1,2.0,3902,23.016575237421105
2012,4,II1,4.0,3578,21.105409072140624
2012,4,II1,1.0,1950,11.5023889577066
2012,4,II1,5.0,1142,6.736270866513301
2012,4,II1,6.0,321,1.893470182268625
2012,4,II1,7.0,89,0.5249808293517372
2012,4,II1,0.0,33,0.1946558131304194
2012,4,II1,8.0,30,0.1769598301185631
2012,4,II1,9.0,10,0.05898661003952103
2012,4,II1,10.0,4,0.02359464401580841
2012,4,II1,11.0,2,0.011797322007904206
2012,4,II1,14.0,1,0.005898661003952103
2012,4,II2,1.0,6591,38.87807467704831
2012,4,II2,2.0,6534,38.54185099982304
2012,4,II2,3.0,3221,18.999587093729723
2012,4,II2,4.0,502,2.9611278239839556
2012,4,II2,5.0,56,0.33032501622131777
2012,4,II2,0.0,33,0.1946558131304194
2012,4,II2,6.0,14,0.08258125405532944
2012,4,II2,7.0,2,0.011797322007904206
2012,4,II3,2.0,16275,96.00070783932047
2012,4,II3,1.0,645,3.8046363475491063
2012,4,II3,0.0,33,0.1946558131304194
2012,4,II3_1,0.0,16308,96.1953636524509
2012,4,II3_1,1.0,613,3.615879195422639
2012,4,II3_1,2.0,31,0.18285849112251518
2012,4,II3_1,4.0,1,0.005898661003952103
2012,4,II4_1,1.0,16024,94.52014392732849
2012,4,II4_1,2.0,895,5.279301598537132
2012,4,II4_1,0.0,33,0.1946558131304194
2012,4,II4_1,9.0,1,0.005898661003952103
2012,4,II4_2,2.0,8822,52.03798737686545
2012,4,II4_2,1.0,8097,47.76145814900018
2012,4,II4_2,0.0,33,0.1946558131304194
2012,4,II4_2,9.0,1,0.005898661003952103
2012,4,II4_3,2.0,12039,71.01397982657937
2012,4,II4_3,1.0,4880,28.785465699286263
2012,4,II4_3,0.0,33,0.1946558131304194
2012,4,II4_3,9.0,1,0.005898661003952103
2012,4,II5,2.0,16179,95.43443638294107
2012,4,II5,0.0,729,4.300123871881083
2012,4,II5,1.0,44,0.25954108417389254
2012,4,II5,9.0,1,0.005898661003952103
2012,4,II5_1,0.0,16909,99.74045891582611
2012,4,II5_1,1.0,43,0.2536424231699404
2012,4,II5_1,2.0,1,0.005898661003952103
2012,4,II6,2.0,16150,95.26337521382646
2012,4,II6,0.0,729,4.300123871881083
2012,4,II6,1.0,73,0.4306022532885035
2012,4,II6,9.0,1,0.005898661003952103
2012,4,II6_1,0.0,16880,99.5693977467115
2012,4,II6_1,1.0,72,0.4247035922845514
2012,4,II6_1,2.0,1,0.005898661003952103
2012,4,II7,1.0,10948,64.57854067126762
2012,4,II7,3.0,3467,20.450657700701942
2012,4,II7,6.0,1020,6.016634224031145
2012,4,II7,2.0,690,4.070076092726951
2012,4,II7,4.0,421,2.4833362826638354
2012,4,II7,8.0,177,1.0440629976995222
2012,4,II7,5.0,78,0.46009555830826404
2012,4,II7,9.0,59,0.3480209992331741
2012,4,II7,7.0,57,0.33622367722526986
2012,4,II7,0.0,33,0.1946558131304194
2012,4,II7,99.0,3,0.01769598301185631
2012,4,II8,1.0,11192,66.01781395623193
2012,4,II8,2.0,5639,33.26254940128591
2012,4,II8,4.0,50,0.29493305019760513
2012,4,II8,3.0,38,0.2241491181501799
2012,4,II8,0.0,33,0.1946558131304194
2012,4,II8,9.0,1,0.005898661003952103
2012,4,II9,1.0,16337,96.3664248215655
2012,4,II9,2.0,274,1.6162331150828761
2012,4,II9,3.0,220,1.2977054208694627
2012,4,II9,4.0,88,0.5190821683477851
2012,4,II9,0.0,33,0.1946558131304194
2012,4,II9,9.0,1,0.005898661003952103
2012,4,IV1,1.0,13046,76.95393145755914
2012,4,IV1,2.0,3744,22.084586798796675
2012,4,IV1,3.0,112,0.6606500324426355
2012,4,IV1,4.0,21,0.12387188108299416
2012,4,IV1,5.0,15,0.08847991505928154
2012,4,IV1,6.0,15,0.08847991505928154
2012,4,IV10,1.0,16003,94.3962720462455
2012,4,IV10,2.0,768,4.530171651035215
2012,4,IV10,0.0,94,0.5544741343714976
2012,4,IV10,3.0,87,0.513183507343833
2012,4,IV10,9.0,1,0.005898661003952103
2012,4,IV11,1.0,13074,77.11909396566979
2012,4,IV11,2.0,2724,16.067952574765528
2012,4,IV11,3.0,956,5.63911991977821
2012,4,IV11,4.0,103,0.6075620834070666
2012,4,IV11,0.0,94,0.5544741343714976
2012,4,IV11,9.0,2,0.011797322007904206
2012,4,IV12_1,2.0,15825,93.34631038754203
2012,4,IV12_1,1.0,1121,6.612398985430307
2012,4,IV12_1,0.0,5,0.029493305019760514
2012,4,IV12_1,9.0,2,0.011797322007904206
2012,4,IV12_2,2.0,15857,93.53506753966849
2012,4,IV12_2,1.0,1092,6.441337816315697
2012,4,IV12_2,0.0,2,0.011797322007904206
2012,4,IV12_2,9.0,2,0.011797322007904206
2012,4,IV12_3,2.0,16798,99.08570754438742
2012,4,IV12_3,1.0,150,0.8847991505928154
2012,4,IV12_3,0.0,3,0.01769598301185631
2012,4,IV12_3,9.0,2,0.011797322007904206
2012,4,IV2,3.0,5894,34.7667079572937
2012,4,IV2,2.0,3885,22.91629800035392
2012,4,IV2,4.0,3644,21.494720698401462
2012,4,IV2,1.0,1846,10.888928213295582
2012,4,IV2,5.0,1185,6.989913289683242
2012,4,IV2,6.0,350,2.064531351383236
2012,4,IV2,7.0,101,0.5957647613991623
2012,4,IV2,8.0,30,0.1769598301185631
2012,4,IV2,9.0,10,0.05898661003952103
2012,4,IV2,10.0,5,0.029493305019760514
2012,4,IV2,11.0,2,0.011797322007904206
2012,4,IV2,14.0,1,0.005898661003952103
2012,4,IV3,1.0,14533,85.72524037043591
2012,4,IV3,2.0,2275,13.419453783991035
2012,4,IV3,3.0,113,0.6665486934465876
2012,4,IV3,4.0,25,0.14746652509880256
2012,4,IV3,9.0,7,0.04129062702766472
2012,4,IV4,4.0,5384,31.75839084527812
2012,4,IV4,1.0,4722,27.85347726066183
2012,4,IV4,2.0,3706,21.860437680646495
2012,4,IV4,3.0,1380,8.140152185453902
2012,4,IV4,9.0,1346,7.93959771131953
2012,4,IV4,5.0,257,1.5159558780156905
2012,4,IV4,7.0,108,0.6370553884268271
2012,4,IV4,6.0,50,0.29493305019760513
2012,4,IV5,1.0,14631,86.30330914882322
2012,4,IV5,2.0,2319,13.678994868164926
2012,4,IV5,9.0,3,0.01769598301185631
2012,4,IV6,1.0,16309,96.20126231345485
2012,4,IV6,2.0,607,3.5804872293989263
2012,4,IV6,3.0,35,0.2064531351383236
2012,4,IV6,9.0,2,0.011797322007904206
2012,4,IV7,1.0,16480,97.20993334513065
2012,4,IV7,2.0,448,2.642600129770542
2012,4,IV7,4.0,16,0.09437857606323365
2012,4,IV7,3.0,7,0.04129062702766472
2012,4,IV7,9.0,2,0.011797322007904206
2012,4,IV8,1.0,16859,99.4455258656285
2012,4,IV8,2.0,91,0.5367781513596414
2012,4,IV8,9.0,3,0.01769598301185631
2012,4,IV9,1.0,16036,94.59092785937592
2012,4,IV9,2.0,819,4.831003362236772
2012,4,IV9,0.0,94,0.5544741343714976
2012,4,IV9,3.0,2,0.011797322007904206
2012,4,IV9,9.0,2,0.011797322007904206
2013,1,II1,3.0,5950,34.9732557456063
2013,1,II1,2.0,3944,23.18227237994475
2013,1,II1,4.0,3627,21.31899135954858
2013,1,II1,1.0,1878,11.03861752777288
2013,1,II1,5.0,1114,6.5479339328748605
2013,1,II1,6.0,326,1.916181743372715
2013,1,II1,7.0,98,0.5760300946335155
2013,1,II1,0.0,36,0.2116028919061894
2013,1,II1,8.0,27,0.15870216892964203
2013,1,II1,9.0,7,0.04114500675953683
2013,1,II1,10.0,4,0.023511432434021044
2013,1,II1,11.0,1,0.005877858108505261
2013,1,II1,99.0,1,0.005877858108505261
2013,1,II2,2.0,6636,39.00546640804091
2013,1,II2,1.0,6529,38.37653559043085
2013,1,II2,3.0,3247,19.085405278316582
2013,1,II2,4.0,491,2.886028331276083
2013,1,II2,5.0,56,0.3291600540762946
2013,1,II2,0.0,36,0.2116028919061894
2013,1,II2,6.0,14,0.08229001351907365
2013,1,II2,7.0,3,0.017633574325515784
2013,1,II2,99.0,1,0.005877858108505261
2013,1,II3,2.0,16305,95.83847645917828
2013,1,II3,1.0,668,3.926409216481514
2013,1,II3,0.0,36,0.2116028919061894
2013,1,II3,9.0,4,0.023511432434021044
2013,1,II3_1,0.0,16345,96.07359078351848
2013,1,II3_1,1.0,636,3.7383177570093458
2013,1,II3_1,2.0,27,0.15870216892964203
2013,1,II3_1,3.0,3,0.017633574325515784
2013,1,II3_1,-9.0,1,0.005877858108505261
2013,1,II3_1,4.0,1,0.005877858108505261
2013,1,II4_1,1.0,16097,94.61588197260919
2013,1,II4_1,2.0,878,5.1607594192676185
2013,1,II4_1,0.0,36,0.2116028919061894
2013,1,II4_1,9.0,2,0.011755716217010522
2013,1,II4_2,2.0,8748,51.41950273320402
2013,1,II4_2,1.0,8227,48.35713865867278
2013,1,II4_2,0.0,36,0.2116028919061894
2013,1,II4_2,9.0,2,0.011755716217010522
2013,1,II4_3,2.0,11968,70.34620584259096
2013,1,II4_3,1.0,5007,29.43043554928584
2013,1,II4_3,0.0,36,0.2116028919061894
2013,1,II4_3,9.0,2,0.011755716217010522
2013,1,II5,2.0,16237,95.43878210779992
2013,1,II5,0.0,717,4.214424263798272
2013,1,II5,1.0,56,0.3291600540762946
2013,1,II5,9.0,3,0.017633574325515784
2013,1,II5_1,0.0,16957,99.6708399459237
2013,1,II5_1,1.0,54,0.31740433785928407
2013,1,II5_1,2.0,2,0.011755716217010522
2013,1,II6,2.0,16198,95.20954564156821
2013,1,II6,0.0,717,4.214424263798272
2013,1,II6,1.0,94,0.5525186621994945
2013,1,II6,9.0,4,0.023511432434021044
2013,1,II6_1,0.0,16919,99.44748133780051
2013,1,II6_1,1.0,91,0.5348850878739787
2013,1,II6_1,2.0,2,0.011755716217010522
2013,1,II6_1,22.0,1,0.005877858108505261
2013,1,II7,1.0,11050,64.95033209898313
2013,1,II7,3.0,3388,19.914183271615823
2013,1,II7,6.0,1024,6.018926703109387
2013,1,II7,2.0,678,3.985187797566567
2013,1,II7,4.0,425,2.498089696114736
2013,1,II7,8.0,213,1.2519837771116205
2013,1,II7,7.0,77,0.4525950743549051
2013,1,II7,5.0,62,0.36442720272732615
2013,1,II7,9.0,55,0.32328219596778934
2013,1,II7,0.0,36,0.2116028919061894
2013,1,II7,99.0,5,0.029389290542526304
2013,1,II8,1.0,11241,66.07300299770763
2013,1,II8,2.0,5636,33.12760829953565
2013,1,II8,4.0,62,0.36442720272732615
2013,1,II8,0.0,36,0.2116028919061894
2013,1,II8,3.0,36,0.2116028919061894
2013,1,II8,9.0,2,0.011755716217010522
2013,1,II9,1.0,16429,96.56733086463292
2013,1,II9,2.0,265,1.557632398753894
2013,1,II9,3.0,206,1.2108387703520838
2013,1,II9,4.0,75,0.44083935813789454
2013,1,II9,0.0,36,0.2116028919061894
2013,1,II9,9.0,2,0.011755716217010522
2013,1,IV1,1.0,13159,77.34673484982072
2013,1,IV1,2.0,3705,21.77746429201199
2013,1,IV1,3.0,90,0.5290072297654734
2013,1,IV1,4.0,35,0.20572503379768411
2013,1,IV1,6.0,15,0.08816787162757891
2013,1,IV1,5.0,9,0.05290072297654735
2013,1,IV10,1.0,16079,94.51008052665608
2013,1,IV10,2.0,779,4.578851466525598
2013,1,IV10,0.0,77,0.4525950743549051
2013,1,IV10,3.0,77,0.4525950743549051
2013,1,IV10,9.0,1,0.005877858108505261
2013,1,IV11,1.0,13243,77.84047493093517
2013,1,IV11,2.0,2675,15.723270440251572
2013,1,IV11,3.0,922,5.4193851760418505
2013,1,IV11,4.0,93,0.5466408040909893
2013,1,IV11,0.0,77,0.4525950743549051
2013,1,IV11,9.0,3,0.017633574325515784
2013,1,IV12_1,2.0,15847,93.14641744548287
2013,1,IV12_1,1.0,1161,6.824193263974608
2013,1,IV12_1,0.0,4,0.023511432434021044
2013,1,IV12_1,9.0,1,0.005877858108505261
2013,1,IV12_2,2.0,15855,93.19344031035091
2013,1,IV12_2,1.0,1156,6.7948039734320815
2013,1,IV12_2,0.0,1,0.005877858108505261
2013,1,IV12_2,9.0,1,0.005877858108505261
2013,1,IV12_3,2.0,16846,99.01839769587963
2013,1,IV12_3,1.0,164,0.9639687297948627
2013,1,IV12_3,0.0,2,0.011755716217010522
2013,1,IV12_3,9.0,1,0.005877858108505261
2013,1,IV2,3.0,5963,35.04966790101687
2013,1,IV2,2.0,3899,22.91776876506201
2013,1,IV2,4.0,3683,21.648151413624873
2013,1,IV2,1.0,1803,10.597778169634985
2013,1,IV2,5.0,1160,6.818315405866103
2013,1,IV2,6.0,355,2.0866396285193676
2013,1,IV2,7.0,102,0.5995415270675366
2013,1,IV2,8.0,27,0.15870216892964203
2013,1,IV2,9.0,14,0.08229001351907365
2013,1,IV2,10.0,5,0.029389290542526304
2013,1,IV2,11.0,1,0.005877858108505261
2013,1,IV2,99.0,1,0.005877858108505261
2013,1,IV3,1.0,14650,86.11062128960207
2013,1,IV3,2.0,2213,13.007699994122142
2013,1,IV3,3.0,104,0.6112972432845472
2013,1,IV3,4.0,37,0.21748075001469463
2013,1,IV3,9.0,9,0.05290072297654735
2013,1,IV4,4.0,5406,31.77570093457944
2013,1,IV4,1.0,4736,27.837536001880913
2013,1,IV4,2.0,3837,22.553341562334687
2013,1,IV4,9.0,1337,7.858696291071533
2013,1,IV4,3.0,1328,7.805795568094986
2013,1,IV4,5.0,221,1.2990066419796626
2013,1,IV4,7.0,105,0.6171751013930523
2013,1,IV4,6.0,43,0.2527478986657262
2013,1,IV5,1.0,14698,86.39275847881032
2013,1,IV5,2.0,2310,13.577852230647153
2013,1,IV5,9.0,5,0.029389290542526304
2013,1,IV6,1.0,16411,96.46152941867983
2013,1,IV6,2.0,566,3.3268676894139775
2013,1,IV6,3.0,34,0.19984717568917887
2013,1,IV6,9.0,2,0.011755716217010522
2013,1,IV7,1.0,16529,97.15511667548346
2013,1,IV7,2.0,458,2.6920590136954092
2013,1,IV7,3.0,12,0.07053429730206313
2013,1,IV7,4.0,12,0.07053429730206313
2013,1,IV7,9.0,2,0.011755716217010522
2013,1,IV8,1.0,16936,99.5474049256451
2013,1,IV8,2.0,75,0.44083935813789454
2013,1,IV8,9.0,2,0.011755716217010522
2013,1,IV9,1.0,16111,94.69817198612826
2013,1,IV9,2.0,818,4.808087932757303
2013,1,IV9,0.0,77,0.4525950743549051
2013,1,IV9,3.0,4,0.023511432434021044
2013,1,IV9,9.0,3,0.017633574325515784
2013,2,II1,3.0,6171,35.508372173312615
2013,2,II1,2.0,4063,23.3787904942747
2013,2,II1,4.0,3623,20.846999251970768
2013,2,II1,1.0,1909,10.984521548995914
2013,2,II1,5.0,1115,6.4157891708383685
2013,2,II1,6.0,322,1.8528108636860579
2013,2,II1,7.0,96,0.5523908165026756
2013,2,II1,0.0,35,0.20139248518326716
2013,2,II1,8.0,29,0.16686805915184993
2013,2,II1,9.0,10,0.05754071005236205
2013,2,II1,10.0,3,0.017262213015708613
2013,2,II1,99.0,2,0.011508142010472408
2013,2,II1,11.0,1,0.005754071005236204
2013,2,II2,2.0,6864,39.49594337994131
2013,2,II2,1.0,6740,38.78243857529202
2013,2,II2,3.0,3169,18.23465101559353
2013,2,II2,4.0,498,2.8655273606076297
2013,2,II2,5.0,61,0.3509983313194085
2013,2,II2,0.0,35,0.20139248518326716
2013,2,II2,6.0,8,0.046032568041889634
2013,2,II2,7.0,2,0.011508142010472408
2013,2,II2,99.0,2,0.011508142010472408
2013,2,II3,2.0,16659,95.85706887622993
2013,2,II3,1.0,680,3.9127682835606192
2013,2,II3,0.0,35,0.20139248518326716
2013,2,II3,9.0,5,0.028770355026181024
2013,2,II3_1,0.0,16699,96.08723171643938
2013,2,II3_1,1.0,657,3.7804246504401866
2013,2,II3_1,2.0,19,0.1093273490994879
2013,2,II3_1,3.0,3,0.017262213015708613
2013,2,II3_1,-9.0,1,0.005754071005236204
2013,2,II4_1,1.0,16442,94.60843546809367
2013,2,II4_1,2.0,900,5.178663904712584
2013,2,II4_1,0.0,35,0.20139248518326716
2013,2,II4_1,9.0,2,0.011508142010472408
2013,2,II4_2,2.0,8982,51.68306576903159
2013,2,II4_2,1.0,8360,48.104033603774674
2013,2,II4_2,0.0,35,0.20139248518326716
2013,2,II4_2,9.0,2,0.011508142010472408
2013,2,II4_3,2.0,12208,70.24569883192359
2013,2,II4_3,1.0,5134,29.541400540882673
2013,2,II4_3,0.0,35,0.20139248518326716
2013,2,II4_3,9.0,2,0.011508142010472408
2013,2,II5,2.0,16562,95.29892398872202
2013,2,II5,0.0,747,4.298291040911445
2013,2,II5,1.0,67,0.3855227573508257
2013,2,II5,9.0,3,0.017262213015708613
2013,2,II5_1,0.0,17312,99.61447724264917
2013,2,II5_1,1.0,64,0.36826054433511707
2013,2,II5_1,2.0,3,0.017262213015708613
2013,2,II6,2.0,16537,95.15507221359111
2013,2,II6,0.0,747,4.298291040911445
2013,2,II6,1.0,92,0.5293745324817308
2013,2,II6,9.0,3,0.017262213015708613
2013,2,II6_1,0.0,17287,99.47062546751827
2013,2,II6_1,1.0,89,0.5121123194660222
2013,2,II6_1,2.0,2,0.011508142010472408
2013,2,II6_1,22.0,1,0.005754071005236204
2013,2,II7,1.0,11078,63.74359859600668
2013,2,II7,3.0,3567,20.52477127567754
2013,2,II7,6.0,1052,6.053282697508488
2013,2,II7,2.0,734,4.223488117843374
2013,2,II7,4.0,448,2.5778238103458198
2013,2,II7,8.0,239,1.375222970251453
2013,2,II7,7.0,85,0.4890960354450774
2013,2,II7,5.0,75,0.43155532539271535
2013,2,II7,9.0,61,0.3509983313194085
2013,2,II7,0.0,35,0.20139248518326716
2013,2,II7,99.0,5,0.028770355026181024
2013,2,II8,1.0,11526,66.3214224063525
2013,2,II8,2.0,5706,32.832729155877786
2013,2,II8,4.0,67,0.3855227573508257
2013,2,II8,3.0,42,0.2416709822199206
2013,2,II8,0.0,35,0.20139248518326716
2013,2,II8,9.0,3,0.017262213015708613
2013,2,II9,1.0,16755,96.40945969273261
2013,2,II9,2.0,276,1.5881235974451924
2013,2,II9,3.0,244,1.403993325277634
2013,2,II9,4.0,65,0.3740146153403533
2013,2,II9,0.0,35,0.20139248518326716
2013,2,II9,9.0,4,0.023016284020944817
2013,2,IV1,1.0,13239,76.17814603832211
2013,2,IV1,2.0,3958,22.774613038724898
2013,2,IV1,3.0,134,0.7710455147016514
2013,2,IV1,4.0,30,0.17262213015708613
2013,2,IV1,6.0,10,0.05754071005236205
2013,2,IV1,5.0,8,0.046032568041889634
2013,2,IV10,1.0,16440,94.5969273260832
2013,2,IV10,2.0,785,4.516945739110421
2013,2,IV10,3.0,82,0.4718338224293688
2013,2,IV10,0.0,71,0.40853904137177055
2013,2,IV10,9.0,1,0.005754071005236204
2013,2,IV11,1.0,13692,78.78474020369411
2013,2,IV11,2.0,2657,15.288566660912595
2013,2,IV11,3.0,859,4.9427469934979
2013,2,IV11,4.0,97,0.5581448875079118
2013,2,IV11,0.0,71,0.40853904137177055
2013,2,IV11,9.0,3,0.017262213015708613
2013,2,IV12_1,2.0,16177,93.08360665170608
2013,2,IV12_1,1.0,1197,6.887622993267737
2013,2,IV12_1,0.0,3,0.017262213015708613
2013,2,IV12_1,9.0,2,0.011508142010472408
2013,2,IV12_2,2.0,16151,92.93400080556994
2013,2,IV12_2,1.0,1225,7.048736981414351
2013,2,IV12_2,9.0,2,0.011508142010472408
2013,2,IV12_2,0.0,1,0.005754071005236204
2013,2,IV12_3,2.0,17226,99.11962713619886
2013,2,IV12_3,1.0,150,0.8631106507854307
2013,2,IV12_3,9.0,2,0.011508142010472408
2013,2,IV12_3,0.0,1,0.005754071005236204
2013,2,IV2,3.0,6201,35.6809943034697
2013,2,IV2,2.0,4007,23.056562517981472
2013,2,IV2,4.0,3686,21.20950572530065
2013,2,IV2,1.0,1790,10.299787099372807
2013,2,IV2,5.0,1167,6.71500086311065
2013,2,IV2,6.0,362,2.0829737038955063
2013,2,IV2,7.0,106,0.6099315265550377
2013,2,IV2,8.0,30,0.17262213015708613
2013,2,IV2,9.0,19,0.1093273490994879
2013,2,IV2,10.0,5,0.028770355026181024
2013,2,IV2,11.0,4,0.023016284020944817
2013,2,IV2,99.0,2,0.011508142010472408
2013,2,IV3,1.0,15057,86.63904712584153
2013,2,IV3,2.0,2169,12.480580010357327
2013,2,IV3,3.0,101,0.5811611715288567
2013,2,IV3,4.0,39,0.224408769204212
2013,2,IV3,9.0,13,0.07480292306807065
2013,2,IV4,4.0,5497,31.630128315783416
2013,2,IV4,1.0,4787,27.544737902065712
2013,2,IV4,2.0,3967,22.826399677772024
2013,2,IV4,9.0,1460,8.400943667644858
2013,2,IV4,3.0,1318,7.583865584901318
2013,2,IV4,5.0,199,1.1450601300420047
2013,2,IV4,7.0,95,0.5466367454974395
2013,2,IV4,6.0,56,0.32222797629322747
2013,2,IV5,1.0,15060,86.65630933885724
2013,2,IV5,2.0,2311,13.29765809310087
2013,2,IV5,9.0,8,0.046032568041889634
2013,2,IV6,1.0,16780,96.55331146786351
2013,2,IV6,2.0,566,3.2568041889636916
2013,2,IV6,3.0,30,0.17262213015708613
2013,2,IV6,9.0,3,0.017262213015708613
2013,2,IV7,1.0,16882,97.14022671039761
2013,2,IV7,2.0,462,2.6583808044191266
2013,2,IV7,4.0,17,0.09781920708901548
2013,2,IV7,3.0,15,0.08631106507854307
2013,2,IV7,9.0,3,0.017262213015708613
2013,2,IV8,1.0,17308,99.59146095862823
2013,2,IV8,2.0,67,0.3855227573508257
2013,2,IV8,9.0,4,0.023016284020944817
2013,2,IV9,1.0,16465,94.74077910121412
2013,2,IV9,2.0,836,4.810403360377467
2013,2,IV9,0.0,71,0.40853904137177055
2013,2,IV9,3.0,4,0.023016284020944817
2013,2,IV9,9.0,3,0.017262213015708613
2013,3,II1,3.0,6171,35.51041546783289
2013,3,II1,2.0,4045,23.276556565772815
2013,3,II1,4.0,3716,21.383358269075842
2013,3,II1,1.0,1824,10.496029462538843
2013,3,II1,5.0,1109,6.381631948440557
2013,3,II1,6.0,313,1.8011278628150535
2013,3,II1,7.0,88,0.5063873863505581
2013,3,II1,0.0,65,0.37403613764529864
2013,3,II1,8.0,29,0.1668776614109794
2013,3,II1,9.0,11,0.06329842329381977
2013,3,II1,10.0,5,0.028772010588099896
2013,3,II1,33.0,1,0.005754402117619979
2013,3,II1,11.0,1,0.005754402117619979
2013,3,II2,2.0,6907,39.7456554264012
2013,3,II2,1.0,6617,38.076878812291405
2013,3,II2,3.0,3230,18.586718839912532
2013,3,II2,4.0,482,2.77362182069283
2013,3,II2,5.0,66,0.37979053976291866
2013,3,II2,0.0,65,0.37403613764529864
2013,3,II2,6.0,8,0.046035216940959835
2013,3,II2,7.0,2,0.011508804235239959
2013,3,II2,9.0,1,0.005754402117619979
2013,3,II3,2.0,16629,95.68995281390264
2013,3,II3,1.0,684,3.9360110484520656
2013,3,II3,0.0,65,0.37403613764529864
2013,3,II3_1,0.0,16697,96.08125215790079
2013,3,II3_1,1.0,657,3.780642191276326
2013,3,II3_1,2.0,24,0.1381056508228795
2013,3,II4_1,1.0,16412,94.4412475543791
2013,3,II4_1,2.0,902,5.190470710093221
2013,3,II4_1,0.0,64,0.3682817355276787
2013,3,II4_2,2.0,9016,51.88168949246173
2013,3,II4_2,1.0,8298,47.75002877201059
2013,3,II4_2,0.0,64,0.3682817355276787
2013,3,II4_3,2.0,12164,69.99654735872943
2013,3,II4_3,1.0,5150,29.635170905742893
2013,3,II4_3,0.0,64,0.3682817355276787
2013,3,II5,2.0,16527,95.1030037979054
2013,3,II5,0.0,778,4.476924847508344
2013,3,II5,1.0,73,0.4200713545862585
2013,3,II5_1,0.0,17306,99.58568304753136
2013,3,II5_1,1.0,64,0.3682817355276787
2013,3,II5_1,2.0,8,0.046035216940959835
2013,3,II6,2.0,16513,95.02244216825872
2013,3,II6,0.0,778,4.476924847508344
2013,3,II6,1.0,87,0.5006329842329382
2013,3,II6_1,0.0,17292,99.50512141788468
2013,3,II6_1,1.0,84,0.48336977788007823
2013,3,II6_1,2.0,2,0.011508804235239959
2013,3,II7,1.0,11231,64.62769018299
2013,3,II7,3.0,3420,19.68005524226033
2013,3,II7,6.0,1017,5.852226953619519
2013,3,II7,2.0,781,4.494188053861204
2013,3,II7,4.0,417,2.3995856830475315
2013,3,II7,8.0,233,1.340775693405455
2013,3,II7,5.0,78,0.4488433651743584
2013,3,II7,7.0,73,0.4200713545862585
2013,3,II7,0.0,65,0.37403613764529864
2013,3,II7,9.0,63,0.3625273334100587
2013,3,II8,1.0,11471,66.00874669121879
2013,3,II8,2.0,5749,33.08205777419726
2013,3,II8,0.0,64,0.3682817355276787
2013,3,II8,4.0,56,0.3222465185867188
2013,3,II8,3.0,38,0.21866728046955922
2013,3,II9,1.0,16752,96.3977442743699
2013,3,II9,2.0,265,1.5249165611692945
2013,3,II9,3.0,229,1.3177580849349753
2013,3,II9,4.0,67,0.3855449418805386
2013,3,II9,0.0,64,0.3682817355276787
2013,3,II9,9.0,1,0.005754402117619979
2013,3,IV1,1.0,13292,76.48751294740477
2013,3,IV1,2.0,3920,22.557256301070318
2013,3,IV1,3.0,107,0.6157210265853378
2013,3,IV1,4.0,27,0.15536885717573945
2013,3,IV1,6.0,15,0.0863160317642997
2013,3,IV1,5.0,9,0.05178961905857982
2013,3,IV1,0.0,8,0.046035216940959835
2013,3,IV10,1.0,16383,94.27436989296812
2013,3,IV10,2.0,831,4.781908159742203
2013,3,IV10,3.0,85,0.48912417999769825
2013,3,IV10,0.0,79,0.45459776729197837
2013,3,IV11,1.0,13457,77.43698929681206
2013,3,IV11,2.0,2790,16.054781908159743
2013,3,IV11,3.0,948,5.455173207503741
2013,3,IV11,4.0,103,0.5927034181148578
2013,3,IV11,0.0,79,0.45459776729197837
2013,3,IV11,9.0,1,0.005754402117619979
2013,3,IV12_1,2.0,16215,93.30763033720797
2013,3,IV12_1,1.0,1154,6.640580043733456
2013,3,IV12_1,0.0,9,0.05178961905857982
2013,3,IV12_2,2.0,16103,92.66313730003452
2013,3,IV12_2,1.0,1264,7.273564276671654
2013,3,IV12_2,0.0,10,0.05754402117619979
2013,3,IV12_2,,1,0.005754402117619979
2013,3,IV12_3,2.0,17222,99.10231326965129
2013,3,IV12_3,1.0,145,0.834388307054897
2013,3,IV12_3,0.0,11,0.06329842329381977
2013,3,IV2,3.0,6222,35.80388997583151
2013,3,IV2,2.0,4008,23.06364368742088
2013,3,IV2,4.0,3780,21.751640004603523
2013,3,IV2,1.0,1706,9.817010012659685
2013,3,IV2,5.0,1154,6.640580043733456
2013,3,IV2,6.0,342,1.9680055242260328
2013,3,IV2,7.0,104,0.5984578202324778
2013,3,IV2,8.0,31,0.17838646564621935
2013,3,IV2,9.0,11,0.06329842329381977
2013,3,IV2,0.0,8,0.046035216940959835
2013,3,IV2,10.0,7,0.04028081482333985
2013,3,IV2,11.0,4,0.023017608470479917
2013,3,IV2,51.0,1,0.005754402117619979
2013,3,IV3,1.0,14998,86.30452296006445
2013,3,IV3,2.0,2220,12.774772701116355
2013,3,IV3,3.0,119,0.6847738519967775
2013,3,IV3,4.0,28,0.1611232592933594
2013,3,IV3,0.0,8,0.046035216940959835
2013,3,IV3,9.0,5,0.028772010588099896
2013,3,IV4,4.0,5397,31.05650822879503
2013,3,IV4,1.0,4711,27.10898837610772
2013,3,IV4,2.0,4104,23.616066290712396
2013,3,IV4,9.0,1428,8.217286223961331
2013,3,IV4,3.0,1353,7.7857060651398315
2013,3,IV4,5.0,227,1.3062492806997352
2013,3,IV4,7.0,92,0.5294049948210381
2013,3,IV4,6.0,58,0.3337553228219588
2013,3,IV4,0.0,8,0.046035216940959835
2013,3,IV5,1.0,15116,86.98354240994361
2013,3,IV5,2.0,2250,12.947404764644954
2013,3,IV5,0.0,8,0.046035216940959835
2013,3,IV5,9.0,4,0.023017608470479917
2013,3,IV6,1.0,16762,96.4552882955461
2013,3,IV6,2.0,568,3.268500402808148
2013,3,IV6,3.0,40,0.23017608470479917
2013,3,IV6,0.0,8,0.046035216940959835
2013,3,IV7,1.0,16877,97.1170445390724
2013,3,IV7,2.0,445,2.5607089423408906
2013,3,IV7,4.0,38,0.21866728046955922
2013,3,IV7,3.0,10,0.05754402117619979
2013,3,IV7,0.0,8,0.046035216940959835
2013,3,IV8,1.0,17299,99.54540223270803
2013,3,IV8,2.0,70,0.40280814823339856
2013,3,IV8,0.0,8,0.046035216940959835
2013,3,IV8,9.0,1,0.005754402117619979
2013,3,IV9,1.0,16476,94.80952928990678
2013,3,IV9,2.0,819,4.712855334330763
2013,3,IV9,0.0,79,0.45459776729197837
2013,3,IV9,3.0,4,0.023017608470479917
2013,4,II1,3.0,6212,35.525563307789085
2013,4,II1,2.0,3991,22.823973464485874
2013,4,II1,4.0,3652,20.885279652293264
2013,4,II1,1.0,1751,10.013725265927027
2013,4,II1,5.0,1096,6.26787144000915
2013,4,II1,0.0,324,1.8529109001486903
2013,4,II1,6.0,317,1.812878874528194
2013,4,II1,7.0,99,0.5661672194898776
2013,4,II1,8.0,30,0.1715658240878417
2013,4,II1,9.0,8,0.04575088642342445
2013,4,II1,10.0,4,0.022875443211712226
2013,4,II1,11.0,2,0.011437721605856113
2013,4,II2,2.0,6840,39.11700789202791
2013,4,II2,1.0,6464,36.966716230126956
2013,4,II2,3.0,3299,18.86652178885966
2013,4,II2,4.0,504,2.8823058446757406
2013,4,II2,0.0,304,1.7385336840901293
2013,4,II2,5.0,61,0.3488505089786115
2013,4,II2,6.0,10,0.057188608029280566
2013,4,II2,7.0,4,0.022875443211712226
2013,4,II3,2.0,16476,94.22395058904266
2013,4,II3,1.0,664,3.79732357314423
2013,4,II3,0.0,346,1.9787258378131076
2013,4,II3_1,0.0,16778,95.95104655152693
2013,4,II3_1,1.0,637,3.642914331465172
2013,4,II3_1,2.0,71,0.406039117007892
2013,4,II4_1,1.0,16337,93.42902893743566
2013,4,II4_1,2.0,845,4.832437378474208
2013,4,II4_1,0.0,303,1.7328148232872012
2013,4,II4_1,9.0,1,0.005718860802928057
2013,4,II4_2,2.0,8853,50.629074688322085
2013,4,II4_2,1.0,8329,47.632391627587786
2013,4,II4_2,0.0,303,1.7328148232872012
2013,4,II4_2,9.0,1,0.005718860802928057
2013,4,II4_3,2.0,12140,69.42697014754661
2013,4,II4_3,1.0,5042,28.834496168363263
2013,4,II4_3,0.0,303,1.7328148232872012
2013,4,II4_3,9.0,1,0.005718860802928057
2013,4,II5,2.0,16432,93.97232071371383
2013,4,II5,0.0,987,5.644515612489992
2013,4,II5,1.0,66,0.3774448129932517
2013,4,II5,9.0,1,0.005718860802928057
2013,4,II5_1,0.0,17380,99.39380075488963
2013,4,II5_1,1.0,58,0.33169392656982727
2013,4,II5_1,2.0,48,0.2745053185405467
2013,4,II6,2.0,16416,93.88081894086697
2013,4,II6,0.0,987,5.644515612489992
2013,4,II6,1.0,82,0.4689465858401006
2013,4,II6,9.0,1,0.005718860802928057
2013,4,II6_1,0.0,17368,99.32517442525449
2013,4,II6_1,1.0,78,0.44607114262838843
2013,4,II6_1,2.0,40,0.22875443211712226
2013,4,II7,1.0,11414,65.27507720462084
2013,4,II7,3.0,3259,18.637767356742536
2013,4,II7,6.0,999,5.713141942125128
2013,4,II7,2.0,714,4.083266613290633
2013,4,II7,4.0,392,2.241793434747798
2013,4,II7,0.0,303,1.7328148232872012
2013,4,II7,8.0,213,1.218117351023676
2013,4,II7,5.0,75,0.4289145602196043
2013,4,II7,7.0,67,0.3831636737961798
2013,4,II7,9.0,49,0.28022417934347477
2013,4,II7,99.0,1,0.005718860802928057
2013,4,II8,1.0,11379,65.07491707651836
2013,4,II8,2.0,5728,32.75763467917191
2013,4,II8,0.0,304,1.7385336840901293
2013,4,II8,4.0,50,0.2859430401464028
2013,4,II8,3.0,25,0.1429715200732014
2013,4,II9,1.0,16692,95.45922452247513
2013,4,II9,0.0,305,1.7442525448930573
2013,4,II9,2.0,223,1.2753059590529567
2013,4,II9,3.0,199,1.1380532997826833
2013,4,II9,4.0,67,0.3831636737961798
2013,4,IV1,1.0,13388,76.56410842960082
2013,4,IV1,2.0,3728,21.319913073315796
2013,4,IV1,0.0,254,1.4525906439437264
2013,4,IV1,3.0,76,0.43463342102253233
2013,4,IV1,4.0,16,0.0915017728468489
2013,4,IV1,6.0,15,0.08578291204392086
2013,4,IV1,5.0,9,0.05146974722635251
2013,4,IV10,1.0,16277,93.08589728925998
2013,4,IV10,2.0,828,4.735216744824431
2013,4,IV10,0.0,305,1.7442525448930573
2013,4,IV10,3.0,76,0.43463342102253233
2013,4,IV11,1.0,13216,75.5804643714972
2013,4,IV11,2.0,2817,16.110030881848335
2013,4,IV11,3.0,1056,6.0391170078920275
2013,4,IV11,0.0,304,1.7385336840901293
2013,4,IV11,4.0,93,0.5318540546723093
2013,4,IV12_1,2.0,16113,92.14800411757977
2013,4,IV12_1,1.0,1134,6.4851881505204165
2013,4,IV12_1,0.0,239,1.3668077318998055
2013,4,IV12_2,2.0,16023,91.63330664531625
2013,4,IV12_2,1.0,1225,7.005604483586869
2013,4,IV12_2,0.0,238,1.3610888710968776
2013,4,IV12_3,2.0,17087,97.7181745396317
2013,4,IV12_3,0.0,239,1.3668077318998055
2013,4,IV12_3,1.0,160,0.9150177284684891
2013,4,IV2,3.0,6273,35.8744138167677
2013,4,IV2,2.0,3947,22.57234358915704
2013,4,IV2,4.0,3725,21.30275649090701
2013,4,IV2,1.0,1676,9.584810705707422
2013,4,IV2,5.0,1139,6.513782454535057
2013,4,IV2,6.0,328,1.8757863433604025
2013,4,IV2,0.0,236,1.3496511494910215
2013,4,IV2,7.0,113,0.6462312707308704
2013,4,IV2,8.0,33,0.18872240649662586
2013,4,IV2,9.0,9,0.05146974722635251
2013,4,IV2,10.0,4,0.022875443211712226
2013,4,IV2,11.0,2,0.011437721605856113
2013,4,IV2,21.0,1,0.005718860802928057
2013,4,IV3,1.0,14864,85.00514697472263
2013,4,IV3,2.0,2236,12.787372755347135
2013,4,IV3,0.0,237,1.3553700102939494
2013,4,IV3,3.0,114,0.6519501315337984
2013,4,IV3,4.0,33,0.18872240649662586
2013,4,IV3,9.0,2,0.011437721605856113
2013,4,IV4,4.0,5407,30.921880361432002
2013,4,IV4,1.0,4729,27.04449273704678
2013,4,IV4,2.0,4054,23.184261695070344
2013,4,IV4,3.0,1390,7.949216516069999
2013,4,IV4,9.0,1287,7.360173853368409
2013,4,IV4,0.0,236,1.3496511494910215
2013,4,IV4,5.0,232,1.326775706279309
2013,4,IV4,7.0,108,0.6176369667162301
2013,4,IV4,6.0,43,0.24591101452590644
2013,4,IV5,1.0,15034,85.9773533112204
2013,4,IV5,2.0,2215,12.667276678485646
2013,4,IV5,0.0,236,1.3496511494910215
2013,4,IV5,9.0,1,0.005718860802928057
2013,4,IV6,1.0,16642,95.17328148232872
2013,4,IV6,2.0,566,3.2368752144572803
2013,4,IV6,0.0,236,1.3496511494910215
2013,4,IV6,3.0,42,0.2401921537229784
2013,4,IV7,1.0,16676,95.36772274962827
2013,4,IV7,2.0,526,3.008120782340158
2013,4,IV7,0.0,236,1.3496511494910215
2013,4,IV7,4.0,33,0.18872240649662586
2013,4,IV7,3.0,15,0.08578291204392086
2013,4,IV8,1.0,17182,98.26146631590987
2013,4,IV8,0.0,236,1.3496511494910215
2013,4,IV8,2.0,68,0.3888825345991079
2013,4,IV9,1.0,16392,93.7435662815967
2013,4,IV9,2.0,783,4.477868008692669
2013,4,IV9,0.0,305,1.7442525448930573
2013,4,IV9,3.0,6,0.03431316481756834
2014,1,II1,3.0,6398,35.949879193122435
2014,1,II1,2.0,4234,23.790526493229194
2014,1,II1,4.0,3700,20.79002079002079
2014,1,II1,1.0,1807,10.153396639883127
2014,1,II1,5.0,1146,6.439287520368602
2014,1,II1,6.0,320,1.7980558521099061
2014,1,II1,7.0,107,0.6012249255492499
2014,1,II1,8.0,40,0.22475698151373827
2014,1,II1,0.0,31,0.17418666067314717
2014,1,II1,9.0,8,0.04495139630274765
2014,1,II1,10.0,5,0.028094622689217284
2014,1,II1,99.0,1,0.005618924537843456
2014,1,II2,2.0,7118,39.99550486036973
2014,1,II2,1.0,6595,37.0568073270776
2014,1,II2,3.0,3432,19.284149013878743
2014,1,II2,4.0,523,2.9386975332921277
2014,1,II2,5.0,83,0.4663707366410069
2014,1,II2,0.0,32,0.1798055852109906
2014,1,II2,6.0,10,0.05618924537843457
2014,1,II2,7.0,2,0.011237849075686913
2014,1,II2,99.0,1,0.005618924537843456
2014,1,II2,9.0,1,0.005618924537843456
2014,1,II3,2.0,17020,95.63409563409563
2014,1,II3,1.0,746,4.191717705231219
2014,1,II3,0.0,31,0.17418666067314717
2014,1,II3_1,0.0,17051,95.80828229476879
2014,1,II3_1,1.0,709,3.9838174973310108
2014,1,II3_1,2.0,34,0.19104343428667753
2014,1,II3_1,3.0,3,0.01685677361353037
2014,1,II4_1,1.0,16918,95.06096533123561
2014,1,II4_1,2.0,848,4.764848008091251
2014,1,II4_1,0.0,31,0.17418666067314717
2014,1,II4_2,2.0,9283,52.16047648480081
2014,1,II4_2,1.0,8483,47.665336854526046
2014,1,II4_2,0.0,31,0.17418666067314717
2014,1,II4_3,2.0,12586,70.71978423329774
2014,1,II4_3,1.0,5180,29.106029106029105
2014,1,II4_3,0.0,31,0.17418666067314717
2014,1,II5,2.0,17077,95.9543743327527
2014,1,II5,0.0,643,3.6129684778333426
2014,1,II5,1.0,77,0.43265718941394615
2014,1,II5_1,0.0,17720,99.56734281058606
2014,1,II5_1,1.0,63,0.3539922458841378
2014,1,II5_1,2.0,14,0.07866494352980839
2014,1,II6,2.0,17049,95.79704444569309
2014,1,II6,0.0,643,3.6129684778333426
2014,1,II6,1.0,105,0.589987076473563
2014,1,II6_1,0.0,17692,99.41001292352644
2014,1,II6_1,1.0,99,0.5562735292465022
2014,1,II6_1,2.0,5,0.028094622689217284
2014,1,II6_1,3.0,1,0.005618924537843456
2014,1,II7,1.0,12014,67.50575939765129
2014,1,II7,3.0,3202,17.99179637017475
2014,1,II7,6.0,1087,6.107770972635837
2014,1,II7,2.0,718,4.034387818171602
2014,1,II7,4.0,358,2.0115749845479574
2014,1,II7,8.0,211,1.1855930774849694
2014,1,II7,7.0,64,0.3596111704219812
2014,1,II7,9.0,57,0.32027869865707703
2014,1,II7,5.0,55,0.3090408495813901
2014,1,II7,0.0,31,0.17418666067314717
2014,1,II8,1.0,11822,66.42692588638535
2014,1,II8,2.0,5863,32.94375456537619
2014,1,II8,4.0,48,0.26970837781648593
2014,1,II8,3.0,33,0.18542450974883407
2014,1,II8,0.0,31,0.17418666067314717
2014,1,II9,1.0,17246,96.90397257964825
2014,1,II9,2.0,259,1.4553014553014554
2014,1,II9,3.0,205,1.1518795302579086
2014,1,II9,4.0,56,0.31465977411923357
2014,1,II9,0.0,31,0.17418666067314717
2014,1,IV1,1.0,14045,78.91779513401136
2014,1,IV1,2.0,3617,20.323650053379783
2014,1,IV1,3.0,67,0.3764679440355116
2014,1,IV1,4.0,33,0.18542450974883407
2014,1,IV1,6.0,24,0.13485418890824297
2014,1,IV1,5.0,11,0.06180816991627802
2014,1,IV10,1.0,16831,94.57211889644321
2014,1,IV10,2.0,844,4.742372309939878
2014,1,IV10,3.0,66,0.37084901949766813
2014,1,IV10,0.0,56,0.31465977411923357
2014,1,IV11,1.0,13548,76.12518963870315
2014,1,IV11,2.0,2998,16.845535764454684
2014,1,IV11,3.0,1114,6.259481935157611
2014,1,IV11,4.0,81,0.45513288756532
2014,1,IV11,0.0,56,0.31465977411923357
2014,1,IV12_1,2.0,16446,92.40883294937349
2014,1,IV12_1,1.0,1351,7.59116705062651
2014,1,IV12_2,2.0,16327,91.74018092937011
2014,1,IV12_2,1.0,1470,8.25981907062988
2014,1,IV12_3,2.0,17658,99.21896948923975
2014,1,IV12_3,1.0,139,0.7810305107602404
2014,1,IV2,3.0,6458,36.287014665393045
2014,1,IV2,2.0,4130,23.206158341293477
2014,1,IV2,4.0,3766,21.16086980951846
2014,1,IV2,1.0,1719,9.658931280552903
2014,1,IV2,5.0,1205,6.7708040681013655
2014,1,IV2,6.0,343,1.9272911164803057
2014,1,IV2,7.0,120,0.6742709445412148
2014,1,IV2,8.0,41,0.23037590605158173
2014,1,IV2,9.0,9,0.05057032084059111
2014,1,IV2,10.0,5,0.028094622689217284
2014,1,IV2,15.0,1,0.005618924537843456
2014,1,IV3,1.0,15357,86.28982412766196
2014,1,IV3,2.0,2306,12.95723998426701
2014,1,IV3,3.0,86,0.4832275102545373
2014,1,IV3,4.0,48,0.26970837781648593
2014,1,IV4,4.0,5834,32.78080575377873
2014,1,IV4,1.0,4906,27.56644378266
2014,1,IV4,2.0,3996,22.453222453222452
2014,1,IV4,3.0,1411,7.928302522897117
2014,1,IV4,9.0,1257,7.062988144069225
2014,1,IV4,5.0,236,1.3260661909310558
2014,1,IV4,7.0,115,0.6461763218519976
2014,1,IV4,6.0,42,0.2359948305894252
2014,1,IV5,1.0,15525,87.23380345001966
2014,1,IV5,2.0,2272,12.766196549980334
2014,1,IV6,1.0,17217,96.7410237680508
2014,1,IV6,2.0,548,3.0791706467382145
2014,1,IV6,3.0,32,0.1798055852109906
2014,1,IV7,1.0,17088,96.01618250266898
2014,1,IV7,2.0,661,3.714109119514525
2014,1,IV7,4.0,32,0.1798055852109906
2014,1,IV7,3.0,16,0.0899027926054953
2014,1,IV8,1.0,17741,99.68534022588076
2014,1,IV8,2.0,56,0.31465977411923357
2014,1,IV9,1.0,16953,95.25762769006012
2014,1,IV9,2.0,784,4.40523683766927
2014,1,IV9,0.0,56,0.31465977411923357
2014,1,IV9,3.0,4,0.022475698151373825
2014,2,II1,3.0,6743,35.905218317358894
2014,2,II1,2.0,4581,24.39297124600639
2014,2,II1,4.0,3885,20.686900958466452
2014,2,II1,1.0,1874,9.978700745473908
2014,2,II1,5.0,1161,6.182108626198083
2014,2,II1,6.0,344,1.8317358892438764
2014,2,II1,7.0,100,0.5324813631522897
2014,2,II1,8.0,38,0.20234291799787008
2014,2,II1,0.0,33,0.1757188498402556
2014,2,II1,9.0,12,0.06389776357827476
2014,2,II1,10.0,4,0.021299254526091587
2014,2,II1,14.0,1,0.005324813631522897
2014,2,II1,21.0,1,0.005324813631522897
2014,2,II1,23.0,1,0.005324813631522897
2014,2,II1,33.0,1,0.005324813631522897
2014,2,II1,31.0,1,0.005324813631522897
2014,2,II2,2.0,7603,40.484558040468585
2014,2,II2,1.0,6918,36.8370607028754
2014,2,II2,3.0,3600,19.169329073482427
2014,2,II2,4.0,516,2.747603833865815
2014,2,II2,5.0,93,0.4952076677316294
2014,2,II2,0.0,35,0.18636847710330137
2014,2,II2,6.0,13,0.06922257720979766
2014,2,II2,7.0,2,0.010649627263045794
2014,2,II3,2.0,17962,95.64430244941427
2014,2,II3,1.0,789,4.201277955271565
2014,2,II3,0.0,29,0.154419595314164
2014,2,II3_1,0.0,17991,95.79872204472844
2014,2,II3_1,1.0,747,3.977635782747604
2014,2,II3_1,2.0,38,0.20234291799787008
2014,2,II3_1,3.0,4,0.021299254526091587
2014,2,II4_1,1.0,17935,95.50053248136315
2014,2,II4_1,2.0,816,4.345047923322683
2014,2,II4_1,0.0,29,0.154419595314164
2014,2,II4_2,2.0,9788,52.119275825346115
2014,2,II4_2,1.0,8963,47.726304579339725
2014,2,II4_2,0.0,29,0.154419595314164
2014,2,II4_3,2.0,13272,70.67092651757189
2014,2,II4_3,1.0,5479,29.17465388711395
2014,2,II4_3,0.0,29,0.154419595314164
2014,2,II5,2.0,18041,96.06496272630459
2014,2,II5,0.0,638,3.397231096911608
2014,2,II5,1.0,101,0.5378061767838126
2014,2,II5_1,0.0,18679,99.46219382321618
2014,2,II5_1,1.0,86,0.4579339723109691
2014,2,II5_1,2.0,15,0.07987220447284345
2014,2,II6,2.0,18010,95.89989350372737
2014,2,II6,0.0,638,3.397231096911608
2014,2,II6,1.0,132,0.7028753993610224
2014,2,II6_1,0.0,18648,99.29712460063898
2014,2,II6_1,1.0,124,0.6602768903088392
2014,2,II6_1,2.0,8,0.042598509052183174
2014,2,II7,1.0,12645,67.33226837060703
2014,2,II7,3.0,3361,17.896698615548456
2014,2,II7,6.0,1166,6.208732694355698
2014,2,II7,2.0,794,4.22790202342918
2014,2,II7,4.0,389,2.071352502662407
2014,2,II7,8.0,227,1.2087326943556975
2014,2,II7,7.0,61,0.3248136315228967
2014,2,II7,5.0,59,0.3141640042598509
2014,2,II7,9.0,49,0.26091586794462196
2014,2,II7,0.0,29,0.154419595314164
2014,2,II8,1.0,12295,65.46858359957402
2014,2,II8,2.0,6365,33.89243876464324
2014,2,II8,3.0,48,0.25559105431309903
2014,2,II8,4.0,43,0.22896698615548455
2014,2,II8,0.0,29,0.154419595314164
2014,2,II9,1.0,18215,96.99148029818956
2014,2,II9,2.0,240,1.2779552715654952
2014,2,II9,3.0,239,1.2726304579339722
2014,2,II9,4.0,57,0.3035143769968051
2014,2,II9,0.0,29,0.154419595314164
2014,2,IV1,1.0,14807,78.84451544195953
2014,2,IV1,2.0,3819,20.335463258785943
2014,2,IV1,3.0,58,0.308839190628328
2014,2,IV1,6.0,43,0.22896698615548455
2014,2,IV1,4.0,39,0.20766773162939298
2014,2,IV1,5.0,13,0.06922257720979766
2014,2,IV1,0.0,1,0.005324813631522897
2014,2,IV10,1.0,17755,94.54206602768903
2014,2,IV10,2.0,911,4.850905218317359
2014,2,IV10,0.0,58,0.308839190628328
2014,2,IV10,3.0,56,0.29818956336528224
2014,2,IV11,1.0,14323,76.26730564430245
2014,2,IV11,2.0,3115,16.586794462193822
2014,2,IV11,3.0,1214,6.4643237486687966
2014,2,IV11,4.0,70,0.37273695420660274
2014,2,IV11,0.0,58,0.308839190628328
2014,2,IV12_1,2.0,17262,91.91693290734824
2014,2,IV12_1,1.0,1517,8.077742279020235
2014,2,IV12_1,0.0,1,0.005324813631522897
2014,2,IV12_2,2.0,17036,90.71352502662407
2014,2,IV12_2,1.0,1743,9.281150159744408
2014,2,IV12_2,0.0,1,0.005324813631522897
2014,2,IV12_3,2.0,18630,99.20127795527156
2014,2,IV12_3,1.0,149,0.7933972310969116
2014,2,IV12_3,0.0,1,0.005324813631522897
2014,2,IV2,3.0,6801,36.21405750798722
2014,2,IV2,2.0,4504,23.982960596379126
2014,2,IV2,4.0,3947,21.017039403620874
2014,2,IV2,1.0,1773,9.440894568690096
2014,2,IV2,5.0,1189,6.331203407880724
2014,2,IV2,6.0,373,1.9861554845580405
2014,2,IV2,7.0,120,0.6389776357827476
2014,2,IV2,8.0,43,0.22896698615548455
2014,2,IV2,9.0,13,0.06922257720979766
2014,2,IV2,10.0,8,0.042598509052183174
2014,2,IV2,15.0,1,0.005324813631522897
2014,2,IV2,14.0,1,0.005324813631522897
2014,2,IV2,0.0,1,0.005324813631522897
2014,2,IV2,69.0,1,0.005324813631522897
2014,2,IV2,54.0,1,0.005324813631522897
2014,2,IV2,21.0,1,0.005324813631522897
2014,2,IV2,31.0,1,0.005324813631522897
2014,2,IV2,33.0,1,0.005324813631522897
2014,2,IV2,11.0,1,0.005324813631522897
2014,2,IV3,1.0,16134,85.91054313099042
2014,2,IV3,2.0,2498,13.301384451544196
2014,2,IV3,3.0,93,0.4952076677316294
2014,2,IV3,4.0,54,0.28753993610223644
2014,2,IV3,0.0,1,0.005324813631522897
2014,2,IV4,4.0,6148,32.73695420660277
2014,2,IV4,1.0,4987,26.554845580404685
2014,2,IV4,2.0,4335,23.083067092651756
2014,2,IV4,3.0,1556,8.285410010649628
2014,2,IV4,9.0,1314,6.996805111821086
2014,2,IV4,5.0,253,1.3471778487752928
2014,2,IV4,7.0,144,0.7667731629392971
2014,2,IV4,6.0,42,0.22364217252396165
2014,2,IV4,0.0,1,0.005324813631522897
2014,2,IV5,1.0,16363,87.12992545260916
2014,2,IV5,2.0,2416,12.864749733759318
2014,2,IV5,0.0,1,0.005324813631522897
2014,2,IV6,1.0,18197,96.89563365282216
2014,2,IV6,2.0,544,2.896698615548456
2014,2,IV6,3.0,38,0.20234291799787008
2014,2,IV6,0.0,1,0.005324813631522897
2014,2,IV7,1.0,17909,95.36208732694355
2014,2,IV7,2.0,805,4.286474973375932
2014,2,IV7,4.0,54,0.28753993610223644
2014,2,IV7,3.0,11,0.058572949946751864
2014,2,IV7,0.0,1,0.005324813631522897
2014,2,IV8,1.0,18722,99.69116080937167
2014,2,IV8,2.0,57,0.3035143769968051
2014,2,IV8,0.0,1,0.005324813631522897
2014,2,IV9,1.0,17967,95.67092651757189
2014,2,IV9,2.0,750,3.9936102236421727
2014,2,IV9,0.0,58,0.308839190628328
2014,2,IV9,3.0,5,0.026624068157614485
2014,3,II1,3.0,6842,35.93298671288273
2014,3,II1,2.0,4603,24.174150517304763
2014,3,II1,4.0,4015,21.086077411900636
2014,3,II1,1.0,1910,10.030985767554226
2014,3,II1,5.0,1127,5.918806785357912
2014,3,II1,6.0,357,1.8749015282810777
2014,3,II1,7.0,95,0.4989233758731159
2014,3,II1,0.0,38,0.19956935034924636
2014,3,II1,8.0,32,0.1680584002941022
2014,3,II1,9.0,14,0.07352555012866971
2014,3,II1,10.0,6,0.03151095005514416
2014,3,II1,21.0,1,0.005251825009190694
2014,3,II1,22.0,1,0.005251825009190694
2014,3,II2,2.0,7760,40.75416207131978
2014,3,II2,1.0,7037,36.957092589674915
2014,3,II2,3.0,3604,18.92757733312326
2014,3,II2,4.0,527,2.767711779843496
2014,3,II2,5.0,61,0.3203613255606323
2014,3,II2,0.0,40,0.21007300036762774
2014,3,II2,6.0,8,0.04201460007352555
2014,3,II2,7.0,4,0.021007300036762776
2014,3,II3,2.0,18231,95.74602174255554
2014,3,II3,1.0,773,4.0596607321044065
2014,3,II3,0.0,37,0.19431752534005567
2014,3,II3_1,0.0,18268,95.9403392678956
2014,3,II3_1,1.0,735,3.86009138175516
2014,3,II3_1,2.0,36,0.18906570033086498
2014,3,II3_1,3.0,2,0.010503650018381388
2014,3,II4_1,1.0,18178,95.46767501706843
2014,3,II4_1,2.0,826,4.338007457591513
2014,3,II4_1,0.0,37,0.19431752534005567
2014,3,II4_2,2.0,9994,52.48673914185179
2014,3,II4_2,1.0,9010,47.31894333280815
2014,3,II4_2,0.0,37,0.19431752534005567
2014,3,II4_3,2.0,13487,70.83136389895489
2014,3,II4_3,1.0,5517,28.97431857570506
2014,3,II4_3,0.0,37,0.19431752534005567
2014,3,II5,2.0,18257,95.88256919279449
2014,3,II5,0.0,678,3.5607373562312903
2014,3,II5,1.0,106,0.5566934509742135
2014,3,II5_1,0.0,18935,99.44330654902579
2014,3,II5_1,1.0,94,0.4936715508639252
2014,3,II5_1,2.0,12,0.06302190011028833
2014,3,II6,2.0,18236,95.7722808676015
2014,3,II6,0.0,677,3.5554855312220996
2014,3,II6,1.0,128,0.6722336011764088
2014,3,II6_1,0.0,18913,99.32776639882358
2014,3,II6_1,1.0,119,0.6249671760936926
2014,3,II6_1,2.0,8,0.04201460007352555
2014,3,II6_1,3.0,1,0.005251825009190694
2014,3,II7,1.0,12740,66.90825061708944
2014,3,II7,3.0,3437,18.050522556588415
2014,3,II7,6.0,1110,5.82952576020167
2014,3,II7,2.0,844,4.432540307756946
2014,3,II7,4.0,474,2.489365054356389
2014,3,II7,8.0,232,1.2184234021322409
2014,3,II7,7.0,60,0.3151095005514416
2014,3,II7,5.0,57,0.2993540255238695
2014,3,II7,9.0,50,0.2625912504595347
2014,3,II7,0.0,37,0.19431752534005567
2014,3,II8,1.0,12371,64.97032718869808
2014,3,II8,2.0,6544,34.3679428601439
2014,3,II8,3.0,46,0.24158395042277192
2014,3,II8,4.0,43,0.22582847539519985
2014,3,II8,0.0,37,0.19431752534005567
2014,3,II9,1.0,18461,96.9539414946694
2014,3,II9,2.0,251,1.318208077306864
2014,3,II9,3.0,228,1.197416102095478
2014,3,II9,4.0,64,0.3361168005882044
2014,3,II9,0.0,37,0.19431752534005567
2014,3,IV1,1.0,14939,78.45701381229978
2014,3,IV1,2.0,3975,20.876004411533007
2014,3,IV1,3.0,62,0.32561315056982304
2014,3,IV1,6.0,38,0.19956935034924636
2014,3,IV1,4.0,18,0.09453285016543249
2014,3,IV1,5.0,9,0.047266425082716244
2014,3,IV10,1.0,17976,94.4068063652119
2014,3,IV10,2.0,943,4.952470983666824
2014,3,IV10,0.0,64,0.3361168005882044
2014,3,IV10,3.0,58,0.3046058505330602
2014,3,IV11,1.0,14441,75.84160495772281
2014,3,IV11,2.0,3178,16.690299879208023
2014,3,IV11,3.0,1280,6.722336011764088
2014,3,IV11,4.0,78,0.4096423507168741
2014,3,IV11,0.0,64,0.3361168005882044
2014,3,IV12_1,2.0,17651,92.69996323722494
2014,3,IV12_1,1.0,1390,7.300036762775064
2014,3,IV12_2,2.0,17400,91.38175515991807
2014,3,IV12_2,1.0,1641,8.618244840081928
2014,3,IV12_3,2.0,18861,99.05467149834567
2014,3,IV12_3,1.0,180,0.9453285016543249
2014,3,IV2,3.0,6906,36.26910351347093
2014,3,IV2,2.0,4548,23.885300141799274
2014,3,IV2,4.0,4081,21.432697862507222
2014,3,IV2,1.0,1789,9.395514941442151
2014,3,IV2,5.0,1168,6.13413161073473
2014,3,IV2,6.0,382,2.006197153510845
2014,3,IV2,7.0,110,0.5777007510109763
2014,3,IV2,8.0,35,0.18381387532167429
2014,3,IV2,9.0,13,0.06827372511947902
2014,3,IV2,10.0,8,0.04201460007352555
2014,3,IV2,11.0,1,0.005251825009190694
2014,3,IV3,1.0,16364,85.94086445039652
2014,3,IV3,2.0,2515,13.208339898114595
2014,3,IV3,3.0,122,0.6407226511212646
2014,3,IV3,4.0,40,0.21007300036762774
2014,3,IV4,4.0,6184,32.47728585683525
2014,3,IV4,1.0,4900,25.7339425450344
2014,3,IV4,2.0,4554,23.91681109185442
2014,3,IV4,3.0,1562,8.203350664355863
2014,3,IV4,9.0,1374,7.216007562628013
2014,3,IV4,5.0,258,1.354970852371199
2014,3,IV4,7.0,158,0.8297883514521296
2014,3,IV4,6.0,51,0.2678430754687254
2014,3,IV5,1.0,16541,86.87043747702326
2014,3,IV5,2.0,2500,13.129562522976734
2014,3,IV6,1.0,18456,96.92768236962344
2014,3,IV6,2.0,536,2.814978204926212
2014,3,IV6,3.0,49,0.257339425450344
2014,3,IV7,1.0,18185,95.50443779213276
2014,3,IV7,2.0,792,4.15944540727903
2014,3,IV7,4.0,53,0.27834672548710676
2014,3,IV7,3.0,11,0.057770075101097634
2014,3,IV8,1.0,18977,99.6638831994118
2014,3,IV8,2.0,64,0.3361168005882044
2014,3,IV9,1.0,18171,95.4309122420041
2014,3,IV9,2.0,801,4.206711832361746
2014,3,IV9,0.0,64,0.3361168005882044
2014,3,IV9,3.0,5,0.026259125045953468
2014,4,II1,3.0,6882,36.39536728541964
2014,4,II1,2.0,4578,24.210693320640964
2014,4,II1,4.0,3942,20.847215611613517
2014,4,II1,1.0,1828,9.66735416997197
2014,4,II1,5.0,1161,6.139933365064255
2014,4,II1,6.0,330,1.7452006980802792
2014,4,II1,7.0,103,0.5447141572796023
2014,4,II1,0.0,39,0.20625099159130572
2014,4,II1,8.0,34,0.17980855677190755
2014,4,II1,10.0,6,0.031730921783277806
2014,4,II1,9.0,6,0.031730921783277806
2014,4,II2,2.0,7776,41.123274631128034
2014,4,II2,1.0,6881,36.39007879845576
2014,4,II2,3.0,3592,18.996245174255645
2014,4,II2,4.0,545,2.8822253953144004
2014,4,II2,5.0,67,0.35432862657993547
2014,4,II2,0.0,40,0.21153947855518537
2014,4,II2,6.0,6,0.031730921783277806
2014,4,II2,7.0,2,0.010576973927759269
2014,4,II3,2.0,18081,95.62113279390766
2014,4,II3,1.0,793,4.19377016235655
2014,4,II3,0.0,35,0.1850970437357872
2014,4,II3_1,0.0,18116,95.80622983764346
2014,4,II3_1,1.0,750,3.9663652229097255
2014,4,II3_1,2.0,41,0.216827965519065
2014,4,II3_1,3.0,2,0.010576973927759269
2014,4,II4_1,1.0,18006,95.22449627161669
2014,4,II4_1,2.0,868,4.590406684647522
2014,4,II4_1,0.0,35,0.1850970437357872
2014,4,II4_2,2.0,10026,53.02237029985721
2014,4,II4_2,1.0,8848,46.792532656407005
2014,4,II4_2,0.0,35,0.1850970437357872
2014,4,II4_3,2.0,13479,71.28351578613359
2014,4,II4_3,1.0,5395,28.531387170130625
2014,4,II4_3,0.0,35,0.1850970437357872
2014,4,II5,2.0,18111,95.77978740282406
2014,4,II5,0.0,702,3.712517848643503
2014,4,II5,1.0,96,0.5076947485324449
2014,4,II5_1,0.0,18813,99.49230525146756
2014,4,II5_1,1.0,84,0.44423290496588924
2014,4,II5_1,2.0,12,0.06346184356655561
2014,4,II6,2.0,18077,95.59997884605214
2014,4,II6,0.0,702,3.712517848643503
2014,4,II6,1.0,130,0.6875033053043524
2014,4,II6_1,0.0,18779,99.31249669469565
2014,4,II6_1,1.0,120,0.6346184356655561
2014,4,II6_1,2.0,8,0.042307895711037075
2014,4,II6_1,3.0,2,0.010576973927759269
2014,4,II7,1.0,12748,67.41763181553758
2014,4,II7,3.0,3375,17.848643503093765
2014,4,II7,6.0,1047,5.5370458511819765
2014,4,II7,2.0,862,4.558675762864245
2014,4,II7,4.0,466,2.4644349251679096
2014,4,II7,8.0,229,1.211063514728436
2014,4,II7,5.0,50,0.2644243481939817
2014,4,II7,9.0,49,0.25913586123010207
2014,4,II7,7.0,48,0.25384737426622245
2014,4,II7,0.0,35,0.1850970437357872
2014,4,II8,1.0,12311,65.10656301232217
2014,4,II8,2.0,6486,34.301126447723306
2014,4,II8,4.0,45,0.23798191337458352
2014,4,II8,0.0,35,0.1850970437357872
2014,4,II8,3.0,32,0.1692315828441483
2014,4,II9,1.0,18380,97.20239039610767
2014,4,II9,2.0,248,1.3115447670421492
2014,4,II9,3.0,198,1.0471204188481675
2014,4,II9,4.0,48,0.25384737426622245
2014,4,II9,0.0,35,0.1850970437357872
2014,4,IV1,1.0,14857,78.57105082235972
2014,4,IV1,2.0,3950,20.889523507324554
2014,4,IV1,3.0,66,0.34904013961605584
2014,4,IV1,6.0,20,0.10576973927759269
2014,4,IV1,4.0,12,0.06346184356655561
2014,4,IV1,5.0,4,0.021153947855518537
2014,4,IV10,1.0,17828,94.28314559204611
2014,4,IV10,2.0,962,5.087524459252208
2014,4,IV10,3.0,71,0.375482574435454
2014,4,IV10,0.0,48,0.25384737426622245
2014,4,IV11,1.0,14363,75.95853826220318
2014,4,IV11,2.0,3096,16.373155640171348
2014,4,IV11,3.0,1308,6.917340948754561
2014,4,IV11,4.0,94,0.4971177746046856
2014,4,IV11,0.0,48,0.25384737426622245
2014,4,IV12_1,2.0,17588,93.01390872071501
2014,4,IV12_1,1.0,1321,6.986091279284997
2014,4,IV12_2,2.0,17319,91.59130572743138
2014,4,IV12_2,1.0,1590,8.408694272568619
2014,4,IV12_3,2.0,18732,99.0639378073933
2014,4,IV12_3,1.0,177,0.9360621926066952
2014,4,IV2,3.0,6915,36.56988735522767
2014,4,IV2,2.0,4507,23.83521074620551
2014,4,IV2,4.0,4022,21.270294568723887
2014,4,IV2,1.0,1746,9.23369823893384
2014,4,IV2,5.0,1209,6.393780739330477
2014,4,IV2,6.0,344,1.8192395155745942
2014,4,IV2,7.0,112,0.592310539954519
2014,4,IV2,8.0,38,0.2009625046274261
2014,4,IV2,9.0,9,0.047596382674916705
2014,4,IV2,10.0,6,0.031730921783277806
2014,4,IV2,21.0,1,0.005288486963879634
2014,4,IV3,1.0,16324,86.32926119837114
2014,4,IV3,2.0,2436,12.882754244010789
2014,4,IV3,3.0,111,0.5870220529906394
2014,4,IV3,4.0,38,0.2009625046274261
2014,4,IV4,4.0,6183,32.69871489766778
2014,4,IV4,1.0,5148,27.225130890052355
2014,4,IV4,2.0,4302,22.751070918610186
2014,4,IV4,3.0,1459,7.715902480300386
2014,4,IV4,9.0,1391,7.356285366756571
2014,4,IV4,5.0,243,1.285102332222751
2014,4,IV4,7.0,143,0.7562536358347877
2014,4,IV4,6.0,40,0.21153947855518537
2014,4,IV5,1.0,16447,86.97974509492835
2014,4,IV5,2.0,2462,13.02025490507166
2014,4,IV6,1.0,18316,96.86392723041938
2014,4,IV6,2.0,542,2.8663599344227615
2014,4,IV6,3.0,51,0.2697128351578613
2014,4,IV7,1.0,18067,95.54709397641335
2014,4,IV7,2.0,774,4.093288910042837
2014,4,IV7,4.0,43,0.22740493944682427
2014,4,IV7,3.0,25,0.13221217409699085
2014,4,IV8,1.0,18861,99.74615262573377
2014,4,IV8,2.0,48,0.25384737426622245
2014,4,IV9,1.0,18036,95.38315088053308
2014,4,IV9,2.0,822,4.347136284309059
2014,4,IV9,0.0,48,0.25384737426622245
2014,4,IV9,3.0,3,0.015865460891638903
2015,1,II1,3.0,6774,36.14149282398762
2015,1,II1,2.0,4582,24.446460011737717
2015,1,II1,4.0,3877,20.685055754148216
2015,1,II1,1.0,1840,9.816998346049191
2015,1,II1,5.0,1177,6.27967774635864
2015,1,II1,6.0,322,1.7179747105586085
2015,1,II1,7.0,95,0.5068558928666702
2015,1,II1,8.0,36,0.19207170677052765
2015,1,II1,0.0,22,0.11737715413754468
2015,1,II1,9.0,6,0.03201195112842128
2015,1,II1,10.0,3,0.01600597556421064
2015,1,II1,11.0,2,0.010670650376140426
2015,1,II1,31.0,2,0.010670650376140426
2015,1,II1,32.0,2,0.010670650376140426
2015,1,II1,41.0,1,0.005335325188070213
2015,1,II1,21.0,1,0.005335325188070213
2015,1,II1,43.0,1,0.005335325188070213
2015,1,II2,2.0,7549,40.276369844742035
2015,1,II2,1.0,6930,36.973803553326576
2015,1,II2,3.0,3586,19.13247612441978
2015,1,II2,4.0,562,2.9984527556954594
2015,1,II2,5.0,81,0.43216134023368724
2015,1,II2,0.0,22,0.11737715413754468
2015,1,II2,6.0,12,0.06402390225684255
2015,1,II2,7.0,1,0.005335325188070213
2015,1,II3,2.0,17946,95.74774582510804
2015,1,II3,1.0,775,4.1348770207544145
2015,1,II3,0.0,22,0.11737715413754468
2015,1,II3_1,0.0,17968,95.86512297924558
2015,1,II3_1,1.0,736,3.9267993384196767
2015,1,II3_1,2.0,36,0.19207170677052765
2015,1,II3_1,3.0,2,0.010670650376140426
2015,1,II3_1,4.0,1,0.005335325188070213
2015,1,II4_1,1.0,17852,95.24622525742944
2015,1,II4_1,2.0,869,4.636397588433015
2015,1,II4_1,0.0,22,0.11737715413754468
2015,1,II4_2,2.0,9781,52.18481566451475
2015,1,II4_2,1.0,8940,47.697807181347706
2015,1,II4_2,0.0,22,0.11737715413754468
2015,1,II4_3,2.0,13314,71.03451955396682
2015,1,II4_3,1.0,5407,28.84810329189564
2015,1,II4_3,0.0,22,0.11737715413754468
2015,1,II5,2.0,17964,95.8437816784933
2015,1,II5,0.0,678,3.6173504775116045
2015,1,II5,1.0,101,0.5388678439950915
2015,1,II5_1,0.0,18642,99.46113215600491
2015,1,II5_1,1.0,87,0.4641732913621085
2015,1,II5_1,2.0,14,0.07469455263298298
2015,1,II6,2.0,17927,95.64637464653471
2015,1,II6,0.0,678,3.6173504775116045
2015,1,II6,1.0,138,0.7362748759536893
2015,1,II6_1,0.0,18605,99.26372512404632
2015,1,II6_1,1.0,128,0.6829216240729873
2015,1,II6_1,2.0,8,0.042682601504561705
2015,1,II6_1,3.0,2,0.010670650376140426
2015,1,II7,1.0,12689,67.69994131142293
2015,1,II7,3.0,3293,17.569225844315213
2015,1,II7,6.0,1103,5.884863682441445
2015,1,II7,2.0,836,4.460331857226698
2015,1,II7,4.0,401,2.1394654004161553
2015,1,II7,8.0,238,1.2698073947607107
2015,1,II7,7.0,60,0.3201195112842128
2015,1,II7,5.0,56,0.29877821053193193
2015,1,II7,9.0,45,0.2400896334631596
2015,1,II7,0.0,22,0.11737715413754468
2015,1,II8,1.0,12296,65.60315851251134
2015,1,II8,2.0,6341,33.83129701755322
2015,1,II8,4.0,42,0.22408365789894893
2015,1,II8,3.0,42,0.22408365789894893
2015,1,II8,0.0,22,0.11737715413754468
2015,1,II9,1.0,18242,97.32700208077682
2015,1,II9,2.0,237,1.2644720695726404
2015,1,II9,3.0,183,0.9763645094168489
2015,1,II9,4.0,59,0.31478418609614256
2015,1,II9,0.0,22,0.11737715413754468
2015,1,IV1,1.0,14788,78.89878888118231
2015,1,IV1,2.0,3861,20.59969055113909
2015,1,IV1,3.0,49,0.26143093421544045
2015,1,IV1,6.0,23,0.1227124793256149
2015,1,IV1,4.0,17,0.09070052819719363
2015,1,IV1,5.0,5,0.026676625940351063
2015,1,IV10,1.0,17672,94.2858667235768
2015,1,IV10,2.0,946,5.047217627914422
2015,1,IV10,3.0,66,0.35213146241263404
2015,1,IV10,0.0,59,0.31478418609614256
2015,1,IV11,1.0,14251,76.0337192551886
2015,1,IV11,2.0,3102,16.5501787333938
2015,1,IV11,3.0,1249,6.663821159899696
2015,1,IV11,4.0,82,0.43749666542175747
2015,1,IV11,0.0,59,0.31478418609614256
2015,1,IV12_1,2.0,17348,92.55722136264205
2015,1,IV12_1,1.0,1395,7.4427786373579465
2015,1,IV12_2,2.0,17063,91.03665368404204
2015,1,IV12_2,1.0,1680,8.963346315957958
2015,1,IV12_3,2.0,18583,99.14634796990876
2015,1,IV12_3,1.0,160,0.853652030091234
2015,1,IV2,3.0,6803,36.29621725444166
2015,1,IV2,2.0,4494,23.976951395187537
2015,1,IV2,4.0,3941,21.02651656618471
2015,1,IV2,1.0,1775,9.470202208824627
2015,1,IV2,5.0,1223,6.52510270500987
2015,1,IV2,6.0,345,1.8406871898842234
2015,1,IV2,7.0,105,0.5602091447473724
2015,1,IV2,8.0,42,0.22408365789894893
2015,1,IV2,9.0,9,0.04801792669263191
2015,1,IV2,10.0,3,0.01600597556421064
2015,1,IV2,11.0,2,0.010670650376140426
2015,1,IV2,15.0,1,0.005335325188070213
2015,1,IV3,1.0,16161,86.22419036440272
2015,1,IV3,2.0,2442,13.02886410926746
2015,1,IV3,3.0,99,0.5281971936189511
2015,1,IV3,4.0,41,0.21874833271087873
2015,1,IV4,4.0,6165,32.89227978445286
2015,1,IV4,1.0,5246,27.989115936616336
2015,1,IV4,2.0,4138,22.07757562823454
2015,1,IV4,3.0,1453,7.752227498266019
2015,1,IV4,9.0,1317,7.026623272688471
2015,1,IV4,5.0,252,1.3445019473936937
2015,1,IV4,7.0,133,0.7095982500133383
2015,1,IV4,6.0,39,0.2080776823347383
2015,1,IV5,1.0,16344,87.20055487381956
2015,1,IV5,2.0,2399,12.79944512618044
2015,1,IV6,1.0,18160,96.88950541535506
2015,1,IV6,2.0,545,2.907752227498266
2015,1,IV6,3.0,38,0.20274235714666808
2015,1,IV7,1.0,17907,95.53966814277331
2015,1,IV7,2.0,782,4.1722242970709065
2015,1,IV7,4.0,35,0.18673638158245745
2015,1,IV7,3.0,19,0.10137117857333404
2015,1,IV8,1.0,18684,99.68521581390385
2015,1,IV8,2.0,59,0.31478418609614256
2015,1,IV9,1.0,17922,95.61969802059436
2015,1,IV9,2.0,762,4.065517793309502
2015,1,IV9,0.0,59,0.31478418609614256
2015,2,II1,3.0,6777,35.904635761589404
2015,2,II1,2.0,4599,24.365562913907286
2015,2,II1,4.0,4037,21.388079470198676
2015,2,II1,1.0,1855,9.827814569536423
2015,2,II1,5.0,1142,6.050331125827815
2015,2,II1,6.0,304,1.6105960264900663
2015,2,II1,7.0,87,0.4609271523178808
2015,2,II1,8.0,34,0.18013245033112582
2015,2,II1,0.0,22,0.11655629139072848
2015,2,II1,9.0,9,0.04768211920529802
2015,2,II1,10.0,3,0.015894039735099338
2015,2,II1,22.0,2,0.010596026490066225
2015,2,II1,12.0,2,0.010596026490066225
2015,2,II1,14.0,1,0.005298013245033113
2015,2,II1,31.0,1,0.005298013245033113
2015,2,II2,2.0,7567,40.090066225165565
2015,2,II2,1.0,7031,37.25033112582781
2015,2,II2,3.0,3610,19.125827814569536
2015,2,II2,4.0,553,2.929801324503311
2015,2,II2,5.0,76,0.40264900662251657
2015,2,II2,0.0,22,0.11655629139072848
2015,2,II2,6.0,15,0.07947019867549669
2015,2,II2,7.0,1,0.005298013245033113
2015,2,II3,2.0,18090,95.84105960264901
2015,2,II3,1.0,763,4.042384105960265
2015,2,II3,0.0,22,0.11655629139072848
2015,2,II3_1,0.0,18112,95.95761589403973
2015,2,II3_1,1.0,726,3.8463576158940396
2015,2,II3_1,2.0,34,0.18013245033112582
2015,2,II3_1,3.0,2,0.010596026490066225
2015,2,II3_1,4.0,1,0.005298013245033113
2015,2,II4_1,1.0,17996,95.34304635761589
2015,2,II4_1,2.0,857,4.540397350993377
2015,2,II4_1,0.0,22,0.11655629139072848
2015,2,II4_2,2.0,9707,51.42781456953642
2015,2,II4_2,1.0,9146,48.45562913907285
2015,2,II4_2,0.0,22,0.11655629139072848
2015,2,II4_3,2.0,13199,69.92847682119205
2015,2,II4_3,1.0,5654,29.954966887417218
2015,2,II4_3,0.0,22,0.11655629139072848
2015,2,II5,2.0,18094,95.86225165562914
2015,2,II5,0.0,675,3.576158940397351
2015,2,II5,1.0,106,0.56158940397351
2015,2,II5_1,0.0,18769,99.43841059602649
2015,2,II5_1,1.0,90,0.4768211920529801
2015,2,II5_1,2.0,16,0.0847682119205298
2015,2,II6,2.0,18073,95.75099337748344
2015,2,II6,0.0,675,3.576158940397351
2015,2,II6,1.0,127,0.6728476821192053
2015,2,II6_1,0.0,18748,99.32715231788079
2015,2,II6_1,1.0,115,0.609271523178808
2015,2,II6_1,2.0,10,0.052980132450331126
2015,2,II6_1,3.0,2,0.010596026490066225
2015,2,II7,1.0,12758,67.59205298013245
2015,2,II7,3.0,3387,17.94437086092715
2015,2,II7,6.0,1122,5.944370860927152
2015,2,II7,2.0,759,4.021192052980132
2015,2,II7,4.0,426,2.256953642384106
2015,2,II7,8.0,237,1.2556291390728478
2015,2,II7,7.0,66,0.34966887417218545
2015,2,II7,5.0,64,0.3390728476821192
2015,2,II7,9.0,34,0.18013245033112582
2015,2,II7,0.0,22,0.11655629139072848
2015,2,II8,1.0,12442,65.91788079470199
2015,2,II8,2.0,6314,33.451655629139076
2015,2,II8,4.0,58,0.3072847682119205
2015,2,II8,3.0,39,0.20662251655629138
2015,2,II8,0.0,22,0.11655629139072848
2015,2,II9,1.0,18358,97.26092715231788
2015,2,II9,2.0,246,1.3033112582781456
2015,2,II9,3.0,201,1.0649006622516557
2015,2,II9,4.0,48,0.2543046357615894
2015,2,II9,0.0,22,0.11655629139072848
2015,2,IV1,1.0,14842,78.63311258278145
2015,2,IV1,2.0,3908,20.704635761589405
2015,2,IV1,3.0,55,0.2913907284768212
2015,2,IV1,6.0,38,0.20132450331125828
2015,2,IV1,4.0,22,0.11655629139072848
2015,2,IV1,5.0,10,0.052980132450331126
2015,2,IV10,1.0,17879,94.72317880794702
2015,2,IV10,2.0,889,4.709933774834437
2015,2,IV10,3.0,59,0.3125827814569536
2015,2,IV10,0.0,48,0.2543046357615894
2015,2,IV11,1.0,14426,76.42913907284768
2015,2,IV11,2.0,3135,16.60927152317881
2015,2,IV11,3.0,1199,6.352317880794702
2015,2,IV11,4.0,67,0.35496688741721855
2015,2,IV11,0.0,48,0.2543046357615894
2015,2,IV12_1,2.0,17496,92.69403973509934
2015,2,IV12_1,1.0,1379,7.305960264900662
2015,2,IV12_2,2.0,17123,90.71788079470198
2015,2,IV12_2,1.0,1752,9.282119205298013
2015,2,IV12_3,2.0,18726,99.21059602649007
2015,2,IV12_3,1.0,149,0.7894039735099337
2015,2,IV2,3.0,6795,36.0
2015,2,IV2,2.0,4495,23.814569536423843
2015,2,IV2,4.0,4109,21.76953642384106
2015,2,IV2,1.0,1792,9.494039735099339
2015,2,IV2,5.0,1177,6.235761589403974
2015,2,IV2,6.0,341,1.8066225165562915
2015,2,IV2,7.0,104,0.5509933774834437
2015,2,IV2,8.0,38,0.20132450331125828
2015,2,IV2,9.0,12,0.06357615894039735
2015,2,IV2,10.0,6,0.031788079470198675
2015,2,IV2,12.0,2,0.010596026490066225
2015,2,IV2,15.0,1,0.005298013245033113
2015,2,IV2,14.0,1,0.005298013245033113
2015,2,IV2,21.0,1,0.005298013245033113
2015,2,IV2,41.0,1,0.005298013245033113
2015,2,IV3,1.0,16355,86.64900662251655
2015,2,IV3,2.0,2390,12.66225165562914
2015,2,IV3,3.0,95,0.5033112582781457
2015,2,IV3,4.0,35,0.18543046357615894
2015,2,IV4,4.0,6073,32.17483443708609
2015,2,IV4,1.0,5138,27.221192052980133
2015,2,IV4,2.0,4518,23.936423841059604
2015,2,IV4,3.0,1409,7.464900662251655
2015,2,IV4,9.0,1336,7.078145695364238
2015,2,IV4,5.0,256,1.3562913907284768
2015,2,IV4,7.0,106,0.56158940397351
2015,2,IV4,6.0,39,0.20662251655629138
2015,2,IV5,1.0,16640,88.15894039735099
2015,2,IV5,2.0,2235,11.841059602649006
2015,2,IV6,1.0,18332,97.12317880794701
2015,2,IV6,2.0,508,2.6913907284768213
2015,2,IV6,3.0,35,0.18543046357615894
2015,2,IV7,1.0,18026,95.5019867549669
2015,2,IV7,2.0,805,4.264900662251655
2015,2,IV7,4.0,36,0.19072847682119207
2015,2,IV7,3.0,8,0.0423841059602649
2015,2,IV8,1.0,18827,99.74569536423841
2015,2,IV8,2.0,48,0.2543046357615894
2015,2,IV9,1.0,18092,95.85165562913907
2015,2,IV9,2.0,735,3.8940397350993377
2015,2,IV9,0.0,48,0.2543046357615894
2016,2,II1,3.0,6894,36.67801659927644
2016,2,II1,2.0,4430,23.56884443498617
2016,2,II1,4.0,4029,21.4354117897425
2016,2,II1,1.0,1759,9.35837412215365
2016,2,II1,5.0,1159,6.166205575654395
2016,2,II1,6.0,357,1.8993402851670569
2016,2,II1,7.0,89,0.4735050010640562
2016,2,II1,8.0,33,0.17556927005745904
2016,2,II1,0.0,25,0.13300702277080229
2016,2,II1,9.0,9,0.047882528197488824
2016,2,II1,10.0,5,0.02660140455416046
2016,2,II1,12.0,2,0.010640561821664184
2016,2,II1,33.0,2,0.010640561821664184
2016,2,II1,11.0,2,0.010640561821664184
2016,2,II1,14.0,1,0.005320280910832092
2016,2,II2,2.0,7555,40.19472228133645
2016,2,II2,1.0,6898,36.69929772291977
2016,2,II2,3.0,3655,19.445626729091295
2016,2,II2,4.0,565,3.005958714620132
2016,2,II2,5.0,85,0.45222387742072784
2016,2,II2,0.0,25,0.13300702277080229
2016,2,II2,6.0,10,0.05320280910832092
2016,2,II2,7.0,1,0.005320280910832092
2016,2,II2,8.0,1,0.005320280910832092
2016,2,II2,10.0,1,0.005320280910832092
2016,2,II3,2.0,18020,95.8714620131943
2016,2,II3,1.0,751,3.995530964034901
2016,2,II3,0.0,25,0.13300702277080229
2016,2,II3_1,0.0,18045,96.0044690359651
2016,2,II3_1,1.0,722,3.8412428176207705
2016,2,II3_1,2.0,26,0.1383273036816344
2016,2,II3_1,4.0,1,0.005320280910832092
2016,2,II3_1,3.0,1,0.005320280910832092
2016,2,II3_1,6.0,1,0.005320280910832092
2016,2,II4_1,1.0,17873,95.08938071930199
2016,2,II4_1,2.0,898,4.777612257927219
2016,2,II4_1,0.0,25,0.13300702277080229
2016,2,II4_2,2.0,9526,50.68099595658651
2016,2,II4_2,1.0,9245,49.18599702064269
2016,2,II4_2,0.0,25,0.13300702277080229
2016,2,II4_3,2.0,13023,69.28601830176633
2016,2,II4_3,1.0,5748,30.580974675462866
2016,2,II4_3,0.0,25,0.13300702277080229
2016,2,II5,2.0,17960,95.55224515854437
2016,2,II5,0.0,715,3.804000851244946
2016,2,II5,1.0,121,0.6437539902106831
2016,2,II5_1,0.0,18675,99.35624600978932
2016,2,II5_1,1.0,97,0.5160672483507129
2016,2,II5_1,2.0,23,0.12236646094913811
2016,2,II5_1,3.0,1,0.005320280910832092
2016,2,II6,2.0,17952,95.50968291125771
2016,2,II6,0.0,715,3.804000851244946
2016,2,II6,1.0,129,0.6863162374973398
2016,2,II6_1,0.0,18667,99.31368376250266
2016,2,II6_1,1.0,117,0.6224728665673548
2016,2,II6_1,2.0,10,0.05320280910832092
2016,2,II6_1,3.0,2,0.010640561821664184
2016,2,II7,1.0,12775,67.96658863587997
2016,2,II7,3.0,3297,17.540966163013408
2016,2,II7,6.0,1093,5.815067035539476
2016,2,II7,2.0,794,4.224303043200681
2016,2,II7,4.0,388,2.0642689934028517
2016,2,II7,8.0,244,1.2981485422430303
2016,2,II7,7.0,66,0.3511385401149181
2016,2,II7,9.0,58,0.3085762928282613
2016,2,II7,5.0,56,0.29793573100659715
2016,2,II7,0.0,25,0.13300702277080229
2016,2,II8,1.0,12461,66.2960204298787
2016,2,II8,2.0,6216,33.07086614173228
2016,2,II8,4.0,65,0.345818259204086
2016,2,II8,3.0,29,0.15428814641413066
2016,2,II8,0.0,25,0.13300702277080229
2016,2,II9,1.0,18325,97.49414769099809
2016,2,II9,2.0,228,1.213024047669717
2016,2,II9,3.0,169,0.8991274739306235
2016,2,II9,4.0,49,0.2606937646307725
2016,2,II9,0.0,25,0.13300702277080229
2016,2,IV1,1.0,14892,79.22962332411151
2016,2,IV1,2.0,3794,20.185145775696956
2016,2,IV1,3.0,60,0.3192168546499255
2016,2,IV1,6.0,25,0.13300702277080229
2016,2,IV1,4.0,21,0.11172589912747392
2016,2,IV1,5.0,4,0.02128112364332837
2016,2,IV10,1.0,17868,95.06277931474781
2016,2,IV10,2.0,816,4.341349223238987
2016,2,IV10,3.0,63,0.3351776973824218
2016,2,IV10,0.0,49,0.2606937646307725
2016,2,IV11,1.0,14454,76.89934028516706
2016,2,IV11,2.0,3023,16.083209193445413
2016,2,IV11,3.0,1192,6.3417748457118535
2016,2,IV11,4.0,78,0.4149819110449032
2016,2,IV11,0.0,49,0.2606937646307725
2016,2,IV12_1,2.0,17467,92.92934666950416
2016,2,IV12_1,1.0,1329,7.07065333049585
2016,2,IV12_2,2.0,17153,91.25877846350288
2016,2,IV12_2,1.0,1643,8.741221536497127
2016,2,IV12_3,2.0,18631,99.1221536497127
2016,2,IV12_3,1.0,165,0.8778463502872952
2016,2,IV2,3.0,6899,36.7046180038306
2016,2,IV2,2.0,4345,23.11662055756544
2016,2,IV2,4.0,4084,21.728027239838262
2016,2,IV2,1.0,1727,9.188125133007023
2016,2,IV2,5.0,1201,6.389657373909342
2016,2,IV2,6.0,374,1.9897850606512024
2016,2,IV2,7.0,97,0.5160672483507129
2016,2,IV2,8.0,39,0.2074909555224516
2016,2,IV2,9.0,13,0.0691636518408172
2016,2,IV2,99.0,7,0.037241966375824644
2016,2,IV2,10.0,6,0.03192168546499255
2016,2,IV2,12.0,2,0.010640561821664184
2016,2,IV2,14.0,1,0.005320280910832092
2016,2,IV2,11.0,1,0.005320280910832092
2016,2,IV3,1.0,16375,87.11959991487551
2016,2,IV3,2.0,2299,12.231325814002979
2016,2,IV3,3.0,79,0.42030219195573526
2016,2,IV3,4.0,43,0.22877207916577996
2016,2,IV4,4.0,6006,31.953607150457543
2016,2,IV4,1.0,5353,28.479463715684187
2016,2,IV4,2.0,4322,22.994254096616302
2016,2,IV4,3.0,1404,7.469674398808257
2016,2,IV4,9.0,1295,6.889763779527559
2016,2,IV4,5.0,271,1.4417961268354968
2016,2,IV4,7.0,105,0.5586294956373696
2016,2,IV4,6.0,40,0.21281123643328367
2016,2,IV5,1.0,16570,88.15705469248776
2016,2,IV5,2.0,2226,11.842945307512236
2016,2,IV6,1.0,18353,97.64311555650139
2016,2,IV6,2.0,425,2.2611193871036392
2016,2,IV6,3.0,18,0.09576505639497765
2016,2,IV7,1.0,17950,95.49904234943605
2016,2,IV7,2.0,809,4.304107256863162
2016,2,IV7,4.0,26,0.1383273036816344
2016,2,IV7,3.0,11,0.05852309001915301
2016,2,IV8,1.0,18747,99.73930623536923
2016,2,IV8,2.0,49,0.2606937646307725
2016,2,IV9,1.0,18096,96.27580336241753
2016,2,IV9,2.0,650,3.4581825920408598
2016,2,IV9,0.0,49,0.2606937646307725
2016,2,IV9,3.0,1,0.005320280910832092
2016,3,II1,3.0,6814,36.244680851063826
2016,3,II1,2.0,4442,23.627659574468087
2016,3,II1,4.0,4050,21.54255319148936
2016,3,II1,1.0,1811,9.632978723404255
2016,3,II1,5.0,1145,6.090425531914893
2016,3,II1,6.0,343,1.824468085106383
2016,3,II1,7.0,110,0.5851063829787234
2016,3,II1,8.0,35,0.18617021276595744
2016,3,II1,0.0,23,0.12234042553191489
2016,3,II1,9.0,13,0.06914893617021277
2016,3,II1,10.0,4,0.02127659574468085
2016,3,II1,12.0,3,0.015957446808510637
2016,3,II1,11.0,2,0.010638297872340425
2016,3,II1,55.0,1,0.005319148936170213
2016,3,II1,33.0,1,0.005319148936170213
2016,3,II1,14.0,1,0.005319148936170213
2016,3,II1,42.0,1,0.005319148936170213
2016,3,II1,32.0,1,0.005319148936170213
2016,3,II2,2.0,7426,39.5
2016,3,II2,1.0,6986,37.159574468085104
2016,3,II2,3.0,3685,19.601063829787233
2016,3,II2,4.0,580,3.0851063829787235
2016,3,II2,5.0,81,0.4308510638297872
2016,3,II2,0.0,23,0.12234042553191489
2016,3,II2,6.0,14,0.07446808510638298
2016,3,II2,7.0,3,0.015957446808510637
2016,3,II2,10.0,1,0.005319148936170213
2016,3,II2,8.0,1,0.005319148936170213
2016,3,II3,2.0,17974,95.6063829787234
2016,3,II3,1.0,803,4.2712765957446805
2016,3,II3,0.0,23,0.12234042553191489
2016,3,II3_1,0.0,17998,95.73404255319149
2016,3,II3_1,1.0,769,4.090425531914893
2016,3,II3_1,2.0,31,0.16489361702127658
2016,3,II3_1,5.0,1,0.005319148936170213
2016,3,II3_1,6.0,1,0.005319148936170213
2016,3,II4_1,1.0,17841,94.89893617021276
2016,3,II4_1,2.0,936,4.9787234042553195
2016,3,II4_1,0.0,23,0.12234042553191489
2016,3,II4_2,2.0,9471,50.37765957446808
2016,3,II4_2,1.0,9306,49.5
2016,3,II4_2,0.0,23,0.12234042553191489
2016,3,II4_3,2.0,12925,68.75
2016,3,II4_3,1.0,5852,31.127659574468087
2016,3,II4_3,0.0,23,0.12234042553191489
2016,3,II5,2.0,17969,95.57978723404256
2016,3,II5,0.0,718,3.8191489361702127
2016,3,II5,1.0,113,0.601063829787234
2016,3,II5_1,0.0,18688,99.40425531914893
2016,3,II5_1,1.0,86,0.4574468085106383
2016,3,II5_1,2.0,25,0.13297872340425532
2016,3,II5_1,3.0,1,0.005319148936170213
2016,3,II6,2.0,17933,95.38829787234043
2016,3,II6,0.0,718,3.8191489361702127
2016,3,II6,1.0,149,0.7925531914893617
2016,3,II6_1,0.0,18651,99.20744680851064
2016,3,II6_1,1.0,132,0.7021276595744681
2016,3,II6_1,2.0,12,0.06382978723404255
2016,3,II6_1,3.0,5,0.026595744680851064
2016,3,II7,1.0,12771,67.93085106382979
2016,3,II7,3.0,3348,17.80851063829787
2016,3,II7,6.0,1066,5.670212765957447
2016,3,II7,2.0,738,3.925531914893617
2016,3,II7,4.0,392,2.0851063829787235
2016,3,II7,8.0,270,1.4361702127659575
2016,3,II7,7.0,88,0.46808510638297873
2016,3,II7,5.0,55,0.2925531914893617
2016,3,II7,9.0,49,0.26063829787234044
2016,3,II7,0.0,23,0.12234042553191489
2016,3,II8,1.0,12426,66.09574468085107
2016,3,II8,2.0,6253,33.26063829787234
2016,3,II8,4.0,78,0.4148936170212766
2016,3,II8,0.0,23,0.12234042553191489
2016,3,II8,3.0,20,0.10638297872340426
2016,3,II9,1.0,18338,97.54255319148936
2016,3,II9,2.0,234,1.2446808510638299
2016,3,II9,3.0,164,0.8723404255319149
2016,3,II9,4.0,41,0.21808510638297873
2016,3,II9,0.0,23,0.12234042553191489
2016,3,IV1,1.0,14857,79.02659574468085
2016,3,IV1,2.0,3808,20.25531914893617
2016,3,IV1,3.0,72,0.3829787234042553
2016,3,IV1,4.0,33,0.17553191489361702
2016,3,IV1,6.0,24,0.1276595744680851
2016,3,IV1,5.0,6,0.031914893617021274
2016,3,IV10,1.0,17911,95.27127659574468
2016,3,IV10,2.0,807,4.292553191489362
2016,3,IV10,0.0,41,0.21808510638297873
2016,3,IV10,3.0,41,0.21808510638297873
2016,3,IV11,1.0,14519,77.22872340425532
2016,3,IV11,2.0,3044,16.19148936170213
2016,3,IV11,3.0,1146,6.095744680851064
2016,3,IV11,4.0,50,0.26595744680851063
2016,3,IV11,0.0,41,0.21808510638297873
2016,3,IV12_1,2.0,17602,93.62765957446808
2016,3,IV12_1,1.0,1198,6.372340425531915
2016,3,IV12_2,2.0,17336,92.2127659574468
2016,3,IV12_2,1.0,1464,7.787234042553192
2016,3,IV12_3,2.0,18628,99.08510638297872
2016,3,IV12_3,1.0,172,0.9148936170212766
2016,3,IV2,3.0,6830,36.329787234042556
2016,3,IV2,2.0,4392,23.361702127659573
2016,3,IV2,4.0,4110,21.861702127659573
2016,3,IV2,1.0,1742,9.26595744680851
2016,3,IV2,5.0,1176,6.25531914893617
2016,3,IV2,6.0,371,1.9734042553191489
2016,3,IV2,7.0,108,0.574468085106383
2016,3,IV2,8.0,40,0.2127659574468085
2016,3,IV2,9.0,14,0.07446808510638298
2016,3,IV2,99.0,7,0.03723404255319149
2016,3,IV2,10.0,5,0.026595744680851064
2016,3,IV2,12.0,3,0.015957446808510637
2016,3,IV2,14.0,1,0.005319148936170213
2016,3,IV2,11.0,1,0.005319148936170213
2016,3,IV3,1.0,16529,87.92021276595744
2016,3,IV3,2.0,2152,11.446808510638299
2016,3,IV3,3.0,71,0.3776595744680851
2016,3,IV3,4.0,48,0.2553191489361702
2016,3,IV4,4.0,5902,31.393617021276597
2016,3,IV4,1.0,5243,27.888297872340427
2016,3,IV4,2.0,4442,23.627659574468087
2016,3,IV4,9.0,1415,7.526595744680851
2016,3,IV4,3.0,1354,7.202127659574468
2016,3,IV4,5.0,297,1.5797872340425532
2016,3,IV4,7.0,115,0.6117021276595744
2016,3,IV4,6.0,32,0.1702127659574468
2016,3,IV5,1.0,16610,88.35106382978724
2016,3,IV5,2.0,2190,11.648936170212766
2016,3,IV6,1.0,18353,97.62234042553192
2016,3,IV6,2.0,414,2.202127659574468
2016,3,IV6,3.0,33,0.17553191489361702
2016,3,IV7,1.0,17922,95.32978723404256
2016,3,IV7,2.0,824,4.382978723404255
2016,3,IV7,4.0,41,0.21808510638297873
2016,3,IV7,3.0,13,0.06914893617021277
2016,3,IV8,1.0,18759,99.78191489361703
2016,3,IV8,2.0,41,0.21808510638297873
2016,3,IV9,1.0,18120,96.38297872340425
2016,3,IV9,2.0,638,3.393617021276596
2016,3,IV9,0.0,41,0.21808510638297873
2016,3,IV9,3.0,1,0.005319148936170213
2016,4,II1,3.0,6526,35.521445678205964
2016,4,II1,2.0,4458,24.26518615284128
2016,4,II1,4.0,3920,21.33681689527542
2016,4,II1,1.0,1777,9.672327454822556
2016,4,II1,5.0,1138,6.194208578271282
2016,4,II1,6.0,354,1.9268451992161986
2016,4,II1,7.0,120,0.6531678641410843
2016,4,II1,8.0,28,0.15240583496625298
2016,4,II1,0.0,26,0.14151970389723492
2016,4,II1,9.0,13,0.07075985194861746
2016,4,II1,10.0,3,0.016329196603527107
2016,4,II1,11.0,3,0.016329196603527107
2016,4,II1,12.0,2,0.010886131069018071
2016,4,II1,13.0,1,0.0054430655345090355
2016,4,II1,42.0,1,0.0054430655345090355
2016,4,II1,32.0,1,0.0054430655345090355
2016,4,II1,47.0,1,0.0054430655345090355
2016,4,II2,2.0,7392,40.23514043109079
2016,4,II2,1.0,6700,36.46853908121054
2016,4,II2,3.0,3620,19.70389723492271
2016,4,II2,4.0,538,2.928369257565861
2016,4,II2,5.0,73,0.3973437840191596
2016,4,II2,0.0,26,0.14151970389723492
2016,4,II2,6.0,20,0.10886131069018071
2016,4,II2,7.0,3,0.016329196603527107
2016,4,II3,2.0,17551,95.53124319616808
2016,4,II3,1.0,795,4.327237099934683
2016,4,II3,0.0,26,0.14151970389723492
2016,4,II3_1,0.0,17577,95.67276290006532
2016,4,II3_1,1.0,762,4.147615937295885
2016,4,II3_1,2.0,30,0.16329196603527107
2016,4,II3_1,3.0,3,0.016329196603527107
2016,4,II4_1,1.0,17355,94.46440235140432
2016,4,II4_1,2.0,991,5.394077944698454
2016,4,II4_1,0.0,26,0.14151970389723492
2016,4,II4_2,1.0,9235,50.26671021119094
2016,4,II4_2,2.0,9111,49.59177008491182
2016,4,II4_2,0.0,26,0.14151970389723492
2016,4,II4_3,2.0,12689,69.06705856738515
2016,4,II4_3,1.0,5657,30.791421728717612
2016,4,II4_3,0.0,26,0.14151970389723492
2016,4,II5,2.0,17492,95.21010232963205
2016,4,II5,0.0,775,4.218375789244503
2016,4,II5,1.0,105,0.5715218811234487
2016,4,II5_1,0.0,18268,99.43392118441106
2016,4,II5_1,1.0,80,0.43544524276072283
2016,4,II5_1,2.0,23,0.12519050729370781
2016,4,II5_1,3.0,1,0.0054430655345090355
2016,4,II6,2.0,17447,94.96516438057914
2016,4,II6,0.0,775,4.218375789244503
2016,4,II6,1.0,150,0.8164598301763554
2016,4,II6_1,0.0,18222,99.18354016982364
2016,4,II6_1,1.0,134,0.7293707816242108
2016,4,II6_1,2.0,14,0.07620291748312649
2016,4,II6_1,3.0,2,0.010886131069018071
2016,4,II7,1.0,12388,67.42869584149793
2016,4,II7,3.0,3237,17.619203135205748
2016,4,II7,6.0,1093,5.9492706292183755
2016,4,II7,2.0,773,4.207489658175485
2016,4,II7,4.0,376,2.046592640975397
2016,4,II7,8.0,297,1.6165904637491835
2016,4,II7,7.0,96,0.5225342913128674
2016,4,II7,5.0,52,0.28303940779446984
2016,4,II7,9.0,34,0.1850642281733072
2016,4,II7,0.0,26,0.14151970389723492
2016,4,II8,1.0,12029,65.47463531460919
2016,4,II8,2.0,6200,33.74700631395602
2016,4,II8,4.0,90,0.48987589810581317
2016,4,II8,3.0,27,0.14696276943174397
2016,4,II8,0.0,26,0.14151970389723492
2016,4,II9,1.0,17893,97.39277160897018
2016,4,II9,2.0,242,1.3172218593511866
2016,4,II9,3.0,158,0.8600043544524276
2016,4,II9,4.0,53,0.28848247332897886
2016,4,II9,0.0,26,0.14151970389723492
2016,4,IV1,1.0,14518,79.02242543000217
2016,4,IV1,2.0,3730,20.302634443718702
2016,4,IV1,3.0,65,0.3537992597430873
2016,4,IV1,4.0,39,0.2122795558458524
2016,4,IV1,6.0,14,0.07620291748312649
2016,4,IV1,5.0,6,0.032658393207054215
2016,4,IV10,1.0,17488,95.18833006749401
2016,4,IV10,2.0,787,4.283692575658611
2016,4,IV10,0.0,54,0.29392553886348793
2016,4,IV10,3.0,43,0.23405181798388852
2016,4,IV11,1.0,14145,76.9921619856303
2016,4,IV11,2.0,3016,16.41628565207925
2016,4,IV11,3.0,1093,5.9492706292183755
2016,4,IV11,4.0,64,0.3483561942085783
2016,4,IV11,0.0,54,0.29392553886348793
2016,4,IV12_1,2.0,17135,93.26692793381233
2016,4,IV12_1,1.0,1237,6.733072066187677
2016,4,IV12_2,2.0,17066,92.8913564119312
2016,4,IV12_2,1.0,1306,7.108643588068801
2016,4,IV12_3,2.0,18234,99.24885695623776
2016,4,IV12_3,1.0,138,0.7511430437622469
2016,4,IV2,3.0,6537,35.581319399085565
2016,4,IV2,2.0,4421,24.063792728064445
2016,4,IV2,4.0,3964,21.576311778793816
2016,4,IV2,1.0,1706,9.285869801872414
2016,4,IV2,5.0,1177,6.406488134117135
2016,4,IV2,6.0,377,2.052035706509906
2016,4,IV2,7.0,126,0.6858262573481385
2016,4,IV2,8.0,39,0.2122795558458524
2016,4,IV2,9.0,13,0.07075985194861746
2016,4,IV2,99.0,6,0.032658393207054215
2016,4,IV2,10.0,3,0.016329196603527107
2016,4,IV2,12.0,2,0.010886131069018071
2016,4,IV2,11.0,1,0.0054430655345090355
2016,4,IV3,1.0,16133,87.81297626823427
2016,4,IV3,2.0,2112,11.495754408883084
2016,4,IV3,3.0,86,0.46810363596777704
2016,4,IV3,4.0,41,0.22316568691487046
2016,4,IV4,4.0,5913,32.184846505551924
2016,4,IV4,1.0,4971,27.057478772044416
2016,4,IV4,2.0,4494,24.461136512083606
2016,4,IV4,3.0,1295,7.048769867189201
2016,4,IV4,9.0,1258,6.847376442412367
2016,4,IV4,5.0,257,1.3988678423688221
2016,4,IV4,7.0,149,0.8110167646418462
2016,4,IV4,6.0,35,0.19050729370781624
2016,4,IV5,1.0,16003,87.1053777487481
2016,4,IV5,2.0,2369,12.894622251251905
2016,4,IV6,1.0,17899,97.42543000217722
2016,4,IV6,2.0,442,2.4058349662529936
2016,4,IV6,3.0,31,0.1687350315697801
2016,4,IV7,1.0,17515,95.33529283692576
2016,4,IV7,2.0,804,4.376224689745264
2016,4,IV7,4.0,42,0.2286087524493795
2016,4,IV7,3.0,11,0.05987372087959939
2016,4,IV8,1.0,18318,99.70607446113651
2016,4,IV8,2.0,54,0.29392553886348793
2016,4,IV9,1.0,17668,96.16808186370564
2016,4,IV9,2.0,649,3.5325495318963642
2016,4,IV9,0.0,54,0.29392553886348793
2016,4,IV9,3.0,1,0.0054430655345090355
2017,1,II1,3.0,6636,35.91492125345024
2017,1,II1,2.0,4579,24.782161606321374
2017,1,II1,4.0,3826,20.706824700979595
2017,1,II1,1.0,1703,9.216864209557828
2017,1,II1,5.0,1171,6.337608919196839
2017,1,II1,6.0,374,2.0241381176597932
2017,1,II1,7.0,119,0.644043946528116
2017,1,II1,8.0,26,0.1407154841153867
2017,1,II1,0.0,21,0.11365481409319694
2017,1,II1,9.0,13,0.07035774205769335
2017,1,II1,10.0,3,0.01623640201331385
2017,1,II1,11.0,3,0.01623640201331385
2017,1,II1,13.0,1,0.00541213400443795
2017,1,II1,47.0,1,0.00541213400443795
2017,1,II1,12.0,1,0.00541213400443795
2017,1,II2,2.0,7468,40.41781674514261
2017,1,II2,1.0,6720,36.369540509823025
2017,1,II2,3.0,3619,19.58651296206094
2017,1,II2,4.0,558,3.019970774476376
2017,1,II2,5.0,77,0.41673431834172214
2017,1,II2,0.0,21,0.11365481409319694
2017,1,II2,6.0,12,0.0649456080532554
2017,1,II2,7.0,2,0.0108242680088759
2017,1,II3,2.0,17691,95.74606267251177
2017,1,II3,1.0,765,4.140282513395031
2017,1,II3,0.0,21,0.11365481409319694
2017,1,II3_1,0.0,17712,95.85971748660496
2017,1,II3_1,1.0,735,3.977918493261893
2017,1,II3_1,2.0,26,0.1407154841153867
2017,1,II3_1,3.0,4,0.0216485360177518
2017,1,II4_1,1.0,17357,93.9384099150295
2017,1,II4_1,2.0,1099,5.947935270877307
2017,1,II4_1,0.0,21,0.11365481409319694
2017,1,II4_2,1.0,9353,50.61968934350814
2017,1,II4_2,2.0,9103,49.266655842398656
2017,1,II4_2,0.0,21,0.11365481409319694
2017,1,II4_3,2.0,12724,68.86399307246847
2017,1,II4_3,1.0,5732,31.02235211343833
2017,1,II4_3,0.0,21,0.11365481409319694
2017,1,II5,2.0,17532,94.88553336580614
2017,1,II5,0.0,847,4.5840775017589435
2017,1,II5,1.0,98,0.5303891324349191
2017,1,II5_1,0.0,18379,99.46961086756508
2017,1,II5_1,1.0,76,0.4113221843372842
2017,1,II5_1,2.0,21,0.11365481409319694
2017,1,II5_1,3.0,1,0.00541213400443795
2017,1,II6,2.0,17467,94.53374465551767
2017,1,II6,0.0,847,4.5840775017589435
2017,1,II6,1.0,163,0.8821778427233858
2017,1,II6_1,0.0,18315,99.12323429128105
2017,1,II6_1,1.0,150,0.8118201006656924
2017,1,II6_1,2.0,11,0.059533474048817446
2017,1,II6_1,3.0,1,0.00541213400443795
2017,1,II7,1.0,12454,67.40271689127023
2017,1,II7,3.0,3152,17.059046381988416
2017,1,II7,6.0,1185,6.4133787952589705
2017,1,II7,2.0,854,4.621962439790009
2017,1,II7,4.0,355,1.9213075715754722
2017,1,II7,8.0,282,1.5262217892515018
2017,1,II7,7.0,71,0.3842615143150944
2017,1,II7,5.0,56,0.3030795042485252
2017,1,II7,9.0,47,0.25437029820858365
2017,1,II7,0.0,21,0.11365481409319694
2017,1,II8,1.0,12020,65.05385073334416
2017,1,II8,2.0,6329,34.253396114087785
2017,1,II8,4.0,77,0.41673431834172214
2017,1,II8,3.0,30,0.1623640201331385
2017,1,II8,0.0,21,0.11365481409319694
2017,1,II9,1.0,17970,97.25604805974996
2017,1,II9,2.0,257,1.3909184391405531
2017,1,II9,3.0,168,0.9092385127455755
2017,1,II9,4.0,61,0.33014017427071496
2017,1,II9,0.0,21,0.11365481409319694
2017,1,IV1,1.0,14644,79.25529036098933
2017,1,IV1,2.0,3726,20.1656113005358
2017,1,IV1,3.0,61,0.33014017427071496
2017,1,IV1,4.0,26,0.1407154841153867
2017,1,IV1,6.0,18,0.0974184120798831
2017,1,IV1,5.0,2,0.0108242680088759
2017,1,IV10,1.0,17566,95.06954592195703
2017,1,IV10,2.0,797,4.313470801537046
2017,1,IV10,0.0,61,0.33014017427071496
2017,1,IV10,3.0,53,0.28684310223521137
2017,1,IV11,1.0,14137,76.51133842073929
2017,1,IV11,2.0,3005,16.26346268333604
2017,1,IV11,3.0,1198,6.4837365373166636
2017,1,IV11,4.0,76,0.4113221843372842
2017,1,IV11,0.0,61,0.33014017427071496
2017,1,IV12_1,2.0,17132,92.72067976403096
2017,1,IV12_1,1.0,1345,7.279320235969043
2017,1,IV12_2,2.0,16999,92.00086594144071
2017,1,IV12_2,1.0,1478,7.99913405855929
2017,1,IV12_3,2.0,18320,99.15029496130325
2017,1,IV12_3,1.0,157,0.8497050386967582
2017,1,IV2,3.0,6648,35.97986686150349
2017,1,IV2,2.0,4509,24.403312226010716
2017,1,IV2,4.0,3882,21.00990420522812
2017,1,IV2,1.0,1629,8.81636629322942
2017,1,IV2,5.0,1221,6.608215619418737
2017,1,IV2,6.0,393,2.126968663744114
2017,1,IV2,7.0,128,0.6927531525680576
2017,1,IV2,8.0,35,0.18942469015532826
2017,1,IV2,9.0,15,0.08118201006656925
2017,1,IV2,99.0,10,0.0541213400443795
2017,1,IV2,10.0,3,0.01623640201331385
2017,1,IV2,12.0,2,0.0108242680088759
2017,1,IV2,22.0,1,0.00541213400443795
2017,1,IV2,11.0,1,0.00541213400443795
2017,1,IV3,1.0,16098,87.12453320344211
2017,1,IV3,2.0,2243,12.139416571954321
2017,1,IV3,3.0,93,0.5033284624127293
2017,1,IV3,4.0,43,0.23272176219083185
2017,1,IV4,4.0,6097,32.99778102505818
2017,1,IV4,1.0,5058,27.37457379444715
2017,1,IV4,2.0,4510,24.408724360015153
2017,1,IV4,3.0,1293,6.99788926773827
2017,1,IV4,9.0,1081,5.850516858797424
2017,1,IV4,5.0,242,1.309736429073984
2017,1,IV4,7.0,157,0.8497050386967582
2017,1,IV4,6.0,39,0.21107322617308005
2017,1,IV5,1.0,15955,86.35059804080748
2017,1,IV5,2.0,2522,13.64940195919251
2017,1,IV6,1.0,18041,97.64030957406506
2017,1,IV6,2.0,421,2.278508415868377
2017,1,IV6,3.0,15,0.08118201006656925
2017,1,IV7,1.0,17648,95.51334091032093
2017,1,IV7,2.0,798,4.318882935541484
2017,1,IV7,4.0,21,0.11365481409319694
2017,1,IV7,3.0,10,0.0541213400443795
2017,1,IV8,1.0,18416,99.66985982572929
2017,1,IV8,2.0,61,0.33014017427071496
2017,1,IV9,1.0,17776,96.206094062889
2017,1,IV9,2.0,639,3.45835362883585
2017,1,IV9,0.0,61,0.33014017427071496
2017,1,IV9,3.0,1,0.00541213400443795
2017,2,II1,3.0,6714,35.57840072068253
2017,2,II1,2.0,4643,24.603889566000742
2017,2,II1,4.0,3983,21.106459647077525
2017,2,II1,1.0,1774,9.40066769116634
2017,2,II1,5.0,1187,6.290074717820995
2017,2,II1,6.0,389,2.06136399766838
2017,2,II1,7.0,108,0.5723067140056171
2017,2,II1,8.0,34,0.18017063218695353
2017,2,II1,0.0,21,0.11128186105664777
2017,2,II1,9.0,12,0.06358963488951301
2017,2,II1,10.0,2,0.010598272481585501
2017,2,II1,11.0,2,0.010598272481585501
2017,2,II1,33.0,1,0.005299136240792751
2017,2,II1,14.0,1,0.005299136240792751
2017,2,II2,2.0,7564,40.082666525356366
2017,2,II2,1.0,6951,36.83429600975041
2017,2,II2,3.0,3672,19.458428276190983
2017,2,II2,4.0,566,2.999311112288697
2017,2,II2,5.0,83,0.4398283079857983
2017,2,II2,0.0,21,0.11128186105664777
2017,2,II2,6.0,8,0.042393089926342005
2017,2,II2,7.0,3,0.015897408722378253
2017,2,II2,8.0,2,0.010598272481585501
2017,2,II2,10.0,1,0.005299136240792751
2017,2,II3,2.0,18069,95.75009273488422
2017,2,II3,1.0,782,4.143924540299931
2017,2,II3,0.0,20,0.10598272481585501
2017,2,II3_1,0.0,18090,95.86137459594086
2017,2,II3_1,1.0,754,3.995548725557734
2017,2,II3_1,2.0,25,0.13247840601981878
2017,2,II3_1,3.0,2,0.010598272481585501
2017,2,II4_1,1.0,17799,94.31932594987018
2017,2,II4_1,2.0,1052,5.574691325313974
2017,2,II4_1,0.0,20,0.10598272481585501
2017,2,II4_2,2.0,9539,50.54846060092205
2017,2,II4_2,1.0,9312,49.3455566742621
2017,2,II4_2,0.0,20,0.10598272481585501
2017,2,II4_3,2.0,13001,68.89407026654655
2017,2,II4_3,1.0,5850,30.99994700863759
2017,2,II4_3,0.0,20,0.10598272481585501
2017,2,II5,2.0,17941,95.07180329606274
2017,2,II5,0.0,812,4.302898627523714
2017,2,II5,1.0,118,0.6252980764135446
2017,2,II5_1,0.0,18753,99.37470192358646
2017,2,II5_1,1.0,92,0.48752053415293306
2017,2,II5_1,2.0,26,0.1377775422606115
2017,2,II6,2.0,17905,94.88103439139421
2017,2,II6,0.0,812,4.302898627523714
2017,2,II6,1.0,154,0.8160669810820836
2017,2,II6_1,0.0,18719,99.1945312913995
2017,2,II6_1,1.0,138,0.7312808012293996
2017,2,II6_1,2.0,12,0.06358963488951301
2017,2,II6_1,3.0,2,0.010598272481585501
2017,2,II7,1.0,12637,66.965184674898
2017,2,II7,3.0,3341,17.70441418048858
2017,2,II7,6.0,1209,6.406655715118435
2017,2,II7,2.0,839,4.445975306025118
2017,2,II7,4.0,404,2.1408510412802713
2017,2,II7,8.0,243,1.2876901065126385
2017,2,II7,7.0,70,0.3709395368554926
2017,2,II7,9.0,69,0.3656404006146998
2017,2,II7,5.0,39,0.2066663133909173
2017,2,II7,0.0,20,0.10598272481585501
2017,2,II8,1.0,12368,65.53971702612475
2017,2,II8,2.0,6372,33.766096126331405
2017,2,II8,4.0,86,0.4557257167081766
2017,2,II8,3.0,25,0.13247840601981878
2017,2,II8,0.0,20,0.10598272481585501
2017,2,II9,1.0,18371,97.35043187960362
2017,2,II9,2.0,250,1.3247840601981877
2017,2,II9,3.0,176,0.9326479783795242
2017,2,II9,4.0,54,0.28615335700280853
2017,2,II9,0.0,20,0.10598272481585501
2017,2,IV1,1.0,14984,79.40225743203858
2017,2,IV1,2.0,3791,20.08902548884532
2017,2,IV1,3.0,58,0.30734990196597956
2017,2,IV1,6.0,22,0.11658099729744052
2017,2,IV1,4.0,13,0.06888877113030575
2017,2,IV1,5.0,3,0.015897408722378253
2017,2,IV10,1.0,18008,95.42684542419586
2017,2,IV10,2.0,751,3.979651316835356
2017,2,IV10,3.0,58,0.30734990196597956
2017,2,IV10,0.0,54,0.28615335700280853
2017,2,IV11,1.0,14471,76.6838005405119
2017,2,IV11,2.0,3037,16.093476763287583
2017,2,IV11,3.0,1232,6.528535848656669
2017,2,IV11,4.0,77,0.4080334905410418
2017,2,IV11,0.0,54,0.28615335700280853
2017,2,IV12_1,2.0,17577,93.14291770441417
2017,2,IV12_1,1.0,1294,6.85708229558582
2017,2,IV12_2,2.0,17295,91.64856128451062
2017,2,IV12_2,1.0,1576,8.351438715489376
2017,2,IV12_3,2.0,18677,98.9719675692862
2017,2,IV12_3,1.0,194,1.0280324307137936
2017,2,IV2,3.0,6759,35.816861851518205
2017,2,IV2,2.0,4544,24.079275078162258
2017,2,IV2,4.0,4063,21.530390546340946
2017,2,IV2,1.0,1686,8.934343701976578
2017,2,IV2,5.0,1221,6.470245350007949
2017,2,IV2,6.0,413,2.188543267447406
2017,2,IV2,7.0,113,0.5988023952095808
2017,2,IV2,8.0,42,0.22256372211329553
2017,2,IV2,9.0,13,0.06888877113030575
2017,2,IV2,99.0,12,0.06358963488951301
2017,2,IV2,10.0,3,0.015897408722378253
2017,2,IV2,11.0,1,0.005299136240792751
2017,2,IV2,12.0,1,0.005299136240792751
2017,2,IV3,1.0,16481,87.33506438450533
2017,2,IV3,2.0,2253,11.938953950506068
2017,2,IV3,3.0,84,0.44512744422659106
2017,2,IV3,4.0,53,0.28085422076201577
2017,2,IV4,4.0,6148,32.57908960839383
2017,2,IV4,1.0,5429,28.769010651263844
2017,2,IV4,2.0,4318,22.8816702877431
2017,2,IV4,3.0,1318,6.984261565364846
2017,2,IV4,9.0,1238,6.560330666101425
2017,2,IV4,5.0,249,1.319484923957395
2017,2,IV4,7.0,134,0.7100842562662286
2017,2,IV4,6.0,37,0.19606804090933178
2017,2,IV5,1.0,16394,86.87403953155636
2017,2,IV5,2.0,2477,13.125960468443644
2017,2,IV6,1.0,18472,97.8856446399237
2017,2,IV6,2.0,373,1.976577817815696
2017,2,IV6,3.0,26,0.1377775422606115
2017,2,IV7,1.0,18022,95.50103333156696
2017,2,IV7,2.0,815,4.318796036246092
2017,2,IV7,4.0,21,0.11128186105664777
2017,2,IV7,3.0,13,0.06888877113030575
2017,2,IV8,1.0,18817,99.7138466429972
2017,2,IV8,2.0,54,0.28615335700280853
2017,2,IV9,1.0,18199,96.43898044618727
2017,2,IV9,2.0,616,3.2642679243283346
2017,2,IV9,0.0,54,0.28615335700280853
2017,2,IV9,3.0,2,0.010598272481585501
2017,3,II1,3.0,6649,35.35573753057535
2017,3,II1,2.0,4581,24.359247048814208
2017,3,II1,4.0,4036,21.461235775816228
2017,3,II1,1.0,1814,9.64585770498777
2017,3,II1,5.0,1157,6.152291821759013
2017,3,II1,6.0,377,2.0046793576518134
2017,3,II1,7.0,112,0.5955546102307774
2017,3,II1,8.0,30,0.1595235563118154
2017,3,II1,0.0,24,0.1276188450494523
2017,3,II1,9.0,15,0.0797617781559077
2017,3,II1,99.0,5,0.026587259385302563
2017,3,II1,11.0,3,0.01595235563118154
2017,3,II1,10.0,2,0.010634903754121025
2017,3,II1,12.0,1,0.005317451877060513
2017,3,II2,2.0,7472,39.73200042539615
2017,3,II2,1.0,6948,36.945655641816444
2017,3,II2,3.0,3690,19.62139742635329
2017,3,II2,4.0,574,3.052217377432734
2017,3,II2,5.0,76,0.40412634265659897
2017,3,II2,0.0,25,0.13293629692651282
2017,3,II2,6.0,16,0.0850792300329682
2017,3,II2,7.0,2,0.010634903754121025
2017,3,II2,8.0,2,0.010634903754121025
2017,3,II2,10.0,1,0.005317451877060513
2017,3,II3,2.0,17997,95.69818143145804
2017,3,II3,1.0,786,4.179517175369563
2017,3,II3,0.0,23,0.12230139317239179
2017,3,II3_1,0.0,18020,95.82048282463043
2017,3,II3_1,1.0,756,4.019993619057748
2017,3,II3_1,2.0,28,0.14888865255769435
2017,3,II3_1,5.0,1,0.005317451877060513
2017,3,II3_1,3.0,1,0.005317451877060513
2017,3,II4_1,1.0,17820,94.75699244921833
2017,3,II4_1,2.0,963,5.120706157609273
2017,3,II4_1,0.0,23,0.12230139317239179
2017,3,II4_2,2.0,9523,50.638094225247265
2017,3,II4_2,1.0,9260,49.23960438158035
2017,3,II4_2,0.0,23,0.12230139317239179
2017,3,II4_3,2.0,12801,68.06870147825163
2017,3,II4_3,1.0,5982,31.808997128575985
2017,3,II4_3,0.0,23,0.12230139317239179
2017,3,II5,2.0,17943,95.41103903009677
2017,3,II5,0.0,760,4.0412634265659895
2017,3,II5,1.0,103,0.5476975433372328
2017,3,II5_1,0.0,18703,99.45230245666276
2017,3,II5_1,1.0,74,0.39349143890247795
2017,3,II5_1,2.0,29,0.15420610443475485
2017,3,II6,2.0,17890,95.12921408061257
2017,3,II6,0.0,760,4.0412634265659895
2017,3,II6,1.0,156,0.82952249282144
2017,3,II6_1,0.0,18651,99.17579495905562
2017,3,II6_1,1.0,140,0.7444432627884717
2017,3,II6_1,2.0,12,0.06380942252472616
2017,3,II6_1,3.0,3,0.01595235563118154
2017,3,II7,1.0,12506,66.50005317451877
2017,3,II7,3.0,3477,18.488780176539404
2017,3,II7,6.0,1145,6.088482399234287
2017,3,II7,2.0,769,4.089120493459534
2017,3,II7,4.0,430,2.2865043071360205
2017,3,II7,8.0,276,1.4676167180687014
2017,3,II7,7.0,67,0.35626927576305434
2017,3,II7,9.0,65,0.3456343720089333
2017,3,II7,5.0,48,0.2552376900989046
2017,3,II7,0.0,23,0.12230139317239179
2017,3,II8,1.0,12463,66.27140274380517
2017,3,II8,2.0,6196,32.946931830266934
2017,3,II8,4.0,99,0.5264277358289907
2017,3,II8,3.0,25,0.13293629692651282
2017,3,II8,0.0,23,0.12230139317239179
2017,3,II9,1.0,18317,97.39976603211741
2017,3,II9,2.0,247,1.3134106136339465
2017,3,II9,3.0,175,0.9305540784855897
2017,3,II9,4.0,44,0.23396788259066256
2017,3,II9,0.0,23,0.12230139317239179
2017,3,IV1,1.0,14890,79.17685844943104
2017,3,IV1,2.0,3797,20.190364777198766
2017,3,IV1,3.0,73,0.38817398702541744
2017,3,IV1,4.0,21,0.11166648941827076
2017,3,IV1,6.0,19,0.10103158566414974
2017,3,IV1,5.0,6,0.03190471126236308
2017,3,IV10,1.0,17986,95.63968946081037
2017,3,IV10,2.0,733,3.897692225885356
2017,3,IV10,3.0,44,0.23396788259066256
2017,3,IV10,0.0,43,0.22865043071360205
2017,3,IV11,1.0,14541,77.32106774433691
2017,3,IV11,2.0,3074,16.345847070084016
2017,3,IV11,3.0,1090,5.7960225459959585
2017,3,IV11,4.0,58,0.3084122088695097
2017,3,IV11,0.0,43,0.22865043071360205
2017,3,IV12_1,2.0,17636,93.7785813038392
2017,3,IV12_1,1.0,1170,6.2214186961608
2017,3,IV12_2,2.0,17423,92.64596405402531
2017,3,IV12_2,1.0,1383,7.354035945974689
2017,3,IV12_3,2.0,18606,98.9365096245879
2017,3,IV12_3,1.0,200,1.0634903754121026
2017,3,IV2,3.0,6688,35.56311815378071
2017,3,IV2,2.0,4509,23.97639051366585
2017,3,IV2,4.0,4112,21.865362118472827
2017,3,IV2,1.0,1709,9.087525257896417
2017,3,IV2,5.0,1202,6.391577156226736
2017,3,IV2,6.0,401,2.1322982027012656
2017,3,IV2,7.0,124,0.6593640327555036
2017,3,IV2,8.0,33,0.17547591194299691
2017,3,IV2,9.0,15,0.0797617781559077
2017,3,IV2,99.0,7,0.037222163139423586
2017,3,IV2,10.0,3,0.01595235563118154
2017,3,IV2,11.0,2,0.010634903754121025
2017,3,IV2,12.0,1,0.005317451877060513
2017,3,IV3,1.0,16539,87.94533659470382
2017,3,IV3,2.0,2133,11.342124853770073
2017,3,IV3,3.0,84,0.44666595767308304
2017,3,IV3,4.0,50,0.26587259385302564
2017,3,IV4,4.0,5918,31.468680208444113
2017,3,IV4,1.0,5562,29.575667340210572
2017,3,IV4,2.0,4258,22.641710092523663
2017,3,IV4,3.0,1360,7.231734552802297
2017,3,IV4,9.0,1288,6.8488780176539406
2017,3,IV4,5.0,263,1.3984898436669149
2017,3,IV4,7.0,135,0.7178560034031692
2017,3,IV4,6.0,22,0.11698394129533128
2017,3,IV5,1.0,16434,87.38700414761246
2017,3,IV5,2.0,2372,12.612995852387536
2017,3,IV6,1.0,18366,97.66032117409337
2017,3,IV6,2.0,401,2.1322982027012656
2017,3,IV6,3.0,39,0.20738062320536
2017,3,IV7,1.0,17976,95.58651494203977
2017,3,IV7,2.0,785,4.174199723492502
2017,3,IV7,4.0,32,0.1701584600659364
2017,3,IV7,3.0,13,0.06912687440178666
2017,3,IV8,1.0,18763,99.7713495692864
2017,3,IV8,2.0,43,0.22865043071360205
2017,3,IV9,1.0,18147,96.49579921301712
2017,3,IV9,2.0,615,3.2702329043922154
2017,3,IV9,0.0,43,0.22865043071360205
2017,3,IV9,3.0,1,0.005317451877060513
2017,4,II1,3.0,6663,35.4546905762784
2017,4,II1,2.0,4601,24.482520087266536
2017,4,II1,4.0,3964,21.092960144734743
2017,4,II1,1.0,1826,9.716383759910604
2017,4,II1,5.0,1176,6.257649124674081
2017,4,II1,6.0,362,1.9262491353163411
2017,4,II1,7.0,118,0.6278933645506306
2017,4,II1,8.0,29,0.15431277603362956
2017,4,II1,0.0,25,0.13302825520140477
2017,4,II1,9.0,17,0.09045921353695525
2017,4,II1,99.0,4,0.021284520832224766
2017,4,II1,12.0,4,0.021284520832224766
2017,4,II1,11.0,3,0.015963390624168572
2017,4,II1,10.0,1,0.0053211302080561915
2017,4,II2,2.0,7408,39.418932581280266
2017,4,II2,1.0,7051,37.519289097004204
2017,4,II2,3.0,3662,19.48597882190177
2017,4,II2,4.0,559,2.974511786303411
2017,4,II2,5.0,65,0.34587346352365245
2017,4,II2,0.0,26,0.13834938540946096
2017,4,II2,6.0,16,0.08513808332889906
2017,4,II2,7.0,4,0.021284520832224766
2017,4,II2,9.0,2,0.010642260416112383
2017,4,II3,2.0,17922,95.36529558878306
2017,4,II3,1.0,844,4.491033895599426
2017,4,II3,0.0,25,0.13302825520140477
2017,4,II3,9.0,2,0.010642260416112383
2017,4,II3_1,0.0,17947,95.49832384398447
2017,4,II3_1,1.0,809,4.304794338317459
2017,4,II3_1,2.0,32,0.17027616665779813
2017,4,II3_1,3.0,3,0.015963390624168572
2017,4,II3_1,9.0,2,0.010642260416112383
2017,4,II4_1,1.0,17723,94.30639067737988
2017,4,II4_1,2.0,1043,5.549938807002607
2017,4,II4_1,0.0,25,0.13302825520140477
2017,4,II4_1,9.0,2,0.010642260416112383
2017,4,II4_2,1.0,9427,50.16229447134572
2017,4,II4_2,2.0,9339,49.69403501303677
2017,4,II4_2,0.0,25,0.13302825520140477
2017,4,II4_2,9.0,2,0.010642260416112383
2017,4,II4_3,2.0,12822,68.22753152769648
2017,4,II4_3,1.0,5944,31.628797956686
2017,4,II4_3,0.0,25,0.13302825520140477
2017,4,II4_3,9.0,2,0.010642260416112383
2017,4,II5,2.0,17861,95.04070664609164
2017,4,II5,0.0,822,4.373969031022189
2017,4,II5,1.0,108,0.5746820624700686
2017,4,II5,,2,0.010642260416112383
2017,4,II5_1,0.0,18683,99.41467567711382
2017,4,II5_1,1.0,82,0.4363326770606077
2017,4,II5_1,2.0,25,0.13302825520140477
2017,4,II5_1,,2,0.010642260416112383
2017,4,II5_1,3.0,1,0.0053211302080561915
2017,4,II6,2.0,17809,94.76400787527271
2017,4,II6,0.0,822,4.373969031022189
2017,4,II6,1.0,160,0.8513808332889906
2017,4,II6,,2,0.010642260416112383
2017,4,II6_1,0.0,18631,99.1379769062949
2017,4,II6_1,1.0,152,0.8088117916245411
2017,4,II6_1,2.0,6,0.031926781248337144
2017,4,II6_1,3.0,2,0.010642260416112383
2017,4,II6_1,,2,0.010642260416112383
2017,4,II7,1.0,12407,66.01926249135316
2017,4,II7,3.0,3469,18.459000691746926
2017,4,II7,6.0,1173,6.241685734049912
2017,4,II7,2.0,795,4.230298515404672
2017,4,II7,4.0,421,2.2401958175916565
2017,4,II7,8.0,326,1.7346884478263183
2017,4,II7,7.0,76,0.40440589581227054
2017,4,II7,5.0,52,0.2766987708189219
2017,4,II7,9.0,49,0.26073538019475334
2017,4,II7,0.0,25,0.13302825520140477
2017,4,II8,1.0,12392,65.93944553823232
2017,4,II8,2.0,6244,33.22513701910286
2017,4,II8,4.0,98,0.5214707603895067
2017,4,II8,3.0,32,0.17027616665779813
2017,4,II8,0.0,25,0.13302825520140477
2017,4,II8,9.0,2,0.010642260416112383
2017,4,II9,1.0,18270,97.21704890118662
2017,4,II9,2.0,260,1.3834938540946098
2017,4,II9,3.0,179,0.9524823072420582
2017,4,II9,4.0,57,0.3033044218592029
2017,4,II9,0.0,25,0.13302825520140477
2017,4,II9,9.0,2,0.010642260416112383
2017,4,IV1,1.0,14794,78.72080029798329
2017,4,IV1,2.0,3890,20.699196509338584
2017,4,IV1,3.0,63,0.33523120310754007
2017,4,IV1,4.0,27,0.14367051561751715
2017,4,IV1,6.0,11,0.058532432288618104
2017,4,IV1,5.0,6,0.031926781248337144
2017,4,IV1,9.0,2,0.010642260416112383
2017,4,IV10,1.0,17921,95.359974458575
2017,4,IV10,2.0,775,4.123875911243548
2017,4,IV10,0.0,58,0.3086255520672591
2017,4,IV10,3.0,37,0.19688181769807908
2017,4,IV10,,2,0.010642260416112383
2017,4,IV11,1.0,14521,77.26813175118396
2017,4,IV11,2.0,3115,16.575320598095036
2017,4,IV11,3.0,1047,5.571223327834832
2017,4,IV11,0.0,58,0.3086255520672591
2017,4,IV11,4.0,50,0.26605651040280953
2017,4,IV11,,2,0.010642260416112383
2017,4,IV12_1,2.0,17573,93.50822114617145
2017,4,IV12_1,1.0,1218,6.481136593412441
2017,4,IV12_1,9.0,2,0.010642260416112383
2017,4,IV12_2,2.0,17469,92.9548236045336
2017,4,IV12_2,1.0,1322,7.034534135050285
2017,4,IV12_2,9.0,2,0.010642260416112383
2017,4,IV12_3,2.0,18583,98.8825626563082
2017,4,IV12_3,1.0,208,1.1067950832756877
2017,4,IV12_3,9.0,2,0.010642260416112383
2017,4,IV2,3.0,6659,35.43340605544618
2017,4,IV2,2.0,4537,24.14196775395094
2017,4,IV2,4.0,4059,21.59846751450008
2017,4,IV2,1.0,1710,9.099132655776087
2017,4,IV2,5.0,1251,6.6567338902782955
2017,4,IV2,6.0,381,2.027350609269409
2017,4,IV2,7.0,133,0.7077103176714734
2017,4,IV2,8.0,28,0.14899164582557337
2017,4,IV2,9.0,14,0.07449582291278668
2017,4,IV2,99.0,10,0.05321130208056191
2017,4,IV2,12.0,4,0.021284520832224766
2017,4,IV2,10.0,4,0.021284520832224766
2017,4,IV2,11.0,3,0.015963390624168572
2017,4,IV3,1.0,16532,87.96892459958495
2017,4,IV3,2.0,2109,11.222263608790508
2017,4,IV3,3.0,98,0.5214707603895067
2017,4,IV3,4.0,52,0.2766987708189219
2017,4,IV3,9.0,2,0.010642260416112383
2017,4,IV4,4.0,6037,32.12366306603523
2017,4,IV4,1.0,5349,28.462725482892566
2017,4,IV4,2.0,4387,23.34379822274251
2017,4,IV4,3.0,1336,7.109029957963071
2017,4,IV4,9.0,1263,6.72058745277497
2017,4,IV4,5.0,241,1.282392380141542
2017,4,IV4,7.0,158,0.8407385728728782
2017,4,IV4,6.0,22,0.11706486457723621
2017,4,IV5,1.0,16340,86.94726759963817
2017,4,IV5,2.0,2451,13.042090139945724
2017,4,IV5,9.0,2,0.010642260416112383
2017,4,IV6,1.0,18322,97.49374767200554
2017,4,IV6,2.0,433,2.3040493800883306
2017,4,IV6,3.0,36,0.1915606874900229
2017,4,IV6,9.0,2,0.010642260416112383
2017,4,IV7,1.0,17987,95.71116905230672
2017,4,IV7,2.0,768,4.086627999787154
2017,4,IV7,4.0,27,0.14367051561751715
2017,4,IV7,3.0,9,0.04789017187250572
2017,4,IV7,9.0,2,0.010642260416112383
2017,4,IV8,1.0,18733,99.68073218751663
2017,4,IV8,2.0,58,0.3086255520672591
2017,4,IV8,9.0,2,0.010642260416112383
2017,4,IV9,1.0,18105,96.33906241685735
2017,4,IV9,2.0,627,3.3363486404512317
2017,4,IV9,0.0,58,0.3086255520672591
2017,4,IV9,,2,0.010642260416112383
2017,4,IV9,3.0,1,0.0053211302080561915
2018,1,II1,3.0,6587,35.36834192439863
2018,1,II1,2.0,4687,25.166451890034363
2018,1,II1,4.0,3929,21.09643470790378
2018,1,II1,1.0,1694,9.095790378006873
2018,1,II1,5.0,1188,6.378865979381444
2018,1,II1,6.0,360,1.9329896907216495
2018,1,II1,7.0,108,0.5798969072164949
2018,1,II1,8.0,30,0.16108247422680413
2018,1,II1,0.0,18,0.09664948453608248
2018,1,II1,9.0,17,0.09128006872852233
2018,1,II1,12.0,3,0.01610824742268041
2018,1,II1,10.0,3,0.01610824742268041
2018,1,II2,2.0,7344,39.43298969072165
2018,1,II2,1.0,7003,37.602018900343644
2018,1,II2,3.0,3632,19.50171821305842
2018,1,II2,4.0,530,2.845790378006873
2018,1,II2,5.0,80,0.42955326460481097
2018,1,II2,0.0,18,0.09664948453608248
2018,1,II2,6.0,14,0.07517182130584192
2018,1,II2,7.0,3,0.01610824742268041
2018,1,II3,2.0,17747,95.29102233676976
2018,1,II3,1.0,860,4.617697594501718
2018,1,II3,0.0,17,0.09128006872852233
2018,1,II3_1,0.0,17764,95.38230240549828
2018,1,II3_1,1.0,823,4.419029209621993
2018,1,II3_1,2.0,34,0.18256013745704466
2018,1,II3_1,3.0,3,0.01610824742268041
2018,1,II4_1,1.0,17532,94.13659793814433
2018,1,II4_1,2.0,1075,5.772121993127148
2018,1,II4_1,0.0,17,0.09128006872852233
2018,1,II4_2,1.0,9364,50.279209621993125
2018,1,II4_2,2.0,9243,49.62951030927835
2018,1,II4_2,0.0,17,0.09128006872852233
2018,1,II4_3,2.0,12622,67.77276632302406
2018,1,II4_3,1.0,5985,32.13595360824742
2018,1,II4_3,0.0,17,0.09128006872852233
2018,1,II5,2.0,17674,94.89905498281787
2018,1,II5,0.0,824,4.4243986254295535
2018,1,II5,1.0,126,0.6765463917525774
2018,1,II5_1,0.0,18498,99.32345360824742
2018,1,II5_1,1.0,106,0.5691580756013745
2018,1,II5_1,2.0,19,0.10201890034364261
2018,1,II5_1,3.0,1,0.0053694158075601375
2018,1,II6,2.0,17639,94.71112542955326
2018,1,II6,0.0,824,4.4243986254295535
2018,1,II6,1.0,161,0.8644759450171822
2018,1,II6_1,0.0,18464,99.14089347079037
2018,1,II6_1,1.0,155,0.8322594501718213
2018,1,II6_1,2.0,4,0.02147766323024055
2018,1,II6_1,3.0,1,0.0053694158075601375
2018,1,II7,1.0,12364,66.38745704467354
2018,1,II7,3.0,3322,17.837199312714777
2018,1,II7,6.0,1200,6.443298969072165
2018,1,II7,2.0,844,4.531786941580756
2018,1,II7,4.0,416,2.2336769759450172
2018,1,II7,8.0,304,1.6323024054982818
2018,1,II7,7.0,55,0.29531786941580757
2018,1,II7,5.0,52,0.27920962199312716
2018,1,II7,9.0,50,0.26847079037800686
2018,1,II7,0.0,17,0.09128006872852233
2018,1,II8,1.0,12151,65.24377147766323
2018,1,II8,2.0,6330,33.98840206185567
2018,1,II8,4.0,97,0.5208333333333334
2018,1,II8,3.0,29,0.155713058419244
2018,1,II8,0.0,17,0.09128006872852233
2018,1,II9,1.0,18097,97.17031786941581
2018,1,II9,2.0,268,1.4390034364261168
2018,1,II9,3.0,183,0.9826030927835051
2018,1,II9,4.0,59,0.3167955326460481
2018,1,II9,0.0,17,0.09128006872852233
2018,1,IV1,1.0,14673,78.7854381443299
2018,1,IV1,2.0,3863,20.74205326460481
2018,1,IV1,3.0,57,0.30605670103092786
2018,1,IV1,6.0,13,0.06980240549828179
2018,1,IV1,4.0,12,0.06443298969072164
2018,1,IV1,5.0,4,0.02147766323024055
2018,1,IV1,9.0,2,0.010738831615120275
2018,1,IV10,1.0,17760,95.36082474226804
2018,1,IV10,2.0,763,4.096864261168385
2018,1,IV10,0.0,61,0.3275343642611684
2018,1,IV10,3.0,38,0.20403780068728522
2018,1,IV10,9.0,2,0.010738831615120275
2018,1,IV11,1.0,14373,77.17461340206185
2018,1,IV11,2.0,3007,16.145833333333332
2018,1,IV11,3.0,1124,6.035223367697594
2018,1,IV11,0.0,61,0.3275343642611684
2018,1,IV11,4.0,57,0.30605670103092786
2018,1,IV11,9.0,2,0.010738831615120275
2018,1,IV12_1,2.0,17426,93.56743986254295
2018,1,IV12_1,1.0,1196,6.421821305841925
2018,1,IV12_1,9.0,2,0.010738831615120275
2018,1,IV12_2,2.0,17205,92.38079896907216
2018,1,IV12_2,1.0,1417,7.608462199312715
2018,1,IV12_2,9.0,2,0.010738831615120275
2018,1,IV12_3,2.0,18431,98.9637027491409
2018,1,IV12_3,1.0,191,1.0255584192439862
2018,1,IV12_3,9.0,2,0.010738831615120275
2018,1,IV2,3.0,6595,35.41129725085911
2018,1,IV2,2.0,4572,24.548969072164947
2018,1,IV2,4.0,4045,21.719286941580755
2018,1,IV2,1.0,1580,8.483676975945016
2018,1,IV2,5.0,1254,6.733247422680412
2018,1,IV2,6.0,383,2.0564862542955327
2018,1,IV2,7.0,120,0.6443298969072165
2018,1,IV2,8.0,34,0.18256013745704466
2018,1,IV2,9.0,15,0.08054123711340207
2018,1,IV2,99.0,12,0.06443298969072164
2018,1,IV2,10.0,10,0.05369415807560137
2018,1,IV2,12.0,4,0.02147766323024055
2018,1,IV3,1.0,16418,88.15506872852234
2018,1,IV3,2.0,2067,11.098582474226804
2018,1,IV3,3.0,85,0.45640034364261167
2018,1,IV3,4.0,52,0.27920962199312716
2018,1,IV3,9.0,2,0.010738831615120275
2018,1,IV4,4.0,6012,32.28092783505155
2018,1,IV4,1.0,5245,28.162585910652922
2018,1,IV4,2.0,4486,24.087199312714777
2018,1,IV4,3.0,1341,7.200386597938144
2018,1,IV4,9.0,1140,6.121134020618556
2018,1,IV4,5.0,223,1.1973797250859106
2018,1,IV4,7.0,148,0.7946735395189003
2018,1,IV4,6.0,29,0.155713058419244
2018,1,IV5,1.0,16096,86.42611683848797
2018,1,IV5,2.0,2526,13.563144329896907
2018,1,IV5,9.0,2,0.010738831615120275
2018,1,IV6,1.0,18185,97.6428264604811
2018,1,IV6,2.0,414,2.222938144329897
2018,1,IV6,3.0,23,0.12349656357388317
2018,1,IV6,9.0,2,0.010738831615120275
2018,1,IV7,1.0,17838,95.77963917525773
2018,1,IV7,2.0,748,4.016323024054983
2018,1,IV7,4.0,27,0.14497422680412372
2018,1,IV7,3.0,9,0.04832474226804124
2018,1,IV7,9.0,2,0.010738831615120275
2018,1,IV8,1.0,18561,99.66172680412372
2018,1,IV8,2.0,61,0.3275343642611684
2018,1,IV8,9.0,2,0.010738831615120275
2018,1,IV9,1.0,17941,96.33268900343643
2018,1,IV9,2.0,619,3.323668384879725
2018,1,IV9,0.0,61,0.3275343642611684
2018,1,IV9,9.0,2,0.010738831615120275
2018,1,IV9,3.0,1,0.0053694158075601375
2018,2,II1,3.0,6560,35.29538362208114
2018,2,II1,2.0,4571,24.593780264715377
2018,2,II1,4.0,3977,21.39782632088669
2018,2,II1,1.0,1735,9.33498332077908
2018,2,II1,5.0,1209,6.504896158398795
2018,2,II1,6.0,362,1.947702571828258
2018,2,II1,7.0,101,0.5434197783277736
2018,2,II1,8.0,29,0.1560314215000538
2018,2,II1,0.0,22,0.11836866458624772
2018,2,II1,9.0,17,0.0914666953621005
2018,2,II1,10.0,2,0.010760787689658883
2018,2,II1,14.0,1,0.0053803938448294415
2018,2,II2,2.0,7381,39.71268696868611
2018,2,II2,1.0,6955,37.42063919078877
2018,2,II2,3.0,3570,19.208006026041105
2018,2,II2,4.0,564,3.034542128483805
2018,2,II2,5.0,76,0.40890993220703753
2018,2,II2,0.0,22,0.11836866458624772
2018,2,II2,6.0,12,0.0645647261379533
2018,2,II2,7.0,4,0.021521575379317766
2018,2,II2,8.0,2,0.010760787689658883
2018,2,II3,2.0,17731,95.39976326267083
2018,2,II3,1.0,835,4.492628860432584
2018,2,II3,0.0,20,0.10760787689658884
2018,2,II3_1,0.0,17751,95.50737113956741
2018,2,II3_1,1.0,798,4.293554288173894
2018,2,II3_1,2.0,35,0.18831378456903045
2018,2,II3_1,3.0,2,0.010760787689658883
2018,2,II4_1,1.0,17491,94.10846873991176
2018,2,II4_1,2.0,1075,5.78392338319165
2018,2,II4_1,0.0,20,0.10760787689658884
2018,2,II4_2,2.0,9402,50.58646292908641
2018,2,II4_2,1.0,9164,49.305929194017004
2018,2,II4_2,0.0,20,0.10760787689658884
2018,2,II4_3,2.0,12512,67.31948778650597
2018,2,II4_3,1.0,6054,32.57290433659744
2018,2,II4_3,0.0,20,0.10760787689658884
2018,2,II5,2.0,17662,95.0285160873776
2018,2,II5,0.0,827,4.449585709673948
2018,2,II5,1.0,97,0.5218982029484558
2018,2,II5_1,0.0,18489,99.47810179705155
2018,2,II5_1,1.0,84,0.4519530829656731
2018,2,II5_1,2.0,13,0.06994511998278274
2018,2,II6,2.0,17599,94.68955127515333
2018,2,II6,0.0,827,4.449585709673948
2018,2,II6,1.0,160,0.8608630151727107
2018,2,II6_1,0.0,18427,99.14451737867212
2018,2,II6_1,1.0,152,0.8178198644140751
2018,2,II6_1,2.0,7,0.03766275691380609
2018,2,II7,1.0,12282,66.0819972021952
2018,2,II7,3.0,3364,18.099644894006243
2018,2,II7,6.0,1171,6.300441192295276
2018,2,II7,2.0,900,4.842354460346497
2018,2,II7,4.0,424,2.281286990207683
2018,2,II7,8.0,266,1.4311847627246315
2018,2,II7,5.0,62,0.3335844183794254
2018,2,II7,9.0,50,0.2690196922414721
2018,2,II7,7.0,47,0.25287851070698375
2018,2,II7,0.0,20,0.10760787689658884
2018,2,II8,1.0,12120,65.21037339933284
2018,2,II8,2.0,6295,33.86957925320134
2018,2,II8,4.0,127,0.683310018293339
2018,2,II8,3.0,24,0.1291294522759066
2018,2,II8,0.0,20,0.10760787689658884
2018,2,II9,1.0,18056,97.1483912622404
2018,2,II9,2.0,263,1.4150435811901432
2018,2,II9,3.0,192,1.0330356182072529
2018,2,II9,4.0,55,0.29592166146561927
2018,2,II9,0.0,20,0.10760787689658884
2018,2,IV1,1.0,14698,79.08102873130314
2018,2,IV1,2.0,3783,20.354029914989777
2018,2,IV1,3.0,67,0.3604863876035726
2018,2,IV1,6.0,21,0.11298827074141828
2018,2,IV1,4.0,14,0.07532551382761218
2018,2,IV1,5.0,3,0.016141181534488326
2018,2,IV10,1.0,17722,95.35133971806736
2018,2,IV10,2.0,763,4.105240503604864
2018,2,IV10,0.0,55,0.29592166146561927
2018,2,IV10,3.0,46,0.2474981168621543
2018,2,IV11,1.0,14400,77.47767136554396
2018,2,IV11,2.0,2939,15.812977509953729
2018,2,IV11,3.0,1129,6.074464650812439
2018,2,IV11,4.0,63,0.33896481222425484
2018,2,IV11,0.0,55,0.29592166146561927
2018,2,IV12_1,2.0,17398,93.60809211234262
2018,2,IV12_1,1.0,1188,6.391907887657377
2018,2,IV12_2,2.0,17122,92.1231034111697
2018,2,IV12_2,1.0,1464,7.876896588830302
2018,2,IV12_3,2.0,18386,98.92392123103411
2018,2,IV12_3,1.0,200,1.0760787689658884
2018,2,IV2,3.0,6557,35.279242440546646
2018,2,IV2,2.0,4486,24.136446787904873
2018,2,IV2,4.0,4081,21.95738728074895
2018,2,IV2,1.0,1615,8.689336059399547
2018,2,IV2,5.0,1270,6.833100182933391
2018,2,IV2,6.0,399,2.146777144086947
2018,2,IV2,7.0,108,0.5810825352415797
2018,2,IV2,8.0,36,0.19369417841385989
2018,2,IV2,9.0,18,0.09684708920692994
2018,2,IV2,99.0,7,0.03766275691380609
2018,2,IV2,10.0,7,0.03766275691380609
2018,2,IV2,14.0,1,0.0053803938448294415
2018,2,IV2,12.0,1,0.0053803938448294415
2018,2,IV3,1.0,16364,88.04476487678897
2018,2,IV3,2.0,2091,11.250403529538362
2018,2,IV3,3.0,86,0.462713870655332
2018,2,IV3,4.0,45,0.24211772301732487
2018,2,IV4,4.0,5992,32.239319918218015
2018,2,IV4,1.0,5287,28.446142257613257
2018,2,IV4,2.0,4403,23.68987409878403
2018,2,IV4,3.0,1296,6.972990422898956
2018,2,IV4,9.0,1194,6.424190250726353
2018,2,IV4,5.0,264,1.4204239750349725
2018,2,IV4,7.0,121,0.6510276552243625
2018,2,IV4,6.0,29,0.1560314215000538
2018,2,IV5,1.0,16107,86.66200365866781
2018,2,IV5,2.0,2479,13.337996341332186
2018,2,IV6,1.0,18149,97.64876788980953
2018,2,IV6,2.0,406,2.1844399010007534
2018,2,IV6,3.0,31,0.1667922091897127
2018,2,IV7,1.0,17785,95.69030453029161
2018,2,IV7,2.0,766,4.121381685139352
2018,2,IV7,4.0,23,0.12374905843107716
2018,2,IV7,3.0,12,0.0645647261379533
2018,2,IV8,1.0,18531,99.70407833853439
2018,2,IV8,2.0,55,0.29592166146561927
2018,2,IV9,1.0,17889,96.24986549015388
2018,2,IV9,2.0,640,3.4434520606908428
2018,2,IV9,0.0,55,0.29592166146561927
2018,2,IV9,3.0,2,0.010760787689658883
2018,3,II1,3.0,6609,35.98889130908299
2018,3,II1,2.0,4363,23.75844042692224
2018,3,II1,4.0,3953,21.525811370071878
2018,3,II1,1.0,1719,9.360705728599434
2018,3,II1,5.0,1178,6.414724460901764
2018,3,II1,6.0,376,2.0474842082335005
2018,3,II1,7.0,99,0.5390982356785015
2018,3,II1,8.0,29,0.15791766499673274
2018,3,II1,0.0,22,0.11979960792855587
2018,3,II1,9.0,13,0.07079067741232847
2018,3,II1,10.0,1,0.0054454367240252665
2018,3,II1,99.0,1,0.0054454367240252665
2018,3,II1,16.0,1,0.0054454367240252665
2018,3,II2,2.0,7368,40.12197778261817
2018,3,II2,1.0,6923,37.69875844042692
2018,3,II2,3.0,3404,18.536266608582007
2018,3,II2,4.0,565,3.0766717490742757
2018,3,II2,5.0,67,0.3648442605096929
2018,3,II2,0.0,23,0.12524504465258113
2018,3,II2,6.0,9,0.0490089305162274
2018,3,II2,7.0,3,0.0163363101720758
2018,3,II2,8.0,2,0.010890873448050533
2018,3,II3,2.0,17554,95.58919625353954
2018,3,II3,1.0,789,4.296449575255935
2018,3,II3,0.0,21,0.1143541712045306
2018,3,II3_1,0.0,17575,95.70355042474407
2018,3,II3_1,1.0,756,4.116750163363101
2018,3,II3_1,2.0,30,0.163363101720758
2018,3,II3_1,3.0,3,0.0163363101720758
2018,3,II4_1,1.0,17348,94.46743628839033
2018,3,II4_1,2.0,995,5.41820954040514
2018,3,II4_1,0.0,21,0.1143541712045306
2018,3,II4_2,2.0,9346,50.893051622740145
2018,3,II4_2,1.0,8997,48.99259420605532
2018,3,II4_2,0.0,21,0.1143541712045306
2018,3,II4_3,2.0,12400,67.52341537791331
2018,3,II4_3,1.0,5943,32.36223045088216
2018,3,II4_3,0.0,21,0.1143541712045306
2018,3,II5,2.0,17498,95.28425179699411
2018,3,II5,0.0,779,4.241995208015683
2018,3,II5,1.0,87,0.47375299499019824
2018,3,II5_1,0.0,18277,99.52624700500981
2018,3,II5_1,1.0,72,0.3920714441298192
2018,3,II5_1,2.0,15,0.081681550860379
2018,3,II6,2.0,17450,95.0228708342409
2018,3,II6,0.0,779,4.241995208015683
2018,3,II6,1.0,135,0.7351339577434111
2018,3,II6_1,0.0,18230,99.27031147898062
2018,3,II6_1,1.0,125,0.6806795905031584
2018,3,II6_1,2.0,8,0.04356349379220213
2018,3,II6_1,3.0,1,0.0054454367240252665
2018,3,II7,1.0,12091,65.8407754301895
2018,3,II7,3.0,3397,18.498148551513832
2018,3,II7,6.0,1135,6.180570681768677
2018,3,II7,2.0,876,4.770202570246134
2018,3,II7,4.0,449,2.4450010890873446
2018,3,II7,8.0,257,1.3994772380744935
2018,3,II7,7.0,49,0.2668263994772381
2018,3,II7,5.0,49,0.2668263994772381
2018,3,II7,9.0,40,0.21781746896101067
2018,3,II7,0.0,21,0.1143541712045306
2018,3,II8,1.0,12025,65.48137660640383
2018,3,II8,2.0,6177,33.636462644304075
2018,3,II8,4.0,116,0.631670659986931
2018,3,II8,3.0,25,0.13613591810063166
2018,3,II8,0.0,21,0.1143541712045306
2018,3,II9,1.0,17853,97.21738183402309
2018,3,II9,2.0,227,1.2361141363537356
2018,3,II9,3.0,202,1.099978218253104
2018,3,II9,4.0,61,0.3321716401655413
2018,3,II9,0.0,21,0.1143541712045306
2018,3,IV1,1.0,14448,78.67566978871706
2018,3,IV1,2.0,3766,20.507514702679156
2018,3,IV1,3.0,97,0.5282073622304508
2018,3,IV1,4.0,26,0.14158135482465695
2018,3,IV1,6.0,23,0.12524504465258113
2018,3,IV1,5.0,3,0.0163363101720758
2018,3,IV1,0.0,1,0.0054454367240252665
2018,3,IV10,1.0,17505,95.3223698540623
2018,3,IV10,2.0,749,4.078632106294925
2018,3,IV10,0.0,62,0.33761707688956655
2018,3,IV10,3.0,48,0.2613809627532128
2018,3,IV11,1.0,14150,77.05292964495753
2018,3,IV11,2.0,3046,16.58680026138096
2018,3,IV11,3.0,1047,5.701372250054455
2018,3,IV11,0.0,62,0.33761707688956655
2018,3,IV11,4.0,59,0.32128076671749073
2018,3,IV12_1,2.0,17113,93.18775865824439
2018,3,IV12_1,1.0,1250,6.806795905031583
2018,3,IV12_1,0.0,1,0.0054454367240252665
2018,3,IV12_2,2.0,16956,92.33282509257242
2018,3,IV12_2,1.0,1407,7.66172947070355
2018,3,IV12_2,0.0,1,0.0054454367240252665
2018,3,IV12_3,2.0,18163,98.90546721847092
2018,3,IV12_3,1.0,200,1.0890873448050533
2018,3,IV12_3,0.0,1,0.0054454367240252665
2018,3,IV2,3.0,6570,35.776519276846
2018,3,IV2,2.0,4289,23.355478109344368
2018,3,IV2,4.0,4048,22.04312785885428
2018,3,IV2,1.0,1645,8.957743411021564
2018,3,IV2,5.0,1227,6.681550860379002
2018,3,IV2,6.0,408,2.2217381834023087
2018,3,IV2,7.0,115,0.6262252232629056
2018,3,IV2,8.0,37,0.20148115878893488
2018,3,IV2,9.0,13,0.07079067741232847
2018,3,IV2,10.0,5,0.027227183620126334
2018,3,IV2,99.0,3,0.0163363101720758
2018,3,IV2,13.0,1,0.0054454367240252665
2018,3,IV2,11.0,1,0.0054454367240252665
2018,3,IV2,0.0,1,0.0054454367240252665
2018,3,IV2,16.0,1,0.0054454367240252665
2018,3,IV3,1.0,16142,87.90023959921585
2018,3,IV3,2.0,2084,11.348290132868657
2018,3,IV3,3.0,105,0.571770856022653
2018,3,IV3,4.0,32,0.17425397516880853
2018,3,IV3,0.0,1,0.0054454367240252665
2018,3,IV4,4.0,5946,32.37856676105424
2018,3,IV4,1.0,5203,28.332607275103463
2018,3,IV4,2.0,4311,23.475277717272924
2018,3,IV4,3.0,1253,6.8231322152036595
2018,3,IV4,9.0,1246,6.785014158135483
2018,3,IV4,5.0,270,1.4702679154868221
2018,3,IV4,7.0,109,0.5935526029187541
2018,3,IV4,6.0,25,0.13613591810063166
2018,3,IV4,0.0,1,0.0054454367240252665
2018,3,IV5,1.0,15908,86.62600740579394
2018,3,IV5,2.0,2455,13.36854715748203
2018,3,IV5,0.0,1,0.0054454367240252665
2018,3,IV6,1.0,17898,97.46242648660423
2018,3,IV6,2.0,424,2.308865170986713
2018,3,IV6,3.0,41,0.22326290568503593
2018,3,IV6,0.0,1,0.0054454367240252665
2018,3,IV7,1.0,17545,95.5401873230233
2018,3,IV7,2.0,777,4.2311043345676325
2018,3,IV7,4.0,29,0.15791766499673274
2018,3,IV7,3.0,12,0.0653452406883032
2018,3,IV7,0.0,1,0.0054454367240252665
2018,3,IV8,1.0,18302,99.66238292311043
2018,3,IV8,2.0,61,0.3321716401655413
2018,3,IV8,0.0,1,0.0054454367240252665
2018,3,IV9,1.0,17667,96.20453060335439
2018,3,IV9,2.0,634,3.4524068830320194
2018,3,IV9,0.0,62,0.33761707688956655
2018,3,IV9,3.0,1,0.0054454367240252665
2018,4,II1,3.0,6626,35.59303824666953
2018,4,II1,2.0,4471,24.016974645466266
2018,4,II1,4.0,3951,21.22367855608079
2018,4,II1,1.0,1782,9.57241082939407
2018,4,II1,5.0,1215,6.5266437473141385
2018,4,II1,6.0,381,2.0466265577997422
2018,4,II1,7.0,111,0.5962612806188226
2018,4,II1,8.0,35,0.18801031370863774
2018,4,II1,0.0,23,0.12354963472281907
2018,4,II1,9.0,12,0.06446067898581866
2018,4,II1,12.0,4,0.021486892995272882
2018,4,II1,21.0,2,0.010743446497636441
2018,4,II1,10.0,1,0.0053717232488182205
2018,4,II1,99.0,1,0.0053717232488182205
2018,4,II1,16.0,1,0.0053717232488182205
2018,4,II2,2.0,7320,39.321014181349376
2018,4,II2,1.0,7077,38.01568543188655
2018,4,II2,3.0,3549,19.064245810055866
2018,4,II2,4.0,557,2.992049849591749
2018,4,II2,5.0,74,0.39750752041254833
2018,4,II2,0.0,24,0.1289213579716373
2018,4,II2,6.0,13,0.06983240223463687
2018,4,II2,7.0,2,0.010743446497636441
2018,4,II3,2.0,17778,95.49849591749033
2018,4,II3,1.0,816,4.383326171035669
2018,4,II3,0.0,22,0.11817791147400086
2018,4,II3_1,0.0,17800,95.61667382896434
2018,4,II3_1,1.0,783,4.2060593038246665
2018,4,II3_1,2.0,32,0.17189514396218306
2018,4,II3_1,3.0,1,0.0053717232488182205
2018,4,II4_1,1.0,17532,94.17705199828104
2018,4,II4_1,2.0,1062,5.704770090244951
2018,4,II4_1,0.0,22,0.11817791147400086
2018,4,II4_2,2.0,9478,50.9131929522991
2018,4,II4_2,1.0,9116,48.9686291362269
2018,4,II4_2,0.0,22,0.11817791147400086
2018,4,II4_3,2.0,12613,67.75354533734422
2018,4,II4_3,1.0,5981,32.12827675118178
2018,4,II4_3,0.0,22,0.11817791147400086
2018,4,II5,2.0,17657,94.84851740438333
2018,4,II5,0.0,859,4.614310270734852
2018,4,II5,1.0,100,0.5371723248818221
2018,4,II5_1,0.0,18516,99.46282767511818
2018,4,II5_1,1.0,83,0.4458530296519123
2018,4,II5_1,2.0,16,0.08594757198109153
2018,4,II5_1,3.0,1,0.0053717232488182205
2018,4,II6,2.0,17612,94.6067898581865
2018,4,II6,0.0,859,4.614310270734852
2018,4,II6,1.0,145,0.778899871078642
2018,4,II6_1,0.0,18471,99.22110012892136
2018,4,II6_1,1.0,141,0.7574129780833692
2018,4,II6_1,3.0,3,0.016115169746454664
2018,4,II6_1,2.0,1,0.0053717232488182205
2018,4,II7,1.0,12224,65.66394499355393
2018,4,II7,3.0,3512,18.865492049849593
2018,4,II7,6.0,1145,6.150623119896863
2018,4,II7,2.0,835,4.485388912763215
2018,4,II7,4.0,436,2.3420713364847443
2018,4,II7,8.0,287,1.5416845724108295
2018,4,II7,7.0,59,0.31693167168027503
2018,4,II7,5.0,49,0.2632144391920928
2018,4,II7,9.0,47,0.2524709926944564
2018,4,II7,0.0,22,0.11817791147400086
2018,4,II8,1.0,12236,65.72840567253975
2018,4,II8,2.0,6191,33.25633863343361
2018,4,II8,4.0,140,0.752041254834551
2018,4,II8,3.0,27,0.14503652771809197
2018,4,II8,0.0,22,0.11817791147400086
2018,4,II9,1.0,18052,96.97034808766652
2018,4,II9,2.0,283,1.5201976794155565
2018,4,II9,3.0,199,1.068972926514826
2018,4,II9,4.0,60,0.32230339492909327
2018,4,II9,0.0,22,0.11817791147400086
2018,4,IV1,1.0,14560,78.2122905027933
2018,4,IV1,2.0,3930,21.11087236785561
2018,4,IV1,3.0,81,0.4351095831542759
2018,4,IV1,4.0,23,0.12354963472281907
2018,4,IV1,6.0,14,0.07520412548345509
2018,4,IV1,5.0,6,0.03223033949290933
2018,4,IV1,9.0,1,0.0053717232488182205
2018,4,IV1,0.0,1,0.0053717232488182205
2018,4,IV10,1.0,17750,95.34808766652343
2018,4,IV10,2.0,775,4.163085517834121
2018,4,IV10,0.0,64,0.3437902879243661
2018,4,IV10,3.0,26,0.13966480446927373
2018,4,IV10,9.0,1,0.0053717232488182205
2018,4,IV11,1.0,14337,77.01439621830683
2018,4,IV11,2.0,3103,16.66845724108294
2018,4,IV11,3.0,1072,5.758487322733132
2018,4,IV11,0.0,64,0.3437902879243661
2018,4,IV11,4.0,39,0.20949720670391062
2018,4,IV11,9.0,1,0.0053717232488182205
2018,4,IV12_1,2.0,17410,93.52170176192523
2018,4,IV12_1,1.0,1204,6.467554791577138
2018,4,IV12_1,9.0,1,0.0053717232488182205
2018,4,IV12_1,0.0,1,0.0053717232488182205
2018,4,IV12_2,2.0,17218,92.49033089815212
2018,4,IV12_2,1.0,1396,7.498925655350236
2018,4,IV12_2,9.0,1,0.0053717232488182205
2018,4,IV12_2,0.0,1,0.0053717232488182205
2018,4,IV12_3,2.0,18408,98.88268156424581
2018,4,IV12_3,1.0,206,1.1065749892565535
2018,4,IV12_3,9.0,1,0.0053717232488182205
2018,4,IV12_3,0.0,1,0.0053717232488182205
2018,4,IV2,3.0,6612,35.51783412118608
2018,4,IV2,2.0,4395,23.608723678556082
2018,4,IV2,4.0,4050,21.755479157713793
2018,4,IV2,1.0,1651,8.868715083798882
2018,4,IV2,5.0,1279,6.870434035238505
2018,4,IV2,6.0,409,2.1970348087666522
2018,4,IV2,7.0,136,0.730554361839278
2018,4,IV2,8.0,45,0.24172754619681994
2018,4,IV2,9.0,13,0.06983240223463687
2018,4,IV2,99.0,9,0.04834550923936399
2018,4,IV2,10.0,8,0.042973785990545764
2018,4,IV2,12.0,4,0.021486892995272882
2018,4,IV2,21.0,1,0.0053717232488182205
2018,4,IV2,13.0,1,0.0053717232488182205
2018,4,IV2,11.0,1,0.0053717232488182205
2018,4,IV2,0.0,1,0.0053717232488182205
2018,4,IV2,16.0,1,0.0053717232488182205
2018,4,IV3,1.0,16481,88.5313708637731
2018,4,IV3,2.0,2010,10.797163730124623
2018,4,IV3,3.0,81,0.4351095831542759
2018,4,IV3,4.0,42,0.22561237645036528
2018,4,IV3,9.0,1,0.0053717232488182205
2018,4,IV3,0.0,1,0.0053717232488182205
2018,4,IV4,4.0,5979,32.117533304684144
2018,4,IV4,1.0,5234,28.11559948431457
2018,4,IV4,2.0,4314,23.173614095401806
2018,4,IV4,9.0,1358,7.294800171895144
2018,4,IV4,3.0,1305,7.010098839707778
2018,4,IV4,5.0,283,1.5201976794155565
2018,4,IV4,7.0,112,0.6016330038676407
2018,4,IV4,6.0,30,0.16115169746454663
2018,4,IV4,0.0,1,0.0053717232488182205
2018,4,IV5,1.0,16209,87.07026214009454
2018,4,IV5,2.0,2405,12.918994413407821
2018,4,IV5,9.0,1,0.0053717232488182205
2018,4,IV5,0.0,1,0.0053717232488182205
2018,4,IV6,1.0,18148,97.48603351955308
2018,4,IV6,2.0,431,2.315212720240653
2018,4,IV6,3.0,35,0.18801031370863774
2018,4,IV6,9.0,1,0.0053717232488182205
2018,4,IV6,0.0,1,0.0053717232488182205
2018,4,IV7,1.0,17832,95.78856897292651
2018,4,IV7,2.0,745,4.001933820369574
2018,4,IV7,4.0,28,0.15040825096691018
2018,4,IV7,3.0,9,0.04834550923936399
2018,4,IV7,9.0,1,0.0053717232488182205
2018,4,IV7,0.0,1,0.0053717232488182205
2018,4,IV8,1.0,18551,99.65083798882682
2018,4,IV8,2.0,63,0.33841856467554793
2018,4,IV8,9.0,1,0.0053717232488182205
2018,4,IV8,0.0,1,0.0053717232488182205
2018,4,IV9,1.0,17949,96.41706059303824
2018,4,IV9,2.0,601,3.228405672539751
2018,4,IV9,0.0,64,0.3437902879243661
2018,4,IV9,9.0,1,0.0053717232488182205
2018,4,IV9,3.0,1,0.0053717232488182205
2019,1,II1,3.0,6869,35.52073637397869
2019,1,II1,2.0,4738,24.500982521460337
2019,1,II1,4.0,4040,20.891508946116456
2019,1,II1,1.0,1901,9.830385768952322
2019,1,II1,5.0,1229,6.355362498707208
2019,1,II1,6.0,381,1.970214086255042
2019,1,II1,7.0,95,0.49126073016858
2019,1,II1,8.0,43,0.22236011997104146
2019,1,II1,0.0,17,0.08790981487227222
2019,1,II1,9.0,14,0.07239631813010652
2019,1,II1,12.0,4,0.020684662322887577
2019,1,II1,10.0,3,0.015513496742165685
2019,1,II1,11.0,2,0.010342331161443789
2019,1,II1,33.0,1,0.005171165580721894
2019,1,II1,23.0,1,0.005171165580721894
2019,1,II2,2.0,7584,39.21811976419485
2019,1,II2,1.0,7409,38.313165787568515
2019,1,II2,3.0,3695,19.1074568207674
2019,1,II2,4.0,536,2.7717447512669358
2019,1,II2,5.0,76,0.393008584134864
2019,1,II2,0.0,18,0.09308098045299411
2019,1,II2,6.0,16,0.08273864929155031
2019,1,II2,7.0,4,0.020684662322887577
2019,1,II3,2.0,18448,95.39766263315751
2019,1,II3,1.0,875,4.524769883131658
2019,1,II3,0.0,15,0.07756748371082842
2019,1,II3_1,0.0,18463,95.47523011686835
2019,1,II3_1,1.0,835,4.317923259902782
2019,1,II3_1,2.0,38,0.196504292067432
2019,1,II3_1,5.0,1,0.005171165580721894
2019,1,II3_1,3.0,1,0.005171165580721894
2019,1,II4_1,1.0,18155,93.882511118006
2019,1,II4_1,2.0,1168,6.039921398283173
2019,1,II4_1,0.0,15,0.07756748371082842
2019,1,II4_2,2.0,10003,51.72716930396111
2019,1,II4_2,1.0,9320,48.19526321232806
2019,1,II4_2,0.0,15,0.07756748371082842
2019,1,II4_3,2.0,13130,67.89740407487848
2019,1,II4_3,1.0,6193,32.0250284414107
2019,1,II4_3,0.0,15,0.07756748371082842
2019,1,II5,2.0,18311,94.68921294859861
2019,1,II5,0.0,912,4.716103009618368
2019,1,II5,1.0,115,0.5946840417830179
2019,1,II5_1,0.0,19223,99.40531595821699
2019,1,II5_1,1.0,91,0.4705760678456924
2019,1,II5_1,2.0,24,0.12410797393732548
2019,1,II6,2.0,18268,94.46685282862757
2019,1,II6,0.0,912,4.716103009618368
2019,1,II6,1.0,158,0.8170441617540594
2019,1,II6_1,0.0,19180,99.18295583824595
2019,1,II6_1,1.0,151,0.7808460026890061
2019,1,II6_1,2.0,5,0.025855827903609473
2019,1,II6_1,3.0,2,0.010342331161443789
2019,1,II7,1.0,12697,65.65828937842589
2019,1,II7,3.0,3505,18.12493536043024
2019,1,II7,6.0,1227,6.345020167545765
2019,1,II7,2.0,969,5.010859447719516
2019,1,II7,4.0,443,2.290826352259799
2019,1,II7,8.0,294,1.520322680732237
2019,1,II7,7.0,67,0.34646809390836697
2019,1,II7,5.0,61,0.31544110042403556
2019,1,II7,9.0,60,0.31026993484331367
2019,1,II7,0.0,15,0.07756748371082842
2019,1,II8,1.0,12507,64.67576791808874
2019,1,II8,2.0,6620,34.23311614437894
2019,1,II8,4.0,171,0.884269314303444
2019,1,II8,3.0,25,0.12927913951804737
2019,1,II8,0.0,15,0.07756748371082842
2019,1,II9,1.0,18752,96.96969696969697
2019,1,II9,2.0,297,1.5358361774744027
2019,1,II9,3.0,206,1.0652601096287102
2019,1,II9,4.0,68,0.35163925948908886
2019,1,II9,0.0,15,0.07756748371082842
2019,1,IV1,1.0,15107,78.12079842796567
2019,1,IV1,2.0,4123,21.320715689316373
2019,1,IV1,3.0,60,0.31026993484331367
2019,1,IV1,4.0,24,0.12410797393732548
2019,1,IV1,6.0,18,0.09308098045299411
2019,1,IV1,5.0,5,0.025855827903609473
2019,1,IV1,9.0,1,0.005171165580721894
2019,1,IV10,1.0,18394,95.11841969179854
2019,1,IV10,2.0,847,4.379977246871444
2019,1,IV10,0.0,70,0.36198159065053265
2019,1,IV10,3.0,26,0.13445030509876926
2019,1,IV10,9.0,1,0.005171165580721894
2019,1,IV11,1.0,14866,76.87454752301169
2019,1,IV11,2.0,3204,16.56841452063295
2019,1,IV11,3.0,1147,5.931326921088013
2019,1,IV11,0.0,70,0.36198159065053265
2019,1,IV11,4.0,50,0.25855827903609474
2019,1,IV11,9.0,1,0.005171165580721894
2019,1,IV12_1,2.0,18081,93.49984486503257
2019,1,IV12_1,1.0,1256,6.4949839693867
2019,1,IV12_1,9.0,1,0.005171165580721894
2019,1,IV12_2,2.0,17852,92.31564794704727
2019,1,IV12_2,1.0,1485,7.679180887372014
2019,1,IV12_2,9.0,1,0.005171165580721894
2019,1,IV12_3,2.0,19124,98.89337056572552
2019,1,IV12_3,1.0,213,1.1014582686937635
2019,1,IV12_3,9.0,1,0.005171165580721894
2019,1,IV2,3.0,6878,35.56727686420519
2019,1,IV2,2.0,4645,24.0200641224532
2019,1,IV2,4.0,4133,21.37242734512359
2019,1,IV2,1.0,1759,9.096080256489813
2019,1,IV2,5.0,1310,6.774226910745682
2019,1,IV2,6.0,412,2.1305202192574204
2019,1,IV2,7.0,113,0.5843417106215741
2019,1,IV2,8.0,48,0.24821594787465096
2019,1,IV2,9.0,15,0.07756748371082842
2019,1,IV2,10.0,7,0.03619815906505326
2019,1,IV2,99.0,6,0.03102699348433137
2019,1,IV2,12.0,4,0.020684662322887577
2019,1,IV2,41.0,3,0.015513496742165685
2019,1,IV2,11.0,2,0.010342331161443789
2019,1,IV2,44.0,1,0.005171165580721894
2019,1,IV2,47.0,1,0.005171165580721894
2019,1,IV2,21.0,1,0.005171165580721894
2019,1,IV3,1.0,17096,88.40624676802152
2019,1,IV3,2.0,2125,10.988726859034026
2019,1,IV3,3.0,67,0.34646809390836697
2019,1,IV3,4.0,49,0.25338711345537285
2019,1,IV3,9.0,1,0.005171165580721894
2019,1,IV4,4.0,6212,32.12328058744441
2019,1,IV4,1.0,5470,28.286275726548762
2019,1,IV4,2.0,4531,23.430551246250904
2019,1,IV4,9.0,1354,7.001758196297446
2019,1,IV4,3.0,1312,6.784569241907126
2019,1,IV4,5.0,271,1.4013858723756334
2019,1,IV4,7.0,138,0.7136208501396215
2019,1,IV4,6.0,50,0.25855827903609474
2019,1,IV5,1.0,16796,86.85489709380495
2019,1,IV5,2.0,2541,13.139931740614335
2019,1,IV5,9.0,1,0.005171165580721894
2019,1,IV6,1.0,18883,97.64711966077154
2019,1,IV6,2.0,425,2.197745371806805
2019,1,IV6,3.0,29,0.14996380184093494
2019,1,IV6,9.0,1,0.005171165580721894
2019,1,IV7,1.0,18536,95.85272520426103
2019,1,IV7,2.0,768,3.9714551659944153
2019,1,IV7,4.0,17,0.08790981487227222
2019,1,IV7,3.0,16,0.08273864929155031
2019,1,IV7,9.0,1,0.005171165580721894
2019,1,IV8,1.0,19267,99.63284724376875
2019,1,IV8,2.0,70,0.36198159065053265
2019,1,IV8,9.0,1,0.005171165580721894
2019,1,IV9,1.0,18639,96.3853552590754
2019,1,IV9,2.0,625,3.231978487951184
2019,1,IV9,0.0,70,0.36198159065053265
2019,1,IV9,3.0,3,0.015513496742165685
2019,1,IV9,9.0,1,0.005171165580721894
2019,2,II1,3.0,6901,35.84748844215885
2019,2,II1,2.0,4682,24.320814503142692
2019,2,II1,4.0,3964,20.591138122694925
2019,2,II1,1.0,1901,9.874811698093605
2019,2,II1,5.0,1268,6.586670822294946
2019,2,II1,6.0,366,1.9011999376655757
2019,2,II1,7.0,94,0.4882863227884266
2019,2,II1,8.0,36,0.18700327255726976
2019,2,II1,0.0,18,0.09350163627863488
2019,2,II1,9.0,12,0.06233442418575658
2019,2,II1,10.0,6,0.03116721209287829
2019,2,II1,11.0,2,0.010389070697626098
2019,2,II1,12.0,1,0.005194535348813049
2019,2,II2,2.0,7651,39.743389953768634
2019,2,II2,1.0,7321,38.02919328866033
2019,2,II2,3.0,3609,18.74707807386629
2019,2,II2,4.0,554,2.877772583242429
2019,2,II2,5.0,76,0.3947846865097917
2019,2,II2,0.0,18,0.09350163627863488
2019,2,II2,6.0,17,0.08830710092982183
2019,2,II2,7.0,4,0.020778141395252196
2019,2,II2,8.0,1,0.005194535348813049
2019,2,II3,2.0,18339,95.2625837618825
2019,2,II3,1.0,895,4.649109137187678
2019,2,II3,0.0,17,0.08830710092982183
2019,2,II3_1,0.0,18356,95.35089086281232
2019,2,II3_1,1.0,852,4.425744117188717
2019,2,II3_1,2.0,41,0.21297594930133498
2019,2,II3_1,3.0,2,0.010389070697626098
2019,2,II4_1,1.0,18067,93.84967014700536
2019,2,II4_1,2.0,1167,6.062022752064828
2019,2,II4_1,0.0,17,0.08830710092982183
2019,2,II4_2,2.0,9967,51.77393382161966
2019,2,II4_2,1.0,9267,48.137759077450525
2019,2,II4_2,0.0,17,0.08830710092982183
2019,2,II4_3,2.0,12961,67.32637265596593
2019,2,II4_3,1.0,6273,32.585320243104256
2019,2,II4_3,0.0,17,0.08830710092982183
2019,2,II5,2.0,18288,94.99766245909304
2019,2,II5,0.0,861,4.472494935328035
2019,2,II5,1.0,102,0.5298426055789309
2019,2,II5_1,0.0,19149,99.47015739442107
2019,2,II5_1,1.0,82,0.42595189860266996
2019,2,II5_1,2.0,20,0.10389070697626097
2019,2,II6,2.0,18229,94.69118487351307
2019,2,II6,0.0,861,4.472494935328035
2019,2,II6,1.0,161,0.8363201911589009
2019,2,II6_1,0.0,19090,99.1636798088411
2019,2,II6_1,1.0,152,0.7895693730195834
2019,2,II6_1,2.0,8,0.04155628279050439
2019,2,II6_1,3.0,1,0.005194535348813049
2019,2,II7,1.0,12552,65.20180769830138
2019,2,II7,3.0,3475,18.051010337125344
2019,2,II7,6.0,1190,6.181497065087528
2019,2,II7,2.0,1067,5.542569217183523
2019,2,II7,4.0,495,2.5712949976624593
2019,2,II7,8.0,287,1.490831645109345
2019,2,II7,5.0,65,0.33764479767284816
2019,2,II7,7.0,60,0.31167212092878294
2019,2,II7,9.0,43,0.2233650199989611
2019,2,II7,0.0,17,0.08830710092982183
2019,2,II8,1.0,12335,64.07459352760895
2019,2,II8,2.0,6707,34.839748584489115
2019,2,II8,4.0,164,0.8519037972053399
2019,2,II8,3.0,28,0.14544698976676537
2019,2,II8,0.0,17,0.08830710092982183
2019,2,II9,1.0,18671,96.98716949768843
2019,2,II9,2.0,283,1.4700535037140927
2019,2,II9,3.0,213,1.1064360292971793
2019,2,II9,4.0,67,0.3480338683704743
2019,2,II9,0.0,17,0.08830710092982183
2019,2,IV1,1.0,15029,78.06867175731131
2019,2,IV1,2.0,4099,21.292400394784686
2019,2,IV1,3.0,68,0.3532284037192873
2019,2,IV1,6.0,33,0.1714196665108306
2019,2,IV1,4.0,21,0.10908524232507402
2019,2,IV1,5.0,1,0.005194535348813049
2019,2,IV10,1.0,18282,94.96649524700015
2019,2,IV10,2.0,865,4.493273076723287
2019,2,IV10,0.0,66,0.3428393330216612
2019,2,IV10,3.0,38,0.19739234325489585
2019,2,IV11,1.0,14857,77.17521167731546
2019,2,IV11,2.0,3176,16.497844267830242
2019,2,IV11,3.0,1097,5.698405277647915
2019,2,IV11,0.0,66,0.3428393330216612
2019,2,IV11,4.0,55,0.28569944418471765
2019,2,IV12_1,2.0,17933,93.1536024102644
2019,2,IV12_1,1.0,1318,6.846397589735598
2019,2,IV12_2,2.0,17657,91.719910653992
2019,2,IV12_2,1.0,1594,8.280089346008
2019,2,IV12_3,2.0,19034,98.87278582930757
2019,2,IV12_3,1.0,217,1.1272141706924315
2019,2,IV2,3.0,6935,36.02410264401849
2019,2,IV2,2.0,4588,23.832528180354267
2019,2,IV2,4.0,4024,20.90281024362371
2019,2,IV2,1.0,1795,9.324190951119423
2019,2,IV2,5.0,1333,6.9243156199677935
2019,2,IV2,6.0,401,2.0830086748740326
2019,2,IV2,7.0,103,0.535037140927744
2019,2,IV2,8.0,41,0.21297594930133498
2019,2,IV2,9.0,12,0.06233442418575658
2019,2,IV2,10.0,9,0.04675081813931744
2019,2,IV2,99.0,7,0.03636174744169134
2019,2,IV2,11.0,2,0.010389070697626098
2019,2,IV2,12.0,1,0.005194535348813049
2019,2,IV3,1.0,16952,88.0577632330788
2019,2,IV3,2.0,2177,11.308503454366006
2019,2,IV3,3.0,84,0.4363409693002961
2019,2,IV3,4.0,38,0.19739234325489585
2019,2,IV4,4.0,6377,33.12555191938081
2019,2,IV4,1.0,5372,27.9050438938237
2019,2,IV4,2.0,4494,23.34424185756584
2019,2,IV4,3.0,1300,6.752895953456964
2019,2,IV4,9.0,1269,6.5918653576437585
2019,2,IV4,5.0,281,1.4596644330164668
2019,2,IV4,7.0,122,0.6337333125551919
2019,2,IV4,6.0,36,0.18700327255726976
2019,2,IV5,1.0,16654,86.5097916991325
2019,2,IV5,2.0,2597,13.490208300867488
2019,2,IV6,1.0,18774,97.52220663861618
2019,2,IV6,2.0,443,2.3011791595241804
2019,2,IV6,3.0,34,0.17661420185964366
2019,2,IV7,1.0,18462,95.90151160978651
2019,2,IV7,2.0,760,3.947846865097917
2019,2,IV7,3.0,16,0.08311256558100878
2019,2,IV7,4.0,13,0.06752895953456964
2019,2,IV8,1.0,19185,99.65716066697834
2019,2,IV8,2.0,66,0.3428393330216612
2019,2,IV9,1.0,18480,95.99501324606514
2019,2,IV9,2.0,701,3.641369279517947
2019,2,IV9,0.0,66,0.3428393330216612
2019,2,IV9,3.0,4,0.020778141395252196
2019,3,II1,3.0,6725,36.1364857603439
2019,3,II1,2.0,4530,24.341751746372918
2019,3,II1,4.0,3770,20.257925846319182
2019,3,II1,1.0,1847,9.924771628156904
2019,3,II1,5.0,1224,6.577109081139173
2019,3,II1,6.0,352,1.891456206340677
2019,3,II1,7.0,100,0.537345513164965
2019,3,II1,8.0,23,0.12358946802794196
2019,3,II1,0.0,19,0.10209564750134337
2019,3,II1,9.0,11,0.05910800644814616
2019,3,II1,10.0,4,0.021493820526598602
2019,3,II1,12.0,2,0.010746910263299301
2019,3,II1,99.0,1,0.0053734551316496505
2019,3,II1,11.0,1,0.0053734551316496505
2019,3,II1,16.0,1,0.0053734551316496505
2019,3,II2,2.0,7479,40.18807092960774
2019,3,II2,1.0,7144,38.387963460505105
2019,3,II2,3.0,3325,17.866738312735087
2019,3,II2,4.0,539,2.896292315959162
2019,3,II2,5.0,83,0.445996775926921
2019,3,II2,6.0,19,0.10209564750134337
2019,3,II2,0.0,19,0.10209564750134337
2019,3,II2,7.0,1,0.0053734551316496505
2019,3,II2,8.0,1,0.0053734551316496505
2019,3,II3,2.0,17768,95.47555077915099
2019,3,II3,1.0,823,4.422353573347663
2019,3,II3,0.0,19,0.10209564750134337
2019,3,II3_1,0.0,17788,95.58301988178398
2019,3,II3_1,1.0,785,4.218162278344976
2019,3,II3_1,2.0,34,0.1826974744760881
2019,3,II3_1,3.0,3,0.016120365394948953
2019,3,II4_1,1.0,17420,93.60558839333692
2019,3,II4_1,2.0,1171,6.292315959161741
2019,3,II4_1,0.0,19,0.10209564750134337
2019,3,II4_2,2.0,9852,52.93927995701236
2019,3,II4_2,1.0,8739,46.9586243954863
2019,3,II4_2,0.0,19,0.10209564750134337
2019,3,II4_3,2.0,12714,68.31810854379366
2019,3,II4_3,1.0,5877,31.579795808704997
2019,3,II4_3,0.0,19,0.10209564750134337
2019,3,II5,2.0,17657,94.87909725953789
2019,3,II5,0.0,847,4.551316496507254
2019,3,II5,1.0,106,0.569586243954863
2019,3,II5_1,0.0,18504,99.43041375604514
2019,3,II5_1,1.0,88,0.47286405158516925
2019,3,II5_1,2.0,17,0.09134873723804406
2019,3,II5_1,3.0,1,0.0053734551316496505
2019,3,II6,2.0,17601,94.5781837721655
2019,3,II6,0.0,847,4.551316496507254
2019,3,II6,1.0,162,0.8704997313272435
2019,3,II6_1,0.0,18448,99.12950026867276
2019,3,II6_1,1.0,157,0.8436324556689951
2019,3,II6_1,2.0,5,0.026867275658248254
2019,3,II7,1.0,12030,64.6426652337453
2019,3,II7,3.0,3502,18.817839871037076
2019,3,II7,6.0,1111,5.969908651262762
2019,3,II7,2.0,1035,5.561526061257388
2019,3,II7,4.0,496,2.665233745298227
2019,3,II7,8.0,282,1.5153143471252015
2019,3,II7,5.0,57,0.3062869425040301
2019,3,II7,7.0,41,0.22031166039763567
2019,3,II7,9.0,37,0.19881783987103707
2019,3,II7,0.0,19,0.10209564750134337
2019,3,II8,1.0,12296,66.0720042987641
2019,3,II8,2.0,6091,32.72971520687802
2019,3,II8,4.0,169,0.908113917248791
2019,3,II8,3.0,35,0.18807092960773777
2019,3,II8,0.0,19,0.10209564750134337
2019,3,II9,1.0,18081,97.15744223535734
2019,3,II9,2.0,254,1.3648576034390112
2019,3,II9,3.0,196,1.0531972058033316
2019,3,II9,4.0,60,0.32240730789897903
2019,3,II9,0.0,19,0.10209564750134337
2019,3,IV1,1.0,14428,77.52821063944116
2019,3,IV1,2.0,4052,21.773240193444384
2019,3,IV1,3.0,68,0.3653949489521762
2019,3,IV1,4.0,31,0.16657710908113918
2019,3,IV1,6.0,28,0.15045674368619022
2019,3,IV1,5.0,2,0.010746910263299301
2019,3,IV1,0.0,1,0.0053734551316496505
2019,3,IV10,1.0,17696,95.08866200967222
2019,3,IV10,2.0,817,4.390112842557764
2019,3,IV10,0.0,61,0.3277807630306287
2019,3,IV10,3.0,36,0.19344438473938744
2019,3,IV11,1.0,14487,77.8452444922085
2019,3,IV11,2.0,2962,15.916174099946266
2019,3,IV11,3.0,1052,5.652874798495432
2019,3,IV11,0.0,61,0.3277807630306287
2019,3,IV11,4.0,48,0.25792584631918325
2019,3,IV12_1,2.0,17294,92.92853304674907
2019,3,IV12_1,1.0,1315,7.066093498119291
2019,3,IV12_1,0.0,1,0.0053734551316496505
2019,3,IV12_2,2.0,17093,91.84846856528748
2019,3,IV12_2,1.0,1516,8.14615797958087
2019,3,IV12_2,0.0,1,0.0053734551316496505
2019,3,IV12_3,2.0,18409,98.91993551853842
2019,3,IV12_3,1.0,200,1.07469102632993
2019,3,IV12_3,0.0,1,0.0053734551316496505
2019,3,IV2,3.0,6748,36.260075228371846
2019,3,IV2,2.0,4457,23.949489521762494
2019,3,IV2,4.0,3834,20.60182697474476
2019,3,IV2,1.0,1725,9.269210102095647
2019,3,IV2,5.0,1288,6.92101020956475
2019,3,IV2,6.0,381,2.047286405158517
2019,3,IV2,7.0,115,0.6179473401397099
2019,3,IV2,8.0,28,0.15045674368619022
2019,3,IV2,9.0,13,0.06985491671144546
2019,3,IV2,10.0,10,0.05373455131649651
2019,3,IV2,99.0,4,0.021493820526598602
2019,3,IV2,12.0,3,0.016120365394948953
2019,3,IV2,13.0,1,0.0053734551316496505
2019,3,IV2,11.0,1,0.0053734551316496505
2019,3,IV2,0.0,1,0.0053734551316496505
2019,3,IV2,16.0,1,0.0053734551316496505
2019,3,IV3,1.0,16422,88.24288017195056
2019,3,IV3,2.0,2073,11.139172487909725
2019,3,IV3,3.0,84,0.45137023105857066
2019,3,IV3,4.0,30,0.16120365394948952
2019,3,IV3,0.0,1,0.0053734551316496505
2019,3,IV4,4.0,6041,32.46104245029554
2019,3,IV4,1.0,5288,28.414830736163353
2019,3,IV4,2.0,4304,23.127350886620096
2019,3,IV4,9.0,1378,7.404621171413218
2019,3,IV4,3.0,1229,6.60397635679742
2019,3,IV4,5.0,228,1.2251477700161204
2019,3,IV4,7.0,109,0.5857066093498119
2019,3,IV4,6.0,32,0.17195056421278881
2019,3,IV4,0.0,1,0.0053734551316496505
2019,3,IV5,1.0,16099,86.50725416442772
2019,3,IV5,2.0,2510,13.487372380440624
2019,3,IV5,0.0,1,0.0053734551316496505
2019,3,IV6,1.0,18137,97.45835572272972
2019,3,IV6,2.0,447,2.4019344438473937
2019,3,IV6,3.0,25,0.13433637829124126
2019,3,IV6,0.0,1,0.0053734551316496505
2019,3,IV7,1.0,17780,95.5400322407308
2019,3,IV7,2.0,805,4.325631380977969
2019,3,IV7,4.0,14,0.07522837184309511
2019,3,IV7,3.0,10,0.05373455131649651
2019,3,IV7,0.0,1,0.0053734551316496505
2019,3,IV8,1.0,18549,99.67221923696937
2019,3,IV8,2.0,60,0.32240730789897903
2019,3,IV8,0.0,1,0.0053734551316496505
2019,3,IV9,1.0,17870,96.02364320257927
2019,3,IV9,2.0,676,3.632455668995164
2019,3,IV9,0.0,61,0.3277807630306287
2019,3,IV9,3.0,3,0.016120365394948953
2019,4,II1,3.0,6835,35.907538744418176
2019,4,II1,2.0,4668,24.523246650906227
2019,4,II1,4.0,3856,20.257420541108484
2019,4,II1,1.0,1893,9.944838455476754
2019,4,II1,5.0,1247,6.551090097189388
2019,4,II1,6.0,367,1.9280273180982401
2019,4,II1,7.0,99,0.5200945626477541
2019,4,II1,8.0,34,0.17861833464670343
2019,4,II1,9.0,15,0.07880220646178093
2019,4,II1,0.0,14,0.07354872603099553
2019,4,II1,10.0,2,0.010506960861570791
2019,4,II1,12.0,2,0.010506960861570791
2019,4,II1,99.0,1,0.005253480430785396
2019,4,II1,11.0,1,0.005253480430785396
2019,4,II1,16.0,1,0.005253480430785396
2019,4,II2,2.0,7482,39.306540583136325
2019,4,II2,1.0,7353,38.628841607565015
2019,4,II2,3.0,3532,18.555292881534015
2019,4,II2,4.0,544,2.857893354347255
2019,4,II2,5.0,91,0.478066719201471
2019,4,II2,0.0,15,0.07880220646178093
2019,4,II2,6.0,14,0.07354872603099553
2019,4,II2,7.0,4,0.021013921723141583
2019,4,II3,2.0,18112,95.15103756238508
2019,4,II3,1.0,910,4.78066719201471
2019,4,II3,0.0,13,0.06829524560021014
2019,4,II3_1,0.0,18126,95.22458628841608
2019,4,II3_1,1.0,875,4.596795376937221
2019,4,II3_1,2.0,32,0.16811137378513266
2019,4,II3_1,5.0,1,0.005253480430785396
2019,4,II3_1,3.0,1,0.005253480430785396
2019,4,II4_1,1.0,17664,92.79747832939323
2019,4,II4_1,2.0,1358,7.134226425006567
2019,4,II4_1,0.0,13,0.06829524560021014
2019,4,II4_2,2.0,10022,52.65038087733123
2019,4,II4_2,1.0,9000,47.28132387706856
2019,4,II4_2,0.0,13,0.06829524560021014
2019,4,II4_3,2.0,13000,68.29524560021014
2019,4,II4_3,1.0,6022,31.63645915418965
2019,4,II4_3,0.0,13,0.06829524560021014
2019,4,II5,2.0,17964,94.37352245862884
2019,4,II5,0.0,963,5.0591016548463354
2019,4,II5,1.0,108,0.5673758865248227
2019,4,II5_1,0.0,18927,99.43262411347517
2019,4,II5_1,1.0,85,0.4465458366167586
2019,4,II5_1,2.0,21,0.11032308904649331
2019,4,II5_1,3.0,2,0.010506960861570791
2019,4,II6,2.0,17908,94.07932755450486
2019,4,II6,0.0,963,5.0591016548463354
2019,4,II6,1.0,164,0.8615707906488048
2019,4,II6_1,0.0,18871,99.1384292093512
2019,4,II6_1,1.0,160,0.8405568689256633
2019,4,II6_1,2.0,3,0.015760441292356184
2019,4,II6_1,3.0,1,0.005253480430785396
2019,4,II7,1.0,12339,64.822695035461
2019,4,II7,3.0,3660,19.227738376674548
2019,4,II7,6.0,1122,5.894405043341213
2019,4,II7,2.0,989,5.195692146046756
2019,4,II7,4.0,481,2.526924087207775
2019,4,II7,8.0,277,1.4552140793275545
2019,4,II7,5.0,61,0.3204623062779091
2019,4,II7,7.0,52,0.27318098240084054
2019,4,II7,9.0,41,0.2153926976622012
2019,4,II7,0.0,13,0.06829524560021014
2019,4,II8,1.0,12274,64.48121880745994
2019,4,II8,2.0,6516,34.23167848699764
2019,4,II8,4.0,204,1.0717100078802206
2019,4,II8,3.0,28,0.14709745206199107
2019,4,II8,0.0,13,0.06829524560021014
2019,4,II9,1.0,18506,97.22090885211452
2019,4,II9,2.0,263,1.381665353296559
2019,4,II9,3.0,198,1.0401891252955082
2019,4,II9,4.0,55,0.28894142369319675
2019,4,II9,0.0,13,0.06829524560021014
2019,4,IV1,1.0,14874,78.14026792750197
2019,4,IV1,2.0,4049,21.271342264250066
2019,4,IV1,3.0,56,0.29419490412398214
2019,4,IV1,4.0,31,0.16285789335434725
2019,4,IV1,6.0,20,0.10506960861570791
2019,4,IV1,5.0,5,0.026267402153926978
2019,4,IV10,1.0,18124,95.2140793275545
2019,4,IV10,2.0,835,4.386656159705805
2019,4,IV10,0.0,56,0.29419490412398214
2019,4,IV10,3.0,20,0.10506960861570791
2019,4,IV11,1.0,14771,77.59915944313107
2019,4,IV11,2.0,3045,15.99684791174153
2019,4,IV11,3.0,1127,5.920672445495141
2019,4,IV11,0.0,56,0.29419490412398214
2019,4,IV11,4.0,36,0.18912529550827423
2019,4,IV12_1,2.0,17758,93.29130548988705
2019,4,IV12_1,1.0,1277,6.70869451011295
2019,4,IV12_2,2.0,17565,92.27738376674547
2019,4,IV12_2,1.0,1470,7.722616233254531
2019,4,IV12_3,2.0,18822,98.88100866824271
2019,4,IV12_3,1.0,213,1.1189913317572893
2019,4,IV2,3.0,6844,35.95482006829525
2019,4,IV2,2.0,4597,24.150249540320463
2019,4,IV2,4.0,3918,20.58313632781718
2019,4,IV2,1.0,1773,9.314420803782506
2019,4,IV2,5.0,1300,6.829524560021014
2019,4,IV2,6.0,395,2.0751247701602313
2019,4,IV2,7.0,120,0.6304176516942475
2019,4,IV2,8.0,47,0.24691358024691357
2019,4,IV2,9.0,23,0.12083004990806409
2019,4,IV2,10.0,10,0.052534804307853955
2019,4,IV2,12.0,3,0.015760441292356184
2019,4,IV2,99.0,3,0.015760441292356184
2019,4,IV2,11.0,1,0.005253480430785396
2019,4,IV2,16.0,1,0.005253480430785396
2019,4,IV3,1.0,16892,88.7417914368269
2019,4,IV3,2.0,2037,10.70133963750985
2019,4,IV3,3.0,64,0.3362227475702653
2019,4,IV3,4.0,42,0.22064617809298662
2019,4,IV4,4.0,6332,33.265038087733124
2019,4,IV4,1.0,5277,27.72261623325453
2019,4,IV4,2.0,4286,22.516417126346205
2019,4,IV4,9.0,1418,7.449435250853691
2019,4,IV4,3.0,1263,6.6351457840819545
2019,4,IV4,5.0,330,1.7336485421591805
2019,4,IV4,7.0,99,0.5200945626477541
2019,4,IV4,6.0,30,0.15760441292356187
2019,4,IV5,1.0,16499,86.67717362752823
2019,4,IV5,2.0,2536,13.322826372471763
2019,4,IV6,1.0,18573,97.57289204097715
2019,4,IV6,2.0,439,2.3062779091147885
2019,4,IV6,3.0,23,0.12083004990806409
2019,4,IV7,1.0,18225,95.74468085106383
2019,4,IV7,2.0,786,4.1292356185973205
2019,4,IV7,4.0,13,0.06829524560021014
2019,4,IV7,3.0,11,0.057788284738639346
2019,4,IV8,1.0,18979,99.70580509587602
2019,4,IV8,2.0,56,0.29419490412398214
2019,4,IV9,1.0,18338,96.33832413974258
2019,4,IV9,2.0,640,3.362227475702653
2019,4,IV9,0.0,56,0.29419490412398214
2019,4,IV9,3.0,1,0.005253480430785396
2020,1,II1,3.0,5879,34.900563965568416
2020,1,II1,2.0,4212,25.00445235975067
2020,1,II1,4.0,3520,20.896408429801127
2020,1,II1,1.0,1628,9.664588898783022
2020,1,II1,5.0,1113,6.607301869991096
2020,1,II1,6.0,331,1.9649747699614128
2020,1,II1,7.0,90,0.5342831700801425
2020,1,II1,8.0,39,0.2315227070347284
2020,1,II1,0.0,12,0.07123775601068566
2020,1,II1,9.0,10,0.05936479667557139
2020,1,II1,10.0,4,0.023745918670228554
2020,1,II1,99.0,3,0.017809439002671415
2020,1,II1,11.0,2,0.011872959335114277
2020,1,II1,14.0,1,0.005936479667557139
2020,1,II1,12.0,1,0.005936479667557139
2020,1,II2,2.0,6626,39.3351142772336
2020,1,II2,1.0,6422,38.12407242505194
2020,1,II2,3.0,3219,19.10952804986643
2020,1,II2,4.0,476,2.825764321757198
2020,1,II2,5.0,71,0.42149005639655684
2020,1,II2,0.0,13,0.0771742356782428
2020,1,II2,6.0,12,0.07123775601068566
2020,1,II2,7.0,4,0.023745918670228554
2020,1,II2,8.0,2,0.011872959335114277
2020,1,II3,2.0,15972,94.81745325022261
2020,1,II3,1.0,862,5.117245473434253
2020,1,II3,0.0,11,0.06530127634312853
2020,1,II3_1,0.0,15983,94.88275452656575
2020,1,II3_1,1.0,831,4.933214603739982
2020,1,II3_1,2.0,29,0.172157910359157
2020,1,II3_1,5.0,1,0.005936479667557139
2020,1,II3_1,3.0,1,0.005936479667557139
2020,1,II4_1,1.0,15627,92.7693677649154
2020,1,II4_1,2.0,1207,7.165330958741467
2020,1,II4_1,0.0,11,0.06530127634312853
2020,1,II4_2,2.0,8852,52.54971801721579
2020,1,II4_2,1.0,7982,47.384980706441084
2020,1,II4_2,0.0,11,0.06530127634312853
2020,1,II4_3,2.0,11355,67.40872662511131
2020,1,II4_3,1.0,5479,32.525972098545566
2020,1,II4_3,0.0,11,0.06530127634312853
2020,1,II5,2.0,15887,94.31285247848027
2020,1,II5,0.0,857,5.087563075096468
2020,1,II5,1.0,101,0.599584446423271
2020,1,II5_1,0.0,16744,99.40041555357674
2020,1,II5_1,1.0,87,0.5164737310774711
2020,1,II5_1,2.0,13,0.0771742356782428
2020,1,II5_1,3.0,1,0.005936479667557139
2020,1,II6,2.0,15843,94.05164737310774
2020,1,II6,0.0,857,5.087563075096468
2020,1,II6,1.0,145,0.8607895517957851
2020,1,II6_1,0.0,16700,99.13921044820421
2020,1,II6_1,1.0,137,0.813297714455328
2020,1,II6_1,2.0,8,0.04749183734045711
2020,1,II7,1.0,11092,65.84743247254379
2020,1,II7,3.0,3100,18.40308696942713
2020,1,II7,6.0,1013,6.013653903235381
2020,1,II7,2.0,789,4.683882457702582
2020,1,II7,4.0,454,2.695161769070941
2020,1,II7,8.0,242,1.4366280795488275
2020,1,II7,7.0,55,0.3265063817156426
2020,1,II7,5.0,52,0.3086969427129712
2020,1,II7,9.0,37,0.21964974769961412
2020,1,II7,0.0,11,0.06530127634312853
2020,1,II8,1.0,10889,64.64232710002969
2020,1,II8,2.0,5752,34.14663104778866
2020,1,II8,4.0,170,1.0092015434847135
2020,1,II8,3.0,23,0.13653903235381418
2020,1,II8,0.0,11,0.06530127634312853
2020,1,II9,1.0,16378,97.22766399525082
2020,1,II9,2.0,260,1.543484713564856
2020,1,II9,3.0,147,0.8726625111308994
2020,1,II9,4.0,49,0.2908875037102998
2020,1,II9,0.0,11,0.06530127634312853
2020,1,IV1,1.0,13302,78.96705253784506
2020,1,IV1,2.0,3455,20.510537251409914
2020,1,IV1,3.0,47,0.2790145443751855
2020,1,IV1,4.0,25,0.14841199168892846
2020,1,IV1,6.0,15,0.08904719501335707
2020,1,IV1,5.0,1,0.005936479667557139
2020,1,IV10,1.0,16094,95.5417037696646
2020,1,IV10,2.0,688,4.084298011279311
2020,1,IV10,0.0,50,0.2968239833778569
2020,1,IV10,3.0,13,0.0771742356782428
2020,1,IV11,1.0,13160,78.12407242505195
2020,1,IV11,2.0,2702,16.04036806173939
2020,1,IV11,3.0,902,5.354704660136539
2020,1,IV11,0.0,50,0.2968239833778569
2020,1,IV11,4.0,31,0.1840308696942713
2020,1,IV12_1,2.0,15745,93.46987236568715
2020,1,IV12_1,1.0,1100,6.530127634312852
2020,1,IV12_2,2.0,15552,92.32413178984862
2020,1,IV12_2,1.0,1293,7.67586821015138
2020,1,IV12_3,2.0,16656,98.8780053428317
2020,1,IV12_3,1.0,189,1.1219946571682993
2020,1,IV2,3.0,5898,35.013357079252
2020,1,IV2,2.0,4125,24.487978628673197
2020,1,IV2,4.0,3610,21.43069159988127
2020,1,IV2,1.0,1502,8.916592460670822
2020,1,IV2,5.0,1158,6.874443455031167
2020,1,IV2,6.0,370,2.196497476996141
2020,1,IV2,7.0,100,0.5936479667557139
2020,1,IV2,8.0,53,0.3146334223805283
2020,1,IV2,9.0,16,0.09498367468091422
2020,1,IV2,99.0,5,0.029682398337785694
2020,1,IV2,10.0,4,0.023745918670228554
2020,1,IV2,11.0,2,0.011872959335114277
2020,1,IV2,14.0,1,0.005936479667557139
2020,1,IV2,12.0,1,0.005936479667557139
2020,1,IV3,1.0,15057,89.38557435440784
2020,1,IV3,2.0,1699,10.086078955179579
2020,1,IV3,3.0,48,0.28495102404274264
2020,1,IV3,4.0,41,0.2433956663698427
2020,1,IV4,4.0,5541,32.8940338379341
2020,1,IV4,1.0,4763,28.27545265657465
2020,1,IV4,2.0,3863,22.932620955773228
2020,1,IV4,3.0,1179,6.999109528049867
2020,1,IV4,9.0,1161,6.892252894033838
2020,1,IV4,5.0,237,1.406945681211042
2020,1,IV4,7.0,80,0.4749183734045711
2020,1,IV4,6.0,21,0.1246660730186999
2020,1,IV5,1.0,14768,87.66993173048382
2020,1,IV5,2.0,2077,12.330068269516177
2020,1,IV6,1.0,16481,97.83912140100921
2020,1,IV6,2.0,337,2.0005936479667557
2020,1,IV6,3.0,27,0.16028495102404275
2020,1,IV7,1.0,16170,95.99287622439893
2020,1,IV7,2.0,653,3.8765212229148114
2020,1,IV7,4.0,12,0.07123775601068566
2020,1,IV7,3.0,10,0.05936479667557139
2020,1,IV8,1.0,16795,99.70317601662214
2020,1,IV8,2.0,50,0.2968239833778569
2020,1,IV9,1.0,16257,96.50934995547641
2020,1,IV9,2.0,536,3.181953101810626
2020,1,IV9,0.0,50,0.2968239833778569
2020,1,IV9,3.0,2,0.011872959335114277
2020,2,II1,3.0,4250,35.487641950567806
2020,2,II1,2.0,2910,24.298597194388776
2020,2,II1,4.0,2638,22.027388109552437
2020,2,II1,1.0,1012,8.450233800935203
2020,2,II1,5.0,830,6.930527722110888
2020,2,II1,6.0,238,1.9873079492317969
2020,2,II1,7.0,59,0.4926519706078824
2020,2,II1,8.0,20,0.16700066800267202
2020,2,II1,0.0,7,0.058450233800935204
2020,2,II1,9.0,5,0.041750167000668005
2020,2,II1,10.0,4,0.033400133600534405
2020,2,II1,99.0,2,0.016700066800267203
2020,2,II1,14.0,1,0.008350033400133601
2020,2,II2,2.0,4791,40.00501002004008
2020,2,II2,1.0,4337,36.214094856379425
2020,2,II2,3.0,2407,20.098530394121575
2020,2,II2,4.0,370,3.0895123580494324
2020,2,II2,5.0,46,0.38410153640614564
2020,2,II2,6.0,13,0.10855043420173681
2020,2,II2,0.0,8,0.06680026720106881
2020,2,II2,7.0,2,0.016700066800267203
2020,2,II2,8.0,2,0.016700066800267203
2020,2,II3,2.0,11328,94.58917835671343
2020,2,II3,1.0,641,5.352371409485638
2020,2,II3,0.0,7,0.058450233800935204
2020,2,II3_1,0.0,11335,94.64762859051436
2020,2,II3_1,1.0,616,5.143620574482298
2020,2,II3_1,2.0,24,0.20040080160320642
2020,2,II3_1,3.0,1,0.008350033400133601
2020,2,II4_1,1.0,11175,93.31162324649299
2020,2,II4_1,2.0,794,6.629926519706078
2020,2,II4_1,0.0,7,0.058450233800935204
2020,2,II4_2,2.0,6351,53.0310621242485
2020,2,II4_2,1.0,5618,46.91048764195057
2020,2,II4_2,0.0,7,0.058450233800935204
2020,2,II4_3,2.0,7963,66.49131596526387
2020,2,II4_3,1.0,4006,33.4502338009352
2020,2,II4_3,0.0,7,0.058450233800935204
2020,2,II5,2.0,11374,94.97327989311957
2020,2,II5,0.0,530,4.425517702070808
2020,2,II5,1.0,72,0.6012024048096193
2020,2,II5_1,0.0,11904,99.39879759519039
2020,2,II5_1,1.0,63,0.5260521042084169
2020,2,II5_1,2.0,9,0.07515030060120241
2020,2,II6,2.0,11328,94.58917835671343
2020,2,II6,0.0,530,4.425517702070808
2020,2,II6,1.0,118,0.9853039412157648
2020,2,II6_1,0.0,11858,99.01469605878424
2020,2,II6_1,1.0,112,0.9352037408149633
2020,2,II6_1,2.0,6,0.050100200400801605
2020,2,II7,1.0,8094,67.58517034068136
2020,2,II7,3.0,2006,16.750167000668004
2020,2,II7,6.0,728,6.078824315297261
2020,2,II7,2.0,517,4.316967267869072
2020,2,II7,4.0,370,3.0895123580494324
2020,2,II7,8.0,178,1.4863059452237808
2020,2,II7,5.0,27,0.22545090180360722
2020,2,II7,9.0,25,0.20875083500334002
2020,2,II7,7.0,24,0.20040080160320642
2020,2,II7,0.0,7,0.058450233800935204
2020,2,II8,1.0,7505,62.66700066800267
2020,2,II8,2.0,4343,36.264195056780224
2020,2,II8,4.0,105,0.8767535070140281
2020,2,II8,3.0,16,0.13360053440213762
2020,2,II8,0.0,7,0.058450233800935204
2020,2,II9,1.0,11656,97.32798931195725
2020,2,II9,2.0,184,1.5364061456245826
2020,2,II9,3.0,99,0.8266533066132264
2020,2,II9,4.0,30,0.250501002004008
2020,2,II9,0.0,7,0.058450233800935204
2020,2,IV1,1.0,9605,80.20207080828324
2020,2,IV1,2.0,2306,19.255177020708082
2020,2,IV1,3.0,47,0.3924515698062792
2020,2,IV1,6.0,11,0.09185036740146961
2020,2,IV1,4.0,7,0.058450233800935204
2020,2,IV10,1.0,11501,96.03373413493654
2020,2,IV10,2.0,433,3.615564462257849
2020,2,IV10,0.0,30,0.250501002004008
2020,2,IV10,3.0,12,0.10020040080160321
2020,2,IV11,1.0,9484,79.19171676686707
2020,2,IV11,2.0,1892,15.798263193052772
2020,2,IV11,3.0,544,4.542418169672679
2020,2,IV11,0.0,30,0.250501002004008
2020,2,IV11,4.0,26,0.21710086840347362
2020,2,IV12_1,2.0,11150,93.10287241148964
2020,2,IV12_1,1.0,826,6.8971275885103545
2020,2,IV12_2,2.0,11134,92.96927187708751
2020,2,IV12_2,1.0,842,7.030728122912492
2020,2,IV12_3,2.0,11886,99.24849699398797
2020,2,IV12_3,1.0,90,0.751503006012024
2020,2,IV2,3.0,4278,35.721442885771545
2020,2,IV2,2.0,2826,23.597194388777556
2020,2,IV2,4.0,2700,22.54509018036072
2020,2,IV2,1.0,916,7.648630594522378
2020,2,IV2,5.0,883,7.373079492317969
2020,2,IV2,6.0,262,2.1877087508350033
2020,2,IV2,7.0,72,0.6012024048096193
2020,2,IV2,8.0,24,0.20040080160320642
2020,2,IV2,10.0,9,0.07515030060120241
2020,2,IV2,9.0,5,0.041750167000668005
2020,2,IV2,14.0,1,0.008350033400133601
2020,2,IV3,1.0,10729,89.5875083500334
2020,2,IV3,2.0,1194,9.969939879759519
2020,2,IV3,3.0,39,0.3256513026052104
2020,2,IV3,4.0,14,0.11690046760187041
2020,2,IV4,4.0,3865,32.272879091516366
2020,2,IV4,1.0,3663,30.58617234468938
2020,2,IV4,2.0,2687,22.436539746158985
2020,2,IV4,3.0,812,6.780227120908483
2020,2,IV4,9.0,729,6.087174348697395
2020,2,IV4,5.0,141,1.1773547094188377
2020,2,IV4,7.0,65,0.542752171008684
2020,2,IV4,6.0,14,0.11690046760187041
2020,2,IV5,1.0,10560,88.17635270541082
2020,2,IV5,2.0,1416,11.823647294589179
2020,2,IV6,1.0,11753,98.13794255177021
2020,2,IV6,2.0,214,1.7869071476285905
2020,2,IV6,3.0,9,0.07515030060120241
2020,2,IV7,1.0,11600,96.86038744154976
2020,2,IV7,2.0,367,3.0644622578490313
2020,2,IV7,4.0,6,0.050100200400801605
2020,2,IV7,3.0,3,0.025050100200400802
2020,2,IV8,1.0,11946,99.74949899799599
2020,2,IV8,2.0,30,0.250501002004008
2020,2,IV9,1.0,11564,96.55978623914496
2020,2,IV9,2.0,380,3.173012692050768
2020,2,IV9,0.0,30,0.250501002004008
2020,2,IV9,3.0,2,0.016700066800267203
2020,3,II1,3.0,4880,36.14011701103458
2020,3,II1,2.0,3231,23.928015996445236
2020,3,II1,4.0,2953,21.869214248685477
2020,3,II1,1.0,1130,8.368510701325631
2020,3,II1,5.0,927,6.865141079760053
2020,3,II1,6.0,249,1.8440346589646746
2020,3,II1,7.0,82,0.6072724579723024
2020,3,II1,8.0,20,0.1481152336517811
2020,3,II1,0.0,11,0.0814633785084796
2020,3,II1,9.0,11,0.0814633785084796
2020,3,II1,99.0,9,0.06665185514330149
2020,3,II2,2.0,5401,39.99851884766348
2020,3,II2,1.0,4940,36.58446271198993
2020,3,II2,3.0,2654,19.65489150559135
2020,3,II2,4.0,409,3.0289565281789232
2020,3,II2,5.0,69,0.5109975560986447
2020,3,II2,6.0,14,0.10368066355624676
2020,3,II2,0.0,12,0.08886914019106865
2020,3,II2,7.0,4,0.029623046730356217
2020,3,II3,2.0,12751,94.43086721469304
2020,3,II3,1.0,741,5.4876694067984895
2020,3,II3,0.0,11,0.0814633785084796
2020,3,II3_1,0.0,12763,94.5197363548841
2020,3,II3_1,1.0,715,5.295119603051174
2020,3,II3_1,2.0,25,0.18514404206472634
2020,3,II4_1,1.0,12443,92.1498926164556
2020,3,II4_1,2.0,1049,7.768644005035918
2020,3,II4_1,0.0,11,0.0814633785084796
2020,3,II4_2,2.0,7225,53.506628156705915
2020,3,II4_2,1.0,6267,46.411908464785604
2020,3,II4_2,0.0,11,0.0814633785084796
2020,3,II4_3,2.0,9091,67.3257794564171
2020,3,II4_3,1.0,4401,32.59275716507443
2020,3,II4_3,0.0,11,0.0814633785084796
2020,3,II5,2.0,12762,94.51233059320151
2020,3,II5,0.0,682,5.050729467525735
2020,3,II5,1.0,59,0.4369399392727542
2020,3,II5_1,0.0,13444,99.56306006072725
2020,3,II5_1,1.0,49,0.36288232244686364
2020,3,II5_1,2.0,10,0.07405761682589054
2020,3,II6,2.0,12689,93.9717099903725
2020,3,II6,0.0,682,5.050729467525735
2020,3,II6,1.0,132,0.9775605421017551
2020,3,II6_1,0.0,13371,99.02243945789824
2020,3,II6_1,1.0,127,0.9405317336888099
2020,3,II6_1,2.0,5,0.03702880841294527
2020,3,II7,1.0,9162,67.85158853588092
2020,3,II7,3.0,2267,16.788861734429386
2020,3,II7,6.0,782,5.79130563578464
2020,3,II7,2.0,649,4.806339332000296
2020,3,II7,4.0,356,2.6364511590017035
2020,3,II7,8.0,194,1.4367177664222766
2020,3,II7,5.0,34,0.25179589720802786
2020,3,II7,7.0,33,0.24439013552543878
2020,3,II7,9.0,15,0.11108642523883581
2020,3,II7,0.0,11,0.0814633785084796
2020,3,II8,1.0,8299,61.46041620380656
2020,3,II8,2.0,5048,37.38428497370955
2020,3,II8,4.0,116,0.8590683551803303
2020,3,II8,3.0,29,0.21476708879508258
2020,3,II8,0.0,11,0.0814633785084796
2020,3,II9,1.0,13146,97.35614307931571
2020,3,II9,2.0,201,1.4885580982003999
2020,3,II9,3.0,112,0.8294453084499741
2020,3,II9,4.0,33,0.24439013552543878
2020,3,II9,0.0,11,0.0814633785084796
2020,3,IV1,1.0,10976,81.28564022809746
2020,3,IV1,2.0,2453,18.16633340739095
2020,3,IV1,3.0,44,0.3258535140339184
2020,3,IV1,6.0,17,0.12589794860401393
2020,3,IV1,4.0,11,0.0814633785084796
2020,3,IV1,5.0,2,0.014811523365178108
2020,3,IV10,1.0,12938,95.81574464933719
2020,3,IV10,2.0,513,3.799155743168185
2020,3,IV10,0.0,33,0.24439013552543878
2020,3,IV10,3.0,19,0.14070947196919203
2020,3,IV11,1.0,10768,79.74524179811894
2020,3,IV11,2.0,2082,15.418795823150411
2020,3,IV11,3.0,589,4.361993631044953
2020,3,IV11,0.0,33,0.24439013552543878
2020,3,IV11,4.0,31,0.22957861216026068
2020,3,IV12_1,2.0,12596,93.28297415389173
2020,3,IV12_1,1.0,907,6.717025846108272
2020,3,IV12_2,2.0,12578,93.14967044360513
2020,3,IV12_2,1.0,925,6.850329556394875
2020,3,IV12_3,2.0,13405,99.27423535510627
2020,3,IV12_3,1.0,98,0.7257646448937273
2020,3,IV2,3.0,4922,36.451159001703324
2020,3,IV2,2.0,3131,23.187439828186328
2020,3,IV2,4.0,3015,22.328371473005998
2020,3,IV2,1.0,1046,7.7464267199881505
2020,3,IV2,5.0,971,7.190994593793972
2020,3,IV2,6.0,273,2.021772939346812
2020,3,IV2,7.0,97,0.7183588832111383
2020,3,IV2,8.0,23,0.17033251869954824
2020,3,IV2,99.0,14,0.10368066355624676
2020,3,IV2,9.0,11,0.0814633785084796
2020,3,IV3,1.0,11955,88.53588091535214
2020,3,IV3,2.0,1472,10.901281196771087
2020,3,IV3,3.0,62,0.45915722432052136
2020,3,IV3,4.0,14,0.10368066355624676
2020,3,IV4,4.0,4438,32.866770347330224
2020,3,IV4,1.0,4161,30.815374361253056
2020,3,IV4,2.0,2972,22.00992372065467
2020,3,IV4,3.0,847,6.272680145152929
2020,3,IV4,9.0,813,6.020884247944901
2020,3,IV4,5.0,172,1.2737910094053173
2020,3,IV4,7.0,89,0.6591127897504259
2020,3,IV4,6.0,11,0.0814633785084796
2020,3,IV5,1.0,11792,87.32874176109013
2020,3,IV5,2.0,1711,12.671258238909871
2020,3,IV6,1.0,13244,98.08190772420943
2020,3,IV6,2.0,240,1.777382803821373
2020,3,IV6,3.0,19,0.14070947196919203
2020,3,IV7,1.0,13081,96.87476856994742
2020,3,IV7,2.0,412,3.0511738132266903
2020,3,IV7,4.0,7,0.05184033177812338
2020,3,IV7,3.0,3,0.02221728504776716
2020,3,IV8,1.0,13470,99.75560986447456
2020,3,IV8,2.0,33,0.24439013552543878
2020,3,IV9,1.0,13035,96.53410353254833
2020,3,IV9,2.0,432,3.1992890468784716
2020,3,IV9,0.0,33,0.24439013552543878
2020,3,IV9,3.0,3,0.02221728504776716
2020,4,II1,3.0,5237,36.26229054147625
2020,4,II1,2.0,3415,23.646309375432764
2020,4,II1,4.0,3124,21.631352998199695
2020,4,II1,1.0,1262,8.738401883395651
2020,4,II1,5.0,986,6.827309236947791
2020,4,II1,6.0,273,1.8903199002908184
2020,4,II1,7.0,86,0.5954853898352028
2020,4,II1,8.0,28,0.19387896413239164
2020,4,II1,9.0,14,0.09693948206619582
2020,4,II1,0.0,11,0.07616673590915386
2020,4,II1,99.0,5,0.034621243595069934
2020,4,II1,44.0,1,0.006924248719013987
2020,4,II2,2.0,5644,39.08045977011494
2020,4,II2,1.0,5481,37.95180722891566
2020,4,II2,3.0,2793,19.339426672206066
2020,4,II2,4.0,440,3.0466694363661544
2020,4,II2,5.0,61,0.4223791718598532
2020,4,II2,0.0,11,0.07616673590915386
2020,4,II2,6.0,8,0.0553939897521119
2020,4,II2,7.0,4,0.02769699487605595
2020,4,II3,2.0,13645,94.48137377094585
2020,4,II3,1.0,786,5.442459493144994
2020,4,II3,0.0,11,0.07616673590915386
2020,4,II3_1,0.0,13657,94.56446475557402
2020,4,II3_1,1.0,761,5.269353275169644
2020,4,II3_1,2.0,24,0.1661819692563357
2020,4,II4_1,1.0,13350,92.43872039883672
2020,4,II4_1,2.0,1081,7.48511286525412
2020,4,II4_1,0.0,11,0.07616673590915386
2020,4,II4_2,2.0,7687,53.22669990306052
2020,4,II4_2,1.0,6744,46.697133361030325
2020,4,II4_2,0.0,11,0.07616673590915386
2020,4,II4_3,2.0,9733,67.39371278216313
2020,4,II4_3,1.0,4698,32.53012048192771
2020,4,II4_3,0.0,11,0.07616673590915386
2020,4,II5,2.0,13674,94.68217698379726
2020,4,II5,0.0,699,4.840049854590777
2020,4,II5,1.0,69,0.4777731616119651
2020,4,II5_1,0.0,14373,99.52222683838804
2020,4,II5_1,1.0,58,0.40160642570281124
2020,4,II5_1,2.0,11,0.07616673590915386
2020,4,II6,2.0,13616,94.28057055809445
2020,4,II6,0.0,699,4.840049854590777
2020,4,II6,1.0,127,0.8793795873147764
2020,4,II6_1,0.0,14315,99.12062041268523
2020,4,II6_1,1.0,117,0.8101371001246365
2020,4,II6_1,2.0,9,0.06231823847112588
2020,4,II6_1,3.0,1,0.006924248719013987
2020,4,II7,1.0,9711,67.24137931034483
2020,4,II7,3.0,2504,17.338318792411023
2020,4,II7,6.0,858,5.941005400914001
2020,4,II7,2.0,692,4.791580113557679
2020,4,II7,4.0,343,2.3750173106217973
2020,4,II7,8.0,207,1.4333194848358952
2020,4,II7,7.0,49,0.33928818723168536
2020,4,II7,5.0,43,0.2977426949176014
2020,4,II7,9.0,24,0.1661819692563357
2020,4,II7,0.0,11,0.07616673590915386
2020,4,II8,1.0,9048,62.65060240963855
2020,4,II8,2.0,5235,36.24844204403822
2020,4,II8,4.0,128,0.8863038360337904
2020,4,II8,3.0,20,0.13848497438027974
2020,4,II8,0.0,11,0.07616673590915386
2020,4,II9,1.0,14065,97.38955823293173
2020,4,II9,2.0,213,1.4748649771499793
2020,4,II9,3.0,112,0.7755158565295666
2020,4,II9,4.0,41,0.28389419747957345
2020,4,II9,0.0,11,0.07616673590915386
2020,4,IV1,1.0,11781,81.57457415870378
2020,4,IV1,2.0,2570,17.795319207865948
2020,4,IV1,3.0,39,0.2700457000415455
2020,4,IV1,6.0,25,0.17310621797534967
2020,4,IV1,4.0,23,0.1592577205373217
2020,4,IV1,5.0,4,0.02769699487605595
2020,4,IV10,1.0,13862,95.9839357429719
2020,4,IV10,2.0,525,3.6352305774823432
2020,4,IV10,0.0,41,0.28389419747957345
2020,4,IV10,3.0,14,0.09693948206619582
2020,4,IV11,1.0,11567,80.09278493283479
2020,4,IV11,2.0,2149,14.880210497161057
2020,4,IV11,3.0,658,4.556155657111203
2020,4,IV11,0.0,41,0.28389419747957345
2020,4,IV11,4.0,27,0.18695471541337766
2020,4,IV12_1,2.0,13573,93.98282786317685
2020,4,IV12_1,1.0,869,6.017172136823155
2020,4,IV12_2,2.0,13481,93.34579698102756
2020,4,IV12_2,1.0,961,6.654203018972441
2020,4,IV12_3,2.0,14313,99.1067719152472
2020,4,IV12_3,1.0,129,0.8932280847528044
2020,4,IV2,3.0,5280,36.56003323639385
2020,4,IV2,2.0,3321,22.995429995845452
2020,4,IV2,4.0,3176,21.991413931588422
2020,4,IV2,1.0,1158,8.018280016618197
2020,4,IV2,5.0,1032,7.145824678022435
2020,4,IV2,6.0,319,2.208835341365462
2020,4,IV2,7.0,98,0.6785763744633707
2020,4,IV2,8.0,35,0.24234870516548954
2020,4,IV2,9.0,17,0.11771222822323778
2020,4,IV2,99.0,6,0.04154549231408392
2020,4,IV3,1.0,12820,88.7688685777593
2020,4,IV3,2.0,1537,10.642570281124499
2020,4,IV3,3.0,52,0.3600609333887273
2020,4,IV3,4.0,33,0.22850020772746157
2020,4,IV4,4.0,5108,35.36906245672345
2020,4,IV4,1.0,4236,29.33111757374325
2020,4,IV4,2.0,3024,20.938928126298297
2020,4,IV4,3.0,885,6.127960116327379
2020,4,IV4,9.0,877,6.072566126575267
2020,4,IV4,5.0,204,1.4125467386788533
2020,4,IV4,7.0,94,0.6508793795873148
2020,4,IV4,6.0,14,0.09693948206619582
2020,4,IV5,1.0,12549,86.89239717490652
2020,4,IV5,2.0,1893,13.107602825093478
2020,4,IV6,1.0,14151,97.98504362276692
2020,4,IV6,2.0,269,1.8626229054147625
2020,4,IV6,3.0,22,0.15233347181830773
2020,4,IV7,1.0,14032,97.16105802520427
2020,4,IV7,2.0,397,2.7489267414485528
2020,4,IV7,4.0,9,0.06231823847112588
2020,4,IV7,3.0,4,0.02769699487605595
2020,4,IV8,1.0,14401,99.71610580252043
2020,4,IV8,2.0,41,0.28389419747957345
2020,4,IV9,1.0,13950,96.59326963024512
2020,4,IV9,2.0,449,3.1089876748372802
2020,4,IV9,0.0,41,0.28389419747957345
2020,4,IV9,3.0,2,0.013848497438027975
2021,1,II1,3.0,5525,35.823121312325746
2021,1,II1,2.0,3746,24.288400440899956
2021,1,II1,4.0,3389,21.973675679180445
2021,1,II1,1.0,1266,8.208519743240615
2021,1,II1,5.0,1035,6.710756662127991
2021,1,II1,6.0,308,1.9970174414834987
2021,1,II1,7.0,98,0.6354146404720223
2021,1,II1,8.0,24,0.15561174868702587
2021,1,II1,9.0,13,0.08428969720547234
2021,1,II1,0.0,10,0.06483822861959411
2021,1,II1,99.0,9,0.0583544057576347
2021,1,II2,2.0,6090,39.48648122933282
2021,1,II2,1.0,5757,37.32736821630033
2021,1,II2,3.0,2978,19.308824482915128
2021,1,II2,4.0,492,3.1900408480840303
2021,1,II2,5.0,77,0.4992543603708747
2021,1,II2,6.0,14,0.09077352006743175
2021,1,II2,0.0,11,0.07132205148155353
2021,1,II2,7.0,2,0.012967645723918822
2021,1,II2,8.0,2,0.012967645723918822
2021,1,II3,2.0,14512,94.09323737275497
2021,1,II3,1.0,900,5.83544057576347
2021,1,II3,0.0,11,0.07132205148155353
2021,1,II3_1,0.0,14523,94.16455942423653
2021,1,II3_1,1.0,868,5.627958244180769
2021,1,II3_1,2.0,32,0.20748233158270116
2021,1,II4_1,1.0,14249,92.38799196005965
2021,1,II4_1,2.0,1163,7.540685988458796
2021,1,II4_1,0.0,11,0.07132205148155353
2021,1,II4_2,2.0,8150,52.8431563249692
2021,1,II4_2,1.0,7262,47.08552162354925
2021,1,II4_2,0.0,11,0.07132205148155353
2021,1,II4_3,2.0,10266,66.56292550087531
2021,1,II4_3,1.0,5146,33.36575244764313
2021,1,II4_3,0.0,11,0.07132205148155353
2021,1,II5,2.0,14556,94.37852557868119
2021,1,II5,0.0,789,5.115736238085976
2021,1,II5,1.0,78,0.505738183232834
2021,1,II5_1,0.0,15345,99.49426181676716
2021,1,II5_1,1.0,67,0.4344161317512806
2021,1,II5_1,2.0,11,0.07132205148155353
2021,1,II6,2.0,14506,94.05433443558321
2021,1,II6,0.0,789,5.115736238085976
2021,1,II6,1.0,128,0.8299293263308046
2021,1,II6_1,0.0,15295,99.1700706736692
2021,1,II6_1,1.0,120,0.7780587434351294
2021,1,II6_1,2.0,7,0.045386760033715876
2021,1,II6_1,3.0,1,0.006483822861959411
2021,1,II7,1.0,10327,66.95843869545484
2021,1,II7,3.0,2732,17.713804058873112
2021,1,II7,6.0,936,6.068858198794009
2021,1,II7,2.0,675,4.376580431822602
2021,1,II7,4.0,435,2.820462944952344
2021,1,II7,8.0,212,1.3745704467353952
2021,1,II7,5.0,35,0.2269338001685794
2021,1,II7,7.0,33,0.21396615444466058
2021,1,II7,9.0,27,0.1750632172729041
2021,1,II7,0.0,11,0.07132205148155353
2021,1,II8,1.0,9854,63.89159048174804
2021,1,II8,2.0,5428,35.194190494715684
2021,1,II8,4.0,116,0.7521234519872917
2021,1,II8,3.0,14,0.09077352006743175
2021,1,II8,0.0,11,0.07132205148155353
2021,1,II9,1.0,15031,97.45834143811192
2021,1,II9,2.0,224,1.452376321078908
2021,1,II9,3.0,115,0.7456396291253323
2021,1,II9,4.0,42,0.2723205602022953
2021,1,II9,0.0,11,0.07132205148155353
2021,1,IV1,1.0,12607,81.7415548207223
2021,1,IV1,2.0,2738,17.752706996044868
2021,1,IV1,3.0,37,0.2399014458924982
2021,1,IV1,6.0,23,0.14912792582506645
2021,1,IV1,4.0,15,0.09725734292939117
2021,1,IV1,5.0,3,0.019451468585878234
2021,1,IV10,1.0,14836,96.19399598002983
2021,1,IV10,2.0,532,3.4493937625624067
2021,1,IV10,0.0,44,0.2852882059262141
2021,1,IV10,3.0,11,0.07132205148155353
2021,1,IV11,1.0,12439,80.65227257991312
2021,1,IV11,2.0,2269,14.711794073785905
2021,1,IV11,3.0,649,4.208001037411658
2021,1,IV11,0.0,44,0.2852882059262141
2021,1,IV11,4.0,22,0.14264410296310706
2021,1,IV12_1,2.0,14521,94.15159177851261
2021,1,IV12_1,1.0,902,5.848408221487389
2021,1,IV12_2,2.0,14546,94.3136873500616
2021,1,IV12_2,1.0,877,5.686312649938404
2021,1,IV12_3,2.0,15285,99.1052324450496
2021,1,IV12_3,1.0,138,0.8947675549503987
2021,1,IV2,3.0,5540,35.920378655255135
2021,1,IV2,2.0,3662,23.743759320495364
2021,1,IV2,4.0,3472,22.511832976723078
2021,1,IV2,1.0,1143,7.411009531219607
2021,1,IV2,5.0,1095,7.099786033845556
2021,1,IV2,6.0,342,2.2174674187901187
2021,1,IV2,7.0,107,0.693769046229657
2021,1,IV2,8.0,34,0.22044997730661997
2021,1,IV2,9.0,19,0.12319263437722881
2021,1,IV2,99.0,9,0.0583544057576347
2021,1,IV3,1.0,13854,89.82688192958568
2021,1,IV3,2.0,1489,9.654412241457564
2021,1,IV3,3.0,47,0.30473967451209233
2021,1,IV3,4.0,33,0.21396615444466058
2021,1,IV4,4.0,5369,34.81164494586008
2021,1,IV4,1.0,4403,28.54827206120729
2021,1,IV4,2.0,3380,21.91532127342281
2021,1,IV4,3.0,1074,6.963625753744408
2021,1,IV4,9.0,894,5.796537638591714
2021,1,IV4,5.0,212,1.3745704467353952
2021,1,IV4,7.0,82,0.5316734746806717
2021,1,IV4,6.0,9,0.0583544057576347
2021,1,IV5,1.0,13532,87.73909096803476
2021,1,IV5,2.0,1891,12.260909031965246
2021,1,IV6,1.0,15156,98.26881929585684
2021,1,IV6,2.0,248,1.607988069765934
2021,1,IV6,3.0,19,0.12319263437722881
2021,1,IV7,1.0,15031,97.45834143811192
2021,1,IV7,2.0,375,2.4314335732347794
2021,1,IV7,4.0,15,0.09725734292939117
2021,1,IV7,3.0,2,0.012967645723918822
2021,1,IV8,1.0,15379,99.71471179407379
2021,1,IV8,2.0,44,0.2852882059262141
2021,1,IV9,1.0,14911,96.68028269467678
2021,1,IV9,2.0,466,3.0214614536730857
2021,1,IV9,0.0,44,0.2852882059262141
2021,1,IV9,3.0,2,0.012967645723918822
2021,2,II1,3.0,5634,36.069142125480155
2021,2,II1,2.0,3808,24.37900128040973
2021,2,II1,4.0,3493,22.36235595390525
2021,2,II1,1.0,1199,7.676056338028169
2021,2,II1,5.0,1032,6.606914212548015
2021,2,II1,6.0,298,1.907810499359795
2021,2,II1,7.0,98,0.6274007682458387
2021,2,II1,8.0,27,0.17285531370038412
2021,2,II1,0.0,14,0.08962868117797695
2021,2,II1,99.0,13,0.08322663252240717
2021,2,II1,9.0,4,0.02560819462227913
2021,2,II2,2.0,6173,39.51984635083227
2021,2,II2,1.0,5785,37.035851472471194
2021,2,II2,3.0,3053,19.545454545454547
2021,2,II2,4.0,504,3.2266325224071704
2021,2,II2,5.0,72,0.46094750320102434
2021,2,II2,0.0,15,0.09603072983354674
2021,2,II2,6.0,14,0.08962868117797695
2021,2,II2,7.0,2,0.012804097311139564
2021,2,II2,8.0,2,0.012804097311139564
2021,2,II3,2.0,14692,94.05889884763124
2021,2,II3,1.0,914,5.851472471190781
2021,2,II3,0.0,14,0.08962868117797695
2021,2,II3_1,0.0,14706,94.14852752880923
2021,2,II3_1,1.0,880,5.633802816901408
2021,2,II3_1,2.0,34,0.2176696542893726
2021,2,II4_1,1.0,14345,91.83738796414853
2021,2,II4_1,2.0,1261,8.072983354673495
2021,2,II4_1,0.0,14,0.08962868117797695
2021,2,II4_2,2.0,8177,52.34955185659411
2021,2,II4_2,1.0,7429,47.56081946222791
2021,2,II4_2,0.0,14,0.08962868117797695
2021,2,II4_3,2.0,10269,65.7426376440461
2021,2,II4_3,1.0,5337,34.16773367477593
2021,2,II4_3,0.0,14,0.08962868117797695
2021,2,II5,2.0,14693,94.06530089628681
2021,2,II5,0.0,852,5.454545454545454
2021,2,II5,1.0,75,0.4801536491677337
2021,2,II5_1,0.0,15545,99.51984635083227
2021,2,II5_1,1.0,67,0.42893725992317544
2021,2,II5_1,2.0,8,0.05121638924455826
2021,2,II6,2.0,14606,93.50832266325224
2021,2,II6,0.0,852,5.454545454545454
2021,2,II6,1.0,162,1.0371318822023048
2021,2,II6_1,0.0,15458,98.9628681177977
2021,2,II6_1,1.0,153,0.9795134443021767
2021,2,II6_1,2.0,7,0.04481434058898848
2021,2,II6_1,3.0,2,0.012804097311139564
2021,2,II7,1.0,10535,67.44558258642766
2021,2,II7,3.0,2825,18.085787451984636
2021,2,II7,6.0,881,5.640204865556978
2021,2,II7,2.0,652,4.174135723431498
2021,2,II7,4.0,425,2.7208706786171577
2021,2,II7,8.0,201,1.2868117797695262
2021,2,II7,5.0,39,0.2496798975672215
2021,2,II7,7.0,26,0.16645326504481434
2021,2,II7,9.0,22,0.14084507042253522
2021,2,II7,0.0,14,0.08962868117797695
2021,2,II8,1.0,10130,64.8527528809219
2021,2,II8,2.0,5349,34.24455825864277
2021,2,II8,4.0,112,0.7170294494238156
2021,2,II8,3.0,15,0.09603072983354674
2021,2,II8,0.0,14,0.08962868117797695
2021,2,II9,1.0,15238,97.55441741357234
2021,2,II9,2.0,216,1.382842509603073
2021,2,II9,3.0,121,0.7746478873239436
2021,2,II9,4.0,31,0.19846350832266324
2021,2,II9,0.0,14,0.08962868117797695
2021,2,IV1,1.0,12677,81.15877080665813
2021,2,IV1,2.0,2866,18.348271446862995
2021,2,IV1,3.0,42,0.26888604353393086
2021,2,IV1,6.0,21,0.13444302176696543
2021,2,IV1,4.0,14,0.08962868117797695
2021,2,IV10,1.0,15006,96.06914212548016
2021,2,IV10,2.0,568,3.6363636363636362
2021,2,IV10,0.0,32,0.20486555697823303
2021,2,IV10,3.0,14,0.08962868117797695
2021,2,IV11,1.0,12624,80.81946222791294
2021,2,IV11,2.0,2272,14.545454545454545
2021,2,IV11,3.0,664,4.250960307298335
2021,2,IV11,0.0,32,0.20486555697823303
2021,2,IV11,4.0,28,0.1792573623559539
2021,2,IV12_1,2.0,14696,94.08450704225352
2021,2,IV12_1,1.0,924,5.915492957746479
2021,2,IV12_2,2.0,14845,95.03841229193341
2021,2,IV12_2,1.0,775,4.961587708066581
2021,2,IV12_3,2.0,15506,99.27016645326505
2021,2,IV12_3,1.0,114,0.7298335467349552
2021,2,IV2,3.0,5675,36.331626120358514
2021,2,IV2,2.0,3730,23.87964148527529
2021,2,IV2,4.0,3571,22.861715749039693
2021,2,IV2,1.0,1099,7.035851472471191
2021,2,IV2,5.0,1070,6.850192061459667
2021,2,IV2,6.0,318,2.0358514724711907
2021,2,IV2,7.0,108,0.6914212548015365
2021,2,IV2,8.0,31,0.19846350832266324
2021,2,IV2,99.0,12,0.07682458386683738
2021,2,IV2,9.0,6,0.03841229193341869
2021,2,IV3,1.0,14047,89.92957746478874
2021,2,IV3,2.0,1503,9.622279129321383
2021,2,IV3,3.0,45,0.2880921895006402
2021,2,IV3,4.0,25,0.16005121638924455
2021,2,IV4,4.0,5292,33.879641485275286
2021,2,IV4,1.0,4539,29.05889884763124
2021,2,IV4,2.0,3520,22.535211267605632
2021,2,IV4,3.0,1105,7.074263764404609
2021,2,IV4,9.0,914,5.851472471190781
2021,2,IV4,5.0,170,1.088348271446863
2021,2,IV4,7.0,72,0.46094750320102434
2021,2,IV4,6.0,8,0.05121638924455826
2021,2,IV5,1.0,13802,88.36107554417414
2021,2,IV5,2.0,1818,11.638924455825864
2021,2,IV6,1.0,15370,98.39948783610755
2021,2,IV6,2.0,232,1.4852752880921896
2021,2,IV6,3.0,18,0.11523687580025609
2021,2,IV7,1.0,15213,97.3943661971831
2021,2,IV7,2.0,393,2.5160051216389245
2021,2,IV7,4.0,11,0.07042253521126761
2021,2,IV7,3.0,3,0.019206145966709345
2021,2,IV8,1.0,15588,99.79513444302177
2021,2,IV8,2.0,32,0.20486555697823303
2021,2,IV9,1.0,15145,96.95902688860436
2021,2,IV9,2.0,441,2.823303457106274
2021,2,IV9,0.0,32,0.20486555697823303
2021,2,IV9,3.0,2,0.012804097311139564
2021,3,II1,3.0,6021,36.97267424009825
2021,3,II1,2.0,3921,24.07737181455327
2021,3,II1,4.0,3449,21.17899907890697
2021,3,II1,1.0,1271,7.804728277556033
2021,3,II1,5.0,1133,6.957322689591649
2021,3,II1,6.0,335,2.057107767884556
2021,3,II1,7.0,91,0.5587964384402825
2021,3,II1,8.0,31,0.19035922628185448
2021,3,II1,0.0,14,0.08596868283696653
2021,3,II1,99.0,11,0.06754682222904514
2021,3,II1,9.0,8,0.04912496162112373
2021,3,II2,2.0,6402,39.312250537304266
2021,3,II2,1.0,6117,37.562173779551735
2021,3,II2,3.0,3150,19.34295363831747
2021,3,II2,4.0,512,3.1439975437519188
2021,3,II2,5.0,77,0.4728277556033159
2021,3,II2,0.0,15,0.092109303039607
2021,3,II2,6.0,10,0.06140620202640467
2021,3,II2,7.0,2,0.012281240405280933
2021,3,II3,2.0,15326,94.1111452256678
2021,3,II3,1.0,945,5.802886091495241
2021,3,II3,0.0,14,0.08596868283696653
2021,3,II3_1,0.0,15340,94.19711390850476
2021,3,II3_1,1.0,908,5.575683143997543
2021,3,II3_1,2.0,37,0.22720294749769726
2021,3,II4_1,1.0,14829,91.05925698495548
2021,3,II4_1,2.0,1442,8.854774332207553
2021,3,II4_1,0.0,14,0.08596868283696653
2021,3,II4_2,2.0,8597,52.79091188210009
2021,3,II4_2,1.0,7674,47.12311943506294
2021,3,II4_2,0.0,14,0.08596868283696653
2021,3,II4_3,2.0,10696,65.68007368744243
2021,3,II4_3,1.0,5575,34.2339576297206
2021,3,II4_3,0.0,14,0.08596868283696653
2021,3,II5,2.0,15243,93.60147374884863
2021,3,II5,0.0,953,5.852011053116365
2021,3,II5,1.0,89,0.5465151980350015
2021,3,II5_1,0.0,16196,99.453484801965
2021,3,II5_1,1.0,80,0.49124961621123736
2021,3,II5_1,2.0,9,0.0552655818237642
2021,3,II6,2.0,15167,93.13478661344796
2021,3,II6,0.0,953,5.852011053116365
2021,3,II6,1.0,165,1.013202333435677
2021,3,II6_1,0.0,16123,99.00521952717224
2021,3,II6_1,1.0,149,0.9149524101934295
2021,3,II6_1,2.0,12,0.0736874424316856
2021,3,II6_1,3.0,1,0.006140620202640466
2021,3,II7,1.0,10965,67.33190052195272
2021,3,II7,3.0,2960,18.17623579981578
2021,3,II7,6.0,918,5.637089346023949
2021,3,II7,2.0,681,4.181762357998158
2021,3,II7,4.0,392,2.407123119435063
2021,3,II7,8.0,236,1.4491863678231502
2021,3,II7,5.0,47,0.28860914952410194
2021,3,II7,7.0,41,0.25176542830825915
2021,3,II7,9.0,31,0.19035922628185448
2021,3,II7,0.0,14,0.08596868283696653
2021,3,II8,1.0,10601,65.09671476819159
2021,3,II8,2.0,5508,33.82253607614369
2021,3,II8,4.0,131,0.8044212465459011
2021,3,II8,3.0,31,0.19035922628185448
2021,3,II8,0.0,14,0.08596868283696653
2021,3,II9,1.0,15927,97.80165796745472
2021,3,II9,2.0,186,1.1421553576911267
2021,3,II9,3.0,130,0.7982806263432607
2021,3,II9,4.0,28,0.17193736567393306
2021,3,II9,0.0,14,0.08596868283696653
2021,3,IV1,1.0,13209,81.11145225667792
2021,3,IV1,2.0,2987,18.342032545287076
2021,3,IV1,3.0,48,0.2947497697267424
2021,3,IV1,6.0,25,0.15351550506601166
2021,3,IV1,4.0,16,0.09824992324224746
2021,3,IV10,1.0,15652,96.11298741172858
2021,3,IV10,2.0,584,3.5861221983420326
2021,3,IV10,0.0,29,0.17807798587657353
2021,3,IV10,3.0,20,0.12281240405280934
2021,3,IV11,1.0,13193,81.01320233343567
2021,3,IV11,2.0,2361,14.498004298434141
2021,3,IV11,3.0,668,4.101934295363832
2021,3,IV11,4.0,34,0.20878108688977587
2021,3,IV11,0.0,29,0.17807798587657353
2021,3,IV12_1,2.0,15408,94.6146760822843
2021,3,IV12_1,1.0,877,5.385323917715689
2021,3,IV12_2,2.0,15479,95.05066011667178
2021,3,IV12_2,1.0,806,4.949339883328216
2021,3,IV12_3,2.0,16187,99.39821922014123
2021,3,IV12_3,1.0,98,0.6017807798587658
2021,3,IV2,3.0,6065,37.242861529014434
2021,3,IV2,2.0,3844,23.604544058949955
2021,3,IV2,4.0,3518,21.602701872889163
2021,3,IV2,1.0,1190,7.307338041142155
2021,3,IV2,5.0,1153,7.080135093644458
2021,3,IV2,6.0,365,2.2413263739637705
2021,3,IV2,7.0,99,0.6079214000614062
2021,3,IV2,8.0,30,0.184218606079214
2021,3,IV2,99.0,13,0.07982806263432607
2021,3,IV2,9.0,8,0.04912496162112373
2021,3,IV3,1.0,14633,89.85569542523795
2021,3,IV3,2.0,1572,9.653054958550813
2021,3,IV3,3.0,55,0.33773411114522567
2021,3,IV3,4.0,25,0.15351550506601166
2021,3,IV4,4.0,5454,33.490942585201104
2021,3,IV4,1.0,4881,29.97236720908812
2021,3,IV4,2.0,3649,22.407123119435063
2021,3,IV4,3.0,1078,6.6195885784464235
2021,3,IV4,9.0,930,5.710776788455634
2021,3,IV4,5.0,197,1.209702179920172
2021,3,IV4,7.0,82,0.5035308566165183
2021,3,IV4,6.0,14,0.08596868283696653
2021,3,IV5,1.0,14342,88.06877494626957
2021,3,IV5,2.0,1943,11.931225053730428
2021,3,IV6,1.0,16025,98.40343874731347
2021,3,IV6,2.0,239,1.4676082284310716
2021,3,IV6,3.0,21,0.1289530242554498
2021,3,IV7,1.0,15819,97.13847098556954
2021,3,IV7,2.0,447,2.7448572305802887
2021,3,IV7,4.0,11,0.06754682222904514
2021,3,IV7,3.0,8,0.04912496162112373
2021,3,IV8,1.0,16256,99.82192201412343
2021,3,IV8,2.0,29,0.17807798587657353
2021,3,IV9,1.0,15811,97.08934602394842
2021,3,IV9,2.0,445,2.7325759901750075
2021,3,IV9,0.0,29,0.17807798587657353
2021,4,II1,3.0,6270,36.8022539179433
2021,4,II1,2.0,4113,24.141574220813524
2021,4,II1,4.0,3581,21.018958736866818
2021,4,II1,1.0,1427,8.375887773669072
2021,4,II1,5.0,1159,6.802840875741034
2021,4,II1,6.0,331,1.942830310500675
2021,4,II1,7.0,95,0.5576099078476258
2021,4,II1,8.0,29,0.17021776134295943
2021,4,II1,0.0,13,0.07630451370546458
2021,4,II1,9.0,12,0.07043493572812115
2021,4,II1,10.0,3,0.017608733932030288
2021,4,II1,47.0,1,0.005869577977343429
2021,4,II1,42.0,1,0.005869577977343429
2021,4,II1,13.0,1,0.005869577977343429
2021,4,II1,44.0,1,0.005869577977343429
2021,4,II2,2.0,6714,39.40834653988378
2021,4,II2,1.0,6577,38.60421435698773
2021,4,II2,3.0,3157,18.530257674473205
2021,4,II2,4.0,489,2.8702236309209366
2021,4,II2,5.0,76,0.4460879262781006
2021,4,II2,0.0,13,0.07630451370546458
2021,4,II2,6.0,10,0.05869577977343429
2021,4,II2,7.0,1,0.005869577977343429
2021,4,II3,2.0,15996,93.88976932558549
2021,4,II3,1.0,1028,6.033926160709045
2021,4,II3,0.0,13,0.07630451370546458
2021,4,II3_1,0.0,16009,93.96607383929096
2021,4,II3_1,1.0,988,5.799143041615308
2021,4,II3_1,2.0,39,0.22891354111639373
2021,4,II3_1,3.0,1,0.005869577977343429
2021,4,II4_1,1.0,15544,91.23672007982626
2021,4,II4_1,2.0,1480,8.686975406468274
2021,4,II4_1,0.0,13,0.07630451370546458
2021,4,II4_2,2.0,9086,53.3309855021424
2021,4,II4_2,1.0,7938,46.59270998415214
2021,4,II4_2,0.0,13,0.07630451370546458
2021,4,II4_3,2.0,11303,66.34383987791279
2021,4,II4_3,1.0,5721,33.579855608381756
2021,4,II4_3,0.0,13,0.07630451370546458
2021,4,II5,2.0,15930,93.50237717908082
2021,4,II5,0.0,1008,5.916534601162176
2021,4,II5,1.0,99,0.5810882197569994
2021,4,II5_1,0.0,16938,99.41891178024301
2021,4,II5_1,1.0,89,0.5223924399835652
2021,4,II5_1,2.0,10,0.05869577977343429
2021,4,II6,2.0,15854,93.05628925280273
2021,4,II6,0.0,1008,5.916534601162176
2021,4,II6,1.0,175,1.0271761460351
2021,4,II6_1,0.0,16865,98.99043258789693
2021,4,II6_1,1.0,156,0.9156541644655749
2021,4,II6_1,2.0,15,0.08804366966015144
2021,4,II6_1,3.0,1,0.005869577977343429
2021,4,II7,1.0,11351,66.62557962082526
2021,4,II7,3.0,3167,18.58895345424664
2021,4,II7,6.0,936,5.493924986793449
2021,4,II7,2.0,797,4.678053647942713
2021,4,II7,4.0,425,2.4945706403709575
2021,4,II7,8.0,239,1.4028291365850796
2021,4,II7,7.0,44,0.2582614310031109
2021,4,II7,5.0,38,0.2230439631390503
2021,4,II7,9.0,27,0.15847860538827258
2021,4,II7,0.0,13,0.07630451370546458
2021,4,II8,1.0,11137,65.36948993367376
2021,4,II8,2.0,5705,33.48594236074426
2021,4,II8,4.0,139,0.8158713388507366
2021,4,II8,3.0,43,0.25239185302576744
2021,4,II8,0.0,13,0.07630451370546458
2021,4,II9,1.0,16654,97.75195163467747
2021,4,II9,2.0,203,1.191524329400716
2021,4,II9,3.0,124,0.7278276691905852
2021,4,II9,4.0,43,0.25239185302576744
2021,4,II9,0.0,13,0.07630451370546458
2021,4,IV1,1.0,13737,80.63039267476668
2021,4,IV1,2.0,3213,18.858954041204438
2021,4,IV1,3.0,44,0.2582614310031109
2021,4,IV1,6.0,31,0.1819569172976463
2021,4,IV1,4.0,10,0.05869577977343429
2021,4,IV1,5.0,2,0.011739155954686858
2021,4,IV10,1.0,16369,96.07912191113459
2021,4,IV10,2.0,599,3.515877208428714
2021,4,IV10,0.0,44,0.2582614310031109
2021,4,IV10,3.0,25,0.14673944943358572
2021,4,IV11,1.0,13710,80.47191406937841
2021,4,IV11,2.0,2514,14.756119035041381
2021,4,IV11,3.0,730,4.284791923460703
2021,4,IV11,0.0,44,0.2582614310031109
2021,4,IV11,4.0,39,0.22891354111639373
2021,4,IV12_1,2.0,16193,95.04607618712214
2021,4,IV12_1,1.0,844,4.953923812877854
2021,4,IV12_2,2.0,16162,94.8641192698245
2021,4,IV12_2,1.0,875,5.135880730175501
2021,4,IV12_3,2.0,16936,99.40717262428831
2021,4,IV12_3,1.0,101,0.5928273757116863
2021,4,IV2,3.0,6310,37.03703703703704
2021,4,IV2,2.0,4040,23.713095028467453
2021,4,IV2,4.0,3653,21.441568351235546
2021,4,IV2,1.0,1322,7.759582086048013
2021,4,IV2,5.0,1191,6.990667371016024
2021,4,IV2,6.0,364,2.136526383753008
2021,4,IV2,7.0,104,0.6104361096437166
2021,4,IV2,8.0,34,0.1995656512296766
2021,4,IV2,9.0,10,0.05869577977343429
2021,4,IV2,10.0,5,0.029347889886717146
2021,4,IV2,99.0,2,0.011739155954686858
2021,4,IV2,21.0,1,0.005869577977343429
2021,4,IV2,13.0,1,0.005869577977343429
2021,4,IV3,1.0,15301,89.8104126313318
2021,4,IV3,2.0,1650,9.684803662616657
2021,4,IV3,3.0,53,0.31108763279920176
2021,4,IV3,4.0,33,0.19369607325233315
2021,4,IV4,4.0,5752,33.7618125256794
2021,4,IV4,1.0,5050,29.641368785584316
2021,4,IV4,2.0,3808,22.351352937723778
2021,4,IV4,3.0,1060,6.221752655984035
2021,4,IV4,9.0,1045,6.133708986323883
2021,4,IV4,5.0,220,1.2913071550155544
2021,4,IV4,7.0,88,0.5165228620062218
2021,4,IV4,6.0,14,0.08217409168280801
2021,4,IV5,1.0,14936,87.66801666960146
2021,4,IV5,2.0,2101,12.331983330398545
2021,4,IV6,1.0,16748,98.30369196454775
2021,4,IV6,2.0,264,1.5495685860186652
2021,4,IV6,3.0,25,0.14673944943358572
2021,4,IV7,1.0,16479,96.72477548864236
2021,4,IV7,2.0,533,3.1284850619240476
2021,4,IV7,4.0,19,0.11152198156952516
2021,4,IV7,3.0,6,0.035217467864060575
2021,4,IV8,1.0,16993,99.7417385689969
2021,4,IV8,2.0,44,0.2582614310031109
2021,4,IV9,1.0,16558,97.1884721488525
2021,4,IV9,2.0,434,2.547396842167048
2021,4,IV9,0.0,44,0.2582614310031109
2021,4,IV9,3.0,1,0.005869577977343429
2022,1,II1,3.0,6131,36.28240028405728
2022,1,II1,2.0,4278,25.316605515445616
2022,1,II1,4.0,3503,20.73026393656054
2022,1,II1,1.0,1462,8.651911468812877
2022,1,II1,5.0,1087,6.43271393064268
2022,1,II1,6.0,301,1.7812758906379453
2022,1,II1,7.0,89,0.5266895490590603
2022,1,II1,8.0,21,0.12427506213753108
2022,1,II1,0.0,10,0.05917860101787194
2022,1,II1,9.0,9,0.053260740916084744
2022,1,II1,99.0,7,0.041425020712510356
2022,1,II2,1.0,6623,39.19398745413658
2022,1,II2,2.0,6620,39.17623387383122
2022,1,II2,3.0,3074,18.191501952893834
2022,1,II2,4.0,480,2.840572848857853
2022,1,II2,5.0,72,0.42608592732867795
2022,1,II2,6.0,18,0.10652148183216949
2022,1,II2,0.0,10,0.05917860101787194
2022,1,II2,7.0,1,0.005917860101787194
2022,1,II3,2.0,15832,93.69156113149485
2022,1,II3,1.0,1056,6.249260267487276
2022,1,II3,0.0,10,0.05917860101787194
2022,1,II3_1,0.0,15842,93.75073973251273
2022,1,II3_1,1.0,1024,6.059888744230086
2022,1,II3_1,2.0,30,0.17753580305361583
2022,1,II3_1,3.0,2,0.011835720203574387
2022,1,II4_1,1.0,15257,90.28879157296721
2022,1,II4_1,2.0,1631,9.652029826014912
2022,1,II4_1,0.0,10,0.05917860101787194
2022,1,II4_2,2.0,9244,54.70469878092082
2022,1,II4_2,1.0,7644,45.23612261806131
2022,1,II4_2,0.0,10,0.05917860101787194
2022,1,II4_3,2.0,11388,67.39259083915256
2022,1,II4_3,1.0,5500,32.54823055982956
2022,1,II4_3,0.0,10,0.05917860101787194
2022,1,II5,2.0,15707,92.95182861877146
2022,1,II5,0.0,1109,6.562906852881998
2022,1,II5,1.0,82,0.4852645283465499
2022,1,II5_1,0.0,16816,99.51473547165345
2022,1,II5_1,1.0,66,0.3905787667179548
2022,1,II5_1,2.0,16,0.0946857616285951
2022,1,II6,2.0,15631,92.50207125103563
2022,1,II6,0.0,1109,6.562906852881998
2022,1,II6,1.0,158,0.9350218960823766
2022,1,II6_1,0.0,16740,99.06497810391762
2022,1,II6_1,1.0,146,0.8640075748609303
2022,1,II6_1,2.0,8,0.04734288081429755
2022,1,II6_1,3.0,4,0.023671440407148775
2022,1,II7,1.0,11056,65.42786128535921
2022,1,II7,3.0,3297,19.511184755592378
2022,1,II7,6.0,959,5.675227837613919
2022,1,II7,2.0,811,4.799384542549414
2022,1,II7,4.0,441,2.6097763048881526
2022,1,II7,8.0,239,1.4143685643271393
2022,1,II7,5.0,33,0.1952893833589774
2022,1,II7,7.0,26,0.15386436264646705
2022,1,II7,9.0,26,0.15386436264646705
2022,1,II7,0.0,10,0.05917860101787194
2022,1,II8,1.0,10991,65.04320037874305
2022,1,II8,2.0,5712,33.80281690140845
2022,1,II8,4.0,148,0.8758432950645046
2022,1,II8,3.0,37,0.21896082376612616
2022,1,II8,0.0,10,0.05917860101787194
2022,1,II9,1.0,16485,97.5559237779619
2022,1,II9,2.0,230,1.3611078234110545
2022,1,II9,3.0,134,0.7929932536394839
2022,1,II9,4.0,39,0.23079654396970056
2022,1,II9,0.0,10,0.05917860101787194
2022,1,IV1,1.0,13421,79.42360042608593
2022,1,IV1,2.0,3345,19.795242040478165
2022,1,IV1,3.0,70,0.4142502071251036
2022,1,IV1,6.0,46,0.2722215646822109
2022,1,IV1,4.0,13,0.07693218132323353
2022,1,IV1,5.0,3,0.01775358030536158
2022,1,IV10,1.0,16220,95.98769085098829
2022,1,IV10,2.0,623,3.6868268434134217
2022,1,IV10,0.0,39,0.23079654396970056
2022,1,IV10,3.0,16,0.0946857616285951
2022,1,IV11,1.0,13545,80.15741507870754
2022,1,IV11,2.0,2521,14.918925316605515
2022,1,IV11,3.0,765,4.527162977867203
2022,1,IV11,0.0,39,0.23079654396970056
2022,1,IV11,4.0,28,0.16570008285004142
2022,1,IV12_1,2.0,16023,94.82187241093621
2022,1,IV12_1,1.0,875,5.178127589063794
2022,1,IV12_2,2.0,15984,94.5910758669665
2022,1,IV12_2,1.0,914,5.408924133033495
2022,1,IV12_3,2.0,16779,99.29577464788733
2022,1,IV12_3,1.0,119,0.704225352112676
2022,1,IV2,3.0,6152,36.40667534619482
2022,1,IV2,2.0,4208,24.902355308320512
2022,1,IV2,4.0,3574,21.15043200378743
2022,1,IV2,1.0,1359,8.042371878328796
2022,1,IV2,5.0,1125,6.657592614510593
2022,1,IV2,6.0,330,1.9528938335897739
2022,1,IV2,7.0,103,0.6095395904840809
2022,1,IV2,8.0,27,0.15978222274825424
2022,1,IV2,9.0,11,0.06509646111965914
2022,1,IV2,99.0,9,0.053260740916084744
2022,1,IV3,1.0,15157,89.69700556278849
2022,1,IV3,2.0,1668,9.870990649781039
2022,1,IV3,3.0,45,0.26630370458042374
2022,1,IV3,4.0,28,0.16570008285004142
2022,1,IV4,4.0,5667,33.536513196828025
2022,1,IV4,1.0,4878,28.86732157651793
2022,1,IV4,2.0,3898,23.067818676766482
2022,1,IV4,3.0,1098,6.497810391762338
2022,1,IV4,9.0,1085,6.420878210439105
2022,1,IV4,5.0,184,1.0888862587288437
2022,1,IV4,7.0,78,0.4615930879394011
2022,1,IV4,6.0,10,0.05917860101787194
2022,1,IV5,1.0,14713,87.06947567759498
2022,1,IV5,2.0,2185,12.930524322405018
2022,1,IV6,1.0,16607,98.27790271037993
2022,1,IV6,2.0,270,1.5978222274825422
2022,1,IV6,3.0,21,0.12427506213753108
2022,1,IV7,1.0,16335,96.6682447626938
2022,1,IV7,2.0,540,3.1956444549650844
2022,1,IV7,4.0,13,0.07693218132323353
2022,1,IV7,3.0,10,0.05917860101787194
2022,1,IV8,1.0,16859,99.7692034560303
2022,1,IV8,2.0,39,0.23079654396970056
2022,1,IV9,1.0,16401,97.05882352941177
2022,1,IV9,2.0,458,2.710379926618535
2022,1,IV9,0.0,39,0.23079654396970056
2022,2,II1,3.0,6274,36.125986065526575
2022,2,II1,2.0,4413,25.410260839523232
2022,2,II1,4.0,3482,20.049519203086312
2022,2,II1,1.0,1562,8.994069211723383
2022,2,II1,5.0,1130,6.506592963666725
2022,2,II1,6.0,344,1.980768123452525
2022,2,II1,7.0,97,0.558530546438648
2022,2,II1,8.0,29,0.16698335924454424
2022,2,II1,99.0,17,0.09788679679852594
2022,2,II1,0.0,14,0.08061265618702136
2022,2,II1,9.0,5,0.02879023435250763
2022,2,II2,1.0,6878,39.603846375309494
2022,2,II2,2.0,6735,38.780445672827774
2022,2,II2,3.0,3139,18.07450912650429
2022,2,II2,4.0,500,2.879023435250763
2022,2,II2,5.0,80,0.46064374964012206
2022,2,II2,6.0,19,0.109402890539529
2022,2,II2,0.0,14,0.08061265618702136
2022,2,II2,7.0,2,0.011516093741003052
2022,2,II3,2.0,16202,93.29187539586572
2022,2,II3,1.0,1151,6.627511947947256
2022,2,II3,0.0,14,0.08061265618702136
2022,2,II3_1,0.0,16216,93.37248805205274
2022,2,II3_1,1.0,1101,6.33960960442218
2022,2,II3_1,2.0,48,0.2763862497840732
2022,2,II3_1,3.0,1,0.005758046870501526
2022,2,II3_1,14.0,1,0.005758046870501526
2022,2,II4_1,1.0,15559,89.58945125813324
2022,2,II4_1,2.0,1794,10.329936085679737
2022,2,II4_1,0.0,14,0.08061265618702136
2022,2,II4_2,2.0,9504,54.7244774572465
2022,2,II4_2,1.0,7849,45.19490988656648
2022,2,II4_2,0.0,14,0.08061265618702136
2022,2,II4_3,2.0,11708,67.41521275983186
2022,2,II4_3,1.0,5645,32.50417458398111
2022,2,II4_3,0.0,14,0.08061265618702136
2022,2,II5,2.0,16073,92.54908734957102
2022,2,II5,0.0,1221,7.0305752288823635
2022,2,II5,1.0,73,0.4203374215466114
2022,2,II5_1,0.0,17294,99.5796625784534
2022,2,II5_1,1.0,59,0.33972476535959
2022,2,II5_1,2.0,14,0.08061265618702136
2022,2,II6,2.0,15991,92.0769275061899
2022,2,II6,0.0,1221,7.0305752288823635
2022,2,II6,1.0,155,0.8924972649277365
2022,2,II6_1,0.0,17212,99.10750273507226
2022,2,II6_1,1.0,141,0.8118846087407151
2022,2,II6_1,2.0,8,0.04606437496401221
2022,2,II6_1,3.0,6,0.03454828122300915
2022,2,II7,1.0,11190,64.43254448091207
2022,2,II7,3.0,3532,20.337421546611388
2022,2,II7,6.0,1002,5.769562964242529
2022,2,II7,2.0,837,4.819485230609777
2022,2,II7,4.0,464,2.671733747912708
2022,2,II7,8.0,223,1.2840444521218404
2022,2,II7,5.0,52,0.29941843726607936
2022,2,II7,9.0,34,0.19577359359705188
2022,2,II7,7.0,19,0.109402890539529
2022,2,II7,0.0,14,0.08061265618702136
2022,2,II8,1.0,11289,65.00259112109173
2022,2,II8,2.0,5822,33.523348880059885
2022,2,II8,4.0,213,1.226463983416825
2022,2,II8,3.0,29,0.16698335924454424
2022,2,II8,0.0,14,0.08061265618702136
2022,2,II9,1.0,16968,97.70253929866989
2022,2,II9,2.0,217,1.249496170898831
2022,2,II9,3.0,136,0.7830943743882075
2022,2,II9,4.0,32,0.18425749985604883
2022,2,II9,0.0,14,0.08061265618702136
2022,2,IV1,1.0,13470,77.56089134565555
2022,2,IV1,2.0,3751,21.598433811251223
2022,2,IV1,3.0,72,0.4145793746761099
2022,2,IV1,6.0,51,0.29366039039557784
2022,2,IV1,4.0,22,0.12667703115103357
2022,2,IV1,5.0,1,0.005758046870501526
2022,2,IV10,1.0,16608,95.62964242528935
2022,2,IV10,2.0,712,4.099729371797086
2022,2,IV10,0.0,33,0.19001554672655036
2022,2,IV10,3.0,14,0.08061265618702136
2022,2,IV11,1.0,13958,80.3708182184603
2022,2,IV11,2.0,2542,14.636955144814879
2022,2,IV11,3.0,810,4.664017965106236
2022,2,IV11,0.0,33,0.19001554672655036
2022,2,IV11,4.0,24,0.1381931248920366
2022,2,IV12_1,2.0,16493,94.96746703518167
2022,2,IV12_1,1.0,874,5.0325329648183335
2022,2,IV12_2,2.0,16391,94.38014625439051
2022,2,IV12_2,1.0,976,5.61985374560949
2022,2,IV12_3,2.0,17232,99.2226636724823
2022,2,IV12_3,1.0,135,0.777336327517706
2022,2,IV2,3.0,6293,36.2353889560661
2022,2,IV2,2.0,4348,25.035987792940634
2022,2,IV2,4.0,3559,20.49288881211493
2022,2,IV2,1.0,1463,8.424022571543732
2022,2,IV2,5.0,1172,6.748430932227788
2022,2,IV2,6.0,368,2.1189612483445615
2022,2,IV2,7.0,109,0.6276271088846663
2022,2,IV2,8.0,28,0.16122531237404272
2022,2,IV2,99.0,17,0.09788679679852594
2022,2,IV2,9.0,10,0.05758046870501526
2022,2,IV3,1.0,15563,89.61248344561525
2022,2,IV3,2.0,1730,9.96142108596764
2022,2,IV3,3.0,48,0.2763862497840732
2022,2,IV3,4.0,26,0.14970921863303968
2022,2,IV4,4.0,5790,33.33909138020383
2022,2,IV4,1.0,4952,28.513848102723557
2022,2,IV4,2.0,4000,23.032187482006105
2022,2,IV4,9.0,1218,7.013301088270858
2022,2,IV4,3.0,1136,6.541141244889733
2022,2,IV4,5.0,178,1.0249323429492716
2022,2,IV4,7.0,82,0.4721598433811251
2022,2,IV4,6.0,11,0.06333851557551679
2022,2,IV5,1.0,15151,87.24016813496861
2022,2,IV5,2.0,2216,12.759831865031382
2022,2,IV6,1.0,17063,98.24955375136754
2022,2,IV6,2.0,281,1.6180111706109288
2022,2,IV6,3.0,23,0.1324350780215351
2022,2,IV7,1.0,16747,96.43001094028905
2022,2,IV7,2.0,598,3.4433120285599124
2022,2,IV7,3.0,12,0.0690965624460183
2022,2,IV7,4.0,10,0.05758046870501526
2022,2,IV8,1.0,17334,99.80998445327344
2022,2,IV8,2.0,33,0.19001554672655036
2022,2,IV9,1.0,16836,96.9424771117637
2022,2,IV9,2.0,497,2.8617492946392584
2022,2,IV9,0.0,33,0.19001554672655036
2022,2,IV9,3.0,1,0.005758046870501526
2022,3,II1,3.0,6180,36.59836550988985
2022,3,II1,2.0,4216,24.967428639109322
2022,3,II1,4.0,3386,20.052114177425086
2022,3,II1,1.0,1543,9.137747246239488
2022,3,II1,5.0,1060,6.277389553476253
2022,3,II1,6.0,356,2.108255359469383
2022,3,II1,7.0,92,0.5448300367168069
2022,3,II1,8.0,27,0.15989577164514981
2022,3,II1,99.0,12,0.07106478739784437
2022,3,II1,0.0,9,0.053298590548383276
2022,3,II1,9.0,5,0.029610328082435154
2022,3,II2,1.0,6698,39.66599549923013
2022,3,II2,2.0,6608,39.1330095937463
2022,3,II2,3.0,3011,17.83133957124245
2022,3,II2,4.0,469,2.7774487741324174
2022,3,II2,5.0,76,0.45007698685301434
2022,3,II2,6.0,14,0.08290891863081842
2022,3,II2,0.0,9,0.053298590548383276
2022,3,II2,7.0,1,0.0059220656164870305
2022,3,II3,2.0,15785,93.47980575624779
2022,3,II3,1.0,1092,6.466895653203838
2022,3,II3,0.0,9,0.053298590548383276
2022,3,II3_1,0.0,15794,93.53310434679616
2022,3,II3_1,1.0,1037,6.141182044297051
2022,3,II3_1,2.0,52,0.3079474120573256
2022,3,II3_1,6.0,1,0.0059220656164870305
2022,3,II3_1,5.0,1,0.0059220656164870305
2022,3,II3_1,3.0,1,0.0059220656164870305
2022,3,II4_1,1.0,15091,89.36989221840578
2022,3,II4_1,2.0,1786,10.576809191045836
2022,3,II4_1,0.0,9,0.053298590548383276
2022,3,II4_2,2.0,9114,53.9737060286628
2022,3,II4_2,1.0,7763,45.97299538078882
2022,3,II4_2,0.0,9,0.053298590548383276
2022,3,II4_3,2.0,11385,67.42271704370485
2022,3,II4_3,1.0,5492,32.52398436574677
2022,3,II4_3,0.0,9,0.053298590548383276
2022,3,II5,2.0,15592,92.33684709226578
2022,3,II5,0.0,1225,7.254530380196613
2022,3,II5,1.0,69,0.40862252753760514
2022,3,II5_1,0.0,16817,99.5913774724624
2022,3,II5_1,1.0,62,0.3671680682221959
2022,3,II5_1,2.0,7,0.04145445931540921
2022,3,II6,2.0,15514,91.87492597417979
2022,3,II6,0.0,1225,7.254530380196613
2022,3,II6,1.0,147,0.8705436456235935
2022,3,II6_1,0.0,16742,99.14722255122587
2022,3,II6_1,1.0,133,0.787634726992775
2022,3,II6_1,2.0,9,0.053298590548383276
2022,3,II6_1,3.0,2,0.011844131232974061
2022,3,II7,1.0,10929,64.72225512258676
2022,3,II7,3.0,3299,19.536894468790713
2022,3,II7,6.0,1019,6.034584863200284
2022,3,II7,2.0,814,4.820561411820443
2022,3,II7,4.0,446,2.6412412649532158
2022,3,II7,8.0,229,1.3561530261755301
2022,3,II7,5.0,60,0.3553239369892218
2022,3,II7,9.0,46,0.2724150183584034
2022,3,II7,7.0,35,0.20727229657704607
2022,3,II7,0.0,9,0.053298590548383276
2022,3,II8,1.0,10876,64.40838564491294
2022,3,II8,2.0,5795,34.31837024754234
2022,3,II8,4.0,175,1.0363614828852303
2022,3,II8,3.0,31,0.18358403411109794
2022,3,II8,0.0,9,0.053298590548383276
2022,3,II9,1.0,16490,97.65486201587113
2022,3,II9,2.0,205,1.2140234513798414
2022,3,II9,3.0,149,0.8823877768565676
2022,3,II9,4.0,33,0.195428165344072
2022,3,II9,0.0,9,0.053298590548383276
2022,3,IV1,1.0,13125,77.72711121639227
2022,3,IV1,2.0,3662,21.686604287575506
2022,3,IV1,3.0,43,0.2546488215089423
2022,3,IV1,6.0,34,0.20135023096055904
2022,3,IV1,4.0,20,0.11844131232974062
2022,3,IV1,5.0,2,0.011844131232974061
2022,3,IV10,1.0,16167,95.74203482174582
2022,3,IV10,2.0,671,3.9737060286627974
2022,3,IV10,0.0,34,0.20135023096055904
2022,3,IV10,3.0,14,0.08290891863081842
2022,3,IV11,1.0,13586,80.4571834655928
2022,3,IV11,2.0,2476,14.663034466421887
2022,3,IV11,3.0,755,4.471159540447708
2022,3,IV11,4.0,35,0.20727229657704607
2022,3,IV11,0.0,34,0.20135023096055904
2022,3,IV12_1,2.0,16058,95.09652966954874
2022,3,IV12_1,1.0,828,4.9034703304512615
2022,3,IV12_2,2.0,16019,94.86556911050575
2022,3,IV12_2,1.0,867,5.134430889494255
2022,3,IV12_3,2.0,16760,99.25381973232264
2022,3,IV12_3,1.0,126,0.7461802676773659
2022,3,IV2,3.0,6177,36.58059931304039
2022,3,IV2,2.0,4168,24.683169489517944
2022,3,IV2,4.0,3434,20.336373327016464
2022,3,IV2,1.0,1452,8.598839275139168
2022,3,IV2,5.0,1109,6.567570768684117
2022,3,IV2,6.0,389,2.303683524813455
2022,3,IV2,7.0,104,0.6158948241146512
2022,3,IV2,8.0,34,0.20135023096055904
2022,3,IV2,99.0,12,0.07106478739784437
2022,3,IV2,9.0,7,0.04145445931540921
2022,3,IV3,1.0,15159,89.7725926803269
2022,3,IV3,2.0,1640,9.71218761103873
2022,3,IV3,3.0,62,0.3671680682221959
2022,3,IV3,4.0,25,0.14805164041217578
2022,3,IV4,4.0,5655,33.48928106123416
2022,3,IV4,1.0,4787,28.348928106123417
2022,3,IV4,2.0,3886,23.0131469856686
2022,3,IV4,9.0,1156,6.845907852659008
2022,3,IV4,3.0,1118,6.6208693592325005
2022,3,IV4,5.0,185,1.0955821390501006
2022,3,IV4,7.0,90,0.5329859054838327
2022,3,IV4,6.0,9,0.053298590548383276
2022,3,IV5,1.0,14805,87.67618145209049
2022,3,IV5,2.0,2081,12.32381854790951
2022,3,IV6,1.0,16563,98.08717280587469
2022,3,IV6,2.0,302,1.7884638161790833
2022,3,IV6,3.0,21,0.12436337794622765
2022,3,IV7,1.0,16277,96.3934620395594
2022,3,IV7,2.0,576,3.4111097950965297
2022,3,IV7,3.0,18,0.10659718109676655
2022,3,IV7,4.0,15,0.08883098424730546
2022,3,IV8,1.0,16852,99.79864976903944
2022,3,IV8,2.0,34,0.20135023096055904
2022,3,IV9,1.0,16365,96.91460381381026
2022,3,IV9,2.0,487,2.8840459552291837
2022,3,IV9,0.0,34,0.20135023096055904
2022,4,II1,3.0,6092,36.391875746714454
2022,4,II1,2.0,4264,25.471923536439665
2022,4,II1,4.0,3381,20.197132616487455
2022,4,II1,1.0,1563,9.336917562724015
2022,4,II1,5.0,1019,6.0872162485065715
2022,4,II1,6.0,296,1.7682198327359617
2022,4,II1,7.0,73,0.43608124253285546
2022,4,II1,8.0,21,0.12544802867383512
2022,4,II1,0.0,18,0.10752688172043011
2022,4,II1,99.0,8,0.04778972520908005
2022,4,II1,9.0,5,0.02986857825567503
2022,4,II2,2.0,6637,39.64755077658303
2022,4,II2,1.0,6637,39.64755077658303
2022,4,II2,3.0,2917,17.425328554360814
2022,4,II2,4.0,461,2.7538829151732376
2022,4,II2,5.0,57,0.34050179211469533
2022,4,II2,0.0,18,0.10752688172043011
2022,4,II2,6.0,11,0.06571087216248507
2022,4,II2,8.0,1,0.005973715651135006
2022,4,II2,7.0,1,0.005973715651135006
2022,4,II3,2.0,15720,93.9068100358423
2022,4,II3,1.0,1002,5.985663082437276
2022,4,II3,0.0,18,0.10752688172043011
2022,4,II3_1,0.0,15738,94.01433691756273
2022,4,II3_1,1.0,955,5.704898446833931
2022,4,II3_1,2.0,44,0.2628434886499403
2022,4,II3_1,6.0,1,0.005973715651135006
2022,4,II3_1,3.0,1,0.005973715651135006
2022,4,II3_1,5.0,1,0.005973715651135006
2022,4,II4_1,1.0,14921,89.13381123058542
2022,4,II4_1,2.0,1801,10.758661887694146
2022,4,II4_1,0.0,18,0.10752688172043011
2022,4,II4_2,2.0,9099,54.354838709677416
2022,4,II4_2,1.0,7623,45.53763440860215
2022,4,II4_2,0.0,18,0.10752688172043011
2022,4,II4_3,2.0,11335,67.71206690561529
2022,4,II4_3,1.0,5387,32.18040621266428
2022,4,II4_3,0.0,18,0.10752688172043011
2022,4,II5,2.0,15430,92.17443249701314
2022,4,II5,0.0,1231,7.353643966547192
2022,4,II5,1.0,79,0.47192353643966545
2022,4,II5_1,0.0,16661,99.52807646356034
2022,4,II5_1,1.0,67,0.4002389486260454
2022,4,II5_1,2.0,11,0.06571087216248507
2022,4,II5_1,3.0,1,0.005973715651135006
2022,4,II6,2.0,15347,91.67861409796893
2022,4,II6,0.0,1231,7.353643966547192
2022,4,II6,1.0,162,0.967741935483871
2022,4,II6_1,0.0,16581,99.05017921146954
2022,4,II6_1,1.0,150,0.8960573476702509
2022,4,II6_1,2.0,9,0.053763440860215055
2022,4,II7,1.0,10768,64.32497013142175
2022,4,II7,3.0,3217,19.217443249701315
2022,4,II7,6.0,1048,6.260454002389486
2022,4,II7,2.0,909,5.43010752688172
2022,4,II7,4.0,436,2.6045400238948626
2022,4,II7,8.0,228,1.3620071684587813
2022,4,II7,5.0,45,0.26881720430107525
2022,4,II7,7.0,38,0.2270011947431302
2022,4,II7,9.0,33,0.1971326164874552
2022,4,II7,0.0,18,0.10752688172043011
2022,4,II8,1.0,10683,63.81720430107527
2022,4,II8,2.0,5828,34.81481481481482
2022,4,II8,4.0,173,1.033452807646356
2022,4,II8,3.0,38,0.2270011947431302
2022,4,II8,0.0,18,0.10752688172043011
2022,4,II9,1.0,16288,97.29988052568697
2022,4,II9,2.0,215,1.2843488649940262
2022,4,II9,3.0,177,1.0573476702508962
2022,4,II9,4.0,42,0.25089605734767023
2022,4,II9,0.0,18,0.10752688172043011
2022,4,IV1,1.0,13060,78.01672640382318
2022,4,IV1,2.0,3569,21.320191158900837
2022,4,IV1,3.0,50,0.2986857825567503
2022,4,IV1,6.0,34,0.2031063321385902
2022,4,IV1,4.0,20,0.11947431302270012
2022,4,IV1,5.0,7,0.04181600955794504
2022,4,IV10,1.0,16014,95.66308243727599
2022,4,IV10,2.0,662,3.954599761051374
2022,4,IV10,0.0,42,0.25089605734767023
2022,4,IV10,3.0,22,0.13142174432497014
2022,4,IV11,1.0,13398,80.03584229390681
2022,4,IV11,2.0,2450,14.635603345280765
2022,4,IV11,3.0,801,4.78494623655914
2022,4,IV11,4.0,49,0.2927120669056153
2022,4,IV11,0.0,42,0.25089605734767023
2022,4,IV12_1,2.0,15981,95.46594982078852
2022,4,IV12_1,1.0,759,4.534050179211469
2022,4,IV12_2,2.0,16019,95.69295101553166
2022,4,IV12_2,1.0,721,4.30704898446834
2022,4,IV12_3,2.0,16643,99.42054958183991
2022,4,IV12_3,1.0,97,0.5794504181600956
2022,4,IV2,3.0,6109,36.49342891278375
2022,4,IV2,2.0,4223,25.22700119474313
2022,4,IV2,4.0,3425,20.459976105137397
2022,4,IV2,1.0,1466,8.757467144563918
2022,4,IV2,5.0,1065,6.362007168458781
2022,4,IV2,6.0,326,1.947431302270012
2022,4,IV2,7.0,83,0.4958183990442055
2022,4,IV2,8.0,30,0.17921146953405018
2022,4,IV2,99.0,8,0.04778972520908005
2022,4,IV2,9.0,5,0.02986857825567503
2022,4,IV3,1.0,15058,89.95221027479091
2022,4,IV3,2.0,1593,9.516129032258064
2022,4,IV3,3.0,63,0.3763440860215054
2022,4,IV3,4.0,26,0.15531660692951016
2022,4,IV4,4.0,5590,33.39307048984468
2022,4,IV4,1.0,4709,28.130227001194744
2022,4,IV4,2.0,3898,23.285543608124254
2022,4,IV4,9.0,1145,6.839904420549582
2022,4,IV4,3.0,1098,6.559139784946237
2022,4,IV4,5.0,198,1.1827956989247312
2022,4,IV4,7.0,91,0.5436081242532855
2022,4,IV4,6.0,11,0.06571087216248507
2022,4,IV5,1.0,14623,87.3536439665472
2022,4,IV5,2.0,2117,12.646356033452808
2022,4,IV6,1.0,16406,98.00477897252091
2022,4,IV6,2.0,320,1.911589008363202
2022,4,IV6,3.0,14,0.08363201911589008
2022,4,IV7,1.0,16177,96.636798088411
2022,4,IV7,2.0,526,3.142174432497013
2022,4,IV7,4.0,23,0.13739545997610514
2022,4,IV7,3.0,14,0.08363201911589008
2022,4,IV8,1.0,16698,99.74910394265233
2022,4,IV8,2.0,42,0.25089605734767023
2022,4,IV9,1.0,16225,96.92353643966547
2022,4,IV9,2.0,472,2.8195937873357226
2022,4,IV9,0.0,42,0.25089605734767023
2022,4,IV9,3.0,1,0.005973715651135006
2023,1,II1,3.0,6094,36.24145108534047
2023,1,II1,2.0,4421,26.292001189414215
2023,1,II1,4.0,3255,19.35771632471008
2023,1,II1,1.0,1668,9.91971454058876
2023,1,II1,5.0,974,5.792447219744276
2023,1,II1,6.0,272,1.6176033303597979
2023,1,II1,7.0,89,0.5292893250074339
2023,1,II1,8.0,21,0.12488849241748438
2023,1,II1,0.0,9,0.05352363960749331
2023,1,II1,99.0,8,0.047576568539994056
2023,1,II1,9.0,4,0.023788284269997028
2023,1,II2,1.0,6771,40.26761819803747
2023,1,II2,2.0,6611,39.316086827237584
2023,1,II2,3.0,2903,17.26434730895034
2023,1,II2,4.0,455,2.705917335712162
2023,1,II2,5.0,55,0.3270889087124591
2023,1,II2,6.0,10,0.059470710674992565
2023,1,II2,0.0,9,0.05352363960749331
2023,1,II2,8.0,1,0.005947071067499257
2023,1,II3,2.0,15754,93.69015759738329
2023,1,II3,1.0,1052,6.256318763009218
2023,1,II3,0.0,9,0.05352363960749331
2023,1,II3_1,0.0,15763,93.74368123699078
2023,1,II3_1,1.0,1012,6.018435920309248
2023,1,II3_1,2.0,36,0.21409455842997324
2023,1,II3_1,3.0,3,0.01784121320249777
2023,1,II3_1,14.0,1,0.005947071067499257
2023,1,II4_1,1.0,14973,89.04549509366637
2023,1,II4_1,2.0,1833,10.900981266726138
2023,1,II4_1,0.0,9,0.05352363960749331
2023,1,II4_2,2.0,9415,55.9916741005055
2023,1,II4_2,1.0,7391,43.954802259887
2023,1,II4_2,0.0,9,0.05352363960749331
2023,1,II4_3,2.0,11568,68.7957181088314
2023,1,II4_3,1.0,5238,31.150758251561108
2023,1,II4_3,0.0,9,0.05352363960749331
2023,1,II5,2.0,15497,92.16176033303599
2023,1,II5,0.0,1228,7.3030032708890875
2023,1,II5,1.0,90,0.5352363960749331
2023,1,II5_1,0.0,16725,99.46476360392506
2023,1,II5_1,1.0,74,0.440083258994945
2023,1,II5_1,2.0,14,0.08325899494498959
2023,1,II5_1,3.0,2,0.011894142134998514
2023,1,II6,2.0,15406,91.62057686589355
2023,1,II6,0.0,1228,7.3030032708890875
2023,1,II6,1.0,181,1.0764198632173654
2023,1,II6_1,0.0,16634,98.92358013678263
2023,1,II6_1,1.0,165,0.9812667261373773
2023,1,II6_1,2.0,12,0.07136485280999108
2023,1,II6_1,3.0,4,0.023788284269997028
2023,1,II7,1.0,10621,63.163841807909606
2023,1,II7,3.0,3435,20.428189116859947
2023,1,II7,6.0,1049,6.23847754980672
2023,1,II7,2.0,919,5.4653583110318165
2023,1,II7,4.0,454,2.6999702646446626
2023,1,II7,8.0,230,1.367826345524829
2023,1,II7,7.0,36,0.21409455842997324
2023,1,II7,5.0,34,0.20220041629497473
2023,1,II7,9.0,28,0.16651798988997918
2023,1,II7,0.0,9,0.05352363960749331
2023,1,II8,1.0,10551,62.74754683318466
2023,1,II8,2.0,5976,35.539696699375554
2023,1,II8,4.0,238,1.415402914064823
2023,1,II8,3.0,41,0.2438299137674695
2023,1,II8,0.0,9,0.05352363960749331
2023,1,II9,1.0,16368,97.34165923282784
2023,1,II9,2.0,224,1.3321439191198334
2023,1,II9,3.0,165,0.9812667261373773
2023,1,II9,4.0,49,0.2914064823074636
2023,1,II9,0.0,9,0.05352363960749331
2023,1,IV1,1.0,12951,77.02051739518288
2023,1,IV1,2.0,3724,22.146892655367232
2023,1,IV1,3.0,70,0.416294974724948
2023,1,IV1,6.0,42,0.24977698483496877
2023,1,IV1,4.0,24,0.14272970561998216
2023,1,IV1,5.0,4,0.023788284269997028
2023,1,IV10,1.0,16040,95.39101992268807
2023,1,IV10,2.0,706,4.198632173654476
2023,1,IV10,0.0,49,0.2914064823074636
2023,1,IV10,3.0,20,0.11894142134998513
2023,1,IV11,1.0,13417,79.79185251263753
2023,1,IV11,2.0,2452,14.582218257508178
2023,1,IV11,3.0,858,5.102586975914362
2023,1,IV11,0.0,49,0.2914064823074636
2023,1,IV11,4.0,39,0.231935771632471
2023,1,IV12_1,2.0,16018,95.2601843592031
2023,1,IV12_1,1.0,797,4.739815640796907
2023,1,IV12_2,2.0,15985,95.06393101397562
2023,1,IV12_2,1.0,830,4.936068986024383
2023,1,IV12_3,2.0,16730,99.49449895926256
2023,1,IV12_3,1.0,85,0.5055010407374368
2023,1,IV2,3.0,6114,36.36039250669045
2023,1,IV2,2.0,4362,25.941123996431756
2023,1,IV2,4.0,3303,19.643175735950045
2023,1,IV2,1.0,1581,9.402319357716324
2023,1,IV2,5.0,1016,6.042224204579245
2023,1,IV2,6.0,294,1.7484388938447815
2023,1,IV2,7.0,106,0.6303895331549212
2023,1,IV2,8.0,25,0.14867677668748142
2023,1,IV2,99.0,8,0.047576568539994056
2023,1,IV2,9.0,6,0.03568242640499554
2023,1,IV3,1.0,15092,89.75319655069877
2023,1,IV3,2.0,1654,9.836455545643771
2023,1,IV3,3.0,47,0.27951234017246507
2023,1,IV3,4.0,22,0.13083556348498365
2023,1,IV4,4.0,5673,33.737734165923285
2023,1,IV4,1.0,4617,27.45762711864407
2023,1,IV4,2.0,4023,23.92506690454951
2023,1,IV4,9.0,1186,7.053226286054119
2023,1,IV4,3.0,1018,6.054118346714243
2023,1,IV4,5.0,200,1.1894142134998513
2023,1,IV4,7.0,88,0.5233422539399346
2023,1,IV4,6.0,10,0.059470710674992565
2023,1,IV5,1.0,14527,86.39310139756171
2023,1,IV5,2.0,2288,13.6068986024383
2023,1,IV6,1.0,16483,98.02557240559025
2023,1,IV6,2.0,318,1.8911685994647636
2023,1,IV6,3.0,14,0.08325899494498959
2023,1,IV7,1.0,16220,96.46149271483795
2023,1,IV7,2.0,570,3.389830508474576
2023,1,IV7,4.0,15,0.08920606601248884
2023,1,IV7,3.0,10,0.059470710674992565
2023,1,IV8,1.0,16766,99.70859351769253
2023,1,IV8,2.0,49,0.2914064823074636
2023,1,IV9,1.0,16289,96.8718406184954
2023,1,IV9,2.0,477,2.8367528991971454
2023,1,IV9,0.0,49,0.2914064823074636
2023,2,II1,3.0,6138,36.12713360800471
2023,2,II1,2.0,4563,26.856974690994704
2023,2,II1,4.0,3162,18.61094761624485
2023,2,II1,1.0,1667,9.811653914067099
2023,2,II1,5.0,1021,6.009417304296645
2023,2,II1,6.0,297,1.748087110064744
2023,2,II1,7.0,86,0.5061801059446733
2023,2,II1,8.0,27,0.15891701000588582
2023,2,II1,99.0,11,0.06474396703943497
2023,2,II1,0.0,10,0.05885815185403178
2023,2,II1,9.0,8,0.047086521483225424
2023,2,II2,1.0,6937,40.829899941141846
2023,2,II2,2.0,6615,38.934667451442024
2023,2,II2,3.0,2906,17.104178928781636
2023,2,II2,4.0,440,2.5897586815773983
2023,2,II2,5.0,65,0.3825779870512066
2023,2,II2,6.0,16,0.09417304296645085
2023,2,II2,0.0,11,0.06474396703943497
2023,2,II3,2.0,15893,93.54326074161271
2023,2,II3,1.0,1087,6.397881106533255
2023,2,II3,0.0,10,0.05885815185403178
2023,2,II3_1,0.0,15903,93.60211889346675
2023,2,II3_1,1.0,1046,6.156562683931725
2023,2,II3_1,2.0,37,0.2177751618599176
2023,2,II3_1,3.0,3,0.017657445556209534
2023,2,II3_1,14.0,1,0.005885815185403178
2023,2,II4_1,1.0,15113,88.95232489699823
2023,2,II4_1,2.0,1867,10.988816951147735
2023,2,II4_1,0.0,10,0.05885815185403178
2023,2,II4_2,2.0,9577,56.36845203060624
2023,2,II4_2,1.0,7403,43.57268981753973
2023,2,II4_2,0.0,10,0.05885815185403178
2023,2,II4_3,2.0,11695,68.83460859329017
2023,2,II4_3,1.0,5285,31.106533254855798
2023,2,II4_3,0.0,10,0.05885815185403178
2023,2,II5,2.0,15659,92.16597998822837
2023,2,II5,0.0,1252,7.369040612124779
2023,2,II5,1.0,79,0.4649793996468511
2023,2,II5_1,0.0,16911,99.53502060035315
2023,2,II5_1,1.0,66,0.38846380223660976
2023,2,II5_1,2.0,13,0.07651559741024132
2023,2,II6,2.0,15591,91.76574455562096
2023,2,II6,0.0,1252,7.369040612124779
2023,2,II6,1.0,147,0.8652148322542672
2023,2,II6_1,0.0,16843,99.13478516774573
2023,2,II6_1,1.0,132,0.7769276044732195
2023,2,II6_1,2.0,9,0.052972336668628606
2023,2,II6_1,3.0,6,0.03531489111241907
2023,2,II7,1.0,10589,62.32489699823426
2023,2,II7,3.0,3638,21.41259564449676
2023,2,II7,6.0,1058,6.227192466156563
2023,2,II7,2.0,891,5.244261330194232
2023,2,II7,4.0,432,2.542672160094173
2023,2,II7,8.0,231,1.3596233078281341
2023,2,II7,5.0,52,0.30606238964096527
2023,2,II7,9.0,45,0.26486168334314303
2023,2,II7,7.0,44,0.2589758681577399
2023,2,II7,0.0,10,0.05885815185403178
2023,2,II8,1.0,10646,62.660388463802235
2023,2,II8,2.0,6059,35.662154208357855
2023,2,II8,4.0,244,1.4361389052383755
2023,2,II8,3.0,31,0.18246027074749852
2023,2,II8,0.0,10,0.05885815185403178
2023,2,II9,1.0,16605,97.73396115361977
2023,2,II9,2.0,218,1.283107710417893
2023,2,II9,3.0,123,0.723955267804591
2023,2,II9,4.0,34,0.20011771630370806
2023,2,II9,0.0,10,0.05885815185403178
2023,2,IV1,1.0,12981,76.40376692171866
2023,2,IV1,2.0,3874,22.80164802825191
2023,2,IV1,3.0,66,0.38846380223660976
2023,2,IV1,6.0,47,0.2766333137139494
2023,2,IV1,4.0,21,0.12360211889346674
2023,2,IV1,5.0,1,0.005885815185403178
2023,2,IV10,1.0,16191,95.29723366686287
2023,2,IV10,2.0,745,4.3849323131253675
2023,2,IV10,0.0,36,0.21188934667451442
2023,2,IV10,3.0,18,0.10594467333725721
2023,2,IV11,1.0,13574,79.89405532666274
2023,2,IV11,2.0,2541,14.955856386109476
2023,2,IV11,3.0,806,4.743967039434962
2023,2,IV11,0.0,36,0.21188934667451442
2023,2,IV11,4.0,33,0.19423190111830488
2023,2,IV12_1,2.0,16176,95.20894643908181
2023,2,IV12_1,1.0,814,4.791053560918187
2023,2,IV12_2,2.0,16045,94.43790464979399
2023,2,IV12_2,1.0,945,5.562095350206003
2023,2,IV12_3,2.0,16898,99.45850500294291
2023,2,IV12_3,1.0,92,0.5414949970570924
2023,2,IV2,3.0,6152,36.209535020600356
2023,2,IV2,2.0,4502,26.49793996468511
2023,2,IV2,4.0,3200,18.83460859329017
2023,2,IV2,1.0,1607,9.458505002942907
2023,2,IV2,5.0,1061,6.244849911712772
2023,2,IV2,6.0,313,1.8422601530311948
2023,2,IV2,7.0,101,0.594467333725721
2023,2,IV2,8.0,30,0.17657445556209536
2023,2,IV2,99.0,12,0.07062978222483814
2023,2,IV2,9.0,12,0.07062978222483814
2023,2,IV3,1.0,15280,89.93525603296057
2023,2,IV3,2.0,1645,9.682165979988229
2023,2,IV3,3.0,41,0.2413184226015303
2023,2,IV3,4.0,24,0.14125956444967627
2023,2,IV4,4.0,5733,33.74337845791642
2023,2,IV4,1.0,4707,27.70453207769276
2023,2,IV4,2.0,3939,23.18422601530312
2023,2,IV4,9.0,1245,7.327839905826957
2023,2,IV4,3.0,1058,6.227192466156563
2023,2,IV4,5.0,219,1.288993525603296
2023,2,IV4,7.0,82,0.4826368452030606
2023,2,IV4,6.0,7,0.04120070629782225
2023,2,IV5,1.0,14746,86.79223072395527
2023,2,IV5,2.0,2244,13.207769276044733
2023,2,IV6,1.0,16671,98.12242495585639
2023,2,IV6,2.0,291,1.712772218952325
2023,2,IV6,3.0,28,0.164802825191289
2023,2,IV7,1.0,16379,96.40376692171866
2023,2,IV7,2.0,577,3.396115361977634
2023,2,IV7,4.0,23,0.1353737492642731
2023,2,IV7,3.0,11,0.06474396703943497
2023,2,IV8,1.0,16954,99.78811065332549
2023,2,IV8,2.0,36,0.21188934667451442
2023,2,IV9,1.0,16468,96.92760447321955
2023,2,IV9,2.0,486,2.860506180105945
2023,2,IV9,0.0,36,0.21188934667451442
2023,3,II1,3.0,5962,35.79490874159462
2023,3,II1,2.0,4452,26.729106628242075
2023,3,II1,4.0,3217,19.314361191162345
2023,3,II1,1.0,1631,9.792267050912583
2023,3,II1,5.0,958,5.751681075888569
2023,3,II1,6.0,290,1.7411143131604228
2023,3,II1,7.0,76,0.4562920268972142
2023,3,II1,8.0,26,0.15609990393852066
2023,3,II1,,16,0.09606147934678194
2023,3,II1,99.0,10,0.060038424591738714
2023,3,II1,0.0,9,0.05403458213256484
2023,3,II1,9.0,9,0.05403458213256484
2023,3,II2,1.0,6728,40.39385206532181
2023,3,II2,2.0,6452,38.73679154658982
2023,3,II2,3.0,2937,17.63328530259366
2023,3,II2,4.0,437,2.6236791546589817
2023,3,II2,5.0,63,0.37824207492795386
2023,3,II2,,16,0.09606147934678194
2023,3,II2,6.0,12,0.07204610951008646
2023,3,II2,0.0,9,0.05403458213256484
2023,3,II2,8.0,1,0.006003842459173871
2023,3,II2,7.0,1,0.006003842459173871
2023,3,II3,2.0,15542,93.31171950048031
2023,3,II3,1.0,1089,6.5381844380403455
2023,3,II3,,16,0.09606147934678194
2023,3,II3,0.0,9,0.05403458213256484
2023,3,II3_1,0.0,15551,93.36575408261287
2023,3,II3_1,1.0,1044,6.268011527377522
2023,3,II3_1,2.0,42,0.2521613832853026
2023,3,II3_1,,16,0.09606147934678194
2023,3,II3_1,5.0,1,0.006003842459173871
2023,3,II3_1,3.0,1,0.006003842459173871
2023,3,II3_1,6.0,1,0.006003842459173871
2023,3,II4_1,1.0,14805,88.88688760806916
2023,3,II4_1,2.0,1826,10.96301633045149
2023,3,II4_1,,16,0.09606147934678194
2023,3,II4_1,0.0,9,0.05403458213256484
2023,3,II4_2,2.0,9204,55.25936599423631
2023,3,II4_2,1.0,7427,44.59053794428434
2023,3,II4_2,,16,0.09606147934678194
2023,3,II4_2,0.0,9,0.05403458213256484
2023,3,II4_3,2.0,11367,68.24567723342939
2023,3,II4_3,1.0,5264,31.604226705091257
2023,3,II4_3,,16,0.09606147934678194
2023,3,II4_3,0.0,9,0.05403458213256484
2023,3,II5,2.0,15303,91.87680115273776
2023,3,II5,0.0,1266,7.600864553314121
2023,3,II5,1.0,71,0.42627281460134486
2023,3,II5,,16,0.09606147934678194
2023,3,II5_1,0.0,16569,99.47766570605188
2023,3,II5_1,1.0,54,0.3242074927953891
2023,3,II5_1,2.0,17,0.10206532180595582
2023,3,II5_1,,16,0.09606147934678194
2023,3,II6,2.0,15238,91.48655139289146
2023,3,II6,0.0,1266,7.600864553314121
2023,3,II6,1.0,136,0.8165225744476465
2023,3,II6,,16,0.09606147934678194
2023,3,II6_1,0.0,16504,99.08741594620557
2023,3,II6_1,1.0,125,0.7504803073967339
2023,3,II6_1,,16,0.09606147934678194
2023,3,II6_1,2.0,7,0.042026897214217096
2023,3,II6_1,3.0,4,0.024015369836695485
2023,3,II7,1.0,10418,62.54803073967339
2023,3,II7,3.0,3457,20.755283381364073
2023,3,II7,6.0,1113,6.682276657060519
2023,3,II7,2.0,886,5.31940441882805
2023,3,II7,4.0,401,2.4075408261287223
2023,3,II7,8.0,220,1.3208453410182517
2023,3,II7,9.0,50,0.3001921229586936
2023,3,II7,5.0,46,0.2761767531219981
2023,3,II7,7.0,40,0.24015369836695485
2023,3,II7,,16,0.09606147934678194
2023,3,II7,0.0,9,0.05403458213256484
2023,3,II8,1.0,10448,62.72814601344861
2023,3,II8,2.0,5905,35.45268972142171
2023,3,II8,4.0,250,1.5009606147934678
2023,3,II8,3.0,28,0.16810758885686838
2023,3,II8,,16,0.09606147934678194
2023,3,II8,0.0,9,0.05403458213256484
2023,3,II9,1.0,16269,97.67651296829972
2023,3,II9,2.0,200,1.2007684918347743
2023,3,II9,3.0,124,0.74447646493756
2023,3,II9,4.0,38,0.2281460134486071
2023,3,II9,,16,0.09606147934678194
2023,3,II9,0.0,9,0.05403458213256484
2023,3,IV1,1.0,12761,76.61503362151777
2023,3,IV1,2.0,3798,22.802593659942364
2023,3,IV1,3.0,44,0.2641690682036503
2023,3,IV1,6.0,35,0.2101344860710855
2023,3,IV1,4.0,9,0.05403458213256484
2023,3,IV1,,5,0.030019212295869357
2023,3,IV1,5.0,4,0.024015369836695485
2023,3,IV10,1.0,15838,95.08885686839578
2023,3,IV10,2.0,759,4.556916426512968
2023,3,IV10,0.0,39,0.23414985590778098
2023,3,IV10,3.0,15,0.09005763688760807
2023,3,IV10,,5,0.030019212295869357
2023,3,IV11,1.0,13314,79.93515850144092
2023,3,IV11,2.0,2494,14.973583093179634
2023,3,IV11,3.0,775,4.65297790585975
2023,3,IV11,0.0,39,0.23414985590778098
2023,3,IV11,4.0,29,0.17411143131604226
2023,3,IV11,,5,0.030019212295869357
2023,3,IV12_1,2.0,15839,95.09486071085495
2023,3,IV12_1,1.0,812,4.875120076849184
2023,3,IV12_1,,5,0.030019212295869357
2023,3,IV12_2,2.0,15788,94.78866474543707
2023,3,IV12_2,1.0,863,5.181316042267051
2023,3,IV12_2,,5,0.030019212295869357
2023,3,IV12_3,2.0,16528,99.23150816522575
2023,3,IV12_3,1.0,123,0.7384726224783862
2023,3,IV12_3,,5,0.030019212295869357
2023,3,IV2,3.0,5967,35.82492795389049
2023,3,IV2,2.0,4402,26.42891450528338
2023,3,IV2,4.0,3250,19.51248799231508
2023,3,IV2,1.0,1558,9.353986551392891
2023,3,IV2,5.0,1013,6.081892411143132
2023,3,IV2,6.0,315,1.8912103746397695
2023,3,IV2,7.0,86,0.516330451488953
2023,3,IV2,8.0,39,0.23414985590778098
2023,3,IV2,9.0,11,0.06604226705091258
2023,3,IV2,99.0,10,0.060038424591738714
2023,3,IV2,,5,0.030019212295869357
2023,3,IV3,1.0,14941,89.7034101825168
2023,3,IV3,2.0,1632,9.798270893371757
2023,3,IV3,3.0,57,0.34221902017291067
2023,3,IV3,4.0,21,0.1260806916426513
2023,3,IV3,,5,0.030019212295869357
2023,3,IV4,4.0,5604,33.64553314121037
2023,3,IV4,1.0,4740,28.45821325648415
2023,3,IV4,2.0,3760,22.574447646493756
2023,3,IV4,9.0,1194,7.1685878962536025
2023,3,IV4,3.0,1057,6.3460614793467816
2023,3,IV4,5.0,193,1.1587415946205573
2023,3,IV4,7.0,97,0.5823727185398655
2023,3,IV4,6.0,6,0.03602305475504323
2023,3,IV4,,5,0.030019212295869357
2023,3,IV5,1.0,14451,86.76152737752162
2023,3,IV5,2.0,2200,13.208453410182516
2023,3,IV5,,5,0.030019212295869357
2023,3,IV6,1.0,16325,98.01272814601344
2023,3,IV6,2.0,295,1.771133525456292
2023,3,IV6,3.0,31,0.18611911623439
2023,3,IV6,,5,0.030019212295869357
2023,3,IV7,1.0,16083,96.55979827089337
2023,3,IV7,2.0,523,3.1400096061479346
2023,3,IV7,4.0,29,0.17411143131604226
2023,3,IV7,3.0,16,0.09606147934678194
2023,3,IV7,,5,0.030019212295869357
2023,3,IV8,1.0,16612,99.73583093179634
2023,3,IV8,2.0,39,0.23414985590778098
2023,3,IV8,,5,0.030019212295869357
2023,3,IV9,1.0,16143,96.92002881844381
2023,3,IV9,2.0,469,2.8158021133525457
2023,3,IV9,0.0,39,0.23414985590778098
2023,3,IV9,,5,0.030019212295869357
2023,4,II1,3.0,5902,35.852265824322686
2023,4,II1,2.0,4366,26.521686307860527
2023,4,II1,4.0,3242,19.693840359616086
2023,4,II1,1.0,1671,10.150649981776212
2023,4,II1,5.0,896,5.44283805126959
2023,4,II1,6.0,263,1.5976187583525696
2023,4,II1,7.0,70,0.42522172275543674
2023,4,II1,8.0,25,0.15186490098408456
2023,4,II1,0.0,13,0.07896974851172398
2023,4,II1,9.0,8,0.04859676831490706
2023,4,II1,99.0,6,0.03644757623618029
2023,4,II2,1.0,6701,40.705868059774026
2023,4,II2,2.0,6367,38.67695298262665
2023,4,II2,3.0,2898,17.604179322075083
2023,4,II2,4.0,413,2.508808164257077
2023,4,II2,5.0,55,0.334102782164986
2023,4,II2,0.0,13,0.07896974851172398
2023,4,II2,6.0,11,0.06682055643299721
2023,4,II2,8.0,2,0.012149192078726764
2023,4,II2,9.0,1,0.006074596039363382
2023,4,II2,7.0,1,0.006074596039363382
2023,4,II3,2.0,15369,93.36046652897582
2023,4,II3,1.0,1080,6.560563722512453
2023,4,II3,0.0,13,0.07896974851172398
2023,4,II3_1,0.0,15382,93.43943627748754
2023,4,II3_1,1.0,1040,6.317579880937918
2023,4,II3_1,2.0,36,0.21868545741708176
2023,4,II3_1,5.0,2,0.012149192078726764
2023,4,II3_1,3.0,1,0.006074596039363382
2023,4,II3_1,6.0,1,0.006074596039363382
2023,4,II4_1,1.0,14718,89.40590450735026
2023,4,II4_1,2.0,1731,10.515125744138015
2023,4,II4_1,0.0,13,0.07896974851172398
2023,4,II4_2,2.0,9025,54.823229255254525
2023,4,II4_2,1.0,7424,45.09780099623375
2023,4,II4_2,0.0,13,0.07896974851172398
2023,4,II4_3,2.0,11208,68.08407240918478
2023,4,II4_3,1.0,5241,31.836957842303487
2023,4,II4_3,0.0,13,0.07896974851172398
2023,4,II5,2.0,15158,92.07872676467015
2023,4,II5,0.0,1222,7.423156360102054
2023,4,II5,1.0,82,0.49811687522779735
2023,4,II5_1,0.0,16380,99.5018831247722
2023,4,II5_1,1.0,64,0.38877414651925646
2023,4,II5_1,2.0,17,0.1032681326691775
2023,4,II5_1,3.0,1,0.006074596039363382
2023,4,II6,2.0,15088,91.65350504191471
2023,4,II6,0.0,1222,7.423156360102054
2023,4,II6,1.0,152,0.9233385979832341
2023,4,II6_1,0.0,16310,99.07666140201677
2023,4,II6_1,1.0,142,0.8625926375896003
2023,4,II6_1,2.0,10,0.06074596039363382
2023,4,II7,1.0,10341,62.81739764305674
2023,4,II7,3.0,3397,20.63540274571741
2023,4,II7,6.0,1058,6.426922609646459
2023,4,II7,2.0,896,5.44283805126959
2023,4,II7,4.0,412,2.5027335682177134
2023,4,II7,8.0,218,1.3242619365812174
2023,4,II7,5.0,48,0.29158060988944234
2023,4,II7,7.0,40,0.2429838415745353
2023,4,II7,9.0,39,0.2369092455351719
2023,4,II7,0.0,13,0.07896974851172398
2023,4,II8,1.0,10338,62.799173854938644
2023,4,II8,2.0,5837,35.45741708176406
2023,4,II8,4.0,245,1.4882760296440287
2023,4,II8,3.0,29,0.1761632851415381
2023,4,II8,0.0,13,0.07896974851172398
2023,4,II9,1.0,16053,97.51549021990037
2023,4,II9,2.0,207,1.25744138014822
2023,4,II9,3.0,152,0.9233385979832341
2023,4,II9,4.0,37,0.22476005345644515
2023,4,II9,0.0,13,0.07896974851172398
2023,4,IV1,1.0,12593,76.49738792370307
2023,4,IV1,2.0,3755,22.8101081278095
2023,4,IV1,3.0,53,0.3219535900862593
2023,4,IV1,6.0,32,0.19438707325962823
2023,4,IV1,4.0,22,0.13364111286599442
2023,4,IV1,5.0,7,0.042522172275543675
2023,4,IV10,1.0,15683,95.26788968533593
2023,4,IV10,2.0,729,4.428380512695906
2023,4,IV10,0.0,37,0.22476005345644515
2023,4,IV10,3.0,13,0.07896974851172398
2023,4,IV11,1.0,13156,79.91738549386466
2023,4,IV11,2.0,2430,14.76126837565302
2023,4,IV11,3.0,808,4.908273599805613
2023,4,IV11,0.0,37,0.22476005345644515
2023,4,IV11,4.0,31,0.18831247722026484
2023,4,IV12_1,2.0,15629,94.93986149921031
2023,4,IV12_1,1.0,833,5.060138500789697
2023,4,IV12_2,2.0,15679,95.24359130117847
2023,4,IV12_2,1.0,783,4.756408698821528
2023,4,IV12_3,2.0,16327,99.17992953468594
2023,4,IV12_3,1.0,135,0.8200704653140566
2023,4,IV2,3.0,5940,36.08310047381849
2023,4,IV2,2.0,4300,26.120762969262543
2023,4,IV2,4.0,3297,20.027943141781073
2023,4,IV2,1.0,1558,9.46422062932815
2023,4,IV2,5.0,949,5.76479164135585
2023,4,IV2,6.0,285,1.731259871218564
2023,4,IV2,7.0,83,0.5041914712671607
2023,4,IV2,8.0,36,0.21868545741708176
2023,4,IV2,99.0,8,0.04859676831490706
2023,4,IV2,9.0,6,0.03644757623618029
2023,4,IV3,1.0,14789,89.83720082614506
2023,4,IV3,2.0,1584,9.622160126351597
2023,4,IV3,3.0,64,0.38877414651925646
2023,4,IV3,4.0,25,0.15186490098408456
2023,4,IV4,4.0,5555,33.74438099866359
2023,4,IV4,1.0,4612,28.01603693354392
2023,4,IV4,2.0,3760,22.84048110800632
2023,4,IV4,9.0,1177,7.149799538330701
2023,4,IV4,3.0,1093,6.639533471024177
2023,4,IV4,5.0,167,1.014457538573685
2023,4,IV4,7.0,90,0.5467136435427045
2023,4,IV4,6.0,8,0.04859676831490706
2023,4,IV5,1.0,14315,86.95784230348681
2023,4,IV5,2.0,2147,13.042157696513183
2023,4,IV6,1.0,16147,98.08650224760054
2023,4,IV6,2.0,295,1.7920058316121978
2023,4,IV6,3.0,20,0.12149192078726764
2023,4,IV7,1.0,15865,96.37346616450006
2023,4,IV7,2.0,550,3.34102782164986
2023,4,IV7,4.0,31,0.18831247722026484
2023,4,IV7,3.0,16,0.09719353662981411
2023,4,IV8,1.0,16425,99.77523994654355
2023,4,IV8,2.0,37,0.22476005345644515
2023,4,IV9,1.0,15985,97.10241768922367
2023,4,IV9,2.0,440,2.672822257319888
2023,4,IV9,0.0,37,0.22476005345644515
2024,1,II1,3.0,5880,36.51266766020864
2024,1,II1,2.0,4248,26.37853949329359
2024,1,II1,4.0,3115,19.34302036761053
2024,1,II1,1.0,1562,9.699453551912569
2024,1,II1,5.0,929,5.768753104818678
2024,1,II1,6.0,255,1.5834575260804769
2024,1,II1,7.0,73,0.4533035270740189
2024,1,II1,8.0,28,0.17386984600099353
2024,1,II1,9.0,7,0.04346746150024838
2024,1,II1,0.0,6,0.037257824143070044
2024,1,II1,99.0,1,0.006209637357178341
2024,1,II2,1.0,6555,40.70417287630402
2024,1,II2,2.0,6253,38.828862394436165
2024,1,II2,3.0,2776,17.237953303527075
2024,1,II2,4.0,444,2.7570789865871834
2024,1,II2,5.0,55,0.34153005464480873
2024,1,II2,6.0,12,0.07451564828614009
2024,1,II2,0.0,6,0.037257824143070044
2024,1,II2,9.0,2,0.012419274714356682
2024,1,II2,8.0,1,0.006209637357178341
2024,1,II3,2.0,15090,93.70342771982116
2024,1,II3,1.0,1008,6.259314456035767
2024,1,II3,0.0,6,0.037257824143070044
2024,1,II3_1,0.0,15096,93.74068554396423
2024,1,II3_1,1.0,974,6.048186785891704
2024,1,II3_1,2.0,31,0.19249875807252856
2024,1,II3_1,3.0,2,0.012419274714356682
2024,1,II3_1,5.0,1,0.006209637357178341
2024,1,II4_1,1.0,14525,90.1949826130154
2024,1,II4_1,2.0,1573,9.76775956284153
2024,1,II4_1,0.0,6,0.037257824143070044
2024,1,II4_2,2.0,8801,54.65101838052658
2024,1,II4_2,1.0,7297,45.31172379533035
2024,1,II4_2,0.0,6,0.037257824143070044
2024,1,II4_3,2.0,10942,67.9458519622454
2024,1,II4_3,1.0,5156,32.016890213611525
2024,1,II4_3,0.0,6,0.037257824143070044
2024,1,II5,2.0,14902,92.53601589667163
2024,1,II5,0.0,1107,6.874068554396423
2024,1,II5,1.0,95,0.5899155489319424
2024,1,II5_1,0.0,16009,99.41008445106806
2024,1,II5_1,1.0,79,0.49056135121708894
2024,1,II5_1,2.0,15,0.09314456035767511
2024,1,II5_1,3.0,1,0.006209637357178341
2024,1,II6,2.0,14828,92.07650273224044
2024,1,II6,0.0,1107,6.874068554396423
2024,1,II6,1.0,169,1.0494287133631397
2024,1,II6_1,0.0,15935,98.95057128663686
2024,1,II6_1,1.0,152,0.9438648782911078
2024,1,II6_1,2.0,15,0.09314456035767511
2024,1,II6_1,3.0,2,0.012419274714356682
2024,1,II7,1.0,10206,63.375558867362145
2024,1,II7,3.0,3259,20.237208147044214
2024,1,II7,6.0,1013,6.290362642821659
2024,1,II7,2.0,868,5.3899652260307995
2024,1,II7,4.0,407,2.5273224043715845
2024,1,II7,8.0,235,1.45926477893691
2024,1,II7,7.0,44,0.273224043715847
2024,1,II7,5.0,38,0.23596621957277694
2024,1,II7,9.0,28,0.17386984600099353
2024,1,II7,0.0,6,0.037257824143070044
2024,1,II8,1.0,9964,61.87282662692499
2024,1,II8,2.0,5879,36.50645802285147
2024,1,II8,4.0,230,1.4282165921510184
2024,1,II8,3.0,25,0.1552409339294585
2024,1,II8,0.0,6,0.037257824143070044
2024,1,II9,1.0,15762,97.87630402384501
2024,1,II9,2.0,179,1.111525086934923
2024,1,II9,3.0,121,0.7513661202185792
2024,1,II9,4.0,36,0.22354694485842028
2024,1,II9,0.0,6,0.037257824143070044
2024,1,IV1,1.0,12397,76.98087431693989
2024,1,IV1,2.0,3589,22.286388474913064
2024,1,IV1,3.0,58,0.3601589667163438
2024,1,IV1,4.0,34,0.21112767014406358
2024,1,IV1,6.0,22,0.1366120218579235
2024,1,IV1,5.0,4,0.024838549428713365
2024,1,IV10,1.0,15394,95.59115747640338
2024,1,IV10,2.0,664,4.123199205166419
2024,1,IV10,0.0,36,0.22354694485842028
2024,1,IV10,3.0,10,0.06209637357178341
2024,1,IV11,1.0,12968,80.52657724788872
2024,1,IV11,2.0,2336,14.505712866368604
2024,1,IV11,3.0,736,4.570293094883259
2024,1,IV11,0.0,36,0.22354694485842028
2024,1,IV11,4.0,28,0.17386984600099353
2024,1,IV12_1,2.0,15305,95.03849975161451
2024,1,IV12_1,1.0,799,4.961500248385494
2024,1,IV12_2,2.0,15297,94.98882265275708
2024,1,IV12_2,1.0,807,5.011177347242921
2024,1,IV12_3,2.0,15999,99.34798807749627
2024,1,IV12_3,1.0,105,0.6520119225037257
2024,1,IV2,3.0,5889,36.56855439642325
2024,1,IV2,2.0,4200,26.08047690014903
2024,1,IV2,4.0,3153,19.57898658718331
2024,1,IV2,1.0,1498,9.302036761053154
2024,1,IV2,5.0,955,5.930203676105315
2024,1,IV2,6.0,281,1.7449080973671138
2024,1,IV2,7.0,88,0.546448087431694
2024,1,IV2,8.0,33,0.20491803278688525
2024,1,IV2,99.0,4,0.024838549428713365
2024,1,IV2,9.0,3,0.018628912071535022
2024,1,IV3,1.0,14508,90.08941877794337
2024,1,IV3,2.0,1511,9.382762046696472
2024,1,IV3,3.0,54,0.3353204172876304
2024,1,IV3,4.0,31,0.19249875807252856
2024,1,IV4,4.0,5532,34.35171385991058
2024,1,IV4,1.0,4513,28.02409339294585
2024,1,IV4,2.0,3693,22.932190760059612
2024,1,IV4,9.0,1100,6.830601092896175
2024,1,IV4,3.0,1013,6.290362642821659
2024,1,IV4,5.0,169,1.0494287133631397
2024,1,IV4,7.0,76,0.4719324391455539
2024,1,IV4,6.0,8,0.04967709885742673
2024,1,IV5,1.0,14038,87.17088922006955
2024,1,IV5,2.0,2066,12.829110779930453
2024,1,IV6,1.0,15845,98.39170392449081
2024,1,IV6,2.0,244,1.5151515151515151
2024,1,IV6,3.0,15,0.09314456035767511
2024,1,IV7,1.0,15539,96.49155489319423
2024,1,IV7,2.0,535,3.3221559860904124
2024,1,IV7,4.0,23,0.14282165921510184
2024,1,IV7,3.0,7,0.04346746150024838
2024,1,IV8,1.0,16068,99.77645305514157
2024,1,IV8,2.0,36,0.22354694485842028
2024,1,IV9,1.0,15678,97.35469448584203
2024,1,IV9,2.0,390,2.421758569299553
2024,1,IV9,0.0,36,0.22354694485842028
2024,2,II1,3.0,6046,36.74709779371543
2024,2,II1,2.0,4362,26.511882331489698
2024,2,II1,4.0,3113,18.92056159970826
2024,2,II1,1.0,1566,9.518021029599465
2024,2,II1,5.0,967,5.877347596183067
2024,2,II1,6.0,284,1.7261289734394942
2024,2,II1,7.0,68,0.4132984865981888
2024,2,II1,8.0,26,0.1580258919346016
2024,2,II1,0.0,9,0.0547012702850544
2024,2,II1,9.0,7,0.0425454324439312
2024,2,II1,99.0,5,0.030389594602807997
2024,2,II2,1.0,6660,40.478940010940256
2024,2,II2,2.0,6473,39.34236917279524
2024,2,II2,3.0,2802,17.030328815413604
2024,2,II2,4.0,436,2.6499726493648574
2024,2,II2,5.0,61,0.3707530541542576
2024,2,II2,0.0,10,0.060779189205615994
2024,2,II2,6.0,9,0.0547012702850544
2024,2,II2,7.0,1,0.0060779189205616
2024,2,II2,9.0,1,0.0060779189205616
2024,2,II3,2.0,15410,93.66073056585425
2024,2,II3,1.0,1034,6.284568163860694
2024,2,II3,0.0,9,0.0547012702850544
2024,2,II3_1,0.0,15419,93.7154318361393
2024,2,II3_1,1.0,988,6.0049838935148605
2024,2,II3_1,2.0,42,0.2552725946635872
2024,2,II3_1,3.0,2,0.0121558378411232
2024,2,II3_1,5.0,1,0.0060779189205616
2024,2,II3_1,4.0,1,0.0060779189205616
2024,2,II4_1,1.0,14843,90.21455053789582
2024,2,II4_1,2.0,1601,9.73074819181912
2024,2,II4_1,0.0,9,0.0547012702850544
2024,2,II4_2,2.0,9077,55.169270041937644
2024,2,II4_2,1.0,7367,44.776028687777305
2024,2,II4_2,0.0,9,0.0547012702850544
2024,2,II4_3,2.0,11250,68.376587856318
2024,2,II4_3,1.0,5194,31.56871087339695
2024,2,II4_3,0.0,9,0.0547012702850544
2024,2,II5,2.0,15234,92.5910168358354
2024,2,II5,0.0,1139,6.922749650519662
2024,2,II5,1.0,80,0.48623351364492795
2024,2,II5_1,0.0,16373,99.51376648635507
2024,2,II5_1,1.0,67,0.40722056767762715
2024,2,II5_1,2.0,13,0.0790129459673008
2024,2,II6,2.0,15155,92.11086124111104
2024,2,II6,0.0,1139,6.922749650519662
2024,2,II6,1.0,159,0.9663891083692944
2024,2,II6_1,0.0,16294,99.0336108916307
2024,2,II6_1,1.0,141,0.8569865677991856
2024,2,II6_1,2.0,15,0.091168783808424
2024,2,II6_1,3.0,3,0.0182337567616848
2024,2,II7,1.0,10496,63.79383699021455
2024,2,II7,3.0,3272,19.886950708077553
2024,2,II7,6.0,1070,6.503373245000912
2024,2,II7,2.0,851,5.172309001397921
2024,2,II7,4.0,397,2.4129338114629553
2024,2,II7,8.0,230,1.397921351729168
2024,2,II7,7.0,50,0.30389594602808
2024,2,II7,5.0,44,0.2674284325047104
2024,2,II7,9.0,34,0.2066492432990944
2024,2,II7,0.0,9,0.0547012702850544
2024,2,II8,1.0,10215,62.08594177353674
2024,2,II8,2.0,5974,36.309487631435
2024,2,II8,4.0,229,1.3918434328086062
2024,2,II8,3.0,26,0.1580258919346016
2024,2,II8,0.0,9,0.0547012702850544
2024,2,II9,1.0,16090,97.79371543183613
2024,2,II9,2.0,182,1.1061812435422111
2024,2,II9,3.0,127,0.7718957029113231
2024,2,II9,4.0,45,0.27350635142527197
2024,2,II9,0.0,9,0.0547012702850544
2024,2,IV1,1.0,12790,77.73658299398286
2024,2,IV1,2.0,3566,21.673858870722665
2024,2,IV1,3.0,47,0.2856621892663952
2024,2,IV1,4.0,27,0.16410381085516318
2024,2,IV1,6.0,21,0.1276362973317936
2024,2,IV1,5.0,2,0.0121558378411232
2024,2,IV10,1.0,15687,95.34431410684981
2024,2,IV10,2.0,709,4.309244514678174
2024,2,IV10,0.0,43,0.2613505135841488
2024,2,IV10,3.0,14,0.0850908648878624
2024,2,IV11,1.0,13193,80.18598431896919
2024,2,IV11,2.0,2475,15.04284932838996
2024,2,IV11,3.0,715,4.345712028201544
2024,2,IV11,0.0,43,0.2613505135841488
2024,2,IV11,4.0,27,0.16410381085516318
2024,2,IV12_1,2.0,15652,95.13158694463016
2024,2,IV12_1,1.0,801,4.8684130553698415
2024,2,IV12_2,2.0,15566,94.60888591746186
2024,2,IV12_2,1.0,887,5.391114082538139
2024,2,IV12_3,2.0,16356,99.41044186470552
2024,2,IV12_3,1.0,97,0.5895581352944752
2024,2,IV2,3.0,6053,36.78964322615936
2024,2,IV2,2.0,4321,26.26268765574667
2024,2,IV2,4.0,3135,19.054275815960615
2024,2,IV2,1.0,1494,9.08041086731903
2024,2,IV2,5.0,990,6.017139731355984
2024,2,IV2,6.0,318,1.9327782167385887
2024,2,IV2,7.0,79,0.48015559472436636
2024,2,IV2,8.0,42,0.2552725946635872
2024,2,IV2,99.0,12,0.0729350270467392
2024,2,IV2,9.0,9,0.0547012702850544
2024,2,IV3,1.0,14857,90.29964140278369
2024,2,IV3,2.0,1522,9.250592597094755
2024,2,IV3,3.0,45,0.27350635142527197
2024,2,IV3,4.0,29,0.17625964869628638
2024,2,IV4,4.0,5597,34.01811219838327
2024,2,IV4,1.0,4702,28.578374764480643
2024,2,IV4,2.0,3761,22.859053060232178
2024,2,IV4,9.0,1131,6.8741262991551695
2024,2,IV4,3.0,974,5.919893028626998
2024,2,IV4,5.0,198,1.2034279462711968
2024,2,IV4,7.0,84,0.5105451893271744
2024,2,IV4,6.0,6,0.0364675135233696
2024,2,IV5,1.0,14287,86.83522761806357
2024,2,IV5,2.0,2166,13.164772381936425
2024,2,IV6,1.0,16179,98.33465021576612
2024,2,IV6,2.0,247,1.5012459733787151
2024,2,IV6,3.0,27,0.16410381085516318
2024,2,IV7,1.0,15880,96.5173524585182
2024,2,IV7,2.0,549,3.3367774873883183
2024,2,IV7,4.0,22,0.1337142162523552
2024,2,IV7,3.0,2,0.0121558378411232
2024,2,IV8,1.0,16410,99.73864948641585
2024,2,IV8,2.0,43,0.2613505135841488
2024,2,IV9,1.0,15998,97.23454689114448
2024,2,IV9,2.0,411,2.4980246763508176
2024,2,IV9,0.0,43,0.2613505135841488
2024,2,IV9,3.0,1,0.0060779189205616
2024,3,II1,3.0,6059,36.390390390390394
2024,3,II1,2.0,4356,26.16216216216216
2024,3,II1,4.0,3226,19.375375375375377
2024,3,II1,1.0,1623,9.747747747747749
2024,3,II1,5.0,978,5.873873873873874
2024,3,II1,6.0,285,1.7117117117117118
2024,3,II1,7.0,66,0.3963963963963964
2024,3,II1,8.0,29,0.17417417417417416
2024,3,II1,0.0,11,0.06606606606606606
2024,3,II1,9.0,9,0.05405405405405406
2024,3,II1,99.0,8,0.04804804804804805
2024,3,II2,1.0,6843,41.0990990990991
2024,3,II2,2.0,6416,38.53453453453454
2024,3,II2,3.0,2861,17.183183183183182
2024,3,II2,4.0,444,2.6666666666666665
2024,3,II2,5.0,56,0.33633633633633636
2024,3,II2,0.0,14,0.08408408408408409
2024,3,II2,6.0,13,0.07807807807807808
2024,3,II2,7.0,2,0.012012012012012012
2024,3,II2,8.0,1,0.006006006006006006
2024,3,II3,2.0,15546,93.36936936936937
2024,3,II3,1.0,1093,6.564564564564565
2024,3,II3,0.0,11,0.06606606606606606
2024,3,II3_1,0.0,15557,93.43543543543544
2024,3,II3_1,1.0,1044,6.27027027027027
2024,3,II3_1,2.0,45,0.2702702702702703
2024,3,II3_1,3.0,2,0.012012012012012012
2024,3,II3_1,5.0,1,0.006006006006006006
2024,3,II3_1,4.0,1,0.006006006006006006
2024,3,II4_1,1.0,15102,90.70270270270271
2024,3,II4_1,2.0,1537,9.23123123123123
2024,3,II4_1,0.0,11,0.06606606606606606
2024,3,II4_2,2.0,9042,54.306306306306304
2024,3,II4_2,1.0,7597,45.627627627627625
2024,3,II4_2,0.0,11,0.06606606606606606
2024,3,II4_3,2.0,11313,67.94594594594595
2024,3,II4_3,1.0,5326,31.98798798798799
2024,3,II4_3,0.0,11,0.06606606606606606
2024,3,II5,2.0,15456,92.82882882882883
2024,3,II5,0.0,1110,6.666666666666667
2024,3,II5,1.0,84,0.5045045045045045
2024,3,II5_1,0.0,16566,99.49549549549549
2024,3,II5_1,1.0,61,0.3663663663663664
2024,3,II5_1,2.0,23,0.13813813813813813
2024,3,II6,2.0,15391,92.43843843843844
2024,3,II6,0.0,1110,6.666666666666667
2024,3,II6,1.0,149,0.8948948948948949
2024,3,II6_1,0.0,16501,99.10510510510511
2024,3,II6_1,1.0,137,0.8228228228228228
2024,3,II6_1,2.0,10,0.06006006006006006
2024,3,II6_1,3.0,2,0.012012012012012012
2024,3,II7,1.0,10576,63.51951951951952
2024,3,II7,3.0,3369,20.234234234234233
2024,3,II7,6.0,1110,6.666666666666667
2024,3,II7,2.0,845,5.075075075075075
2024,3,II7,4.0,418,2.5105105105105103
2024,3,II7,8.0,204,1.2252252252252251
2024,3,II7,9.0,41,0.24624624624624625
2024,3,II7,7.0,40,0.24024024024024024
2024,3,II7,5.0,36,0.21621621621621623
2024,3,II7,0.0,11,0.06606606606606606
2024,3,II8,1.0,10433,62.66066066066066
2024,3,II8,2.0,5940,35.67567567567568
2024,3,II8,4.0,238,1.4294294294294294
2024,3,II8,3.0,28,0.16816816816816818
2024,3,II8,0.0,11,0.06606606606606606
2024,3,II9,1.0,16290,97.83783783783784
2024,3,II9,2.0,178,1.0690690690690692
2024,3,II9,3.0,133,0.7987987987987988
2024,3,II9,4.0,38,0.22822822822822822
2024,3,II9,0.0,11,0.06606606606606606
2024,3,IV1,1.0,12902,77.48948948948949
2024,3,IV1,2.0,3661,21.98798798798799
2024,3,IV1,3.0,49,0.29429429429429427
2024,3,IV1,6.0,23,0.13813813813813813
2024,3,IV1,4.0,13,0.07807807807807808
2024,3,IV1,5.0,2,0.012012012012012012
2024,3,IV10,1.0,15833,95.09309309309309
2024,3,IV10,2.0,763,4.5825825825825826
2024,3,IV10,0.0,36,0.21621621621621623
2024,3,IV10,3.0,18,0.10810810810810811
2024,3,IV11,1.0,13230,79.45945945945945
2024,3,IV11,2.0,2574,15.45945945945946
2024,3,IV11,3.0,784,4.708708708708708
2024,3,IV11,0.0,36,0.21621621621621623
2024,3,IV11,4.0,26,0.15615615615615616
2024,3,IV12_1,2.0,15845,95.16516516516516
2024,3,IV12_1,1.0,805,4.834834834834835
2024,3,IV12_2,2.0,15760,94.65465465465465
2024,3,IV12_2,1.0,890,5.345345345345345
2024,3,IV12_3,2.0,16532,99.29129129129129
2024,3,IV12_3,1.0,118,0.7087087087087087
2024,3,IV2,3.0,6048,36.32432432432432
2024,3,IV2,2.0,4352,26.13813813813814
2024,3,IV2,4.0,3244,19.483483483483482
2024,3,IV2,1.0,1550,9.30930930930931
2024,3,IV2,5.0,1014,6.09009009009009
2024,3,IV2,6.0,306,1.837837837837838
2024,3,IV2,7.0,73,0.43843843843843844
2024,3,IV2,8.0,40,0.24024024024024024
2024,3,IV2,99.0,12,0.07207207207207207
2024,3,IV2,9.0,11,0.06606606606606606
2024,3,IV3,1.0,15017,90.1921921921922
2024,3,IV3,2.0,1557,9.35135135135135
2024,3,IV3,3.0,46,0.27627627627627627
2024,3,IV3,4.0,30,0.18018018018018017
2024,3,IV4,4.0,5558,33.38138138138138
2024,3,IV4,1.0,4830,29.00900900900901
2024,3,IV4,2.0,3838,23.05105105105105
2024,3,IV4,9.0,1110,6.666666666666667
2024,3,IV4,3.0,1001,6.012012012012012
2024,3,IV4,5.0,227,1.3633633633633633
2024,3,IV4,7.0,81,0.4864864864864865
2024,3,IV4,6.0,5,0.03003003003003003
2024,3,IV5,1.0,14377,86.34834834834835
2024,3,IV5,2.0,2273,13.651651651651651
2024,3,IV6,1.0,16335,98.10810810810811
2024,3,IV6,2.0,275,1.6516516516516517
2024,3,IV6,3.0,40,0.24024024024024024
2024,3,IV7,1.0,16049,96.3903903903904
2024,3,IV7,2.0,571,3.4294294294294296
2024,3,IV7,4.0,21,0.12612612612612611
2024,3,IV7,3.0,9,0.05405405405405406
2024,3,IV8,1.0,16614,99.78378378378379
2024,3,IV8,2.0,36,0.21621621621621623
2024,3,IV9,1.0,16191,97.24324324324324
2024,3,IV9,2.0,420,2.5225225225225225
2024,3,IV9,0.0,36,0.21621621621621623
2024,3,IV9,3.0,3,0.018018018018018018
2024,4,II1,3.0,5960,36.097147356307914
2024,4,II1,2.0,4267,25.843377142511052
2024,4,II1,4.0,3308,20.035128096420568
2024,4,II1,1.0,1630,9.872206407849312
2024,4,II1,5.0,948,5.741626794258373
2024,4,II1,6.0,279,1.6897825691962933
2024,4,II1,7.0,70,0.42395978438616677
2024,4,II1,8.0,27,0.1635273454060929
2024,4,II1,9.0,10,0.060565683483738114
2024,4,II1,99.0,7,0.04239597843861668
2024,4,II1,0.0,5,0.030282841741869057
2024,4,II2,1.0,6836,41.40270122948338
2024,4,II2,2.0,6273,37.99285324934892
2024,4,II2,3.0,2903,17.582217915329174
2024,4,II2,4.0,410,2.483193022833263
2024,4,II2,5.0,64,0.38762037429592394
2024,4,II2,6.0,15,0.09084852522560717
2024,4,II2,0.0,6,0.03633941009024287
2024,4,II2,8.0,2,0.012113136696747623
2024,4,II2,9.0,1,0.006056568348373812
2024,4,II2,7.0,1,0.006056568348373812
2024,4,II3,2.0,15475,93.72539519108473
2024,4,II3,1.0,1031,6.244321967173399
2024,4,II3,0.0,5,0.030282841741869057
2024,4,II3_1,0.0,15480,93.7556780328266
2024,4,II3_1,1.0,991,6.002059233238447
2024,4,II3_1,2.0,38,0.23014959723820483
2024,4,II3_1,3.0,1,0.006056568348373812
2024,4,II3_1,5.0,1,0.006056568348373812
2024,4,II4_1,1.0,15124,91.59953970080552
2024,4,II4_1,2.0,1382,8.370177457452607
2024,4,II4_1,0.0,5,0.030282841741869057
2024,4,II4_2,2.0,8801,53.303858034037916
2024,4,II4_2,1.0,7705,46.66585912422022
2024,4,II4_2,0.0,5,0.030282841741869057
2024,4,II4_3,2.0,11148,67.51862394767124
2024,4,II4_3,1.0,5358,32.45109321058688
2024,4,II4_3,0.0,5,0.030282841741869057
2024,4,II5,2.0,15399,93.26509599660832
2024,4,II5,0.0,1026,6.214039125431531
2024,4,II5,1.0,86,0.5208648779601478
2024,4,II5_1,0.0,16425,99.47913512203985
2024,4,II5_1,1.0,65,0.39367694264429776
2024,4,II5_1,2.0,21,0.12718793531585004
2024,4,II6,2.0,15333,92.86536248561565
2024,4,II6,0.0,1026,6.214039125431531
2024,4,II6,1.0,152,0.9205983889528193
2024,4,II6_1,0.0,16359,99.07940161104717
2024,4,II6_1,1.0,137,0.8297498637272122
2024,4,II6_1,2.0,9,0.0545091151353643
2024,4,II6_1,3.0,6,0.03633941009024287
2024,4,II7,1.0,10507,63.63636363636363
2024,4,II7,3.0,3353,20.30767367209739
2024,4,II7,6.0,1030,6.238265398825026
2024,4,II7,2.0,855,5.178365937859609
2024,4,II7,4.0,446,2.70122948337472
2024,4,II7,8.0,199,1.2052571013263884
2024,4,II7,9.0,41,0.24831930228332627
2024,4,II7,5.0,40,0.24226273393495246
2024,4,II7,7.0,35,0.21197989219308339
2024,4,II7,0.0,5,0.030282841741869057
2024,4,II8,1.0,10374,62.83084004602992
2024,4,II8,2.0,5818,35.23711465083883
2024,4,II8,4.0,286,1.73217854763491
2024,4,II8,3.0,28,0.16958391375446671
2024,4,II8,0.0,5,0.030282841741869057
2024,4,II9,1.0,16169,97.92865362485615
2024,4,II9,2.0,188,1.1386348494942766
2024,4,II9,3.0,115,0.6965053600629884
2024,4,II9,4.0,34,0.2059233238447096
2024,4,II9,0.0,5,0.030282841741869057
2024,4,IV1,1.0,12796,77.49984858579128
2024,4,IV1,2.0,3631,21.99139967294531
2024,4,IV1,3.0,46,0.27860214402519534
2024,4,IV1,6.0,20,0.12113136696747623
2024,4,IV1,4.0,14,0.08479195687723336
2024,4,IV1,5.0,4,0.024226273393495246
2024,4,IV10,1.0,15777,95.55447883229363
2024,4,IV10,2.0,687,4.160862455332809
2024,4,IV10,0.0,36,0.2180364605414572
2024,4,IV10,3.0,11,0.06662225183211193
2024,4,IV11,1.0,13165,79.73472230634123
2024,4,IV11,2.0,2519,15.256495669553631
2024,4,IV11,3.0,773,4.681727333292956
2024,4,IV11,0.0,36,0.2180364605414572
2024,4,IV11,4.0,18,0.1090182302707286
2024,4,IV12_1,2.0,15690,95.0275573859851
2024,4,IV12_1,1.0,821,4.972442614014899
2024,4,IV12_2,2.0,15638,94.71261583186967
2024,4,IV12_2,1.0,873,5.2873841681303375
2024,4,IV12_3,2.0,16357,99.06728847435043
2024,4,IV12_3,1.0,154,0.9327115256495669
2024,4,IV2,3.0,5955,36.06686451456605
2024,4,IV2,2.0,4238,25.667736660408213
2024,4,IV2,4.0,3355,20.319786808794138
2024,4,IV2,1.0,1560,9.448246623463145
2024,4,IV2,5.0,982,5.9475501181030825
2024,4,IV2,6.0,297,1.798800799467022
2024,4,IV2,7.0,76,0.46029919447640966
2024,4,IV2,8.0,28,0.16958391375446671
2024,4,IV2,99.0,14,0.08479195687723336
2024,4,IV2,9.0,6,0.03633941009024287
2024,4,IV3,1.0,14878,90.10962388710557
2024,4,IV3,2.0,1545,9.357398098237539
2024,4,IV3,3.0,53,0.320998122463812
2024,4,IV3,4.0,35,0.21197989219308339
2024,4,IV4,4.0,5583,33.81382108897099
2024,4,IV4,1.0,4794,29.03518866210405
2024,4,IV4,2.0,3757,22.75452728484041
2024,4,IV4,9.0,1091,6.6077160680758285
2024,4,IV4,3.0,1000,6.056568348373811
2024,4,IV4,5.0,196,1.1870873962812671
2024,4,IV4,7.0,80,0.4845254678699049
2024,4,IV4,6.0,10,0.060565683483738114
2024,4,IV5,1.0,14345,86.88147295742232
2024,4,IV5,2.0,2166,13.118527042577675
2024,4,IV6,1.0,16236,98.3344437041972
2024,4,IV6,2.0,247,1.4959723820483315
2024,4,IV6,3.0,28,0.16958391375446671
2024,4,IV7,1.0,15939,96.53564290473018
2024,4,IV7,2.0,539,3.2644903397734844
2024,4,IV7,4.0,19,0.11507479861910241
2024,4,IV7,3.0,14,0.08479195687723336
2024,4,IV8,1.0,16475,99.78196353945854
2024,4,IV8,2.0,36,0.2180364605414572
2024,4,IV9,1.0,16102,97.52286354551511
2024,4,IV9,2.0,371,2.246986857246684
2024,4,IV9,0.0,36,0.2180364605414572
2024,4,IV9,3.0,2,0.012113136696747623
2025,1,II1,3.0,5751,35.979729729729726
2025,1,II1,2.0,4196,26.25125125125125
2025,1,II1,4.0,3172,19.844844844844843
2025,1,II1,1.0,1526,9.547047047047046
2025,1,II1,5.0,931,5.824574574574575
2025,1,II1,6.0,285,1.783033033033033
2025,1,II1,7.0,75,0.4692192192192192
2025,1,II1,8.0,28,0.17517517517517517
2025,1,II1,9.0,11,0.06881881881881882
2025,1,II1,0.0,6,0.03753753753753754
2025,1,II1,99.0,3,0.01876876876876877
2025,1,II2,1.0,6540,40.91591591591592
2025,1,II2,2.0,6143,38.43218218218218
2025,1,II2,3.0,2809,17.573823823823822
2025,1,II2,4.0,394,2.464964964964965
2025,1,II2,5.0,72,0.45045045045045046
2025,1,II2,6.0,15,0.09384384384384384
2025,1,II2,0.0,8,0.05005005005005005
2025,1,II2,9.0,2,0.012512512512512513
2025,1,II2,7.0,1,0.006256256256256257
2025,1,II3,2.0,15046,94.13163163163163
2025,1,II3,1.0,932,5.8308308308308305
2025,1,II3,0.0,6,0.03753753753753754
2025,1,II3_1,0.0,15052,94.16916916916917
2025,1,II3_1,1.0,900,5.63063063063063
2025,1,II3_1,2.0,30,0.18768768768768768
2025,1,II3_1,5.0,1,0.006256256256256257
2025,1,II3_1,3.0,1,0.006256256256256257
2025,1,II4_1,1.0,14684,91.86686686686687
2025,1,II4_1,2.0,1294,8.095595595595595
2025,1,II4_1,0.0,6,0.03753753753753754
2025,1,II4_2,2.0,8411,52.621371371371374
2025,1,II4_2,1.0,7567,47.341091091091094
2025,1,II4_2,0.0,6,0.03753753753753754
2025,1,II4_3,2.0,10792,67.51751751751752
2025,1,II4_3,1.0,5186,32.44494494494494
2025,1,II4_3,0.0,6,0.03753753753753754
2025,1,II5,2.0,14936,93.44344344344344
2025,1,II5,0.0,970,6.068568568568568
2025,1,II5,1.0,78,0.487987987987988
2025,1,II5_1,0.0,15906,99.51201201201201
2025,1,II5_1,1.0,66,0.41291291291291293
2025,1,II5_1,2.0,12,0.07507507507507508
2025,1,II6,2.0,14860,92.96796796796797
2025,1,II6,0.0,970,6.068568568568568
2025,1,II6,1.0,154,0.9634634634634635
2025,1,II6_1,0.0,15831,99.0427927927928
2025,1,II6_1,1.0,139,0.8696196196196196
2025,1,II6_1,2.0,11,0.06881881881881882
2025,1,II6_1,3.0,3,0.01876876876876877
2025,1,II7,1.0,10242,64.07657657657657
2025,1,II7,3.0,3151,19.713463463463462
2025,1,II7,6.0,1000,6.256256256256257
2025,1,II7,2.0,833,5.211461461461462
2025,1,II7,4.0,420,2.6276276276276276
2025,1,II7,8.0,221,1.3826326326326326
2025,1,II7,7.0,38,0.23773773773773774
2025,1,II7,9.0,37,0.23148148148148148
2025,1,II7,5.0,36,0.22522522522522523
2025,1,II7,0.0,6,0.03753753753753754
2025,1,II8,1.0,9956,62.287287287287285
2025,1,II8,2.0,5742,35.92342342342342
2025,1,II8,4.0,255,1.5953453453453454
2025,1,II8,3.0,25,0.1564064064064064
2025,1,II8,0.0,6,0.03753753753753754
2025,1,II9,1.0,15667,98.01676676676676
2025,1,II9,2.0,168,1.0510510510510511
2025,1,II9,3.0,101,0.6318818818818819
2025,1,II9,4.0,42,0.2627627627627628
2025,1,II9,0.0,6,0.03753753753753754
2025,1,IV1,1.0,12467,77.99674674674675
2025,1,IV1,2.0,3454,21.60910910910911
2025,1,IV1,3.0,37,0.23148148148148148
2025,1,IV1,6.0,17,0.10635635635635636
2025,1,IV1,4.0,6,0.03753753753753754
2025,1,IV1,5.0,3,0.01876876876876877
2025,1,IV10,1.0,15294,95.68318318318319
2025,1,IV10,2.0,640,4.004004004004004
2025,1,IV10,0.0,42,0.2627627627627628
2025,1,IV10,3.0,8,0.05005005005005005
2025,1,IV11,1.0,12798,80.06756756756756
2025,1,IV11,2.0,2455,15.35910910910911
2025,1,IV11,3.0,673,4.21046046046046
2025,1,IV11,0.0,42,0.2627627627627628
2025,1,IV11,4.0,16,0.1001001001001001
2025,1,IV12_1,2.0,15148,94.76976976976977
2025,1,IV12_1,1.0,836,5.23023023023023
2025,1,IV12_2,2.0,15104,94.49449449449449
2025,1,IV12_2,1.0,880,5.505505505505505
2025,1,IV12_3,2.0,15830,99.03653653653653
2025,1,IV12_3,1.0,154,0.9634634634634635
2025,1,IV2,3.0,5756,36.011011011011014
2025,1,IV2,2.0,4158,26.013513513513512
2025,1,IV2,4.0,3205,20.0513013013013
2025,1,IV2,1.0,1468,9.184184184184184
2025,1,IV2,5.0,957,5.987237237237237
2025,1,IV2,6.0,311,1.9456956956956957
2025,1,IV2,7.0,85,0.5317817817817818
2025,1,IV2,8.0,28,0.17517517517517517
2025,1,IV2,99.0,8,0.05005005005005005
2025,1,IV2,9.0,8,0.05005005005005005
2025,1,IV3,1.0,14411,90.15890890890891
2025,1,IV3,2.0,1479,9.253003003003004
2025,1,IV3,3.0,56,0.35035035035035034
2025,1,IV3,4.0,38,0.23773773773773774
2025,1,IV4,4.0,5522,34.547047047047045
2025,1,IV4,1.0,4719,29.523273273273272
2025,1,IV4,2.0,3536,22.12212212212212
2025,1,IV4,9.0,1030,6.443943943943944
2025,1,IV4,3.0,905,5.661911911911912
2025,1,IV4,5.0,175,1.094844844844845
2025,1,IV4,7.0,84,0.5255255255255256
2025,1,IV4,6.0,13,0.08133133133133133
2025,1,IV5,1.0,13969,87.39364364364364
2025,1,IV5,2.0,2015,12.606356356356356
2025,1,IV6,1.0,15744,98.49849849849849
2025,1,IV6,2.0,221,1.3826326326326326
2025,1,IV6,3.0,19,0.11886886886886887
2025,1,IV7,1.0,15406,96.38388388388388
2025,1,IV7,2.0,544,3.4034034034034035
2025,1,IV7,4.0,25,0.1564064064064064
2025,1,IV7,3.0,9,0.05630630630630631
2025,1,IV8,1.0,15942,99.73723723723724
2025,1,IV8,2.0,42,0.2627627627627628
2025,1,IV9,1.0,15592,97.54754754754755
2025,1,IV9,2.0,350,2.18968968968969
2025,1,IV9,0.0,42,0.2627627627627628
2025,2,II1,3.0,5865,36.27311522048364
2025,2,II1,2.0,4256,26.321974148061106
2025,2,II1,4.0,3188,19.716741913538254
2025,2,II1,1.0,1463,9.048178613396004
2025,2,II1,5.0,964,5.962026099325871
2025,2,II1,6.0,311,1.9234337312140515
2025,2,II1,7.0,73,0.45148122951326614
2025,2,II1,8.0,24,0.14843218504545735
2025,2,II1,0.0,10,0.06184674376894057
2025,2,II1,9.0,10,0.06184674376894057
2025,2,II1,99.0,5,0.030923371884470283
2025,2,II2,1.0,6544,40.472509122394705
2025,2,II2,2.0,6322,39.099511410724226
2025,2,II2,3.0,2781,17.199579442142372
2025,2,II2,4.0,422,2.609932587049292
2025,2,II2,5.0,75,0.4638505782670542
2025,2,II2,0.0,14,0.0865854412765168
2025,2,II2,6.0,6,0.03710804626136434
2025,2,II2,7.0,3,0.01855402313068217
2025,2,II2,8.0,1,0.006184674376894056
2025,2,II2,9.0,1,0.006184674376894056
2025,2,II3,2.0,15157,93.74110953058322
2025,2,II3,1.0,1002,6.197043725647845
2025,2,II3,0.0,10,0.06184674376894057
2025,2,II3_1,0.0,15167,93.80295627435216
2025,2,II3_1,1.0,959,5.9311027274414005
2025,2,II3_1,2.0,41,0.2535716494526563
2025,2,II3_1,4.0,1,0.006184674376894056
2025,2,II3_1,5.0,1,0.006184674376894056
2025,2,II4_1,1.0,14794,91.49607273177067
2025,2,II4_1,2.0,1365,8.442080524460387
2025,2,II4_1,0.0,10,0.06184674376894057
2025,2,II4_2,2.0,8552,52.891335271197974
2025,2,II4_2,1.0,7607,47.04681798503309
2025,2,II4_2,0.0,10,0.06184674376894057
2025,2,II4_3,2.0,10923,67.55519821881379
2025,2,II4_3,1.0,5236,32.38295503741728
2025,2,II4_3,0.0,10,0.06184674376894057
2025,2,II5,2.0,15060,93.14119611602449
2025,2,II5,0.0,1033,6.38876863133156
2025,2,II5,1.0,76,0.4700352526439483
2025,2,II5_1,0.0,16093,99.52996474735605
2025,2,II5_1,1.0,59,0.36489578823674934
2025,2,II5_1,2.0,17,0.10513946440719896
2025,2,II6,2.0,14976,92.62168346836539
2025,2,II6,0.0,1033,6.38876863133156
2025,2,II6,1.0,160,0.9895479003030491
2025,2,II6_1,0.0,16009,99.01045209969695
2025,2,II6_1,1.0,145,0.8967777846496382
2025,2,II6_1,2.0,12,0.07421609252272868
2025,2,II6_1,3.0,3,0.01855402313068217
2025,2,II7,1.0,10450,64.6298472385429
2025,2,II7,3.0,3152,19.494093635970067
2025,2,II7,6.0,1023,6.326921887562619
2025,2,II7,2.0,829,5.127095058445173
2025,2,II7,4.0,394,2.4367617044962584
2025,2,II7,8.0,225,1.3915517348011628
2025,2,II7,5.0,34,0.21027892881439791
2025,2,II7,7.0,27,0.16698620817613952
2025,2,II7,9.0,25,0.15461685942235143
2025,2,II7,0.0,10,0.06184674376894057
2025,2,II8,1.0,10092,62.41573381161482
2025,2,II8,2.0,5810,35.93295812975447
2025,2,II8,4.0,221,1.3668130372935865
2025,2,II8,3.0,36,0.22264827756818603
2025,2,II8,0.0,10,0.06184674376894057
2025,2,II9,1.0,15867,98.132228338178
2025,2,II9,2.0,159,0.983363225926155
2025,2,II9,3.0,92,0.5689900426742532
2025,2,II9,4.0,41,0.2535716494526563
2025,2,II9,0.0,10,0.06184674376894057
2025,2,IV1,1.0,12632,78.12480672892572
2025,2,IV1,2.0,3478,21.51029748283753
2025,2,IV1,3.0,35,0.216463603191292
2025,2,IV1,6.0,16,0.0989547900303049
2025,2,IV1,4.0,8,0.04947739501515245
2025,2,IV10,1.0,15456,95.59032716927453
2025,2,IV10,2.0,664,4.106623786257654
2025,2,IV10,0.0,41,0.2535716494526563
2025,2,IV10,3.0,8,0.04947739501515245
2025,2,IV11,1.0,12971,80.2214113426928
2025,2,IV11,2.0,2465,15.245222339043849
2025,2,IV11,3.0,671,4.149916506895912
2025,2,IV11,0.0,41,0.2535716494526563
2025,2,IV11,4.0,21,0.1298781619147752
2025,2,IV12_1,2.0,15347,94.91619766219308
2025,2,IV12_1,1.0,822,5.083802337806914
2025,2,IV12_2,2.0,15255,94.34720761951883
2025,2,IV12_2,1.0,914,5.652792380481167
2025,2,IV12_3,2.0,16067,99.3691632135568
2025,2,IV12_3,1.0,102,0.6308367864431937
2025,2,IV2,3.0,5873,36.32259261549879
2025,2,IV2,2.0,4232,26.173541963015648
2025,2,IV2,4.0,3197,19.7724039829303
2025,2,IV2,1.0,1403,8.677098150782362
2025,2,IV2,5.0,992,6.135196981878904
2025,2,IV2,6.0,332,2.053311893128827
2025,2,IV2,7.0,83,0.5133279732822067
2025,2,IV2,8.0,36,0.22264827756818603
2025,2,IV2,9.0,11,0.06803141814583462
2025,2,IV2,99.0,10,0.06184674376894057
2025,2,IV3,1.0,14594,90.25913785639186
2025,2,IV3,2.0,1494,9.23990351907972
2025,2,IV3,3.0,49,0.3030490444678088
2025,2,IV3,4.0,32,0.1979095800606098
2025,2,IV4,4.0,5482,33.90438493413322
2025,2,IV4,1.0,4795,29.655513637207
2025,2,IV4,2.0,3610,22.326674500587544
2025,2,IV4,9.0,1072,6.629970932030429
2025,2,IV4,3.0,938,5.801224565526625
2025,2,IV4,5.0,188,1.1627187828560825
2025,2,IV4,7.0,77,0.47621992702084237
2025,2,IV4,6.0,7,0.0432927206382584
2025,2,IV5,1.0,14123,87.34615622487476
2025,2,IV5,2.0,2046,12.653843775125239
2025,2,IV6,1.0,15933,98.54041684705301
2025,2,IV6,2.0,218,1.3482590141629043
2025,2,IV6,3.0,18,0.11132413878409302
2025,2,IV7,1.0,15596,96.4561815820397
2025,2,IV7,2.0,549,3.395386232914837
2025,2,IV7,4.0,18,0.11132413878409302
2025,2,IV7,3.0,6,0.03710804626136434
2025,2,IV8,1.0,16128,99.74642835054735
2025,2,IV8,2.0,41,0.2535716494526563
2025,2,IV9,1.0,15757,97.45191415671965
2025,2,IV9,2.0,371,2.294514193827695
2025,2,IV9,0.0,41,0.2535716494526563
2025,3,II1,3.0,5740,36.19167717528373
2025,3,II1,2.0,4140,26.103404791929382
2025,3,II1,4.0,3092,19.495586380832282
2025,3,II1,1.0,1481,9.33795712484237
2025,3,II1,5.0,983,6.197982345523329
2025,3,II1,6.0,293,1.8474148802017654
2025,3,II1,7.0,73,0.46027742749054223
2025,3,II1,8.0,29,0.1828499369482976
2025,3,II1,99.0,10,0.06305170239596469
2025,3,II1,0.0,10,0.06305170239596469
2025,3,II1,9.0,9,0.05674653215636822
2025,3,II2,1.0,6501,40.989911727616644
2025,3,II2,2.0,6182,38.97856242118537
2025,3,II2,3.0,2658,16.759142496847414
2025,3,II2,4.0,424,2.673392181588903
2025,3,II2,5.0,68,0.4287515762925599
2025,3,II2,0.0,12,0.07566204287515763
2025,3,II2,6.0,8,0.05044136191677175
2025,3,II2,7.0,5,0.031525851197982346
2025,3,II2,8.0,2,0.012610340479192938
2025,3,II3,2.0,14865,93.72635561160152
2025,3,II3,1.0,985,6.2105926860025225
2025,3,II3,0.0,10,0.06305170239596469
2025,3,II3_1,0.0,14875,93.78940731399747
2025,3,II3_1,1.0,937,5.907944514501891
2025,3,II3_1,2.0,46,0.2900378310214376
2025,3,II3_1,4.0,1,0.006305170239596469
2025,3,II3_1,3.0,1,0.006305170239596469
2025,3,II4_1,1.0,14519,91.54476670870113
2025,3,II4_1,2.0,1331,8.3921815889029
2025,3,II4_1,0.0,10,0.06305170239596469
2025,3,II4_2,2.0,8454,53.30390920554855
2025,3,II4_2,1.0,7396,46.63303909205548
2025,3,II4_2,0.0,10,0.06305170239596469
2025,3,II4_3,2.0,10706,67.50315258511979
2025,3,II4_3,1.0,5144,32.43379571248424
2025,3,II4_3,0.0,10,0.06305170239596469
2025,3,II5,2.0,14768,93.11475409836065
2025,3,II5,0.0,1004,6.330390920554855
2025,3,II5,1.0,88,0.5548549810844893
2025,3,II5_1,0.0,15772,99.44514501891551
2025,3,II5_1,1.0,64,0.403530895334174
2025,3,II5_1,2.0,24,0.15132408575031525
2025,3,II6,2.0,14682,92.57250945775536
2025,3,II6,0.0,1004,6.330390920554855
2025,3,II6,1.0,174,1.0970996216897857
2025,3,II6_1,0.0,15686,98.90290037831022
2025,3,II6_1,1.0,159,1.0025220680958387
2025,3,II6_1,2.0,12,0.07566204287515763
2025,3,II6_1,3.0,3,0.018915510718789406
2025,3,II7,1.0,10318,65.05674653215637
2025,3,II7,3.0,3073,19.375788146279948
2025,3,II7,6.0,973,6.1349306431273645
2025,3,II7,2.0,808,5.094577553593947
2025,3,II7,4.0,414,2.610340479192938
2025,3,II7,8.0,183,1.1538461538461537
2025,3,II7,5.0,33,0.2080706179066835
2025,3,II7,9.0,24,0.15132408575031525
2025,3,II7,7.0,24,0.15132408575031525
2025,3,II7,0.0,10,0.06305170239596469
2025,3,II8,1.0,9893,62.377049180327866
2025,3,II8,2.0,5686,35.851197982345525
2025,3,II8,4.0,223,1.4060529634300125
2025,3,II8,3.0,48,0.3026481715006305
2025,3,II8,0.0,10,0.06305170239596469
2025,3,II9,1.0,15564,98.13366960907945
2025,3,II9,2.0,144,0.9079445145018915
2025,3,II9,3.0,102,0.6431273644388399
2025,3,II9,4.0,40,0.25220680958385877
2025,3,II9,0.0,10,0.06305170239596469
2025,3,IV1,1.0,12422,78.32282471626733
2025,3,IV1,2.0,3381,21.317780580075663
2025,3,IV1,3.0,27,0.17023959646910466
2025,3,IV1,6.0,17,0.10718789407313997
2025,3,IV1,4.0,10,0.06305170239596469
2025,3,IV1,5.0,3,0.018915510718789406
2025,3,IV10,1.0,15147,95.50441361916772
2025,3,IV10,2.0,662,4.174022698612863
2025,3,IV10,0.0,41,0.25851197982345525
2025,3,IV10,3.0,10,0.06305170239596469
2025,3,IV11,1.0,12572,79.26860025220681
2025,3,IV11,2.0,2495,15.73139974779319
2025,3,IV11,3.0,728,4.590163934426229
2025,3,IV11,0.0,41,0.25851197982345525
2025,3,IV11,4.0,24,0.15132408575031525
2025,3,IV12_1,2.0,15065,94.9873896595208
2025,3,IV12_1,1.0,795,5.012610340479193
2025,3,IV12_2,2.0,14985,94.4829760403531
2025,3,IV12_2,1.0,875,5.51702395964691
2025,3,IV12_3,2.0,15767,99.41361916771753
2025,3,IV12_3,1.0,93,0.5863808322824716
2025,3,IV2,3.0,5751,36.261034047919296
2025,3,IV2,2.0,4122,25.989911727616647
2025,3,IV2,4.0,3113,19.62799495586381
2025,3,IV2,1.0,1405,8.858764186633039
2025,3,IV2,5.0,1011,6.37452711223203
2025,3,IV2,6.0,310,1.9546027742749055
2025,3,IV2,7.0,77,0.4854981084489281
2025,3,IV2,8.0,41,0.25851197982345525
2025,3,IV2,99.0,19,0.11979823455233292
2025,3,IV2,9.0,11,0.06935687263556116
2025,3,IV3,1.0,14308,90.21437578814628
2025,3,IV3,2.0,1482,9.344262295081966
2025,3,IV3,3.0,40,0.25220680958385877
2025,3,IV3,4.0,30,0.18915510718789408
2025,3,IV4,4.0,5279,33.28499369482976
2025,3,IV4,1.0,4685,29.539722572509458
2025,3,IV4,2.0,3610,22.761664564943253
2025,3,IV4,9.0,1039,6.551071878940731
2025,3,IV4,3.0,923,5.819672131147541
2025,3,IV4,5.0,236,1.4880201765447667
2025,3,IV4,7.0,80,0.5044136191677175
2025,3,IV4,6.0,8,0.05044136191677175
2025,3,IV5,1.0,13736,86.6078184110971
2025,3,IV5,2.0,2124,13.3921815889029
2025,3,IV6,1.0,15596,98.33543505674653
2025,3,IV6,2.0,241,1.519546027742749
2025,3,IV6,3.0,23,0.1450189155107188
2025,3,IV7,1.0,15276,96.31778058007566
2025,3,IV7,2.0,576,3.631778058007566
2025,3,IV7,4.0,5,0.031525851197982346
2025,3,IV7,3.0,3,0.018915510718789406
2025,3,IV8,1.0,15819,99.74148802017655
2025,3,IV8,2.0,41,0.25851197982345525
2025,3,IV9,1.0,15425,97.25725094577554
2025,3,IV9,2.0,392,2.471626733921816
2025,3,IV9,0.0,41,0.25851197982345525
2025,3,IV9,3.0,2,0.012610340479192938
2025,4,II1,3.0,5666,36.47482940646324
2025,4,II1,2.0,4035,25.97528003089996
2025,4,II1,4.0,3013,19.39616325479593
2025,4,II1,1.0,1447,9.31505085618643
2025,4,II1,5.0,951,6.122054847431441
2025,4,II1,6.0,294,1.8926226342217072
2025,4,II1,7.0,77,0.4956868803913995
2025,4,II1,8.0,28,0.18024977468778164
2025,4,II1,9.0,10,0.06437491953135059
2025,4,II1,0.0,8,0.05149993562508047
2025,4,II1,99.0,5,0.032187459765675296
2025,4,II2,1.0,6344,40.83944895068881
2025,4,II2,2.0,6013,38.708639114201105
2025,4,II2,3.0,2669,17.181666022917472
2025,4,II2,4.0,408,2.626496716879104
2025,4,II2,5.0,71,0.45706192867258916
2025,4,II2,6.0,17,0.109437363203296
2025,4,II2,0.0,9,0.05793742757821553
2025,4,II2,7.0,2,0.012874983906270118
2025,4,II2,8.0,1,0.006437491953135059
2025,4,II3,2.0,14596,93.96163254795931
2025,4,II3,1.0,930,5.986867516415605
2025,4,II3,0.0,8,0.05149993562508047
2025,4,II3_1,0.0,14604,94.0131324835844
2025,4,II3_1,1.0,896,5.767992790009012
2025,4,II3_1,2.0,32,0.20599974250032188
2025,4,II3_1,3.0,2,0.012874983906270118
2025,4,II4_1,1.0,14283,91.94669756662805
2025,4,II4_1,2.0,1243,8.001802497746878
2025,4,II4_1,0.0,8,0.05149993562508047
2025,4,II4_2,2.0,8005,51.53212308484614
2025,4,II4_2,1.0,7521,48.41637697952878
2025,4,II4_2,0.0,8,0.05149993562508047
2025,4,II4_3,2.0,10330,66.49929187588515
2025,4,II4_3,1.0,5196,33.44920818848976
2025,4,II4_3,0.0,8,0.05149993562508047
2025,4,II5,2.0,14527,93.517445603193
2025,4,II5,0.0,932,5.999742500321875
2025,4,II5,1.0,75,0.4828118964851294
2025,4,II5_1,0.0,15459,99.51718810351487
2025,4,II5_1,1.0,62,0.39912450109437364
2025,4,II5_1,2.0,13,0.08368739539075576
2025,4,II6,2.0,14445,92.98957126303593
2025,4,II6,0.0,932,5.999742500321875
2025,4,II6,1.0,157,1.0106862366422042
2025,4,II6_1,0.0,15377,98.9893137633578
2025,4,II6_1,1.0,146,0.9398738251577186
2025,4,II6_1,2.0,9,0.05793742757821553
2025,4,II6_1,3.0,2,0.012874983906270118
2025,4,II7,1.0,10154,65.36629329213339
2025,4,II7,3.0,2964,19.080726149092314
2025,4,II7,6.0,952,6.128492339384576
2025,4,II7,2.0,798,5.137118578601776
2025,4,II7,4.0,380,2.446246942191322
2025,4,II7,8.0,174,1.1201235998455001
2025,4,II7,7.0,40,0.25749967812540236
2025,4,II7,5.0,36,0.23174971031286212
2025,4,II7,9.0,28,0.18024977468778164
2025,4,II7,0.0,8,0.05149993562508047
2025,4,II8,1.0,9697,62.424359469550666
2025,4,II8,2.0,5565,35.8246427191966
2025,4,II8,4.0,222,1.429123213595983
2025,4,II8,3.0,42,0.2703746620316725
2025,4,II8,0.0,8,0.05149993562508047
2025,4,II9,1.0,15259,98.22968971288786
2025,4,II9,2.0,139,0.8948113814857731
2025,4,II9,3.0,96,0.6179992275009656
2025,4,II9,4.0,32,0.20599974250032188
2025,4,II9,0.0,8,0.05149993562508047
2025,4,IV1,1.0,12243,78.81421398223252
2025,4,IV1,2.0,3233,20.812411484485644
2025,4,IV1,3.0,31,0.19956225054718682
2025,4,IV1,4.0,13,0.08368739539075576
2025,4,IV1,6.0,11,0.07081241148448564
2025,4,IV1,5.0,3,0.019312475859405175
2025,4,IV10,1.0,14866,95.69975537530578
2025,4,IV10,2.0,621,3.9976825028968714
2025,4,IV10,0.0,32,0.20599974250032188
2025,4,IV10,3.0,15,0.09656237929702588
2025,4,IV11,1.0,12335,79.40646324192095
2025,4,IV11,2.0,2485,15.99716750354062
2025,4,IV11,3.0,660,4.248744689069139
2025,4,IV11,0.0,32,0.20599974250032188
2025,4,IV11,4.0,22,0.14162482296897128
2025,4,IV12_1,2.0,14754,94.97875627655465
2025,4,IV12_1,1.0,780,5.0212437234453455
2025,4,IV12_2,2.0,14714,94.72125659842925
2025,4,IV12_2,1.0,820,5.278743401570748
2025,4,IV12_3,2.0,15428,99.31762585296768
2025,4,IV12_3,1.0,106,0.6823741470323162
2025,4,IV2,3.0,5660,36.436204454744434
2025,4,IV2,2.0,3989,25.67915540105575
2025,4,IV2,4.0,3057,19.679412900733873
2025,4,IV2,1.0,1396,8.986738766576542
2025,4,IV2,5.0,986,6.347367065791167
2025,4,IV2,6.0,311,2.002059997425003
2025,4,IV2,7.0,84,0.540749324063345
2025,4,IV2,8.0,27,0.17381228273464658
2025,4,IV2,99.0,14,0.09012488734389082
2025,4,IV2,9.0,10,0.06437491953135059
2025,4,IV3,1.0,14053,90.46607441740697
2025,4,IV3,2.0,1411,9.083301145873568
2025,4,IV3,4.0,36,0.23174971031286212
2025,4,IV3,3.0,34,0.218874726406592
2025,4,IV4,4.0,5238,33.719582850521434
2025,4,IV4,1.0,4682,30.140337324578343
2025,4,IV4,2.0,3483,22.42178447276941
2025,4,IV4,9.0,931,5.99330500836874
2025,4,IV4,3.0,877,5.6456804428994465
2025,4,IV4,5.0,232,1.4934981331273336
2025,4,IV4,7.0,81,0.5214368482039398
2025,4,IV4,6.0,10,0.06437491953135059
2025,4,IV5,1.0,13515,87.00270374662031
2025,4,IV5,2.0,2019,12.997296253379684
2025,4,IV6,1.0,15293,98.44856443929446
2025,4,IV6,2.0,220,1.416248229689713
2025,4,IV6,3.0,21,0.13518733101583624
2025,4,IV7,1.0,14981,96.44006694991631
2025,4,IV7,2.0,539,3.4698081627397968
2025,4,IV7,3.0,9,0.05793742757821553
2025,4,IV7,4.0,5,0.032187459765675296
2025,4,IV8,1.0,15502,99.79400025749968
2025,4,IV8,2.0,32,0.20599974250032188
2025,4,IV9,1.0,15148,97.51512810608986
2025,4,IV9,2.0,352,2.2659971675035404
2025,4,IV9,0.0,32,0.20599974250032188
2025,4,IV9,3.0,2,0.012874983906270118
